cosine,final_loss,initial_loss,mean_abs_hrr_coefficient,mean_hrr_correction_norm,mean_log_basis_scale_abs,mean_offset_norm,method,mse,n,parameters,relation,relation_accuracy,seed,split_mode,target_candidates,target_mrr,target_recall_at_10,track
0.26871252059936523,0.7097568511962891,0.7097568511962891,,,,,additive,0.0019043944776058197,140,0,all,0.1785714328289032,11,edge_disjoint,139,0.2237352430820465,0.33571428060531616,contextual_centered
0.21309514343738556,0.7097568511962891,0.7097568511962891,,,,,additive,0.002049231668934226,25,0,hypernym,0.1785714328289032,11,edge_disjoint,139,0.1883314698934555,0.3199999928474426,contextual_centered
-0.07202529162168503,0.7097568511962891,0.7097568511962891,,,,,additive,0.0027917325496673584,15,0,instance_hypernym,0.1785714328289032,11,edge_disjoint,139,0.03513976186513901,0.13333334028720856,contextual_centered
0.3856043517589569,0.7097568511962891,0.7097568511962891,,,,,additive,0.0015999885508790612,20,0,member_meronym,0.1785714328289032,11,edge_disjoint,139,0.318602979183197,0.4000000059604645,contextual_centered
0.4322313070297241,0.7097568511962891,0.7097568511962891,,,,,additive,0.0014785644598305225,15,0,substance_meronym,0.1785714328289032,11,edge_disjoint,139,0.39894530177116394,0.6666666865348816,contextual_centered
0.2245854139328003,0.7097568511962891,0.7097568511962891,,,,,additive,0.0020193089731037617,24,0,part_meronym,0.1785714328289032,11,edge_disjoint,139,0.20670826733112335,0.25,contextual_centered
0.44645994901657104,0.7097568511962891,0.7097568511962891,,,,,additive,0.0014415106270462275,22,0,antonym,0.1785714328289032,11,edge_disjoint,139,0.28214091062545776,0.4545454680919647,contextual_centered
0.20868580043315887,0.7097568511962891,0.7097568511962891,,,,,additive,0.002060714177787304,19,0,attribute,0.1785714328289032,11,edge_disjoint,139,0.13490597903728485,0.15789473056793213,contextual_centered
0.37977439165115356,0.5694154500961304,0.7116051912307739,,,,,offset,0.0016151706222444773,140,5376,all,0.34285715222358704,11,edge_disjoint,139,0.22787009179592133,0.3928571343421936,contextual_centered
0.25813576579093933,0.5694154500961304,0.7116051912307739,,,,,offset,0.0019319381099194288,25,5376,hypernym,0.34285715222358704,11,edge_disjoint,139,0.23348751664161682,0.47999998927116394,contextual_centered
0.36091843247413635,0.5694154500961304,0.7116051912307739,,,,,offset,0.0016642747214064002,15,5376,instance_hypernym,0.34285715222358704,11,edge_disjoint,139,0.14920830726623535,0.2666666805744171,contextual_centered
0.36151599884033203,0.5694154500961304,0.7116051912307739,,,,,offset,0.0016627188306301832,20,5376,member_meronym,0.34285715222358704,11,edge_disjoint,139,0.17150865495204926,0.3499999940395355,contextual_centered
0.5766386389732361,0.5694154500961304,0.7116051912307739,,,,,offset,0.0011025035055354238,15,5376,substance_meronym,0.34285715222358704,11,edge_disjoint,139,0.42412856221199036,0.46666666865348816,contextual_centered
0.3954831063747406,0.5694154500961304,0.7116051912307739,,,,,offset,0.0015742628602311015,24,5376,part_meronym,0.34285715222358704,11,edge_disjoint,139,0.21955136954784393,0.4166666567325592,contextual_centered
0.4689810872077942,0.5694154500961304,0.7116051912307739,,,,,offset,0.0013828618684783578,22,5376,antonym,0.34285715222358704,11,edge_disjoint,139,0.26601067185401917,0.5454545617103577,contextual_centered
0.2953774929046631,0.5694154500961304,0.7116051912307739,,,,,offset,0.0018349543679505587,19,5376,attribute,0.34285715222358704,11,edge_disjoint,139,0.15331217646598816,0.15789473056793213,contextual_centered
0.286338210105896,0.6587058901786804,1.0009289979934692,,,,,hrr,0.0018584942445158958,140,5376,all,0.30714285373687744,11,edge_disjoint,139,0.23450611531734467,0.37857142090797424,contextual_centered
0.20165225863456726,0.6587058901786804,1.0009289979934692,,,,,hrr,0.00207903073169291,25,5376,hypernym,0.30714285373687744,11,edge_disjoint,139,0.1793443262577057,0.3199999928474426,contextual_centered
0.14909963309764862,0.6587058901786804,1.0009289979934692,,,,,hrr,0.0022158862557262182,15,5376,instance_hypernym,0.30714285373687744,11,edge_disjoint,139,0.17032037675380707,0.2666666805744171,contextual_centered
0.3741080164909363,0.6587058901786804,1.0009289979934692,,,,,hrr,0.001629927079193294,20,5376,member_meronym,0.30714285373687744,11,edge_disjoint,139,0.3069695234298706,0.5,contextual_centered
0.4369659721851349,0.6587058901786804,1.0009289979934692,,,,,hrr,0.0014662343310192227,15,5376,substance_meronym,0.30714285373687744,11,edge_disjoint,139,0.4559590220451355,0.6666666865348816,contextual_centered
0.21289122104644775,0.6587058901786804,1.0009289979934692,,,,,hrr,0.002049762522801757,24,5376,part_meronym,0.30714285373687744,11,edge_disjoint,139,0.16927005350589752,0.3333333432674408,contextual_centered
0.44194573163986206,0.6587058901786804,1.0009289979934692,,,,,hrr,0.0014532663626596332,22,5376,antonym,0.30714285373687744,11,edge_disjoint,139,0.27541205286979675,0.4545454680919647,contextual_centered
0.20740512013435364,0.6587058901786804,1.0009289979934692,,,,,hrr,0.002064049243927002,19,5376,attribute,0.30714285373687744,11,edge_disjoint,139,0.14169052243232727,0.15789473056793213,contextual_centered
0.27449384331703186,0.6946215033531189,0.7116051912307739,0.13518325984477997,0.13518325984477997,0.0,0.0,residual_hrr,0.0018893388332799077,140,5383,all,0.30714285373687744,11,edge_disjoint,139,0.2255491465330124,0.34285715222358704,contextual_centered
0.21449588239192963,0.6946215033531189,0.7116051912307739,0.13518325984477997,0.13518325984477997,0.0,0.0,residual_hrr,0.002045583678409457,25,5383,hypernym,0.30714285373687744,11,edge_disjoint,139,0.1866844743490219,0.3199999928474426,contextual_centered
-0.04669340327382088,0.6946215033531189,0.7116051912307739,0.13518325984477997,0.13518325984477997,0.0,0.0,residual_hrr,0.0027257639449089766,15,5383,instance_hypernym,0.30714285373687744,11,edge_disjoint,139,0.04441897198557854,0.13333334028720856,contextual_centered
0.3920403718948364,0.6946215033531189,0.7116051912307739,0.13518325984477997,0.13518325984477997,0.0,0.0,residual_hrr,0.0015832281205803156,20,5383,member_meronym,0.30714285373687744,11,edge_disjoint,139,0.32358819246292114,0.44999998807907104,contextual_centered
0.4411528408527374,0.6946215033531189,0.7116051912307739,0.13518325984477997,0.13518325984477997,0.0,0.0,residual_hrr,0.0014553309883922338,15,5383,substance_meronym,0.30714285373687744,11,edge_disjoint,139,0.4358803331851959,0.6666666865348816,contextual_centered
0.22540217638015747,0.6946215033531189,0.7116051912307739,0.13518325984477997,0.13518325984477997,0.0,0.0,residual_hrr,0.00201718183234334,24,5383,part_meronym,0.30714285373687744,11,edge_disjoint,139,0.18339282274246216,0.25,contextual_centered
0.4453006088733673,0.6946215033531189,0.7116051912307739,0.13518325984477997,0.13518325984477997,0.0,0.0,residual_hrr,0.001444529858417809,22,5383,antonym,0.30714285373687744,11,edge_disjoint,139,0.28462278842926025,0.4545454680919647,contextual_centered
0.21593567728996277,0.6946215033531189,0.7116051912307739,0.13518325984477997,0.13518325984477997,0.0,0.0,residual_hrr,0.0020418341737240553,19,5383,attribute,0.30714285373687744,11,edge_disjoint,139,0.13528354465961456,0.15789473056793213,contextual_centered
0.37778440117836,0.576295793056488,0.7116051912307739,0.1347738355398178,0.1347738355398178,0.0,0.8950253129005432,offset_residual_hrr,0.001620353083126247,140,10759,all,0.34285715222358704,11,edge_disjoint,139,0.2392871379852295,0.3928571343421936,contextual_centered
0.26153790950775146,0.576295793056488,0.7116051912307739,0.1347738355398178,0.1347738355398178,0.0,0.8950253129005432,offset_residual_hrr,0.00192307832185179,25,10759,hypernym,0.34285715222358704,11,edge_disjoint,139,0.22475726902484894,0.47999998927116394,contextual_centered
0.34029287099838257,0.576295793056488,0.7116051912307739,0.1347738355398178,0.1347738355398178,0.0,0.8950253129005432,offset_residual_hrr,0.0017179871210828424,15,10759,instance_hypernym,0.34285715222358704,11,edge_disjoint,139,0.1794949322938919,0.20000000298023224,contextual_centered
0.37432438135147095,0.576295793056488,0.7116051912307739,0.1347738355398178,0.1347738355398178,0.0,0.8950253129005432,offset_residual_hrr,0.0016293636290356517,20,10759,member_meronym,0.34285715222358704,11,edge_disjoint,139,0.19846749305725098,0.30000001192092896,contextual_centered
0.574109673500061,0.576295793056488,0.7116051912307739,0.1347738355398178,0.1347738355398178,0.0,0.8950253129005432,offset_residual_hrr,0.0011090893531218171,15,10759,substance_meronym,0.34285715222358704,11,edge_disjoint,139,0.44878098368644714,0.5333333611488342,contextual_centered
0.3822779357433319,0.576295793056488,0.7116051912307739,0.1347738355398178,0.1347738355398178,0.0,0.8950253129005432,offset_residual_hrr,0.001608651364222169,24,10759,part_meronym,0.34285715222358704,11,edge_disjoint,139,0.2407943457365036,0.4166666567325592,contextual_centered
0.47017133235931396,0.576295793056488,0.7116051912307739,0.1347738355398178,0.1347738355398178,0.0,0.8950253129005432,offset_residual_hrr,0.0013797623105347157,22,10759,antonym,0.34285715222358704,11,edge_disjoint,139,0.2655084729194641,0.5454545617103577,contextual_centered
0.2963370084762573,0.576295793056488,0.7116051912307739,0.1347738355398178,0.1347738355398178,0.0,0.8950253129005432,offset_residual_hrr,0.0018324560951441526,19,10759,attribute,0.34285715222358704,11,edge_disjoint,139,0.15092258155345917,0.21052631735801697,contextual_centered
0.3773961067199707,0.5727529525756836,0.7116051912307739,0.10483159869909286,0.10483159869909286,0.0,0.8865613341331482,gated_offset_residual_hrr,0.0016213643830269575,140,16142,all,0.34285715222358704,11,edge_disjoint,139,0.23699036240577698,0.4000000059604645,contextual_centered
0.2626684308052063,0.5727529525756836,0.7116051912307739,0.10483159869909286,0.10483159869909286,0.0,0.8865613341331482,gated_offset_residual_hrr,0.0019201341783627868,25,16142,hypernym,0.34285715222358704,11,edge_disjoint,139,0.2247467041015625,0.47999998927116394,contextual_centered
0.33839547634124756,0.5727529525756836,0.7116051912307739,0.10483159869909286,0.10483159869909286,0.0,0.8865613341331482,gated_offset_residual_hrr,0.001722928718663752,15,16142,instance_hypernym,0.34285715222358704,11,edge_disjoint,139,0.18448379635810852,0.20000000298023224,contextual_centered
0.36919426918029785,0.5727529525756836,0.7116051912307739,0.10483159869909286,0.10483159869909286,0.0,0.8865613341331482,gated_offset_residual_hrr,0.001642723218537867,20,16142,member_meronym,0.34285715222358704,11,edge_disjoint,139,0.19622080028057098,0.30000001192092896,contextual_centered
0.5756877064704895,0.5727529525756836,0.7116051912307739,0.10483159869909286,0.10483159869909286,0.0,0.8865613341331482,gated_offset_residual_hrr,0.00110498012509197,15,16142,substance_meronym,0.34285715222358704,11,edge_disjoint,139,0.44871458411216736,0.5333333611488342,contextual_centered
0.3819220960140228,0.5727529525756836,0.7116051912307739,0.10483159869909286,0.10483159869909286,0.0,0.8865613341331482,gated_offset_residual_hrr,0.0016095780301839113,24,16142,part_meronym,0.34285715222358704,11,edge_disjoint,139,0.24022145569324493,0.4166666567325592,contextual_centered
0.47109267115592957,0.5727529525756836,0.7116051912307739,0.10483159869909286,0.10483159869909286,0.0,0.8865613341331482,gated_offset_residual_hrr,0.0013773631071671844,22,16142,antonym,0.34285715222358704,11,edge_disjoint,139,0.26564958691596985,0.5909090638160706,contextual_centered
0.29702305793762207,0.5727529525756836,0.7116051912307739,0.10483159869909286,0.10483159869909286,0.0,0.8865613341331482,gated_offset_residual_hrr,0.001830669236369431,19,16142,attribute,0.34285715222358704,11,edge_disjoint,139,0.13305199146270752,0.21052631735801697,contextual_centered
0.3830319046974182,0.39294594526290894,0.7116051912307739,0.1460234522819519,0.5091196298599243,0.2524872422218323,0.4863146245479584,basis_offset_residual_hrr,0.001606687786988914,140,11527,all,0.33571428060531616,11,edge_disjoint,139,0.2681434750556946,0.41428571939468384,contextual_centered
0.293518990278244,0.39294594526290894,0.7116051912307739,0.1460234522819519,0.5091196298599243,0.2524872422218323,0.4863146245479584,basis_offset_residual_hrr,0.0018397943349555135,25,11527,hypernym,0.33571428060531616,11,edge_disjoint,139,0.26311206817626953,0.47999998927116394,contextual_centered
0.32234540581703186,0.39294594526290894,0.7116051912307739,0.1460234522819519,0.5091196298599243,0.2524872422218323,0.4863146245479584,basis_offset_residual_hrr,0.0017647254280745983,15,11527,instance_hypernym,0.33571428060531616,11,edge_disjoint,139,0.2153516262769699,0.46666666865348816,contextual_centered
0.4081016182899475,0.39294594526290894,0.7116051912307739,0.1460234522819519,0.5091196298599243,0.2524872422218323,0.4863146245479584,basis_offset_residual_hrr,0.001541402074508369,20,11527,member_meronym,0.33571428060531616,11,edge_disjoint,139,0.29851680994033813,0.3499999940395355,contextual_centered
0.6248428225517273,0.39294594526290894,0.7116051912307739,0.1460234522819519,0.5091196298599243,0.2524872422218323,0.4863146245479584,basis_offset_residual_hrr,0.0009769718162715435,15,11527,substance_meronym,0.33571428060531616,11,edge_disjoint,139,0.5997973084449768,0.6666666865348816,contextual_centered
0.3698418140411377,0.39294594526290894,0.7116051912307739,0.1460234522819519,0.5091196298599243,0.2524872422218323,0.4863146245479584,basis_offset_residual_hrr,0.0016410370590165257,24,11527,part_meronym,0.33571428060531616,11,edge_disjoint,139,0.19069091975688934,0.375,contextual_centered
0.45704230666160583,0.39294594526290894,0.7116051912307739,0.1460234522819519,0.5091196298599243,0.2524872422218323,0.4863146245479584,basis_offset_residual_hrr,0.0014139523264020681,22,11527,antonym,0.33571428060531616,11,edge_disjoint,139,0.2909572422504425,0.4545454680919647,contextual_centered
0.26239466667175293,0.39294594526290894,0.7116051912307739,0.1460234522819519,0.5091196298599243,0.2524872422218323,0.4863146245479584,basis_offset_residual_hrr,0.0019208473386242986,19,11527,attribute,0.33571428060531616,11,edge_disjoint,139,0.0940566286444664,0.15789473056793213,contextual_centered
0.3950969874858856,0.10775187611579895,0.7130240201950073,,,,,low_rank,0.0015752684557810426,140,86016,all,0.3928571343421936,11,edge_disjoint,139,0.24565482139587402,0.44999998807907104,contextual_centered
0.1249614804983139,0.10775187611579895,0.7130240201950073,,,,,low_rank,0.0022787461057305336,25,86016,hypernym,0.3928571343421936,11,edge_disjoint,139,0.06697003543376923,0.20000000298023224,contextual_centered
0.4767305254936218,0.10775187611579895,0.7130240201950073,,,,,low_rank,0.0013626808067783713,15,86016,instance_hypernym,0.3928571343421936,11,edge_disjoint,139,0.31234458088874817,0.5333333611488342,contextual_centered
0.43703746795654297,0.10775187611579895,0.7130240201950073,,,,,low_rank,0.0014660482993349433,20,86016,member_meronym,0.3928571343421936,11,edge_disjoint,139,0.2540592551231384,0.5,contextual_centered
0.6585025787353516,0.10775187611579895,0.7130240201950073,,,,,low_rank,0.0008893162594176829,15,86016,substance_meronym,0.3928571343421936,11,edge_disjoint,139,0.4462231397628784,0.8666666746139526,contextual_centered
0.3708380460739136,0.10775187611579895,0.7130240201950073,,,,,low_rank,0.0016384427435696125,24,86016,part_meronym,0.3928571343421936,11,edge_disjoint,139,0.17846190929412842,0.4166666567325592,contextual_centered
0.5200987458229065,0.10775187611579895,0.7130240201950073,,,,,low_rank,0.0012497429270297289,22,86016,antonym,0.3928571343421936,11,edge_disjoint,139,0.3936658203601837,0.5,contextual_centered
0.3198952376842499,0.10775187611579895,0.7130240201950073,,,,,low_rank,0.0017711061518639326,19,86016,attribute,0.3928571343421936,11,edge_disjoint,139,0.17442026734352112,0.31578946113586426,contextual_centered
0.26715052127838135,0.699445366859436,0.7116051912307739,0.1347561925649643,0.1347561925649643,0.0,0.0,shuffled_residual_hrr,0.0019084623781964183,140,5383,all,0.1071428582072258,11,edge_disjoint,139,0.22504942119121552,0.34285715222358704,contextual_centered
0.2101769596338272,0.699445366859436,0.7116051912307739,0.1347561925649643,0.1347561925649643,0.0,0.0,shuffled_residual_hrr,0.0020568310283124447,25,5383,hypernym,0.1071428582072258,11,edge_disjoint,139,0.18790611624717712,0.3199999928474426,contextual_centered
-0.07650873064994812,0.699445366859436,0.7116051912307739,0.1347561925649643,0.1347561925649643,0.0,0.0,shuffled_residual_hrr,0.0028034080751240253,15,5383,instance_hypernym,0.1071428582072258,11,edge_disjoint,139,0.030155804008245468,0.13333334028720856,contextual_centered
0.38115376234054565,0.699445366859436,0.7116051912307739,0.1347561925649643,0.1347561925649643,0.0,0.0,shuffled_residual_hrr,0.0016115789767354727,20,5383,member_meronym,0.1071428582072258,11,edge_disjoint,139,0.30952149629592896,0.44999998807907104,contextual_centered
0.434976190328598,0.699445366859436,0.7116051912307739,0.1347561925649643,0.1347561925649643,0.0,0.0,shuffled_residual_hrr,0.0014714162098243833,15,5383,substance_meronym,0.1071428582072258,11,edge_disjoint,139,0.4350818395614624,0.6666666865348816,contextual_centered
0.22272342443466187,0.699445366859436,0.7116051912307739,0.1347561925649643,0.1347561925649643,0.0,0.0,shuffled_residual_hrr,0.002024157904088497,24,5383,part_meronym,0.1071428582072258,11,edge_disjoint,139,0.1792716383934021,0.25,contextual_centered
0.446821391582489,0.699445366859436,0.7116051912307739,0.1347561925649643,0.1347561925649643,0.0,0.0,shuffled_residual_hrr,0.0014405692927539349,22,5383,antonym,0.1071428582072258,11,edge_disjoint,139,0.30790671706199646,0.4545454680919647,contextual_centered
0.2090066820383072,0.699445366859436,0.7116051912307739,0.1347561925649643,0.1347561925649643,0.0,0.0,shuffled_residual_hrr,0.00205987854860723,19,5383,attribute,0.1071428582072258,11,edge_disjoint,139,0.13493706285953522,0.15789473056793213,contextual_centered
0.2625107765197754,0.6724129915237427,0.7116051912307739,0.1348283737897873,0.1348283737897873,0.0,0.4193870723247528,shuffled_offset_residual_hrr,0.0019205447752028704,140,10759,all,0.17142857611179352,11,edge_disjoint,139,0.21211563050746918,0.3285714387893677,contextual_centered
0.212822824716568,0.6724129915237427,0.7116051912307739,0.1348283737897873,0.1348283737897873,0.0,0.4193870723247528,shuffled_offset_residual_hrr,0.002049940638244152,25,10759,hypernym,0.17142857611179352,11,edge_disjoint,139,0.1588633507490158,0.3199999928474426,contextual_centered
0.022043900564312935,0.6724129915237427,0.7116051912307739,0.1348283737897873,0.1348283737897873,0.0,0.4193870723247528,shuffled_offset_residual_hrr,0.002546760719269514,15,10759,instance_hypernym,0.17142857611179352,11,edge_disjoint,139,0.04937915503978729,0.13333334028720856,contextual_centered
0.32087135314941406,0.6724129915237427,0.7116051912307739,0.1348283737897873,0.1348283737897873,0.0,0.4193870723247528,shuffled_offset_residual_hrr,0.0017685642233118415,20,10759,member_meronym,0.17142857611179352,11,edge_disjoint,139,0.24512548744678497,0.3499999940395355,contextual_centered
0.40858426690101624,0.6724129915237427,0.7116051912307739,0.1348283737897873,0.1348283737897873,0.0,0.4193870723247528,shuffled_offset_residual_hrr,0.0015401451382786036,15,10759,substance_meronym,0.17142857611179352,11,edge_disjoint,139,0.41476887464523315,0.6000000238418579,contextual_centered
0.18166929483413696,0.6724129915237427,0.7116051912307739,0.1348283737897873,0.1348283737897873,0.0,0.4193870723247528,shuffled_offset_residual_hrr,0.002131069777533412,24,10759,part_meronym,0.17142857611179352,11,edge_disjoint,139,0.1716846227645874,0.25,contextual_centered
0.4415275454521179,0.6724129915237427,0.7116051912307739,0.1348283737897873,0.1348283737897873,0.0,0.4193870723247528,shuffled_offset_residual_hrr,0.0014543554279953241,22,10759,antonym,0.17142857611179352,11,edge_disjoint,139,0.319942444562912,0.4545454680919647,contextual_centered
0.23581163585186005,0.6724129915237427,0.7116051912307739,0.1348283737897873,0.1348283737897873,0.0,0.4193870723247528,shuffled_offset_residual_hrr,0.001990074058994651,19,10759,attribute,0.17142857611179352,11,edge_disjoint,139,0.14214268326759338,0.21052631735801697,contextual_centered
0.2592802345752716,0.6694501638412476,0.7116051912307739,0.10354483127593994,0.10354483872652054,0.0,0.4196847677230835,shuffled_gated_offset_residual_hrr,0.0019289577612653375,140,16142,all,0.15000000596046448,11,edge_disjoint,139,0.21346205472946167,0.3285714387893677,contextual_centered
0.20968914031982422,0.6694501638412476,0.7116051912307739,0.10354483127593994,0.10354483872652054,0.0,0.4196847677230835,shuffled_gated_offset_residual_hrr,0.0020581011194735765,25,16142,hypernym,0.15000000596046448,11,edge_disjoint,139,0.16044317185878754,0.3199999928474426,contextual_centered
0.013477855361998081,0.6694501638412476,0.7116051912307739,0.10354483127593994,0.10354483872652054,0.0,0.4196847677230835,shuffled_gated_offset_residual_hrr,0.0025690682232379913,15,16142,instance_hypernym,0.15000000596046448,11,edge_disjoint,139,0.05007781833410263,0.13333334028720856,contextual_centered
0.3093357980251312,0.6694501638412476,0.7116051912307739,0.10354483127593994,0.10354483872652054,0.0,0.4196847677230835,shuffled_gated_offset_residual_hrr,0.0017986048478633165,20,16142,member_meronym,0.15000000596046448,11,edge_disjoint,139,0.24132028222084045,0.3499999940395355,contextual_centered
0.4096713364124298,0.6694501638412476,0.7116051912307739,0.10354483127593994,0.10354483872652054,0.0,0.4196847677230835,shuffled_gated_offset_residual_hrr,0.0015373140340670943,15,16142,substance_meronym,0.15000000596046448,11,edge_disjoint,139,0.41480863094329834,0.6000000238418579,contextual_centered
0.18178169429302216,0.6694501638412476,0.7116051912307739,0.10354483127593994,0.10354483872652054,0.0,0.4196847677230835,shuffled_gated_offset_residual_hrr,0.0021307768765836954,24,16142,part_meronym,0.15000000596046448,11,edge_disjoint,139,0.17329144477844238,0.25,contextual_centered
0.4424850642681122,0.6694501638412476,0.7116051912307739,0.10354483127593994,0.10354483872652054,0.0,0.4196847677230835,shuffled_gated_offset_residual_hrr,0.0014518618118017912,22,16142,antonym,0.15000000596046448,11,edge_disjoint,139,0.32823866605758667,0.4545454680919647,contextual_centered
0.23292721807956696,0.6694501638412476,0.7116051912307739,0.10354483127593994,0.10354483872652054,0.0,0.4196847677230835,shuffled_gated_offset_residual_hrr,0.0019975854083895683,19,16142,attribute,0.15000000596046448,11,edge_disjoint,139,0.14177154004573822,0.21052631735801697,contextual_centered
0.28108569979667664,0.30185383558273315,0.7116051912307739,0.147210031747818,0.725864589214325,0.28363218903541565,0.23133665323257446,shuffled_basis_offset_residual_hrr,0.0018721725791692734,140,11527,all,0.17142857611179352,11,edge_disjoint,139,0.20795147120952606,0.30000001192092896,contextual_centered
0.2583317160606384,0.30185383558273315,0.7116051912307739,0.147210031747818,0.725864589214325,0.28363218903541565,0.23133665323257446,shuffled_basis_offset_residual_hrr,0.001931428094394505,25,11527,hypernym,0.17142857611179352,11,edge_disjoint,139,0.20849117636680603,0.2800000011920929,contextual_centered
0.09183553606271744,0.30185383558273315,0.7116051912307739,0.147210031747818,0.725864589214325,0.28363218903541565,0.23133665323257446,shuffled_basis_offset_residual_hrr,0.0023650112561881542,15,11527,instance_hypernym,0.17142857611179352,11,edge_disjoint,139,0.056469302624464035,0.13333334028720856,contextual_centered
0.41252145171165466,0.30185383558273315,0.7116051912307739,0.147210031747818,0.725864589214325,0.28363218903541565,0.23133665323257446,shuffled_basis_offset_residual_hrr,0.00152989209163934,20,11527,member_meronym,0.17142857611179352,11,edge_disjoint,139,0.32957443594932556,0.44999998807907104,contextual_centered
0.4726980924606323,0.30185383558273315,0.7116051912307739,0.147210031747818,0.725864589214325,0.28363218903541565,0.23133665323257446,shuffled_basis_offset_residual_hrr,0.0013731821672990918,15,11527,substance_meronym,0.17142857611179352,11,edge_disjoint,139,0.39777815341949463,0.6666666865348816,contextual_centered
0.2069139927625656,0.30185383558273315,0.7116051912307739,0.147210031747818,0.725864589214325,0.28363218903541565,0.23133665323257446,shuffled_basis_offset_residual_hrr,0.0020653281826525927,24,11527,part_meronym,0.17142857611179352,11,edge_disjoint,139,0.14441977441310883,0.2083333283662796,contextual_centered
0.39247310161590576,0.30185383558273315,0.7116051912307739,0.147210031747818,0.725864589214325,0.28363218903541565,0.23133665323257446,shuffled_basis_offset_residual_hrr,0.0015821015695109963,22,11527,antonym,0.17142857611179352,11,edge_disjoint,139,0.23284386098384857,0.3181818127632141,contextual_centered
0.13552255928516388,0.30185383558273315,0.7116051912307739,0.147210031747818,0.725864589214325,0.28363218903541565,0.23133665323257446,shuffled_basis_offset_residual_hrr,0.0022512434516102076,19,11527,attribute,0.17142857611179352,11,edge_disjoint,139,0.10037297010421753,0.10526315867900848,contextual_centered
0.30986765027046204,0.7046853303909302,0.7046853303909302,,,,,additive,0.001797219505533576,137,0,all,0.1386861354112625,11,node_disjoint,127,0.22799527645111084,0.36496350169181824,contextual_centered
0.30496934056282043,0.7046853303909302,0.7046853303909302,,,,,additive,0.0018099757144227624,19,0,hypernym,0.1386861354112625,11,node_disjoint,127,0.18734541535377502,0.42105263471603394,contextual_centered
0.1360093504190445,0.7046853303909302,0.7046853303909302,,,,,additive,0.002249975921586156,20,0,instance_hypernym,0.1386861354112625,11,node_disjoint,127,0.08422888070344925,0.10000000149011612,contextual_centered
0.33686894178390503,0.7046853303909302,0.7046853303909302,,,,,additive,0.0017269037198275328,25,0,member_meronym,0.1386861354112625,11,node_disjoint,127,0.20592519640922546,0.36000001430511475,contextual_centered
0.44215288758277893,0.7046853303909302,0.7046853303909302,,,,,additive,0.0014527271268889308,21,0,substance_meronym,0.1386861354112625,11,node_disjoint,127,0.2660650610923767,0.4761904776096344,contextual_centered
0.3666764795780182,0.7046853303909302,0.7046853303909302,,,,,additive,0.0016492801951244473,14,0,part_meronym,0.1386861354112625,11,node_disjoint,127,0.35845521092414856,0.5,contextual_centered
0.49255478382110596,0.7046853303909302,0.7046853303909302,,,,,additive,0.001321472111158073,17,0,antonym,0.1386861354112625,11,node_disjoint,127,0.45960733294487,0.5882353186607361,contextual_centered
0.12968699634075165,0.7046853303909302,0.7046853303909302,,,,,additive,0.002266440074890852,21,0,attribute,0.1386861354112625,11,node_disjoint,127,0.11542946100234985,0.190476194024086,contextual_centered
0.3524060845375061,0.5125418305397034,0.7065204381942749,,,,,offset,0.0016864425269886851,137,5376,all,0.35036495327949524,11,node_disjoint,127,0.1844249963760376,0.35036495327949524,contextual_centered
0.3680230677127838,0.5125418305397034,0.7065204381942749,,,,,offset,0.0016457734163850546,19,5376,hypernym,0.35036495327949524,11,node_disjoint,127,0.22125490009784698,0.42105263471603394,contextual_centered
0.2942173480987549,0.5125418305397034,0.7065204381942749,,,,,offset,0.001837975694797933,20,5376,instance_hypernym,0.35036495327949524,11,node_disjoint,127,0.13486944139003754,0.4000000059604645,contextual_centered
0.28985148668289185,0.5125418305397034,0.7065204381942749,,,,,offset,0.001849345164373517,25,5376,member_meronym,0.35036495327949524,11,node_disjoint,127,0.23463590443134308,0.23999999463558197,contextual_centered
0.49552327394485474,0.5125418305397034,0.7065204381942749,,,,,offset,0.0013137413188815117,21,5376,substance_meronym,0.35036495327949524,11,node_disjoint,127,0.23214352130889893,0.380952388048172,contextual_centered
0.42885908484458923,0.5125418305397034,0.7065204381942749,,,,,offset,0.0014873462496325374,14,5376,part_meronym,0.35036495327949524,11,node_disjoint,127,0.12513336539268494,0.4285714328289032,contextual_centered
0.5015555620193481,0.5125418305397034,0.7065204381942749,,,,,offset,0.001298032351769507,17,5376,antonym,0.35036495327949524,11,node_disjoint,127,0.302460253238678,0.5882353186607361,contextual_centered
0.15333791077136993,0.5125418305397034,0.7065204381942749,,,,,offset,0.0022048496175557375,21,5376,attribute,0.35036495327949524,11,node_disjoint,127,0.034780532121658325,0.095238097012043,contextual_centered
0.2753697633743286,0.6032316088676453,0.9999626874923706,,,,,hrr,0.0018870577914640307,137,5376,all,0.2554744482040405,11,node_disjoint,127,0.24699226021766663,0.40145984292030334,contextual_centered
0.22672748565673828,0.6032316088676453,0.9999626874923706,,,,,hrr,0.0020137305837124586,19,5376,hypernym,0.2554744482040405,11,node_disjoint,127,0.17782631516456604,0.42105263471603394,contextual_centered
0.12812133133411407,0.6032316088676453,0.9999626874923706,,,,,hrr,0.002270517172291875,20,5376,instance_hypernym,0.2554744482040405,11,node_disjoint,127,0.07425658404827118,0.25,contextual_centered
0.26281270384788513,0.6032316088676453,0.9999626874923706,,,,,hrr,0.0019197585061192513,25,5376,member_meronym,0.2554744482040405,11,node_disjoint,127,0.242024227976799,0.4000000059604645,contextual_centered
0.43793606758117676,0.6032316088676453,0.9999626874923706,,,,,hrr,0.001463708351366222,21,5376,substance_meronym,0.2554744482040405,11,node_disjoint,127,0.3601703345775604,0.523809552192688,contextual_centered
0.30017948150634766,0.6032316088676453,0.9999626874923706,,,,,hrr,0.001822449266910553,14,5376,part_meronym,0.2554744482040405,11,node_disjoint,127,0.40594029426574707,0.5,contextual_centered
0.47787055373191833,0.6032316088676453,0.9999626874923706,,,,,hrr,0.0013597122160717845,17,5376,antonym,0.2554744482040405,11,node_disjoint,127,0.4355400800704956,0.5882353186607361,contextual_centered
0.13152948021888733,0.6032316088676453,0.9999626874923706,,,,,hrr,0.002261641900986433,21,5376,attribute,0.2554744482040405,11,node_disjoint,127,0.10821808129549026,0.190476194024086,contextual_centered
0.31337833404541016,0.6801928281784058,0.7065204381942749,0.13716773688793182,0.13716773688793182,0.0,0.0,residual_hrr,0.001788077293895185,137,5383,all,0.2700729966163635,11,node_disjoint,127,0.23626795411109924,0.37956205010414124,contextual_centered
0.30375897884368896,0.6801928281784058,0.7065204381942749,0.13716773688793182,0.13716773688793182,0.0,0.0,residual_hrr,0.0018131276592612267,19,5383,hypernym,0.2700729966163635,11,node_disjoint,127,0.1826433688402176,0.42105263471603394,contextual_centered
0.15336966514587402,0.6801928281784058,0.7065204381942749,0.13716773688793182,0.13716773688793182,0.0,0.0,residual_hrr,0.0022047667298465967,20,5383,instance_hypernym,0.2700729966163635,11,node_disjoint,127,0.0900905653834343,0.20000000298023224,contextual_centered
0.3351536691188812,0.6801928281784058,0.7065204381942749,0.13716773688793182,0.13716773688793182,0.0,0.0,residual_hrr,0.001731370692141354,25,5383,member_meronym,0.2700729966163635,11,node_disjoint,127,0.22528718411922455,0.36000001430511475,contextual_centered
0.45142626762390137,0.6801928281784058,0.7065204381942749,0.13716773688793182,0.13716773688793182,0.0,0.0,residual_hrr,0.0014285772340372205,21,5383,substance_meronym,0.2700729966163635,11,node_disjoint,127,0.2931291460990906,0.4761904776096344,contextual_centered
0.36316898465156555,0.6801928281784058,0.7065204381942749,0.13716773688793182,0.13716773688793182,0.0,0.0,residual_hrr,0.0016584144905209541,14,5383,part_meronym,0.2700729966163635,11,node_disjoint,127,0.37029901146888733,0.5,contextual_centered
0.48978304862976074,0.6801928281784058,0.7065204381942749,0.13716773688793182,0.13716773688793182,0.0,0.0,residual_hrr,0.0013286899775266647,17,5383,antonym,0.2700729966163635,11,node_disjoint,127,0.46165236830711365,0.5882353186607361,contextual_centered
0.1345021277666092,0.6801928281784058,0.7065204381942749,0.13716773688793182,0.13716773688793182,0.0,0.0,residual_hrr,0.002253900747746229,21,5383,attribute,0.2700729966163635,11,node_disjoint,127,0.10840505361557007,0.190476194024086,contextual_centered
0.35589227080345154,0.5173224806785583,0.7065204381942749,0.1358272284269333,0.1358272284269333,0.0,1.0707939863204956,offset_residual_hrr,0.0016773638781160116,137,10759,all,0.33576643466949463,11,node_disjoint,127,0.20911091566085815,0.35766422748565674,contextual_centered
0.3680897057056427,0.5173224806785583,0.7065204381942749,0.1358272284269333,0.1358272284269333,0.0,1.0707939863204956,offset_residual_hrr,0.0016456000739708543,19,10759,hypernym,0.33576643466949463,11,node_disjoint,127,0.24705053865909576,0.42105263471603394,contextual_centered
0.30104416608810425,0.5173224806785583,0.7065204381942749,0.1358272284269333,0.1358272284269333,0.0,1.0707939863204956,offset_residual_hrr,0.0018201973289251328,20,10759,instance_hypernym,0.33576643466949463,11,node_disjoint,127,0.16322754323482513,0.3499999940395355,contextual_centered
0.2971355617046356,0.5173224806785583,0.7065204381942749,0.1358272284269333,0.1358272284269333,0.0,1.0707939863204956,offset_residual_hrr,0.001830375986173749,25,10759,member_meronym,0.33576643466949463,11,node_disjoint,127,0.2422470897436142,0.2800000011920929,contextual_centered
0.4964514374732971,0.5173224806785583,0.7065204381942749,0.1358272284269333,0.1358272284269333,0.0,1.0707939863204956,offset_residual_hrr,0.0013113244203850627,21,10759,substance_meronym,0.33576643466949463,11,node_disjoint,127,0.2580861747264862,0.380952388048172,contextual_centered
0.4323614239692688,0.5173224806785583,0.7065204381942749,0.1358272284269333,0.1358272284269333,0.0,1.0707939863204956,offset_residual_hrr,0.0014782254584133625,14,10759,part_meronym,0.33576643466949463,11,node_disjoint,127,0.233518585562706,0.5,contextual_centered
0.5007244944572449,0.5173224806785583,0.7065204381942749,0.1358272284269333,0.1358272284269333,0.0,1.0707939863204956,offset_residual_hrr,0.0013001966290175915,17,10759,antonym,0.33576643466949463,11,node_disjoint,127,0.30574294924736023,0.5882353186607361,contextual_centered
0.15825742483139038,0.5173224806785583,0.7065204381942749,0.1358272284269333,0.1358272284269333,0.0,1.0707939863204956,offset_residual_hrr,0.0021920381113886833,21,10759,attribute,0.33576643466949463,11,node_disjoint,127,0.03556208312511444,0.095238097012043,contextual_centered
0.355824738740921,0.5141092538833618,0.7065204381942749,0.1073140799999237,0.1073140799999237,0.0,1.0564749240875244,gated_offset_residual_hrr,0.0016775397816672921,137,16142,all,0.33576643466949463,11,node_disjoint,127,0.21260574460029602,0.35766422748565674,contextual_centered
0.36896514892578125,0.5141092538833618,0.7065204381942749,0.1073140799999237,0.1073140799999237,0.0,1.0564749240875244,gated_offset_residual_hrr,0.001643319963477552,19,16142,hypernym,0.33576643466949463,11,node_disjoint,127,0.24466979503631592,0.42105263471603394,contextual_centered
0.2986578941345215,0.5141092538833618,0.7065204381942749,0.1073140799999237,0.1073140799999237,0.0,1.0564749240875244,gated_offset_residual_hrr,0.0018264114623889327,20,16142,instance_hypernym,0.33576643466949463,11,node_disjoint,127,0.16355162858963013,0.3499999940395355,contextual_centered
0.2976131737232208,0.5141092538833618,0.7065204381942749,0.1073140799999237,0.1073140799999237,0.0,1.0564749240875244,gated_offset_residual_hrr,0.0018291324377059937,25,16142,member_meronym,0.33576643466949463,11,node_disjoint,127,0.2425251454114914,0.2800000011920929,contextual_centered
0.4955874979496002,0.5141092538833618,0.7065204381942749,0.1073140799999237,0.1073140799999237,0.0,1.0564749240875244,gated_offset_residual_hrr,0.0013135743793100119,21,16142,substance_meronym,0.33576643466949463,11,node_disjoint,127,0.258227676153183,0.380952388048172,contextual_centered
0.4336024820804596,0.5141092538833618,0.7065204381942749,0.1073140799999237,0.1073140799999237,0.0,1.0564749240875244,gated_offset_residual_hrr,0.001474993652664125,14,16142,part_meronym,0.33576643466949463,11,node_disjoint,127,0.23377087712287903,0.5,contextual_centered
0.5011810064315796,0.5141092538833618,0.7065204381942749,0.1073140799999237,0.1073140799999237,0.0,1.0564749240875244,gated_offset_residual_hrr,0.0012990080285817385,17,16142,antonym,0.33576643466949463,11,node_disjoint,127,0.3348011374473572,0.5882353186607361,contextual_centered
0.15839599072933197,0.5141092538833618,0.7065204381942749,0.1073140799999237,0.1073140799999237,0.0,1.0564749240875244,gated_offset_residual_hrr,0.002191676991060376,21,16142,attribute,0.33576643466949463,11,node_disjoint,127,0.036043331027030945,0.095238097012043,contextual_centered
0.36719223856925964,0.27583813667297363,0.7065204381942749,0.14557002484798431,0.41026461124420166,0.27631062269210815,0.5292211174964905,basis_offset_residual_hrr,0.0016479369951412082,137,11527,all,0.32846716046333313,11,node_disjoint,127,0.2635326683521271,0.44525548815727234,contextual_centered
0.3170069754123688,0.27583813667297363,0.7065204381942749,0.14557002484798431,0.41026461124420166,0.27631062269210815,0.5292211174964905,basis_offset_residual_hrr,0.0017786277458071709,19,11527,hypernym,0.32846716046333313,11,node_disjoint,127,0.190233513712883,0.42105263471603394,contextual_centered
0.31816428899765015,0.27583813667297363,0.7065204381942749,0.14557002484798431,0.41026461124420166,0.27631062269210815,0.5292211174964905,basis_offset_residual_hrr,0.0017756136367097497,20,11527,instance_hypernym,0.32846716046333313,11,node_disjoint,127,0.19128836691379547,0.30000001192092896,contextual_centered
0.36924007534980774,0.27583813667297363,0.7065204381942749,0.14557002484798431,0.41026461124420166,0.27631062269210815,0.5292211174964905,basis_offset_residual_hrr,0.0016426041256636381,25,11527,member_meronym,0.32846716046333313,11,node_disjoint,127,0.2757854163646698,0.4399999976158142,contextual_centered
0.5001317858695984,0.27583813667297363,0.7065204381942749,0.14557002484798431,0.41026461124420166,0.27631062269210815,0.5292211174964905,basis_offset_residual_hrr,0.001301740063354373,21,11527,substance_meronym,0.32846716046333313,11,node_disjoint,127,0.3247295022010803,0.523809552192688,contextual_centered
0.3891875445842743,0.27583813667297363,0.7065204381942749,0.14557002484798431,0.41026461124420166,0.27631062269210815,0.5292211174964905,basis_offset_residual_hrr,0.001590657397173345,14,11527,part_meronym,0.32846716046333313,11,node_disjoint,127,0.355623722076416,0.5714285969734192,contextual_centered
0.4946278929710388,0.27583813667297363,0.7065204381942749,0.14557002484798431,0.41026461124420166,0.27631062269210815,0.5292211174964905,basis_offset_residual_hrr,0.0013160733506083488,17,11527,antonym,0.32846716046333313,11,node_disjoint,127,0.39320439100265503,0.6470588445663452,contextual_centered
0.2060878425836563,0.27583813667297363,0.7065204381942749,0.14557002484798431,0.41026461124420166,0.27631062269210815,0.5292211174964905,basis_offset_residual_hrr,0.0020674795377999544,21,11527,attribute,0.32846716046333313,11,node_disjoint,127,0.15650542080402374,0.2857142984867096,contextual_centered
0.31707414984703064,0.04801609739661217,0.70842045545578,,,,,low_rank,0.0017784528899937868,137,86016,all,0.24087591469287872,11,node_disjoint,127,0.1826082020998001,0.36496350169181824,contextual_centered
0.22938843071460724,0.04801609739661217,0.70842045545578,,,,,low_rank,0.0020068008452653885,19,86016,hypernym,0.24087591469287872,11,node_disjoint,127,0.0978042408823967,0.15789473056793213,contextual_centered
0.3338925540447235,0.04801609739661217,0.70842045545578,,,,,low_rank,0.0017346548847854137,20,86016,instance_hypernym,0.24087591469287872,11,node_disjoint,127,0.18104079365730286,0.4000000059604645,contextual_centered
0.24052837491035461,0.04801609739661217,0.70842045545578,,,,,low_rank,0.0019777908455580473,25,86016,member_meronym,0.24087591469287872,11,node_disjoint,127,0.16396446526050568,0.23999999463558197,contextual_centered
0.5274662971496582,0.04801609739661217,0.70842045545578,,,,,low_rank,0.0012305566342547536,21,86016,substance_meronym,0.24087591469287872,11,node_disjoint,127,0.24936768412590027,0.6190476417541504,contextual_centered
0.1907488852739334,0.04801609739661217,0.70842045545578,,,,,low_rank,0.0021074246615171432,14,86016,part_meronym,0.24087591469287872,11,node_disjoint,127,0.08393142372369766,0.2857142984867096,contextual_centered
0.39547228813171387,0.04801609739661217,0.70842045545578,,,,,low_rank,0.0015742909163236618,17,86016,antonym,0.24087591469287872,11,node_disjoint,127,0.2366890013217926,0.529411792755127,contextual_centered
0.281876802444458,0.04801609739661217,0.70842045545578,,,,,low_rank,0.001870112493634224,21,86016,attribute,0.24087591469287872,11,node_disjoint,127,0.23826849460601807,0.3333333432674408,contextual_centered
0.3079153597354889,0.6831114888191223,0.7065204381942749,0.13720479607582092,0.13720479607582092,0.0,0.0,shuffled_residual_hrr,0.0018023038282990456,137,5383,all,0.14598539471626282,11,node_disjoint,127,0.22655296325683594,0.36496350169181824,contextual_centered
0.30500081181526184,0.6831114888191223,0.7065204381942749,0.13720479607582092,0.13720479607582092,0.0,0.0,shuffled_residual_hrr,0.0018098936416208744,19,5383,hypernym,0.14598539471626282,11,node_disjoint,127,0.18878671526908875,0.42105263471603394,contextual_centered
0.13392509520053864,0.6831114888191223,0.7065204381942749,0.13720479607582092,0.13720479607582092,0.0,0.0,shuffled_residual_hrr,0.0022554034367203712,20,5383,instance_hypernym,0.14598539471626282,11,node_disjoint,127,0.08259633183479309,0.10000000149011612,contextual_centered
0.32849442958831787,0.6831114888191223,0.7065204381942749,0.13720479607582092,0.13720479607582092,0.0,0.0,shuffled_residual_hrr,0.0017487125005573034,25,5383,member_meronym,0.14598539471626282,11,node_disjoint,127,0.22183750569820404,0.36000001430511475,contextual_centered
0.4413544237613678,0.6831114888191223,0.7065204381942749,0.13720479607582092,0.13720479607582092,0.0,0.0,shuffled_residual_hrr,0.0014548063045367599,21,5383,substance_meronym,0.14598539471626282,11,node_disjoint,127,0.27098244428634644,0.4761904776096344,contextual_centered
0.3677730858325958,0.6831114888191223,0.7065204381942749,0.13720479607582092,0.13720479607582092,0.0,0.0,shuffled_residual_hrr,0.0016464245272800326,14,5383,part_meronym,0.14598539471626282,11,node_disjoint,127,0.32177871465682983,0.5,contextual_centered
0.4883899688720703,0.6831114888191223,0.7065204381942749,0.13720479607582092,0.13720479607582092,0.0,0.0,shuffled_residual_hrr,0.0013323178282007575,17,5383,antonym,0.14598539471626282,11,node_disjoint,127,0.4581024944782257,0.5882353186607361,contextual_centered
0.13231554627418518,0.6831114888191223,0.7065204381942749,0.13720479607582092,0.13720479607582092,0.0,0.0,shuffled_residual_hrr,0.002259595086798072,21,5383,attribute,0.14598539471626282,11,node_disjoint,127,0.10807938873767853,0.190476194024086,contextual_centered
0.2545994818210602,0.6134571433067322,0.7065204381942749,0.1371229737997055,0.1371229737997055,0.0,0.6528210043907166,shuffled_offset_residual_hrr,0.0019411472603678703,137,10759,all,0.16788321733474731,11,node_disjoint,127,0.18122702836990356,0.32846716046333313,contextual_centered
0.22455079853534698,0.6134571433067322,0.7065204381942749,0.1371229737997055,0.1371229737997055,0.0,0.6528210043907166,shuffled_offset_residual_hrr,0.002019398845732212,19,10759,hypernym,0.16788321733474731,11,node_disjoint,127,0.20686793327331543,0.31578946113586426,contextual_centered
0.13922074437141418,0.6134571433067322,0.7065204381942749,0.1371229737997055,0.1371229737997055,0.0,0.6528210043907166,shuffled_offset_residual_hrr,0.002241612644866109,20,10759,instance_hypernym,0.16788321733474731,11,node_disjoint,127,0.0854654535651207,0.20000000298023224,contextual_centered
0.3135257661342621,0.6134571433067322,0.7065204381942749,0.1371229737997055,0.1371229737997055,0.0,0.6528210043907166,shuffled_offset_residual_hrr,0.0017876933561637998,25,10759,member_meronym,0.16788321733474731,11,node_disjoint,127,0.13806873559951782,0.36000001430511475,contextual_centered
0.4193015694618225,0.6134571433067322,0.7065204381942749,0.1371229737997055,0.1371229737997055,0.0,0.6528210043907166,shuffled_offset_residual_hrr,0.0015122354961931705,21,10759,substance_meronym,0.16788321733474731,11,node_disjoint,127,0.23863206803798676,0.523809552192688,contextual_centered
0.255714476108551,0.6134571433067322,0.7065204381942749,0.1371229737997055,0.1371229737997055,0.0,0.6528210043907166,shuffled_offset_residual_hrr,0.0019382437458261847,14,10759,part_meronym,0.16788321733474731,11,node_disjoint,127,0.30768445134162903,0.2857142984867096,contextual_centered
0.2944638431072235,0.6134571433067322,0.7065204381942749,0.1371229737997055,0.1371229737997055,0.0,0.6528210043907166,shuffled_offset_residual_hrr,0.0018373338971287012,17,10759,antonym,0.16788321733474731,11,node_disjoint,127,0.21966128051280975,0.3529411852359772,contextual_centered
0.12380402535200119,0.6134571433067322,0.7065204381942749,0.1371229737997055,0.1371229737997055,0.0,0.6528210043907166,shuffled_offset_residual_hrr,0.0022817605640739202,21,10759,attribute,0.16788321733474731,11,node_disjoint,127,0.12778505682945251,0.2380952388048172,contextual_centered
0.2567131519317627,0.6083179712295532,0.7065204381942749,0.09751908481121063,0.09751908481121063,0.0,0.6398439407348633,shuffled_gated_offset_residual_hrr,0.0019356429111212492,137,16142,all,0.16788321733474731,11,node_disjoint,127,0.18338711559772491,0.35036495327949524,contextual_centered
0.2221008539199829,0.6083179712295532,0.7065204381942749,0.09751908481121063,0.09751908481121063,0.0,0.6398439407348633,shuffled_gated_offset_residual_hrr,0.002025779103860259,19,16142,hypernym,0.16788321733474731,11,node_disjoint,127,0.20689277350902557,0.31578946113586426,contextual_centered
0.1409793496131897,0.6083179712295532,0.7065204381942749,0.09751908481121063,0.09751908481121063,0.0,0.6398439407348633,shuffled_gated_offset_residual_hrr,0.0022370328661054373,20,16142,instance_hypernym,0.16788321733474731,11,node_disjoint,127,0.0854693055152893,0.20000000298023224,contextual_centered
0.31247246265411377,0.6083179712295532,0.7065204381942749,0.09751908481121063,0.09751908481121063,0.0,0.6398439407348633,shuffled_gated_offset_residual_hrr,0.001790436333976686,25,16142,member_meronym,0.16788321733474731,11,node_disjoint,127,0.13775742053985596,0.36000001430511475,contextual_centered
0.41965484619140625,0.6083179712295532,0.7065204381942749,0.09751908481121063,0.09751908481121063,0.0,0.6398439407348633,shuffled_gated_offset_residual_hrr,0.0015113154659047723,21,16142,substance_meronym,0.16788321733474731,11,node_disjoint,127,0.24489453434944153,0.523809552192688,contextual_centered
0.26145315170288086,0.6083179712295532,0.7065204381942749,0.09751908481121063,0.09751908481121063,0.0,0.6398439407348633,shuffled_gated_offset_residual_hrr,0.0019232992781326175,14,16142,part_meronym,0.16788321733474731,11,node_disjoint,127,0.3086687922477722,0.2857142984867096,contextual_centered
0.30976900458335876,0.6083179712295532,0.7065204381942749,0.09751908481121063,0.09751908481121063,0.0,0.6398439407348633,shuffled_gated_offset_residual_hrr,0.0017974765505641699,17,16142,antonym,0.16788321733474731,11,node_disjoint,127,0.2387646734714508,0.529411792755127,contextual_centered
0.12281976640224457,0.6083179712295532,0.7065204381942749,0.09751908481121063,0.09751908481121063,0.0,0.6398439407348633,shuffled_gated_offset_residual_hrr,0.002284323563799262,21,16142,attribute,0.16788321733474731,11,node_disjoint,127,0.1198381707072258,0.2380952388048172,contextual_centered
0.25789153575897217,0.23787514865398407,0.7065204381942749,0.14605659246444702,0.5649953484535217,0.2305661141872406,0.3851486146450043,shuffled_basis_offset_residual_hrr,0.0019325742032378912,137,11527,all,0.15328466892242432,11,node_disjoint,127,0.17277973890304565,0.32116788625717163,contextual_centered
0.18574081361293793,0.23787514865398407,0.7065204381942749,0.14605659246444702,0.5649953484535217,0.2305661141872406,0.3851486146450043,shuffled_basis_offset_residual_hrr,0.002120466437190771,19,11527,hypernym,0.15328466892242432,11,node_disjoint,127,0.24179480969905853,0.31578946113586426,contextual_centered
0.06890777498483658,0.23787514865398407,0.7065204381942749,0.14605659246444702,0.5649953484535217,0.2305661141872406,0.3851486146450043,shuffled_basis_offset_residual_hrr,0.0024247197434306145,20,11527,instance_hypernym,0.15328466892242432,11,node_disjoint,127,0.07982033491134644,0.10000000149011612,contextual_centered
0.28650519251823425,0.23787514865398407,0.7065204381942749,0.14605659246444702,0.5649953484535217,0.2305661141872406,0.3851486146450043,shuffled_basis_offset_residual_hrr,0.001858059549704194,25,11527,member_meronym,0.15328466892242432,11,node_disjoint,127,0.11713559925556183,0.36000001430511475,contextual_centered
0.43639054894447327,0.23787514865398407,0.7065204381942749,0.14605659246444702,0.5649953484535217,0.2305661141872406,0.3851486146450043,shuffled_basis_offset_residual_hrr,0.0014677330618724227,21,11527,substance_meronym,0.15328466892242432,11,node_disjoint,127,0.1815686970949173,0.380952388048172,contextual_centered
0.25955164432525635,0.23787514865398407,0.7065204381942749,0.14605659246444702,0.5649953484535217,0.2305661141872406,0.3851486146450043,shuffled_basis_offset_residual_hrr,0.0019282508874312043,14,11527,part_meronym,0.15328466892242432,11,node_disjoint,127,0.18985788524150848,0.2857142984867096,contextual_centered
0.4374174177646637,0.23787514865398407,0.7065204381942749,0.14605659246444702,0.5649953484535217,0.2305661141872406,0.3851486146450043,shuffled_basis_offset_residual_hrr,0.0014650591183453798,17,11527,antonym,0.15328466892242432,11,node_disjoint,127,0.35875827074050903,0.6470588445663452,contextual_centered
0.14415524899959564,0.23787514865398407,0.7065204381942749,0.14605659246444702,0.5649953484535217,0.2305661141872406,0.3851486146450043,shuffled_basis_offset_residual_hrr,0.002228762488812208,21,11527,attribute,0.15328466892242432,11,node_disjoint,127,0.09438484162092209,0.190476194024086,contextual_centered
0.29497042298316956,0.7171563506126404,0.7171563506126404,,,,,additive,0.0018360146787017584,140,0,all,0.15714286267757416,29,edge_disjoint,134,0.2358790785074234,0.3571428656578064,contextual_centered
0.3229959309101105,0.7171563506126404,0.7171563506126404,,,,,additive,0.0017630315851420164,22,0,hypernym,0.15714286267757416,29,edge_disjoint,134,0.24616943299770355,0.5,contextual_centered
0.05573055148124695,0.7171563506126404,0.7171563506126404,,,,,additive,0.00245903548784554,23,0,instance_hypernym,0.15714286267757416,29,edge_disjoint,134,0.036475490778684616,0.08695652335882187,contextual_centered
0.3485093414783478,0.7171563506126404,0.7171563506126404,,,,,additive,0.0016965903341770172,18,0,member_meronym,0.15714286267757416,29,edge_disjoint,134,0.23599325120449066,0.3888888955116272,contextual_centered
0.4097440838813782,0.7171563506126404,0.7171563506126404,,,,,additive,0.001537124626338482,23,0,substance_meronym,0.15714286267757416,29,edge_disjoint,134,0.3249887526035309,0.30434781312942505,contextual_centered
0.25253790616989136,0.7171563506126404,0.7171563506126404,,,,,additive,0.0019465158693492413,20,0,part_meronym,0.15714286267757416,29,edge_disjoint,134,0.27921366691589355,0.44999998807907104,contextual_centered
0.43991079926490784,0.7171563506126404,0.7171563506126404,,,,,additive,0.0014585658209398389,19,0,antonym,0.15714286267757416,29,edge_disjoint,134,0.3742944896221161,0.4736842215061188,contextual_centered
0.25345319509506226,0.7171563506126404,0.7171563506126404,,,,,additive,0.0019441326148808002,15,0,attribute,0.15714286267757416,29,edge_disjoint,134,0.15666131675243378,0.3333333432674408,contextual_centered
0.4179699420928955,0.5890305638313293,0.7190239429473877,,,,,offset,0.0015157032757997513,140,5376,all,0.34285715222358704,29,edge_disjoint,134,0.2236209511756897,0.44999998807907104,contextual_centered
0.24389567971229553,0.5890305638313293,0.7190239429473877,,,,,offset,0.0019690217450261116,22,5376,hypernym,0.34285715222358704,29,edge_disjoint,134,0.24195900559425354,0.40909090638160706,contextual_centered
0.43777742981910706,0.5890305638313293,0.7190239429473877,,,,,offset,0.0014641216257587075,23,5376,instance_hypernym,0.34285715222358704,29,edge_disjoint,134,0.1628424972295761,0.52173912525177,contextual_centered
0.42650532722473145,0.5890305638313293,0.7190239429473877,,,,,offset,0.0014934756327420473,18,5376,member_meronym,0.34285715222358704,29,edge_disjoint,134,0.2084813416004181,0.3888888955116272,contextual_centered
0.6030783653259277,0.5890305638313293,0.7190239429473877,,,,,offset,0.0010336500126868486,23,5376,substance_meronym,0.34285715222358704,29,edge_disjoint,134,0.31490159034729004,0.47826087474823,contextual_centered
0.3939175009727478,0.5890305638313293,0.7190239429473877,,,,,offset,0.0015783399576321244,20,5376,part_meronym,0.34285715222358704,29,edge_disjoint,134,0.12654699385166168,0.3499999940395355,contextual_centered
0.4432119131088257,0.5890305638313293,0.7190239429473877,,,,,offset,0.001449969015084207,19,5376,antonym,0.34285715222358704,29,edge_disjoint,134,0.3157179057598114,0.5789473652839661,contextual_centered
0.34892886877059937,0.5890305638313293,0.7190239429473877,,,,,offset,0.0016954975435510278,15,5376,attribute,0.34285715222358704,29,edge_disjoint,134,0.18089859187602997,0.4000000059604645,contextual_centered
0.31342050433158875,0.6676229238510132,1.0019936561584473,,,,,hrr,0.0017879673978313804,140,5376,all,0.30000001192092896,29,edge_disjoint,134,0.27301719784736633,0.41428571939468384,contextual_centered
0.29544946551322937,0.6676229238510132,1.0019936561584473,,,,,hrr,0.0018347670556977391,22,5376,hypernym,0.30000001192092896,29,edge_disjoint,134,0.21009530127048492,0.5454545617103577,contextual_centered
0.20994651317596436,0.6676229238510132,1.0019936561584473,,,,,hrr,0.0020574312657117844,23,5376,instance_hypernym,0.30000001192092896,29,edge_disjoint,134,0.2083030343055725,0.43478259444236755,contextual_centered
0.3555847406387329,0.6676229238510132,1.0019936561584473,,,,,hrr,0.0016781649319455028,18,5376,member_meronym,0.30000001192092896,29,edge_disjoint,134,0.24110449850559235,0.3333333432674408,contextual_centered
0.43044313788414,0.6676229238510132,1.0019936561584473,,,,,hrr,0.0014832208398729563,23,5376,substance_meronym,0.30000001192092896,29,edge_disjoint,134,0.3322513699531555,0.3478260934352875,contextual_centered
0.24003548920154572,0.6676229238510132,1.0019936561584473,,,,,hrr,0.001979074440896511,20,5376,part_meronym,0.30000001192092896,29,edge_disjoint,134,0.3460797071456909,0.44999998807907104,contextual_centered
0.4272775650024414,0.6676229238510132,1.0019936561584473,,,,,hrr,0.0014914646744728088,19,5376,antonym,0.30000001192092896,29,edge_disjoint,134,0.348771870136261,0.4736842215061188,contextual_centered
0.2220342755317688,0.6676229238510132,1.0019936561584473,,,,,hrr,0.0020259523298591375,15,5376,attribute,0.30000001192092896,29,edge_disjoint,134,0.21862821280956268,0.2666666805744171,contextual_centered
0.3026176393032074,0.7027068138122559,0.7190239429473877,0.13585783541202545,0.13585783541202545,0.0,0.0,residual_hrr,0.001816099975258112,140,5383,all,0.3571428656578064,29,edge_disjoint,134,0.24022576212882996,0.3642857074737549,contextual_centered
0.3229163885116577,0.7027068138122559,0.7190239429473877,0.13585783541202545,0.13585783541202545,0.0,0.0,residual_hrr,0.0017632384551689029,22,5383,hypernym,0.3571428656578064,29,edge_disjoint,134,0.22888118028640747,0.5,contextual_centered
0.08207149803638458,0.7027068138122559,0.7190239429473877,0.13585783541202545,0.13585783541202545,0.0,0.0,residual_hrr,0.0023904391564428806,23,5383,instance_hypernym,0.3571428656578064,29,edge_disjoint,134,0.08087727427482605,0.1304347813129425,contextual_centered
0.3582170903682709,0.7027068138122559,0.7190239429473877,0.13585783541202545,0.13585783541202545,0.0,0.0,residual_hrr,0.0016713099321350455,18,5383,member_meronym,0.3571428656578064,29,edge_disjoint,134,0.23743025958538055,0.3888888955116272,contextual_centered
0.4236711859703064,0.7027068138122559,0.7190239429473877,0.13585783541202545,0.13585783541202545,0.0,0.0,residual_hrr,0.0015008561313152313,23,5383,substance_meronym,0.3571428656578064,29,edge_disjoint,134,0.32675763964653015,0.30434781312942505,contextual_centered
0.25364989042282104,0.7027068138122559,0.7190239429473877,0.13585783541202545,0.13585783541202545,0.0,0.0,residual_hrr,0.001943620154634118,20,5383,part_meronym,0.3571428656578064,29,edge_disjoint,134,0.2848491966724396,0.44999998807907104,contextual_centered
0.4352794885635376,0.7027068138122559,0.7190239429473877,0.13585783541202545,0.13585783541202545,0.0,0.0,residual_hrr,0.0014706262154504657,19,5383,antonym,0.3571428656578064,29,edge_disjoint,134,0.35722553730010986,0.4736842215061188,contextual_centered
0.25593382120132446,0.7027068138122559,0.7190239429473877,0.13585783541202545,0.13585783541202545,0.0,0.0,residual_hrr,0.00193767249584198,15,5383,attribute,0.3571428656578064,29,edge_disjoint,134,0.16417370736598969,0.3333333432674408,contextual_centered
0.41799017786979675,0.5949509143829346,0.7190239429473877,0.13547039031982422,0.13547039031982422,0.0,0.9513935446739197,offset_residual_hrr,0.0015156507724896073,140,10759,all,0.37142857909202576,29,edge_disjoint,134,0.2556340992450714,0.47857141494750977,contextual_centered
0.2702329456806183,0.5949509143829346,0.7190239429473877,0.13547039031982422,0.13547039031982422,0.0,0.9513935446739197,offset_residual_hrr,0.0019004351925104856,22,10759,hypernym,0.37142857909202576,29,edge_disjoint,134,0.2727022171020508,0.4545454680919647,contextual_centered
0.4275386929512024,0.5949509143829346,0.7190239429473877,0.13547039031982422,0.13547039031982422,0.0,0.9513935446739197,offset_residual_hrr,0.0014907846925780177,23,10759,instance_hypernym,0.37142857909202576,29,edge_disjoint,134,0.20008473098278046,0.47826087474823,contextual_centered
0.42761075496673584,0.5949509143829346,0.7190239429473877,0.13547039031982422,0.13547039031982422,0.0,0.9513935446739197,offset_residual_hrr,0.0014905969146639109,18,10759,member_meronym,0.37142857909202576,29,edge_disjoint,134,0.208516925573349,0.3888888955116272,contextual_centered
0.5913193225860596,0.5949509143829346,0.7190239429473877,0.13547039031982422,0.13547039031982422,0.0,0.9513935446739197,offset_residual_hrr,0.0010642727138474584,23,10759,substance_meronym,0.37142857909202576,29,edge_disjoint,134,0.34918561577796936,0.52173912525177,contextual_centered
0.3946647047996521,0.5949509143829346,0.7190239429473877,0.13547039031982422,0.13547039031982422,0.0,0.9513935446739197,offset_residual_hrr,0.0015763938426971436,20,10759,part_meronym,0.37142857909202576,29,edge_disjoint,134,0.1499708592891693,0.550000011920929,contextual_centered
0.4441966116428375,0.5949509143829346,0.7190239429473877,0.13547039031982422,0.13547039031982422,0.0,0.9513935446739197,offset_residual_hrr,0.0014474047347903252,19,10759,antonym,0.37142857909202576,29,edge_disjoint,134,0.3071596622467041,0.5263158082962036,contextual_centered
0.34064921736717224,0.5949509143829346,0.7190239429473877,0.13547039031982422,0.13547039031982422,0.0,0.9513935446739197,offset_residual_hrr,0.0017170595237985253,15,10759,attribute,0.37142857909202576,29,edge_disjoint,134,0.30448997020721436,0.4000000059604645,contextual_centered
0.4179757833480835,0.5915511846542358,0.7190239429473877,0.09986859560012817,0.09986858814954758,0.0,0.9442095160484314,gated_offset_residual_hrr,0.001515688025392592,140,16142,all,0.37857142090797424,29,edge_disjoint,134,0.2481103092432022,0.4642857015132904,contextual_centered
0.26474887132644653,0.5915511846542358,0.7190239429473877,0.09986859560012817,0.09986858814954758,0.0,0.9442095160484314,gated_offset_residual_hrr,0.0019147165585309267,22,16142,hypernym,0.37857142090797424,29,edge_disjoint,134,0.24426594376564026,0.4545454680919647,contextual_centered
0.4263659715652466,0.5915511846542358,0.7190239429473877,0.09986859560012817,0.09986858814954758,0.0,0.9442095160484314,gated_offset_residual_hrr,0.0014938386157155037,23,16142,instance_hypernym,0.37857142090797424,29,edge_disjoint,134,0.1806710660457611,0.43478259444236755,contextual_centered
0.4307847023010254,0.5915511846542358,0.7190239429473877,0.09986859560012817,0.09986858814954758,0.0,0.9442095160484314,gated_offset_residual_hrr,0.0014823316596448421,18,16142,member_meronym,0.37857142090797424,29,edge_disjoint,134,0.2085125744342804,0.3888888955116272,contextual_centered
0.5942640900611877,0.5915511846542358,0.7190239429473877,0.09986859560012817,0.09986858814954758,0.0,0.9442095160484314,gated_offset_residual_hrr,0.0010566040873527527,23,16142,substance_meronym,0.37857142090797424,29,edge_disjoint,134,0.3490823209285736,0.47826087474823,contextual_centered
0.3948892056941986,0.5915511846542358,0.7190239429473877,0.09986859560012817,0.09986858814954758,0.0,0.9442095160484314,gated_offset_residual_hrr,0.0015758093213662505,20,16142,part_meronym,0.37857142090797424,29,edge_disjoint,134,0.15054960548877716,0.550000011920929,contextual_centered
0.4442434310913086,0.5915511846542358,0.7190239429473877,0.09986859560012817,0.09986858814954758,0.0,0.9442095160484314,gated_offset_residual_hrr,0.0014472826151177287,19,16142,antonym,0.37857142090797424,29,edge_disjoint,134,0.307475745677948,0.5263158082962036,contextual_centered
0.3416740596294403,0.5915511846542358,0.7190239429473877,0.09986859560012817,0.09986858814954758,0.0,0.9442095160484314,gated_offset_residual_hrr,0.0017143904697149992,15,16142,attribute,0.37857142090797424,29,edge_disjoint,134,0.30473366379737854,0.4000000059604645,contextual_centered
0.41164836287498474,0.3682197630405426,0.7190239429473877,0.14642928540706635,0.5057476758956909,0.2601533830165863,0.4765913784503937,basis_offset_residual_hrr,0.0015321657992899418,140,11527,all,0.40714284777641296,29,edge_disjoint,134,0.3061872720718384,0.47857141494750977,contextual_centered
0.35063374042510986,0.3682197630405426,0.7190239429473877,0.14642928540706635,0.5057476758956909,0.2601533830165863,0.4765913784503937,basis_offset_residual_hrr,0.0016910579288378358,22,11527,hypernym,0.40714284777641296,29,edge_disjoint,134,0.2756458818912506,0.5909090638160706,contextual_centered
0.36054590344429016,0.3682197630405426,0.7190239429473877,0.14642928540706635,0.5057476758956909,0.2601533830165863,0.4765913784503937,basis_offset_residual_hrr,0.0016652452759444714,23,11527,instance_hypernym,0.40714284777641296,29,edge_disjoint,134,0.2514789402484894,0.3913043439388275,contextual_centered
0.45500338077545166,0.3682197630405426,0.7190239429473877,0.14642928540706635,0.5057476758956909,0.2601533830165863,0.4765913784503937,basis_offset_residual_hrr,0.0014192621456459165,18,11527,member_meronym,0.40714284777641296,29,edge_disjoint,134,0.24813228845596313,0.4444444477558136,contextual_centered
0.5374059081077576,0.3682197630405426,0.7190239429473877,0.14642928540706635,0.5057476758956909,0.2601533830165863,0.4765913784503937,basis_offset_residual_hrr,0.001204672153107822,23,11527,substance_meronym,0.40714284777641296,29,edge_disjoint,134,0.29402396082878113,0.43478259444236755,contextual_centered
0.38734808564186096,0.3682197630405426,0.7190239429473877,0.14642928540706635,0.5057476758956909,0.2601533830165863,0.4765913784503937,basis_offset_residual_hrr,0.0015954476548358798,20,11527,part_meronym,0.40714284777641296,29,edge_disjoint,134,0.3401317000389099,0.550000011920929,contextual_centered
0.4521232843399048,0.3682197630405426,0.7190239429473877,0.14642928540706635,0.5057476758956909,0.2601533830165863,0.4765913784503937,basis_offset_residual_hrr,0.0014267624355852604,19,11527,antonym,0.40714284777641296,29,edge_disjoint,134,0.49290525913238525,0.5789473652839661,contextual_centered
0.3157714307308197,0.3682197630405426,0.7190239429473877,0.14642928540706635,0.5057476758956909,0.2601533830165863,0.4765913784503937,basis_offset_residual_hrr,0.0017818451160565019,15,11527,attribute,0.40714284777641296,29,edge_disjoint,134,0.24141529202461243,0.3333333432674408,contextual_centered
0.44033780694007874,0.10690627247095108,0.7209011912345886,,,,,low_rank,0.0014574535889551044,140,86016,all,0.3571428656578064,29,edge_disjoint,134,0.23414857685565948,0.5,contextual_centered
0.260357141494751,0.10690627247095108,0.7209011912345886,,,,,low_rank,0.0019261531997472048,22,86016,hypernym,0.3571428656578064,29,edge_disjoint,134,0.0941886231303215,0.27272728085517883,contextual_centered
0.5490444302558899,0.10690627247095108,0.7209011912345886,,,,,low_rank,0.001174363773316145,23,86016,instance_hypernym,0.3571428656578064,29,edge_disjoint,134,0.288880318403244,0.739130437374115,contextual_centered
0.43851515650749207,0.10690627247095108,0.7209011912345886,,,,,low_rank,0.0014622000744566321,18,86016,member_meronym,0.3571428656578064,29,edge_disjoint,134,0.26910504698753357,0.3888888955116272,contextual_centered
0.5940114259719849,0.10690627247095108,0.7209011912345886,,,,,low_rank,0.0010572618339210749,23,86016,substance_meronym,0.3571428656578064,29,edge_disjoint,134,0.30425968766212463,0.6086956262588501,contextual_centered
0.39733582735061646,0.10690627247095108,0.7209011912345886,,,,,low_rank,0.001569438143633306,20,86016,part_meronym,0.3571428656578064,29,edge_disjoint,134,0.1734723150730133,0.44999998807907104,contextual_centered
0.41873785853385925,0.10690627247095108,0.7209011912345886,,,,,low_rank,0.00151370360981673,19,86016,antonym,0.3571428656578064,29,edge_disjoint,134,0.30350419878959656,0.5263158082962036,contextual_centered
0.388876348733902,0.10690627247095108,0.7209011912345886,,,,,low_rank,0.0015914676478132606,15,86016,attribute,0.3571428656578064,29,edge_disjoint,134,0.19910065829753876,0.46666666865348816,contextual_centered
0.29409995675086975,0.7064948678016663,0.7190239429473877,0.13554449379444122,0.13554449379444122,0.0,0.0,shuffled_residual_hrr,0.0018382812850177288,140,5383,all,0.15714286267757416,29,edge_disjoint,134,0.24340613186359406,0.3499999940395355,contextual_centered
0.3205539286136627,0.7064948678016663,0.7190239429473877,0.13554449379444122,0.13554449379444122,0.0,0.0,shuffled_residual_hrr,0.0017693908885121346,22,5383,hypernym,0.15714286267757416,29,edge_disjoint,134,0.24607859551906586,0.5,contextual_centered
0.04490148648619652,0.7064948678016663,0.7190239429473877,0.13554449379444122,0.13554449379444122,0.0,0.0,shuffled_residual_hrr,0.0024872354697436094,23,5383,instance_hypernym,0.15714286267757416,29,edge_disjoint,134,0.030717430636286736,0.043478261679410934,contextual_centered
0.3522598147392273,0.7064948678016663,0.7190239429473877,0.13554449379444122,0.13554449379444122,0.0,0.0,shuffled_residual_hrr,0.0016868234379217029,18,5383,member_meronym,0.15714286267757416,29,edge_disjoint,134,0.23454175889492035,0.3888888955116272,contextual_centered
0.4130229651927948,0.7064948678016663,0.7190239429473877,0.13554449379444122,0.13554449379444122,0.0,0.0,shuffled_residual_hrr,0.0015285861445590854,23,5383,substance_meronym,0.15714286267757416,29,edge_disjoint,134,0.3252432346343994,0.30434781312942505,contextual_centered
0.2579665780067444,0.7064948678016663,0.7190239429473877,0.13554449379444122,0.13554449379444122,0.0,0.0,shuffled_residual_hrr,0.0019323787419125438,20,5383,part_meronym,0.15714286267757416,29,edge_disjoint,134,0.3253769278526306,0.44999998807907104,contextual_centered
0.4361368417739868,0.7064948678016663,0.7190239429473877,0.13554449379444122,0.13554449379444122,0.0,0.0,shuffled_residual_hrr,0.0014683936024084687,19,5383,antonym,0.15714286267757416,29,edge_disjoint,134,0.3741198480129242,0.4736842215061188,contextual_centered
0.2535293400287628,0.7064948678016663,0.7190239429473877,0.13554449379444122,0.13554449379444122,0.0,0.0,shuffled_residual_hrr,0.0019439340103417635,15,5383,attribute,0.15714286267757416,29,edge_disjoint,134,0.17589765787124634,0.3333333432674408,contextual_centered
0.2508171498775482,0.6791127324104309,0.7190239429473877,0.13549095392227173,0.13549095392227173,0.0,0.48974424600601196,shuffled_offset_residual_hrr,0.0019509971607476473,140,10759,all,0.1071428582072258,29,edge_disjoint,134,0.20794321596622467,0.3285714387893677,contextual_centered
0.290690153837204,0.6791127324104309,0.7190239429473877,0.13549095392227173,0.13549095392227173,0.0,0.48974424600601196,shuffled_offset_residual_hrr,0.0018471609801054,22,10759,hypernym,0.1071428582072258,29,edge_disjoint,134,0.2627643346786499,0.4545454680919647,contextual_centered
0.0813099667429924,0.6791127324104309,0.7190239429473877,0.13549095392227173,0.13549095392227173,0.0,0.48974424600601196,shuffled_offset_residual_hrr,0.002392421942204237,23,10759,instance_hypernym,0.1071428582072258,29,edge_disjoint,134,0.052871622145175934,0.1304347813129425,contextual_centered
0.3362891376018524,0.6791127324104309,0.7190239429473877,0.13549095392227173,0.13549095392227173,0.0,0.48974424600601196,shuffled_offset_residual_hrr,0.0017284138593822718,18,10759,member_meronym,0.1071428582072258,29,edge_disjoint,134,0.2822129428386688,0.3333333432674408,contextual_centered
0.2810494899749756,0.6791127324104309,0.7190239429473877,0.13549095392227173,0.13549095392227173,0.0,0.48974424600601196,shuffled_offset_residual_hrr,0.001872266991995275,23,10759,substance_meronym,0.1071428582072258,29,edge_disjoint,134,0.23911504447460175,0.3478260934352875,contextual_centered
0.12712565064430237,0.6791127324104309,0.7190239429473877,0.13549095392227173,0.13549095392227173,0.0,0.48974424600601196,shuffled_offset_residual_hrr,0.002273110207170248,20,10759,part_meronym,0.1071428582072258,29,edge_disjoint,134,0.09981372207403183,0.20000000298023224,contextual_centered
0.41762620210647583,0.6791127324104309,0.7190239429473877,0.13549095392227173,0.13549095392227173,0.0,0.48974424600601196,shuffled_offset_residual_hrr,0.0015165982767939568,19,10759,antonym,0.1071428582072258,29,edge_disjoint,134,0.37007936835289,0.5263158082962036,contextual_centered
0.25695547461509705,0.6791127324104309,0.7190239429473877,0.13549095392227173,0.13549095392227173,0.0,0.48974424600601196,shuffled_offset_residual_hrr,0.0019350119400769472,15,10759,attribute,0.1071428582072258,29,edge_disjoint,134,0.16719505190849304,0.3333333432674408,contextual_centered
0.24935699999332428,0.6753416061401367,0.7190239429473877,0.09088129550218582,0.09088129550218582,0.0,0.4972556531429291,shuffled_gated_offset_residual_hrr,0.0019547995179891586,140,16142,all,0.10000000149011612,29,edge_disjoint,134,0.20696915686130524,0.30714285373687744,contextual_centered
0.2886936366558075,0.6753416061401367,0.7190239429473877,0.09088129550218582,0.09088129550218582,0.0,0.4972556531429291,shuffled_gated_offset_residual_hrr,0.0018523604376241565,22,16142,hypernym,0.10000000149011612,29,edge_disjoint,134,0.26330286264419556,0.4545454680919647,contextual_centered
0.08423174172639847,0.6753416061401367,0.7190239429473877,0.09088129550218582,0.09088129550218582,0.0,0.4972556531429291,shuffled_gated_offset_residual_hrr,0.0023848130367696285,23,16142,instance_hypernym,0.10000000149011612,29,edge_disjoint,134,0.05349019169807434,0.1304347813129425,contextual_centered
0.33767127990722656,0.6753416061401367,0.7190239429473877,0.09088129550218582,0.09088129550218582,0.0,0.4972556531429291,shuffled_gated_offset_residual_hrr,0.0017248145304620266,18,16142,member_meronym,0.10000000149011612,29,edge_disjoint,134,0.28251996636390686,0.3333333432674408,contextual_centered
0.2742457389831543,0.6753416061401367,0.7190239429473877,0.09088129550218582,0.09088129550218582,0.0,0.4972556531429291,shuffled_gated_offset_residual_hrr,0.0018899849383160472,23,16142,substance_meronym,0.10000000149011612,29,edge_disjoint,134,0.2355164885520935,0.260869562625885,contextual_centered
0.11449035257101059,0.6753416061401367,0.7190239429473877,0.09088129550218582,0.09088129550218582,0.0,0.4972556531429291,shuffled_gated_offset_residual_hrr,0.0023060147650539875,20,16142,part_meronym,0.10000000149011612,29,edge_disjoint,134,0.08721019327640533,0.15000000596046448,contextual_centered
0.42316317558288574,0.6753416061401367,0.7190239429473877,0.09088129550218582,0.09088129550218582,0.0,0.4972556531429291,shuffled_gated_offset_residual_hrr,0.001502179424278438,19,16142,antonym,0.10000000149011612,29,edge_disjoint,134,0.3790118098258972,0.5263158082962036,contextual_centered
0.2603834569454193,0.6753416061401367,0.7190239429473877,0.09088129550218582,0.09088129550218582,0.0,0.4972556531429291,shuffled_gated_offset_residual_hrr,0.0019260848639532924,15,16142,attribute,0.10000000149011612,29,edge_disjoint,134,0.16700513660907745,0.3333333432674408,contextual_centered
0.2779361307621002,0.3047480881214142,0.7190239429473877,0.1472703069448471,0.7128632664680481,0.2758439779281616,0.2483358085155487,shuffled_basis_offset_residual_hrr,0.001880374737083912,140,11527,all,0.15000000596046448,29,edge_disjoint,134,0.21615584194660187,0.37142857909202576,contextual_centered
0.24979747831821442,0.3047480881214142,0.7190239429473877,0.1472703069448471,0.7128632664680481,0.2758439779281616,0.2483358085155487,shuffled_basis_offset_residual_hrr,0.0019536521285772324,22,11527,hypernym,0.15000000596046448,29,edge_disjoint,134,0.2570769190788269,0.4545454680919647,contextual_centered
0.07471174746751785,0.3047480881214142,0.7190239429473877,0.1472703069448471,0.7128632664680481,0.2758439779281616,0.2483358085155487,shuffled_basis_offset_residual_hrr,0.002409605076536536,23,11527,instance_hypernym,0.15000000596046448,29,edge_disjoint,134,0.06543373316526413,0.1304347813129425,contextual_centered
0.4714883267879486,0.3047480881214142,0.7190239429473877,0.1472703069448471,0.7128632664680481,0.2758439779281616,0.2483358085155487,shuffled_basis_offset_residual_hrr,0.001376332831569016,18,11527,member_meronym,0.15000000596046448,29,edge_disjoint,134,0.30349940061569214,0.6111111044883728,contextual_centered
0.3459627032279968,0.3047480881214142,0.7190239429473877,0.1472703069448471,0.7128632664680481,0.2758439779281616,0.2483358085155487,shuffled_basis_offset_residual_hrr,0.0017032221658155322,23,11527,substance_meronym,0.15000000596046448,29,edge_disjoint,134,0.2325066328048706,0.3478260934352875,contextual_centered
0.266669899225235,0.3047480881214142,0.7190239429473877,0.1472703069448471,0.7128632664680481,0.2758439779281616,0.2483358085155487,shuffled_basis_offset_residual_hrr,0.0019097141921520233,20,11527,part_meronym,0.15000000596046448,29,edge_disjoint,134,0.28038904070854187,0.44999998807907104,contextual_centered
0.322864830493927,0.3047480881214142,0.7190239429473877,0.1472703069448471,0.7128632664680481,0.2758439779281616,0.2483358085155487,shuffled_basis_offset_residual_hrr,0.001763372914865613,19,11527,antonym,0.15000000596046448,29,edge_disjoint,134,0.22545023262500763,0.31578946113586426,contextual_centered
0.25235894322395325,0.3047480881214142,0.7190239429473877,0.1472703069448471,0.7128632664680481,0.2758439779281616,0.2483358085155487,shuffled_basis_offset_residual_hrr,0.0019469818798825145,15,11527,attribute,0.15000000596046448,29,edge_disjoint,134,0.15994484722614288,0.3333333432674408,contextual_centered
0.2684258222579956,0.6973481774330139,0.6973481774330139,,,,,additive,0.0019051410490646958,144,0,all,0.1666666716337204,29,node_disjoint,136,0.25081121921539307,0.3333333432674408,contextual_centered
0.21343977749347687,0.6973481774330139,0.6973481774330139,,,,,additive,0.0020483338739722967,24,0,hypernym,0.1666666716337204,29,node_disjoint,136,0.16553927958011627,0.2916666567325592,contextual_centered
-0.0721985399723053,0.6973481774330139,0.6973481774330139,,,,,additive,0.002792183542624116,18,0,instance_hypernym,0.1666666716337204,29,node_disjoint,136,0.03774680197238922,0.1666666716337204,contextual_centered
0.33875373005867004,0.6973481774330139,0.6973481774330139,,,,,additive,0.0017219955334439874,23,0,member_meronym,0.1666666716337204,29,node_disjoint,136,0.2242117077112198,0.3478260934352875,contextual_centered
0.48881664872169495,0.6973481774330139,0.6973481774330139,,,,,additive,0.0013312067603692412,19,0,substance_meronym,0.1666666716337204,29,node_disjoint,136,0.5206966996192932,0.5789473652839661,contextual_centered
0.23398809134960175,0.6973481774330139,0.6973481774330139,,,,,additive,0.001994822872802615,19,0,part_meronym,0.1666666716337204,29,node_disjoint,136,0.31234556436538696,0.3684210479259491,contextual_centered
0.5224713087081909,0.6973481774330139,0.6973481774330139,,,,,additive,0.001243564416654408,20,0,antonym,0.1666666716337204,29,node_disjoint,136,0.47204574942588806,0.550000011920929,contextual_centered
0.13601356744766235,0.6973481774330139,0.6973481774330139,,,,,additive,0.002249964978545904,21,0,attribute,0.1666666716337204,29,node_disjoint,136,0.049468450248241425,0.0476190485060215,contextual_centered
0.3255680203437805,0.539686918258667,0.6991642117500305,,,,,offset,0.0017563332803547382,144,5376,all,0.3819444477558136,29,node_disjoint,136,0.21999682486057281,0.3680555522441864,contextual_centered
0.0938861072063446,0.539686918258667,0.6991642117500305,,,,,offset,0.0023596712853759527,24,5376,hypernym,0.3819444477558136,29,node_disjoint,136,0.08716076612472534,0.2916666567325592,contextual_centered
0.3150674104690552,0.539686918258667,0.6991642117500305,,,,,offset,0.001783678657375276,18,5376,instance_hypernym,0.3819444477558136,29,node_disjoint,136,0.17429624497890472,0.3333333432674408,contextual_centered
0.24849991500377655,0.539686918258667,0.6991642117500305,,,,,offset,0.0019570316653698683,23,5376,member_meronym,0.3819444477558136,29,node_disjoint,136,0.15517611801624298,0.260869562625885,contextual_centered
0.5984886884689331,0.539686918258667,0.6991642117500305,,,,,offset,0.0010456024901941419,19,5376,substance_meronym,0.3819444477558136,29,node_disjoint,136,0.49956631660461426,0.7368420958518982,contextual_centered
0.2717992067337036,0.539686918258667,0.6991642117500305,,,,,offset,0.0018963564652949572,19,5376,part_meronym,0.3819444477558136,29,node_disjoint,136,0.2212461680173874,0.31578946113586426,contextual_centered
0.5492183566093445,0.539686918258667,0.6991642117500305,,,,,offset,0.0011739104520529509,20,5376,antonym,0.3819444477558136,29,node_disjoint,136,0.3913390636444092,0.5,contextual_centered
0.27247515320777893,0.539686918258667,0.6991642117500305,,,,,offset,0.0018945959163829684,21,5376,attribute,0.3819444477558136,29,node_disjoint,136,0.06471820920705795,0.190476194024086,contextual_centered
0.2562378942966461,0.6190693974494934,1.0010322332382202,,,,,hrr,0.0019368804059922695,144,5376,all,0.3055555522441864,29,node_disjoint,136,0.2637902498245239,0.3888888955116272,contextual_centered
0.16402660310268402,0.6190693974494934,1.0010322332382202,,,,,hrr,0.0021770140156149864,24,5376,hypernym,0.3055555522441864,29,node_disjoint,136,0.16241247951984406,0.3333333432674408,contextual_centered
0.08307024836540222,0.6190693974494934,1.0010322332382202,,,,,hrr,0.0023878379724919796,18,5376,instance_hypernym,0.3055555522441864,29,node_disjoint,136,0.09540008753538132,0.2777777910232544,contextual_centered
0.26785656809806824,0.6190693974494934,1.0010322332382202,,,,,hrr,0.00190662348177284,23,5376,member_meronym,0.3055555522441864,29,node_disjoint,136,0.24993450939655304,0.3478260934352875,contextual_centered
0.45814257860183716,0.6190693974494934,1.0010322332382202,,,,,hrr,0.0014110871125012636,19,5376,substance_meronym,0.3055555522441864,29,node_disjoint,136,0.5305584073066711,0.6842105388641357,contextual_centered
0.19977235794067383,0.6190693974494934,1.0010322332382202,,,,,hrr,0.0020839262288063765,19,5376,part_meronym,0.3055555522441864,29,node_disjoint,136,0.3104341924190521,0.4736842215061188,contextual_centered
0.49685072898864746,0.6190693974494934,1.0010322332382202,,,,,hrr,0.0013102847151458263,20,5376,antonym,0.3055555522441864,29,node_disjoint,136,0.4499838352203369,0.550000011920929,contextual_centered
0.13658368587493896,0.6190693974494934,1.0010322332382202,,,,,hrr,0.0022484799847006798,21,5376,attribute,0.3055555522441864,29,node_disjoint,136,0.07826978713274002,0.095238097012043,contextual_centered
0.271918922662735,0.6734424233436584,0.6991642117500305,0.1372758150100708,0.1372758150100708,0.0,0.0,residual_hrr,0.001896044472232461,144,5383,all,0.2638888955116272,29,node_disjoint,136,0.2579135298728943,0.3472222089767456,contextual_centered
0.21463735401630402,0.6734424233436584,0.6991642117500305,0.1372758150100708,0.1372758150100708,0.0,0.0,residual_hrr,0.002045215107500553,24,5383,hypernym,0.2638888955116272,29,node_disjoint,136,0.16454970836639404,0.2916666567325592,contextual_centered
-0.054177820682525635,0.6734424233436584,0.6991642117500305,0.1372758150100708,0.1372758150100708,0.0,0.0,residual_hrr,0.0027452546637505293,18,5383,instance_hypernym,0.2638888955116272,29,node_disjoint,136,0.039717331528663635,0.1666666716337204,contextual_centered
0.33953845500946045,0.6734424233436584,0.6991642117500305,0.1372758150100708,0.1372758150100708,0.0,0.0,residual_hrr,0.0017199520952999592,23,5383,member_meronym,0.2638888955116272,29,node_disjoint,136,0.22183069586753845,0.43478259444236755,contextual_centered
0.49425768852233887,0.6734424233436584,0.6991642117500305,0.1372758150100708,0.1372758150100708,0.0,0.0,residual_hrr,0.0013170372694730759,19,5383,substance_meronym,0.2638888955116272,29,node_disjoint,136,0.5221766829490662,0.5789473652839661,contextual_centered
0.23316270112991333,0.6734424233436584,0.6991642117500305,0.1372758150100708,0.1372758150100708,0.0,0.0,residual_hrr,0.001996972132474184,19,5383,part_meronym,0.2638888955116272,29,node_disjoint,136,0.3398926258087158,0.3684210479259491,contextual_centered
0.5202511548995972,0.6734424233436584,0.6991642117500305,0.1372758150100708,0.1372758150100708,0.0,0.0,residual_hrr,0.0012493460671976209,20,5383,antonym,0.2638888955116272,29,node_disjoint,136,0.4724087119102478,0.550000011920929,contextual_centered
0.14023010432720184,0.6734424233436584,0.6991642117500305,0.1372758150100708,0.1372758150100708,0.0,0.0,residual_hrr,0.0022389839868992567,21,5383,attribute,0.2638888955116272,29,node_disjoint,136,0.07361169159412384,0.0476190485060215,contextual_centered
0.32280048727989197,0.5401502847671509,0.6991642117500305,0.1362522691488266,0.1362522691488266,0.0,0.9694538116455078,offset_residual_hrr,0.0017635405529290438,144,10759,all,0.3680555522441864,29,node_disjoint,136,0.2263423353433609,0.3680555522441864,contextual_centered
0.117573581635952,0.5401502847671509,0.6991642117500305,0.1362522691488266,0.1362522691488266,0.0,0.9694538116455078,offset_residual_hrr,0.00229798536747694,24,10759,hypernym,0.3680555522441864,29,node_disjoint,136,0.12722818553447723,0.2916666567325592,contextual_centered
0.29295825958251953,0.5401502847671509,0.6991642117500305,0.1362522691488266,0.1362522691488266,0.0,0.9694538116455078,offset_residual_hrr,0.0018412546487525105,18,10759,instance_hypernym,0.3680555522441864,29,node_disjoint,136,0.12194868177175522,0.2777777910232544,contextual_centered
0.25801312923431396,0.5401502847671509,0.6991642117500305,0.1362522691488266,0.1362522691488266,0.0,0.9694538116455078,offset_residual_hrr,0.001932257553562522,23,10759,member_meronym,0.3680555522441864,29,node_disjoint,136,0.19843600690364838,0.3478260934352875,contextual_centered
0.5903971791267395,0.5401502847671509,0.6991642117500305,0.1362522691488266,0.1362522691488266,0.0,0.9694538116455078,offset_residual_hrr,0.0010666741291061044,19,10759,substance_meronym,0.3680555522441864,29,node_disjoint,136,0.5090352892875671,0.7368420958518982,contextual_centered
0.27851828932762146,0.5401502847671509,0.6991642117500305,0.1362522691488266,0.1362522691488266,0.0,0.9694538116455078,offset_residual_hrr,0.001878858543932438,19,10759,part_meronym,0.3680555522441864,29,node_disjoint,136,0.209305539727211,0.3684210479259491,contextual_centered
0.5465786457061768,0.5401502847671509,0.6991642117500305,0.1362522691488266,0.1362522691488266,0.0,0.9694538116455078,offset_residual_hrr,0.0011807848932221532,20,10759,antonym,0.3680555522441864,29,node_disjoint,136,0.3941625952720642,0.5,contextual_centered
0.23871347308158875,0.5401502847671509,0.6991642117500305,0.1362522691488266,0.1362522691488266,0.0,0.9694538116455078,offset_residual_hrr,0.001982517074793577,21,10759,attribute,0.3680555522441864,29,node_disjoint,136,0.059475552290678024,0.095238097012043,contextual_centered
0.32159945368766785,0.5368134379386902,0.6991642117500305,0.10336795449256897,0.10336796194314957,0.0,0.9518305659294128,gated_offset_residual_hrr,0.0017666681669652462,144,16142,all,0.347222238779068,29,node_disjoint,136,0.22821691632270813,0.3611111044883728,contextual_centered
0.11915338039398193,0.5368134379386902,0.6991642117500305,0.10336795449256897,0.10336796194314957,0.0,0.9518305659294128,gated_offset_residual_hrr,0.00229387148283422,24,16142,hypernym,0.347222238779068,29,node_disjoint,136,0.12772229313850403,0.2916666567325592,contextual_centered
0.2942619323730469,0.5368134379386902,0.6991642117500305,0.10336795449256897,0.10336796194314957,0.0,0.9518305659294128,gated_offset_residual_hrr,0.0018378598615527153,18,16142,instance_hypernym,0.347222238779068,29,node_disjoint,136,0.12204725295305252,0.2777777910232544,contextual_centered
0.24869509041309357,0.5368134379386902,0.6991642117500305,0.10336795449256897,0.10336796194314957,0.0,0.9518305659294128,gated_offset_residual_hrr,0.001956523396074772,23,16142,member_meronym,0.347222238779068,29,node_disjoint,136,0.19008219242095947,0.3478260934352875,contextual_centered
0.5916318297386169,0.5368134379386902,0.6991642117500305,0.10336795449256897,0.10336796194314957,0.0,0.9518305659294128,gated_offset_residual_hrr,0.0010634587379172444,19,16142,substance_meronym,0.347222238779068,29,node_disjoint,136,0.5342414975166321,0.6842105388641357,contextual_centered
0.2770950496196747,0.5368134379386902,0.6991642117500305,0.10336795449256897,0.10336796194314957,0.0,0.9518305659294128,gated_offset_residual_hrr,0.0018825652077794075,19,16142,part_meronym,0.347222238779068,29,node_disjoint,136,0.2093430459499359,0.3684210479259491,contextual_centered
0.5478047132492065,0.5368134379386902,0.6991642117500305,0.10336795449256897,0.10336796194314957,0.0,0.9518305659294128,gated_offset_residual_hrr,0.0011775919701904058,20,16142,antonym,0.347222238779068,29,node_disjoint,136,0.3929832875728607,0.5,contextual_centered
0.2367633879184723,0.5368134379386902,0.6991642117500305,0.10336795449256897,0.10336796194314957,0.0,0.9518305659294128,gated_offset_residual_hrr,0.0019875953439623117,21,16142,attribute,0.347222238779068,29,node_disjoint,136,0.05911373347043991,0.095238097012043,contextual_centered
0.32066112756729126,0.29521533846855164,0.6991642117500305,0.14577651023864746,0.4789089560508728,0.25212690234184265,0.4709368944168091,basis_offset_residual_hrr,0.00176911149173975,144,11527,all,0.2986111044883728,29,node_disjoint,136,0.2719106078147888,0.4305555522441864,contextual_centered
0.2143961638212204,0.29521533846855164,0.6991642117500305,0.14577651023864746,0.4789089560508728,0.25212690234184265,0.4709368944168091,basis_offset_residual_hrr,0.0020458432845771313,24,11527,hypernym,0.2986111044883728,29,node_disjoint,136,0.17360268533229828,0.3333333432674408,contextual_centered
0.2798386216163635,0.29521533846855164,0.6991642117500305,0.14577651023864746,0.4789089560508728,0.25212690234184265,0.4709368944168091,basis_offset_residual_hrr,0.0018754202174022794,18,11527,instance_hypernym,0.2986111044883728,29,node_disjoint,136,0.13745678961277008,0.2777777910232544,contextual_centered
0.3359195590019226,0.29521533846855164,0.6991642117500305,0.14577651023864746,0.4789089560508728,0.25212690234184265,0.4709368944168091,basis_offset_residual_hrr,0.0017293761484324932,23,11527,member_meronym,0.2986111044883728,29,node_disjoint,136,0.2850640118122101,0.47826087474823,contextual_centered
0.5689432621002197,0.29521533846855164,0.6991642117500305,0.14577651023864746,0.4789089560508728,0.25212690234184265,0.4709368944168091,basis_offset_residual_hrr,0.0011225437046959996,19,11527,substance_meronym,0.2986111044883728,29,node_disjoint,136,0.5594612956047058,0.6842105388641357,contextual_centered
0.2513686418533325,0.29521533846855164,0.6991642117500305,0.14577651023864746,0.4789089560508728,0.25212690234184265,0.4709368944168091,basis_offset_residual_hrr,0.0019495607120916247,19,11527,part_meronym,0.2986111044883728,29,node_disjoint,136,0.27439507842063904,0.42105263471603394,contextual_centered
0.46989911794662476,0.29521533846855164,0.6991642117500305,0.14577651023864746,0.4789089560508728,0.25212690234184265,0.4709368944168091,basis_offset_residual_hrr,0.0013804712798446417,20,11527,antonym,0.2986111044883728,29,node_disjoint,136,0.3873050808906555,0.6000000238418579,contextual_centered
0.15631160140037537,0.29521533846855164,0.6991642117500305,0.14577651023864746,0.4789089560508728,0.25212690234184265,0.4709368944168091,basis_offset_residual_hrr,0.0021971052046865225,21,11527,attribute,0.2986111044883728,29,node_disjoint,136,0.1127903014421463,0.2380952388048172,contextual_centered
0.32620692253112793,0.06828562915325165,0.7018275260925293,,,,,low_rank,0.0017546693561598659,144,86016,all,0.2777777910232544,29,node_disjoint,136,0.21867814660072327,0.4027777910232544,contextual_centered
0.24165022373199463,0.06828562915325165,0.7018275260925293,,,,,low_rank,0.0019748688209801912,24,86016,hypernym,0.2777777910232544,29,node_disjoint,136,0.13171295821666718,0.2083333283662796,contextual_centered
0.3232578635215759,0.06828562915325165,0.7018275260925293,,,,,low_rank,0.0017623493913561106,18,86016,instance_hypernym,0.2777777910232544,29,node_disjoint,136,0.24319550395011902,0.3888888955116272,contextual_centered
0.29044657945632935,0.06828562915325165,0.7018275260925293,,,,,low_rank,0.0018477954436093569,23,86016,member_meronym,0.2777777910232544,29,node_disjoint,136,0.18646128475666046,0.47826087474823,contextual_centered
0.5145263075828552,0.06828562915325165,0.7018275260925293,,,,,low_rank,0.0012642545625567436,19,86016,substance_meronym,0.2777777910232544,29,node_disjoint,136,0.4408419728279114,0.6315789222717285,contextual_centered
0.2847122848033905,0.06828562915325165,0.7018275260925293,,,,,low_rank,0.0018627285026013851,19,86016,part_meronym,0.2777777910232544,29,node_disjoint,136,0.1348080039024353,0.3684210479259491,contextual_centered
0.4558587074279785,0.06828562915325165,0.7018275260925293,,,,,low_rank,0.0014170347712934017,20,86016,antonym,0.2777777910232544,29,node_disjoint,136,0.2759280800819397,0.6000000238418579,contextual_centered
0.2082178294658661,0.06828562915325165,0.7018275260925293,,,,,low_rank,0.0020619328133761883,21,86016,attribute,0.2777777910232544,29,node_disjoint,136,0.15269052982330322,0.190476194024086,contextual_centered
0.2668800950050354,0.6778533458709717,0.6991642117500305,0.1368602216243744,0.1368602216243744,0.0,0.0,shuffled_residual_hrr,0.0019091665744781494,144,5383,all,0.1527777761220932,29,node_disjoint,136,0.2561153173446655,0.3333333432674408,contextual_centered
0.21289141476154327,0.6778533458709717,0.6991642117500305,0.1368602216243744,0.1368602216243744,0.0,0.0,shuffled_residual_hrr,0.002049761824309826,24,5383,hypernym,0.1527777761220932,29,node_disjoint,136,0.18680810928344727,0.2916666567325592,contextual_centered
-0.07622045278549194,0.6778533458709717,0.6991642117500305,0.1368602216243744,0.1368602216243744,0.0,0.0,shuffled_residual_hrr,0.0028026571962982416,18,5383,instance_hypernym,0.1527777761220932,29,node_disjoint,136,0.03828353434801102,0.1111111119389534,contextual_centered
0.33636829257011414,0.6778533458709717,0.6991642117500305,0.1368602216243744,0.1368602216243744,0.0,0.0,shuffled_residual_hrr,0.0017282075714319944,23,5383,member_meronym,0.1527777761220932,29,node_disjoint,136,0.21042072772979736,0.3913043439388275,contextual_centered
0.4858652949333191,0.6778533458709717,0.6991642117500305,0.1368602216243744,0.1368602216243744,0.0,0.0,shuffled_residual_hrr,0.0013388924999162555,19,5383,substance_meronym,0.1527777761220932,29,node_disjoint,136,0.5210569500923157,0.5789473652839661,contextual_centered
0.232888326048851,0.6778533458709717,0.6991642117500305,0.1368602216243744,0.1368602216243744,0.0,0.0,shuffled_residual_hrr,0.0019976866897195578,19,5383,part_meronym,0.1527777761220932,29,node_disjoint,136,0.31235745549201965,0.3684210479259491,contextual_centered
0.5214036107063293,0.6778533458709717,0.6991642117500305,0.1368602216243744,0.1368602216243744,0.0,0.0,shuffled_residual_hrr,0.0012463448802009225,20,5383,antonym,0.1527777761220932,29,node_disjoint,136,0.47458797693252563,0.550000011920929,contextual_centered
0.13678307831287384,0.6778533458709717,0.6991642117500305,0.1368602216243744,0.1368602216243744,0.0,0.0,shuffled_residual_hrr,0.002247960539534688,21,5383,attribute,0.1527777761220932,29,node_disjoint,136,0.07341910153627396,0.0476190485060215,contextual_centered
0.23250001668930054,0.616019606590271,0.6991642117500305,0.1369267851114273,0.1369267851114273,0.0,0.621342658996582,shuffled_offset_residual_hrr,0.001998697640374303,144,10759,all,0.0972222238779068,29,node_disjoint,136,0.21429282426834106,0.3402777910232544,contextual_centered
0.19089019298553467,0.616019606590271,0.6991642117500305,0.1369267851114273,0.1369267851114273,0.0,0.621342658996582,shuffled_offset_residual_hrr,0.00210705678910017,24,10759,hypernym,0.0972222238779068,29,node_disjoint,136,0.09011278301477432,0.2083333283662796,contextual_centered
-0.06586415320634842,0.616019606590271,0.6991642117500305,0.1369267851114273,0.1369267851114273,0.0,0.621342658996582,shuffled_offset_residual_hrr,0.0027756881900131702,18,10759,instance_hypernym,0.0972222238779068,29,node_disjoint,136,0.05562661215662956,0.1666666716337204,contextual_centered
0.33091917634010315,0.616019606590271,0.6991642117500305,0.1369267851114273,0.1369267851114273,0.0,0.621342658996582,shuffled_offset_residual_hrr,0.0017423980170860887,23,10759,member_meronym,0.0972222238779068,29,node_disjoint,136,0.22602710127830505,0.3478260934352875,contextual_centered
0.47203630208969116,0.616019606590271,0.6991642117500305,0.1369267851114273,0.1369267851114273,0.0,0.621342658996582,shuffled_offset_residual_hrr,0.0013749055797234178,19,10759,substance_meronym,0.0972222238779068,29,node_disjoint,136,0.4239780604839325,0.5789473652839661,contextual_centered
0.1435101479291916,0.616019606590271,0.6991642117500305,0.1369267851114273,0.1369267851114273,0.0,0.621342658996582,shuffled_offset_residual_hrr,0.002230442361906171,19,10759,part_meronym,0.0972222238779068,29,node_disjoint,136,0.221098855137825,0.42105263471603394,contextual_centered
0.44213008880615234,0.616019606590271,0.6991642117500305,0.1369267851114273,0.1369267851114273,0.0,0.621342658996582,shuffled_offset_residual_hrr,0.0014527864987030625,20,10759,antonym,0.0972222238779068,29,node_disjoint,136,0.45326390862464905,0.550000011920929,contextual_centered
0.09214618057012558,0.616019606590271,0.6991642117500305,0.1369267851114273,0.1369267851114273,0.0,0.621342658996582,shuffled_offset_residual_hrr,0.002364202868193388,21,10759,attribute,0.0972222238779068,29,node_disjoint,136,0.05589629337191582,0.1428571492433548,contextual_centered
0.2321830540895462,0.6110571026802063,0.6991642117500305,0.09318138659000397,0.09318138659000397,0.0,0.6206044554710388,shuffled_gated_offset_residual_hrr,0.0019995232578366995,144,16142,all,0.118055559694767,29,node_disjoint,136,0.20840686559677124,0.3402777910232544,contextual_centered
0.19266124069690704,0.6110571026802063,0.6991642117500305,0.09318138659000397,0.09318138659000397,0.0,0.6206044554710388,shuffled_gated_offset_residual_hrr,0.0021024448797106743,24,16142,hypernym,0.118055559694767,29,node_disjoint,136,0.09161769598722458,0.2083333283662796,contextual_centered
-0.06811723858118057,0.6110571026802063,0.6991642117500305,0.09318138659000397,0.09318138659000397,0.0,0.6206044554710388,shuffled_gated_offset_residual_hrr,0.002781555289402604,18,16142,instance_hypernym,0.118055559694767,29,node_disjoint,136,0.041948869824409485,0.1666666716337204,contextual_centered
0.33116164803504944,0.6110571026802063,0.6991642117500305,0.09318138659000397,0.09318138659000397,0.0,0.6206044554710388,shuffled_gated_offset_residual_hrr,0.0017417665803804994,23,16142,member_meronym,0.118055559694767,29,node_disjoint,136,0.22189880907535553,0.3478260934352875,contextual_centered
0.4782653748989105,0.6110571026802063,0.6991642117500305,0.09318138659000397,0.09318138659000397,0.0,0.6206044554710388,shuffled_gated_offset_residual_hrr,0.0013586839195340872,19,16142,substance_meronym,0.118055559694767,29,node_disjoint,136,0.39496004581451416,0.5789473652839661,contextual_centered
0.14216534793376923,0.6110571026802063,0.6991642117500305,0.09318138659000397,0.09318138659000397,0.0,0.6206044554710388,shuffled_gated_offset_residual_hrr,0.0022339443676173687,19,16142,part_meronym,0.118055559694767,29,node_disjoint,136,0.22283408045768738,0.42105263471603394,contextual_centered
0.44330620765686035,0.6110571026802063,0.6991642117500305,0.09318138659000397,0.09318138659000397,0.0,0.6206044554710388,shuffled_gated_offset_residual_hrr,0.001449723495170474,20,16142,antonym,0.118055559694767,29,node_disjoint,136,0.45237740874290466,0.550000011920929,contextual_centered
0.08407508581876755,0.6110571026802063,0.6991642117500305,0.09318138659000397,0.09318138659000397,0.0,0.6206044554710388,shuffled_gated_offset_residual_hrr,0.0023852211888879538,21,16142,attribute,0.118055559694767,29,node_disjoint,136,0.05558927729725838,0.1428571492433548,contextual_centered
0.2325911819934845,0.2587846517562866,0.6991642117500305,0.14618436992168427,0.591370165348053,0.2251015603542328,0.3015463948249817,shuffled_basis_offset_residual_hrr,0.0019984603859484196,144,11527,all,0.0972222238779068,29,node_disjoint,136,0.23905330896377563,0.375,contextual_centered
0.22392503917217255,0.2587846517562866,0.6991642117500305,0.14618436992168427,0.591370165348053,0.2251015603542328,0.3015463948249817,shuffled_basis_offset_residual_hrr,0.002021028660237789,24,11527,hypernym,0.0972222238779068,29,node_disjoint,136,0.1360229104757309,0.3333333432674408,contextual_centered
0.001986866118386388,0.2587846517562866,0.6991642117500305,0.14618436992168427,0.591370165348053,0.2251015603542328,0.3015463948249817,shuffled_basis_offset_residual_hrr,0.0025989925488829613,18,11527,instance_hypernym,0.0972222238779068,29,node_disjoint,136,0.047936491668224335,0.1666666716337204,contextual_centered
0.263408899307251,0.2587846517562866,0.6991642117500305,0.14618436992168427,0.591370165348053,0.2251015603542328,0.3015463948249817,shuffled_basis_offset_residual_hrr,0.0019182059913873672,23,11527,member_meronym,0.0972222238779068,29,node_disjoint,136,0.24638375639915466,0.30434781312942505,contextual_centered
0.4311564564704895,0.2587846517562866,0.6991642117500305,0.14618436992168427,0.591370165348053,0.2251015603542328,0.3015463948249817,shuffled_basis_offset_residual_hrr,0.0014813635498285294,19,11527,substance_meronym,0.0972222238779068,29,node_disjoint,136,0.4762445390224457,0.6842105388641357,contextual_centered
0.19392508268356323,0.2587846517562866,0.6991642117500305,0.14618436992168427,0.591370165348053,0.2251015603542328,0.3015463948249817,shuffled_basis_offset_residual_hrr,0.002099153585731983,19,11527,part_meronym,0.0972222238779068,29,node_disjoint,136,0.21069255471229553,0.4736842215061188,contextual_centered
0.44134482741355896,0.2587846517562866,0.6991642117500305,0.14618436992168427,0.591370165348053,0.2251015603542328,0.3015463948249817,shuffled_basis_offset_residual_hrr,0.0014548314502462745,20,11527,antonym,0.0972222238779068,29,node_disjoint,136,0.4977460503578186,0.6000000238418579,contextual_centered
0.06291965395212173,0.2587846517562866,0.6991642117500305,0.14618436992168427,0.591370165348053,0.2251015603542328,0.3015463948249817,shuffled_basis_offset_residual_hrr,0.002440313808619976,21,11527,attribute,0.0972222238779068,29,node_disjoint,136,0.07727226614952087,0.095238097012043,contextual_centered
0.28223469853401184,0.71562260389328,0.71562260389328,,,,,additive,0.0018691803561523557,140,0,all,0.17142857611179352,47,edge_disjoint,134,0.23037870228290558,0.3214285671710968,contextual_centered
0.3137266933917999,0.71562260389328,0.71562260389328,,,,,additive,0.0017871701857075095,24,0,hypernym,0.17142857611179352,47,edge_disjoint,134,0.1905186027288437,0.3333333432674408,contextual_centered
0.013437388464808464,0.71562260389328,0.71562260389328,,,,,additive,0.0025691732298582792,16,0,instance_hypernym,0.17142857611179352,47,edge_disjoint,134,0.06647869199514389,0.125,contextual_centered
0.2821391522884369,0.71562260389328,0.71562260389328,,,,,additive,0.0018694293685257435,18,0,member_meronym,0.17142857611179352,47,edge_disjoint,134,0.2913277745246887,0.4444444477558136,contextual_centered
0.3682551383972168,0.71562260389328,0.71562260389328,,,,,additive,0.0016451688716188073,16,0,substance_meronym,0.17142857611179352,47,edge_disjoint,134,0.28610149025917053,0.375,contextual_centered
0.22143130004405975,0.71562260389328,0.71562260389328,,,,,additive,0.002027522772550583,22,0,part_meronym,0.17142857611179352,47,edge_disjoint,134,0.17228859663009644,0.22727273404598236,contextual_centered
0.5844020247459412,0.71562260389328,0.71562260389328,,,,,additive,0.0010822865879163146,24,0,antonym,0.17142857611179352,47,edge_disjoint,134,0.4776824414730072,0.5833333134651184,contextual_centered
0.09503506124019623,0.71562260389328,0.71562260389328,,,,,additive,0.0023566794116050005,20,0,attribute,0.17142857611179352,47,edge_disjoint,134,0.07703294605016708,0.10000000149011612,contextual_centered
0.36254996061325073,0.5637098550796509,0.7174862027168274,,,,,offset,0.0016600261442363262,140,5376,all,0.26428571343421936,47,edge_disjoint,134,0.21080820262432098,0.3642857074737549,contextual_centered
0.3238958418369293,0.5637098550796509,0.7174862027168274,,,,,offset,0.0017606881447136402,24,5376,hypernym,0.26428571343421936,47,edge_disjoint,134,0.1835431605577469,0.375,contextual_centered
0.412609338760376,0.5637098550796509,0.7174862027168274,,,,,offset,0.0015296632191166282,16,5376,instance_hypernym,0.26428571343421936,47,edge_disjoint,134,0.17985515296459198,0.4375,contextual_centered
0.3355151414871216,0.5637098550796509,0.7174862027168274,,,,,offset,0.0017304295906797051,18,5376,member_meronym,0.26428571343421936,47,edge_disjoint,134,0.12992890179157257,0.3333333432674408,contextual_centered
0.5199186205863953,0.5637098550796509,0.7174862027168274,,,,,offset,0.0012502120807766914,16,5376,substance_meronym,0.26428571343421936,47,edge_disjoint,134,0.28976336121559143,0.5625,contextual_centered
0.15599662065505981,0.5637098550796509,0.7174862027168274,,,,,offset,0.002197925467044115,22,5376,part_meronym,0.26428571343421936,47,edge_disjoint,134,0.13697980344295502,0.22727273404598236,contextual_centered
0.5848026871681213,0.5637098550796509,0.7174862027168274,,,,,offset,0.001081243040971458,24,5376,antonym,0.26428571343421936,47,edge_disjoint,134,0.43070971965789795,0.5416666865348816,contextual_centered
0.22782933712005615,0.5637098550796509,0.7174862027168274,,,,,offset,0.0020108611788600683,20,5376,attribute,0.26428571343421936,47,edge_disjoint,134,0.09524544328451157,0.10000000149011612,contextual_centered
0.29149430990219116,0.6610504984855652,1.0055350065231323,,,,,hrr,0.001845067017711699,140,5376,all,0.3214285671710968,47,edge_disjoint,134,0.24891839921474457,0.3857142925262451,contextual_centered
0.2842663526535034,0.6610504984855652,1.0055350065231323,,,,,hrr,0.0018638898618519306,24,5376,hypernym,0.3214285671710968,47,edge_disjoint,134,0.20546980202198029,0.4166666567325592,contextual_centered
0.14661340415477753,0.6610504984855652,1.0055350065231323,,,,,hrr,0.0022223610430955887,16,5376,instance_hypernym,0.3214285671710968,47,edge_disjoint,134,0.1691707968711853,0.3125,contextual_centered
0.26896440982818604,0.6610504984855652,1.0055350065231323,,,,,hrr,0.0019037385936826468,18,5376,member_meronym,0.3214285671710968,47,edge_disjoint,134,0.3180810511112213,0.4444444477558136,contextual_centered
0.3771287202835083,0.6610504984855652,1.0055350065231323,,,,,hrr,0.0016220604302361608,16,5376,substance_meronym,0.3214285671710968,47,edge_disjoint,134,0.30256208777427673,0.5,contextual_centered
0.21262265741825104,0.6610504984855652,1.0055350065231323,,,,,hrr,0.002050461946055293,22,5376,part_meronym,0.3214285671710968,47,edge_disjoint,134,0.20511546730995178,0.3636363744735718,contextual_centered
0.5646920204162598,0.6610504984855652,1.0055350065231323,,,,,hrr,0.001133614918217063,24,5376,antonym,0.3214285671710968,47,edge_disjoint,134,0.43386030197143555,0.5416666865348816,contextual_centered
0.12676361203193665,0.6610504984855652,1.0055350065231323,,,,,hrr,0.00227405340410769,20,5376,attribute,0.3214285671710968,47,edge_disjoint,134,0.08594630658626556,0.10000000149011612,contextual_centered
0.28716421127319336,0.699801504611969,0.7174862027168274,0.13601824641227722,0.13601824641227722,0.0,0.0,residual_hrr,0.0018563433550298214,140,5383,all,0.30000001192092896,47,edge_disjoint,134,0.23492500185966492,0.3571428656578064,contextual_centered
0.315206915140152,0.699801504611969,0.7174862027168274,0.13601824641227722,0.13601824641227722,0.0,0.0,residual_hrr,0.0017833153251558542,24,5383,hypernym,0.30000001192092896,47,edge_disjoint,134,0.19089625775814056,0.375,contextual_centered
0.030533045530319214,0.699801504611969,0.7174862027168274,0.13601824641227722,0.13601824641227722,0.0,0.0,residual_hrr,0.002524653449654579,16,5383,instance_hypernym,0.30000001192092896,47,edge_disjoint,134,0.0728258341550827,0.125,contextual_centered
0.28502723574638367,0.699801504611969,0.7174862027168274,0.13601824641227722,0.13601824641227722,0.0,0.0,residual_hrr,0.0018619082402437925,18,5383,member_meronym,0.30000001192092896,47,edge_disjoint,134,0.3198642432689667,0.4444444477558136,contextual_centered
0.377615749835968,0.699801504611969,0.7174862027168274,0.13601824641227722,0.13601824641227722,0.0,0.0,residual_hrr,0.0016207923181355,16,5383,substance_meronym,0.30000001192092896,47,edge_disjoint,134,0.28914469480514526,0.5,contextual_centered
0.2247248739004135,0.699801504611969,0.7174862027168274,0.13601824641227722,0.13601824641227722,0.0,0.0,residual_hrr,0.0020189457572996616,22,5383,part_meronym,0.30000001192092896,47,edge_disjoint,134,0.19744667410850525,0.3181818127632141,contextual_centered
0.579964280128479,0.699801504611969,0.7174862027168274,0.13601824641227722,0.13601824641227722,0.0,0.0,residual_hrr,0.0010938431369140744,24,5383,antonym,0.30000001192092896,47,edge_disjoint,134,0.44932982325553894,0.5833333134651184,contextual_centered
0.10570301860570908,0.699801504611969,0.7174862027168274,0.13601824641227722,0.13601824641227722,0.0,0.0,residual_hrr,0.0023288982920348644,20,5383,attribute,0.30000001192092896,47,edge_disjoint,134,0.08155801147222519,0.10000000149011612,contextual_centered
0.36269280314445496,0.5705771446228027,0.7174862027168274,0.1351328343153,0.1351328194141388,0.0,0.9413996934890747,offset_residual_hrr,0.0016596541972830892,140,10759,all,0.2857142984867096,47,edge_disjoint,134,0.22670167684555054,0.3857142925262451,contextual_centered
0.3314749300479889,0.5705771446228027,0.7174862027168274,0.1351328343153,0.1351328194141388,0.0,0.9413996934890747,offset_residual_hrr,0.001740950858220458,24,10759,hypernym,0.2857142984867096,47,edge_disjoint,134,0.2127593755722046,0.375,contextual_centered
0.39465466141700745,0.5705771446228027,0.7174862027168274,0.1351328343153,0.1351328194141388,0.0,0.9413996934890747,offset_residual_hrr,0.0015764200361445546,16,10759,instance_hypernym,0.2857142984867096,47,edge_disjoint,134,0.1853940635919571,0.4375,contextual_centered
0.33690038323402405,0.5705771446228027,0.7174862027168274,0.1351328343153,0.1351328194141388,0.0,0.9413996934890747,offset_residual_hrr,0.0017268219962716103,18,10759,member_meronym,0.2857142984867096,47,edge_disjoint,134,0.14766256511211395,0.3888888955116272,contextual_centered
0.5099448561668396,0.5705771446228027,0.7174862027168274,0.1351328343153,0.1351328194141388,0.0,0.9413996934890747,offset_residual_hrr,0.0012761852703988552,16,10759,substance_meronym,0.2857142984867096,47,edge_disjoint,134,0.28674420714378357,0.5,contextual_centered
0.17525619268417358,0.5705771446228027,0.7174862027168274,0.1351328343153,0.1351328194141388,0.0,0.9413996934890747,offset_residual_hrr,0.0021477704867720604,22,10759,part_meronym,0.2857142984867096,47,edge_disjoint,134,0.1787681132555008,0.3181818127632141,contextual_centered
0.5867956876754761,0.5705771446228027,0.7174862027168274,0.1351328343153,0.1351328194141388,0.0,0.9413996934890747,offset_residual_hrr,0.0010760530130937696,24,10759,antonym,0.2857142984867096,47,edge_disjoint,134,0.46914735436439514,0.5833333134651184,contextual_centered
0.21725313365459442,0.5705771446228027,0.7174862027168274,0.1351328343153,0.1351328194141388,0.0,0.9413996934890747,offset_residual_hrr,0.0020384034141898155,20,10759,attribute,0.2857142984867096,47,edge_disjoint,134,0.06137191131711006,0.10000000149011612,contextual_centered
0.36188805103302,0.5671014785766602,0.7174862027168274,0.10715250670909882,0.10715250670909882,0.0,0.9328756332397461,gated_offset_residual_hrr,0.0016617501387372613,140,16142,all,0.27142858505249023,47,edge_disjoint,134,0.2165478765964508,0.37142857909202576,contextual_centered
0.3280668556690216,0.5671014785766602,0.7174862027168274,0.10715250670909882,0.10715250670909882,0.0,0.9328756332397461,gated_offset_residual_hrr,0.001749826013110578,24,16142,hypernym,0.27142858505249023,47,edge_disjoint,134,0.1806916743516922,0.375,contextual_centered
0.3912079632282257,0.5671014785766602,0.7174862027168274,0.10715250670909882,0.10715250670909882,0.0,0.9328756332397461,gated_offset_residual_hrr,0.0015853960067033768,16,16142,instance_hypernym,0.27142858505249023,47,edge_disjoint,134,0.18456622958183289,0.375,contextual_centered
0.33649247884750366,0.5671014785766602,0.7174862027168274,0.10715250670909882,0.10715250670909882,0.0,0.9328756332397461,gated_offset_residual_hrr,0.0017278841696679592,18,16142,member_meronym,0.27142858505249023,47,edge_disjoint,134,0.14159972965717316,0.3888888955116272,contextual_centered
0.5120863914489746,0.5671014785766602,0.7174862027168274,0.10715250670909882,0.10715250670909882,0.0,0.9328756332397461,gated_offset_residual_hrr,0.001270608394406736,16,16142,substance_meronym,0.27142858505249023,47,edge_disjoint,134,0.28735965490341187,0.5,contextual_centered
0.17420727014541626,0.5671014785766602,0.7174862027168274,0.10715250670909882,0.10715250670909882,0.0,0.9328756332397461,gated_offset_residual_hrr,0.0021505020558834076,22,16142,part_meronym,0.27142858505249023,47,edge_disjoint,134,0.1549278199672699,0.27272728085517883,contextual_centered
0.5880352258682251,0.5671014785766602,0.7174862027168274,0.10715250670909882,0.10715250670909882,0.0,0.9328756332397461,gated_offset_residual_hrr,0.0010728249326348305,24,16142,antonym,0.27142858505249023,47,edge_disjoint,134,0.46907344460487366,0.5833333134651184,contextual_centered
0.21678686141967773,0.5671014785766602,0.7174862027168274,0.10715250670909882,0.10715250670909882,0.0,0.9328756332397461,gated_offset_residual_hrr,0.002039617393165827,20,16142,attribute,0.27142858505249023,47,edge_disjoint,134,0.0607159361243248,0.10000000149011612,contextual_centered
0.36757493019104004,0.4415367841720581,0.7174862027168274,0.14474499225616455,0.39693108201026917,0.21323981881141663,0.5966923236846924,basis_offset_residual_hrr,0.0016469404799863696,140,11527,all,0.3285714387893677,47,edge_disjoint,134,0.23995208740234375,0.40714284777641296,contextual_centered
0.32631370425224304,0.4415367841720581,0.7174862027168274,0.14474499225616455,0.39693108201026917,0.21323981881141663,0.5966923236846924,basis_offset_residual_hrr,0.0017543913563713431,24,11527,hypernym,0.3285714387893677,47,edge_disjoint,134,0.19703318178653717,0.4166666567325592,contextual_centered
0.3495672047138214,0.4415367841720581,0.7174862027168274,0.14474499225616455,0.39693108201026917,0.21323981881141663,0.5966923236846924,basis_offset_residual_hrr,0.0016938351327553391,16,11527,instance_hypernym,0.3285714387893677,47,edge_disjoint,134,0.1785721480846405,0.375,contextual_centered
0.3772488832473755,0.4415367841720581,0.7174862027168274,0.14474499225616455,0.39693108201026917,0.21323981881141663,0.5966923236846924,basis_offset_residual_hrr,0.0016217477386817336,18,11527,member_meronym,0.3285714387893677,47,edge_disjoint,134,0.3058995008468628,0.4444444477558136,contextual_centered
0.5401033163070679,0.4415367841720581,0.7174862027168274,0.14474499225616455,0.39693108201026917,0.21323981881141663,0.5966923236846924,basis_offset_residual_hrr,0.0011976476525887847,16,11527,substance_meronym,0.3285714387893677,47,edge_disjoint,134,0.35917457938194275,0.6875,contextual_centered
0.1992724984884262,0.4415367841720581,0.7174862027168274,0.14474499225616455,0.39693108201026917,0.21323981881141663,0.5966923236846924,basis_offset_residual_hrr,0.0020852277521044016,22,11527,part_meronym,0.3285714387893677,47,edge_disjoint,134,0.13976550102233887,0.27272728085517883,contextual_centered
0.5823256373405457,0.4415367841720581,0.7174862027168274,0.14474499225616455,0.39693108201026917,0.21323981881141663,0.5966923236846924,basis_offset_residual_hrr,0.001087693846784532,24,11527,antonym,0.3285714387893677,47,edge_disjoint,134,0.43818220496177673,0.5833333134651184,contextual_centered
0.21219703555107117,0.4415367841720581,0.7174862027168274,0.14474499225616455,0.39693108201026917,0.21323981881141663,0.5966923236846924,basis_offset_residual_hrr,0.002051569987088442,20,11527,attribute,0.3285714387893677,47,edge_disjoint,134,0.058157265186309814,0.10000000149011612,contextual_centered
0.3836808204650879,0.10879265516996384,0.7191030383110046,,,,,low_rank,0.0016049977857619524,140,86016,all,0.3499999940395355,47,edge_disjoint,134,0.2456795573234558,0.4000000059604645,contextual_centered
0.28024211525917053,0.10879265516996384,0.7191030383110046,,,,,low_rank,0.0018743696855381131,24,86016,hypernym,0.3499999940395355,47,edge_disjoint,134,0.12118113785982132,0.25,contextual_centered
0.2701088488101959,0.10879265516996384,0.7191030383110046,,,,,low_rank,0.0019007581286132336,16,86016,instance_hypernym,0.3499999940395355,47,edge_disjoint,134,0.14977984130382538,0.3125,contextual_centered
0.41570329666137695,0.10879265516996384,0.7191030383110046,,,,,low_rank,0.0015216059982776642,18,86016,member_meronym,0.3499999940395355,47,edge_disjoint,134,0.3192223310470581,0.5,contextual_centered
0.6038294434547424,0.10879265516996384,0.7191030383110046,,,,,low_rank,0.001031694351695478,16,86016,substance_meronym,0.3499999940395355,47,edge_disjoint,134,0.5020699501037598,0.8125,contextual_centered
0.22875212132930756,0.10879265516996384,0.7191030383110046,,,,,low_rank,0.002008457900956273,22,86016,part_meronym,0.3499999940395355,47,edge_disjoint,134,0.14451344311237335,0.1818181872367859,contextual_centered
0.5785452723503113,0.10879265516996384,0.7191030383110046,,,,,low_rank,0.0010975386248901486,24,86016,antonym,0.3499999940395355,47,edge_disjoint,134,0.3555191457271576,0.5,contextual_centered
0.3303101658821106,0.10879265516996384,0.7191030383110046,,,,,low_rank,0.001743983943015337,20,86016,attribute,0.3499999940395355,47,edge_disjoint,134,0.1799718737602234,0.3499999940395355,contextual_centered
0.281744122505188,0.7045286297798157,0.7174862027168274,0.1355893760919571,0.1355893760919571,0.0,0.0,shuffled_residual_hrr,0.0018704578978940845,140,5383,all,0.13571429252624512,47,edge_disjoint,134,0.22801174223423004,0.34285715222358704,contextual_centered
0.31136852502822876,0.7045286297798157,0.7174862027168274,0.1355893760919571,0.1355893760919571,0.0,0.0,shuffled_residual_hrr,0.0017933110939338803,24,5383,hypernym,0.13571429252624512,47,edge_disjoint,134,0.19236867129802704,0.375,contextual_centered
0.010776699520647526,0.7045286297798157,0.7174862027168274,0.1355893760919571,0.1355893760919571,0.0,0.0,shuffled_residual_hrr,0.0025761027354747057,16,5383,instance_hypernym,0.13571429252624512,47,edge_disjoint,134,0.05530233681201935,0.125,contextual_centered
0.2816196084022522,0.7045286297798157,0.7174862027168274,0.1355893760919571,0.1355893760919571,0.0,0.0,shuffled_residual_hrr,0.0018707822309806943,18,5383,member_meronym,0.13571429252624512,47,edge_disjoint,134,0.3020206689834595,0.4444444477558136,contextual_centered
0.3661065101623535,0.7045286297798157,0.7174862027168274,0.1355893760919571,0.1355893760919571,0.0,0.0,shuffled_residual_hrr,0.0016507644904777408,16,5383,substance_meronym,0.13571429252624512,47,edge_disjoint,134,0.28711801767349243,0.4375,contextual_centered
0.2221089005470276,0.7045286297798157,0.7174862027168274,0.1355893760919571,0.1355893760919571,0.0,0.0,shuffled_residual_hrr,0.00202575814910233,22,5383,part_meronym,0.13571429252624512,47,edge_disjoint,134,0.1741277128458023,0.27272728085517883,contextual_centered
0.5845769643783569,0.7045286297798157,0.7174862027168274,0.1355893760919571,0.1355893760919571,0.0,0.0,shuffled_residual_hrr,0.0010818310547620058,24,5383,antonym,0.13571429252624512,47,edge_disjoint,134,0.47976258397102356,0.5833333134651184,contextual_centered
0.09779037535190582,0.7045286297798157,0.7174862027168274,0.1355893760919571,0.1355893760919571,0.0,0.0,shuffled_residual_hrr,0.002349504269659519,20,5383,attribute,0.13571429252624512,47,edge_disjoint,134,0.05222926661372185,0.10000000149011612,contextual_centered
0.26264312863349915,0.6786305904388428,0.7174862027168274,0.13540665805339813,0.13540665805339813,0.0,0.4394933581352234,shuffled_offset_residual_hrr,0.0019202003022655845,140,10759,all,0.13571429252624512,47,edge_disjoint,134,0.21845704317092896,0.33571428060531616,contextual_centered
0.32189032435417175,0.6786305904388428,0.7174862027168274,0.13540665805339813,0.13540665805339813,0.0,0.4394933581352234,shuffled_offset_residual_hrr,0.0017659107688814402,24,10759,hypernym,0.13571429252624512,47,edge_disjoint,134,0.1891840249300003,0.375,contextual_centered
0.03373076021671295,0.6786305904388428,0.7174862027168274,0.13540665805339813,0.13540665805339813,0.0,0.4394933581352234,shuffled_offset_residual_hrr,0.002516325796023011,16,10759,instance_hypernym,0.13571429252624512,47,edge_disjoint,134,0.03843818977475166,0.125,contextual_centered
0.3248048722743988,0.6786305904388428,0.7174862027168274,0.13540665805339813,0.13540665805339813,0.0,0.4394933581352234,shuffled_offset_residual_hrr,0.0017583207227289677,18,10759,member_meronym,0.13571429252624512,47,edge_disjoint,134,0.33493006229400635,0.4444444477558136,contextual_centered
0.3197053372859955,0.6786305904388428,0.7174862027168274,0.13540665805339813,0.13540665805339813,0.0,0.4394933581352234,shuffled_offset_residual_hrr,0.0017716008005663753,16,10759,substance_meronym,0.13571429252624512,47,edge_disjoint,134,0.17936047911643982,0.4375,contextual_centered
0.18369069695472717,0.6786305904388428,0.7174862027168274,0.13540665805339813,0.13540665805339813,0.0,0.4394933581352234,shuffled_offset_residual_hrr,0.002125805476680398,22,10759,part_meronym,0.13571429252624512,47,edge_disjoint,134,0.12421666830778122,0.27272728085517883,contextual_centered
0.5323922038078308,0.6786305904388428,0.7174862027168274,0.13540665805339813,0.13540665805339813,0.0,0.4394933581352234,shuffled_offset_residual_hrr,0.0012177287135273218,24,10759,antonym,0.13571429252624512,47,edge_disjoint,134,0.47677937150001526,0.5416666865348816,contextual_centered
0.03622981160879135,0.6786305904388428,0.7174862027168274,0.13540665805339813,0.13540665805339813,0.0,0.4394933581352234,shuffled_offset_residual_hrr,0.0025098177138715982,20,10759,attribute,0.13571429252624512,47,edge_disjoint,134,0.11772902309894562,0.10000000149011612,contextual_centered
0.2626616060733795,0.6758087277412415,0.7174862027168274,0.0950080081820488,0.0950080081820488,0.0,0.44224607944488525,shuffled_gated_offset_residual_hrr,0.0019201519899070263,140,16142,all,0.13571429252624512,47,edge_disjoint,134,0.22804661095142365,0.3285714387893677,contextual_centered
0.3223086893558502,0.6758087277412415,0.7174862027168274,0.0950080081820488,0.0950080081820488,0.0,0.44224607944488525,shuffled_gated_offset_residual_hrr,0.0017648208886384964,24,16142,hypernym,0.13571429252624512,47,edge_disjoint,134,0.2074689418077469,0.375,contextual_centered
0.03326927870512009,0.6758087277412415,0.7174862027168274,0.0950080081820488,0.0950080081820488,0.0,0.44224607944488525,shuffled_gated_offset_residual_hrr,0.002517527900636196,16,16142,instance_hypernym,0.13571429252624512,47,edge_disjoint,134,0.03812461718916893,0.125,contextual_centered
0.32666733860969543,0.6758087277412415,0.7174862027168274,0.0950080081820488,0.0950080081820488,0.0,0.44224607944488525,shuffled_gated_offset_residual_hrr,0.0017534703947603703,18,16142,member_meronym,0.13571429252624512,47,edge_disjoint,134,0.33652520179748535,0.4444444477558136,contextual_centered
0.32421737909317017,0.6758087277412415,0.7174862027168274,0.0950080081820488,0.0950080081820488,0.0,0.44224607944488525,shuffled_gated_offset_residual_hrr,0.001759850769303739,16,16142,substance_meronym,0.13571429252624512,47,edge_disjoint,134,0.1743403673171997,0.4375,contextual_centered
0.18154531717300415,0.6758087277412415,0.7174862027168274,0.0950080081820488,0.0950080081820488,0.0,0.44224607944488525,shuffled_gated_offset_residual_hrr,0.0021313924808055162,22,16142,part_meronym,0.13571429252624512,47,edge_disjoint,134,0.14551082253456116,0.22727273404598236,contextual_centered
0.5326952338218689,0.6758087277412415,0.7174862027168274,0.0950080081820488,0.0950080081820488,0.0,0.44224607944488525,shuffled_gated_offset_residual_hrr,0.0012169397668913007,24,16142,antonym,0.13571429252624512,47,edge_disjoint,134,0.4971928596496582,0.5416666865348816,contextual_centered
0.032936908304691315,0.6758087277412415,0.7174862027168274,0.0950080081820488,0.0950080081820488,0.0,0.44224607944488525,shuffled_gated_offset_residual_hrr,0.0025183933321386576,20,16142,attribute,0.13571429252624512,47,edge_disjoint,134,0.11782543361186981,0.10000000149011612,contextual_centered
0.2797260582447052,0.312368243932724,0.7174862027168274,0.14720289409160614,0.6905272603034973,0.3006141185760498,0.2160513699054718,shuffled_basis_offset_residual_hrr,0.0018757133511826396,140,11527,all,0.12857143580913544,47,edge_disjoint,134,0.18158644437789917,0.2857142984867096,contextual_centered
0.252570778131485,0.312368243932724,0.7174862027168274,0.14720289409160614,0.6905272603034973,0.3006141185760498,0.2160513699054718,shuffled_basis_offset_residual_hrr,0.0019464301876723766,24,11527,hypernym,0.12857143580913544,47,edge_disjoint,134,0.20745742321014404,0.375,contextual_centered
0.19966667890548706,0.312368243932724,0.7174862027168274,0.14720289409160614,0.6905272603034973,0.3006141185760498,0.2160513699054718,shuffled_basis_offset_residual_hrr,0.0020842014346271753,16,11527,instance_hypernym,0.12857143580913544,47,edge_disjoint,134,0.062463290989398956,0.125,contextual_centered
0.3292868435382843,0.312368243932724,0.7174862027168274,0.14720289409160614,0.6905272603034973,0.3006141185760498,0.2160513699054718,shuffled_basis_offset_residual_hrr,0.0017466492718085647,18,11527,member_meronym,0.12857143580913544,47,edge_disjoint,134,0.21371997892856598,0.3333333432674408,contextual_centered
0.3781471252441406,0.312368243932724,0.7174862027168274,0.14720289409160614,0.6905272603034973,0.3006141185760498,0.2160513699054718,shuffled_basis_offset_residual_hrr,0.0016194087220355868,16,11527,substance_meronym,0.12857143580913544,47,edge_disjoint,134,0.2596614360809326,0.3125,contextual_centered
0.17053402960300446,0.312368243932724,0.7174862027168274,0.14720289409160614,0.6905272603034973,0.3006141185760498,0.2160513699054718,shuffled_basis_offset_residual_hrr,0.002160067902877927,22,11527,part_meronym,0.12857143580913544,47,edge_disjoint,134,0.15366481244564056,0.22727273404598236,contextual_centered
0.47579503059387207,0.312368243932724,0.7174862027168274,0.14720289409160614,0.6905272603034973,0.3006141185760498,0.2160513699054718,shuffled_basis_offset_residual_hrr,0.0013651172630488873,24,11527,antonym,0.12857143580913544,47,edge_disjoint,134,0.30649250745773315,0.5,contextual_centered
0.13784702122211456,0.312368243932724,0.7174862027168274,0.14720289409160614,0.6905272603034973,0.3006141185760498,0.2160513699054718,shuffled_basis_offset_residual_hrr,0.0022451903205364943,20,11527,attribute,0.12857143580913544,47,edge_disjoint,134,0.0352860763669014,0.05000000074505806,contextual_centered
0.30049407482147217,0.7159133553504944,0.7159133553504944,,,,,additive,0.0018216300522908568,137,0,all,0.14598539471626282,47,node_disjoint,132,0.20246316492557526,0.33576643466949463,contextual_centered
0.31043359637260437,0.7159133553504944,0.7159133553504944,,,,,additive,0.0017957461532205343,20,0,hypernym,0.14598539471626282,47,node_disjoint,132,0.15001539885997772,0.4000000059604645,contextual_centered
-0.014474102295935154,0.7159133553504944,0.7159133553504944,,,,,additive,0.0026418601628392935,22,0,instance_hypernym,0.14598539471626282,47,node_disjoint,132,0.06923770159482956,0.09090909361839294,contextual_centered
0.323605477809906,0.7159133553504944,0.7159133553504944,,,,,additive,0.0017614439129829407,23,0,member_meronym,0.14598539471626282,47,node_disjoint,132,0.16315999627113342,0.30434781312942505,contextual_centered
0.4797312915325165,0.7159133553504944,0.7159133553504944,,,,,additive,0.0013548665447160602,18,0,substance_meronym,0.14598539471626282,47,node_disjoint,132,0.3385419249534607,0.5,contextual_centered
0.2801717519760132,0.7159133553504944,0.7159133553504944,,,,,additive,0.0018745531560853124,18,0,part_meronym,0.14598539471626282,47,node_disjoint,132,0.2087060809135437,0.4444444477558136,contextual_centered
0.5950601100921631,0.7159133553504944,0.7159133553504944,,,,,additive,0.0010545310797169805,16,0,antonym,0.14598539471626282,47,node_disjoint,132,0.5305919647216797,0.625,contextual_centered
0.23176531493663788,0.7159133553504944,0.7159133553504944,,,,,additive,0.0020006115082651377,20,0,attribute,0.14598539471626282,47,node_disjoint,132,0.05606500431895256,0.10000000149011612,contextual_centered
0.3684900104999542,0.5123188495635986,0.7177777290344238,,,,,offset,0.0016445574583485723,137,5376,all,0.30656933784484863,47,node_disjoint,132,0.19936782121658325,0.35766422748565674,contextual_centered
0.3256980776786804,0.5123188495635986,0.7177777290344238,,,,,offset,0.0017559945117682219,20,5376,hypernym,0.30656933784484863,47,node_disjoint,132,0.16762754321098328,0.4000000059604645,contextual_centered
0.27182549238204956,0.5123188495635986,0.7177777290344238,,,,,offset,0.0018962876638397574,22,5376,instance_hypernym,0.30656933784484863,47,node_disjoint,132,0.13776269555091858,0.22727273404598236,contextual_centered
0.3081774115562439,0.5123188495635986,0.7177777290344238,,,,,offset,0.0018016211688518524,23,5376,member_meronym,0.30656933784484863,47,node_disjoint,132,0.12381882965564728,0.260869562625885,contextual_centered
0.5850908160209656,0.5123188495635986,0.7177777290344238,,,,,offset,0.0010804927442222834,18,5376,substance_meronym,0.30656933784484863,47,node_disjoint,132,0.2488589584827423,0.3888888955116272,contextual_centered
0.41772595047950745,0.5123188495635986,0.7177777290344238,,,,,offset,0.0015163386706262827,18,5376,part_meronym,0.30656933784484863,47,node_disjoint,132,0.19912409782409668,0.3888888955116272,contextual_centered
0.5558626651763916,0.5123188495635986,0.7177777290344238,,,,,offset,0.0011566077591851354,16,5376,antonym,0.30656933784484863,47,node_disjoint,132,0.5433132648468018,0.8125,contextual_centered
0.19782114028930664,0.5123188495635986,0.7177777290344238,,,,,offset,0.0020890075247734785,20,5376,attribute,0.30656933784484863,47,node_disjoint,132,0.06627603620290756,0.15000000596046448,contextual_centered
0.24612797796726227,0.6240745782852173,1.004040002822876,,,,,hrr,0.001963208429515362,137,5376,all,0.24817517399787903,47,node_disjoint,132,0.22040656208992004,0.34306567907333374,contextual_centered
0.1986335813999176,0.6240745782852173,1.004040002822876,,,,,hrr,0.002086891792714596,20,5376,hypernym,0.24817517399787903,47,node_disjoint,132,0.1299522966146469,0.30000001192092896,contextual_centered
0.12768912315368652,0.6240745782852173,1.004040002822876,,,,,hrr,0.0022716426756232977,22,5376,instance_hypernym,0.24817517399787903,47,node_disjoint,132,0.09891918301582336,0.22727273404598236,contextual_centered
0.1877889484167099,0.6240745782852173,1.004040002822876,,,,,hrr,0.002115132985636592,23,5376,member_meronym,0.24817517399787903,47,node_disjoint,132,0.20858855545520782,0.260869562625885,contextual_centered
0.4272672235965729,0.6240745782852173,1.004040002822876,,,,,hrr,0.0014914916828274727,18,5376,substance_meronym,0.24817517399787903,47,node_disjoint,132,0.34420397877693176,0.5,contextual_centered
0.2325560301542282,0.6240745782852173,1.004040002822876,,,,,hrr,0.001998552354052663,18,5376,part_meronym,0.24817517399787903,47,node_disjoint,132,0.23775508999824524,0.3333333432674408,contextual_centered
0.5625296831130981,0.6240745782852173,1.004040002822876,,,,,hrr,0.00113924581091851,16,5376,antonym,0.24817517399787903,47,node_disjoint,132,0.5332388877868652,0.6875,contextual_centered
0.08706311881542206,0.6240745782852173,1.004040002822876,,,,,hrr,0.0023774397559463978,20,5376,attribute,0.24817517399787903,47,node_disjoint,132,0.08079050481319427,0.20000000298023224,contextual_centered
0.3026832044124603,0.6912158727645874,0.7177777290344238,0.13750210404396057,0.13750210404396057,0.0,0.0,residual_hrr,0.0018159293103963137,137,5383,all,0.2700729966163635,47,node_disjoint,132,0.20191442966461182,0.34306567907333374,contextual_centered
0.3102779984474182,0.6912158727645874,0.7177777290344238,0.13750210404396057,0.13750210404396057,0.0,0.0,residual_hrr,0.0017961511621251702,20,5383,hypernym,0.2700729966163635,47,node_disjoint,132,0.14729127287864685,0.4000000059604645,contextual_centered
0.005958573427051306,0.6912158727645874,0.7177777290344238,0.13750210404396057,0.13750210404396057,0.0,0.0,residual_hrr,0.0025886495131999254,22,5383,instance_hypernym,0.2700729966163635,47,node_disjoint,132,0.0707336962223053,0.09090909361839294,contextual_centered
0.319749653339386,0.6912158727645874,0.7177777290344238,0.13750210404396057,0.13750210404396057,0.0,0.0,residual_hrr,0.0017714854329824448,23,5383,member_meronym,0.2700729966163635,47,node_disjoint,132,0.15971440076828003,0.3478260934352875,contextual_centered
0.48213085532188416,0.6912158727645874,0.7177777290344238,0.13750210404396057,0.13750210404396057,0.0,0.0,residual_hrr,0.0013486177194863558,18,5383,substance_meronym,0.2700729966163635,47,node_disjoint,132,0.34029579162597656,0.5,contextual_centered
0.27922043204307556,0.6912158727645874,0.7177777290344238,0.13750210404396057,0.13750210404396057,0.0,0.0,residual_hrr,0.001877030124887824,18,5383,part_meronym,0.2700729966163635,47,node_disjoint,132,0.2078987956047058,0.4444444477558136,contextual_centered
0.5925057530403137,0.6912158727645874,0.7177777290344238,0.13750210404396057,0.13750210404396057,0.0,0.0,residual_hrr,0.0010611832840368152,16,5383,antonym,0.2700729966163635,47,node_disjoint,132,0.5307823419570923,0.625,contextual_centered
0.22961457073688507,0.6912158727645874,0.7177777290344238,0.13750210404396057,0.13750210404396057,0.0,0.0,residual_hrr,0.002006212016567588,20,5383,attribute,0.2700729966163635,47,node_disjoint,132,0.056342996656894684,0.10000000149011612,contextual_centered
0.37591996788978577,0.5224331617355347,0.7177777290344238,0.13628393411636353,0.13628393411636353,0.0,1.1997872591018677,offset_residual_hrr,0.0016252085333690047,137,10759,all,0.35766422748565674,47,node_disjoint,132,0.22130665183067322,0.38686132431030273,contextual_centered
0.3521246314048767,0.5224331617355347,0.7177777290344238,0.13628393411636353,0.13628393411636353,0.0,1.1997872591018677,offset_residual_hrr,0.0016871757106855512,20,10759,hypernym,0.35766422748565674,47,node_disjoint,132,0.2144922912120819,0.5,contextual_centered
0.2747185230255127,0.5224331617355347,0.7177777290344238,0.13628393411636353,0.13628393411636353,0.0,1.1997872591018677,offset_residual_hrr,0.0018887539627030492,22,10759,instance_hypernym,0.35766422748565674,47,node_disjoint,132,0.11666202545166016,0.22727273404598236,contextual_centered
0.3163422644138336,0.5224331617355347,0.7177777290344238,0.13628393411636353,0.13628393411636353,0.0,1.1997872591018677,offset_residual_hrr,0.0017803587252274156,23,10759,member_meronym,0.35766422748565674,47,node_disjoint,132,0.1290311962366104,0.3478260934352875,contextual_centered
0.5846149325370789,0.5224331617355347,0.7177777290344238,0.13628393411636353,0.13628393411636353,0.0,1.1997872591018677,offset_residual_hrr,0.001081732101738453,18,10759,substance_meronym,0.35766422748565674,47,node_disjoint,132,0.34541597962379456,0.3888888955116272,contextual_centered
0.4063745141029358,0.5224331617355347,0.7177777290344238,0.13628393411636353,0.13628393411636353,0.0,1.1997872591018677,offset_residual_hrr,0.0015458998968824744,18,10759,part_meronym,0.35766422748565674,47,node_disjoint,132,0.16750866174697876,0.3888888955116272,contextual_centered
0.5668025016784668,0.5224331617355347,0.7177777290344238,0.13628393411636353,0.13628393411636353,0.0,1.1997872591018677,offset_residual_hrr,0.0011281188344582915,16,10759,antonym,0.35766422748565674,47,node_disjoint,132,0.6173821091651917,0.8125,contextual_centered
0.21161043643951416,0.5224331617355347,0.7177777290344238,0.13628393411636353,0.13628393411636353,0.0,1.1997872591018677,offset_residual_hrr,0.002053098054602742,20,10759,attribute,0.35766422748565674,47,node_disjoint,132,0.06920641660690308,0.15000000596046448,contextual_centered
0.37647172808647156,0.5191500782966614,0.7177777290344238,0.10243713855743408,0.10243713855743408,0.0,1.1792651414871216,gated_offset_residual_hrr,0.001623771502636373,137,16142,all,0.37226277589797974,47,node_disjoint,132,0.223196342587471,0.38686132431030273,contextual_centered
0.3539121150970459,0.5191500782966614,0.7177777290344238,0.10243713855743408,0.10243713855743408,0.0,1.1792651414871216,gated_offset_residual_hrr,0.0016825206112116575,20,16142,hypernym,0.37226277589797974,47,node_disjoint,132,0.21664877235889435,0.5,contextual_centered
0.27526161074638367,0.5191500782966614,0.7177777290344238,0.10243713855743408,0.10243713855743408,0.0,1.1792651414871216,gated_offset_residual_hrr,0.001887339516542852,22,16142,instance_hypernym,0.37226277589797974,47,node_disjoint,132,0.1165095642209053,0.22727273404598236,contextual_centered
0.3112599849700928,0.5191500782966614,0.7177777290344238,0.10243713855743408,0.10243713855743408,0.0,1.1792651414871216,gated_offset_residual_hrr,0.0017935937503352761,23,16142,member_meronym,0.37226277589797974,47,node_disjoint,132,0.13410858809947968,0.3478260934352875,contextual_centered
0.5872406959533691,0.5191500782966614,0.7177777290344238,0.10243713855743408,0.10243713855743408,0.0,1.1792651414871216,gated_offset_residual_hrr,0.0010748939821496606,18,16142,substance_meronym,0.37226277589797974,47,node_disjoint,132,0.3451730012893677,0.3888888955116272,contextual_centered
0.4090721905231476,0.5191500782966614,0.7177777290344238,0.10243713855743408,0.10243713855743408,0.0,1.1792651414871216,gated_offset_residual_hrr,0.0015388743486255407,18,16142,part_meronym,0.37226277589797974,47,node_disjoint,132,0.17306369543075562,0.3888888955116272,contextual_centered
0.5683567523956299,0.5191500782966614,0.7177777290344238,0.10243713855743408,0.10243713855743408,0.0,1.1792651414871216,gated_offset_residual_hrr,0.0011240711901336908,16,16142,antonym,0.37226277589797974,47,node_disjoint,132,0.6178195476531982,0.8125,contextual_centered
0.21281547844409943,0.5191500782966614,0.7177777290344238,0.10243713855743408,0.10243713855743408,0.0,1.1792651414871216,gated_offset_residual_hrr,0.0020499597303569317,20,16142,attribute,0.37226277589797974,47,node_disjoint,132,0.06919221580028534,0.15000000596046448,contextual_centered
0.36282235383987427,0.30938711762428284,0.7177777290344238,0.14484724402427673,0.42039987444877625,0.29316768050193787,0.6041708588600159,basis_offset_residual_hrr,0.0016593168256804347,137,11527,all,0.29927006363868713,47,node_disjoint,132,0.23993231356143951,0.35036495327949524,contextual_centered
0.29487860202789307,0.30938711762428284,0.7177777290344238,0.14484724402427673,0.42039987444877625,0.29316768050193787,0.6041708588600159,basis_offset_residual_hrr,0.0018362535629421473,20,11527,hypernym,0.29927006363868713,47,node_disjoint,132,0.18461740016937256,0.30000001192092896,contextual_centered
0.27513524889945984,0.30938711762428284,0.7177777290344238,0.14484724402427673,0.42039987444877625,0.29316768050193787,0.6041708588600159,basis_offset_residual_hrr,0.0018876687390729785,22,11527,instance_hypernym,0.29927006363868713,47,node_disjoint,132,0.13142360746860504,0.3181818127632141,contextual_centered
0.28758111596107483,0.30938711762428284,0.7177777290344238,0.14484724402427673,0.42039987444877625,0.29316768050193787,0.6041708588600159,basis_offset_residual_hrr,0.0018552574329078197,23,11527,member_meronym,0.29927006363868713,47,node_disjoint,132,0.20120075345039368,0.30434781312942505,contextual_centered
0.5678139925003052,0.30938711762428284,0.7177777290344238,0.14484724402427673,0.42039987444877625,0.29316768050193787,0.6041708588600159,basis_offset_residual_hrr,0.0011254847049713135,18,11527,substance_meronym,0.29927006363868713,47,node_disjoint,132,0.3430793583393097,0.4444444477558136,contextual_centered
0.3346587121486664,0.30938711762428284,0.7177777290344238,0.14484724402427673,0.42039987444877625,0.29316768050193787,0.6041708588600159,basis_offset_residual_hrr,0.001732659642584622,18,11527,part_meronym,0.29927006363868713,47,node_disjoint,132,0.2001783549785614,0.2777777910232544,contextual_centered
0.581131637096405,0.30938711762428284,0.7177777290344238,0.14484724402427673,0.42039987444877625,0.29316768050193787,0.6041708588600159,basis_offset_residual_hrr,0.0010908030671998858,16,11527,antonym,0.29927006363868713,47,node_disjoint,132,0.6174149513244629,0.75,contextual_centered
0.2799566090106964,0.30938711762428284,0.7177777290344238,0.14484724402427673,0.42039987444877625,0.29316768050193787,0.6041708588600159,basis_offset_residual_hrr,0.001875112997367978,20,11527,attribute,0.29927006363868713,47,node_disjoint,132,0.10010814666748047,0.15000000596046448,contextual_centered
0.29558032751083374,0.049856461584568024,0.7194433808326721,,,,,low_rank,0.0018344261916354299,137,86016,all,0.32116788625717163,47,node_disjoint,132,0.20415496826171875,0.39416059851646423,contextual_centered
0.2725754678249359,0.049856461584568024,0.7194433808326721,,,,,low_rank,0.0018943346804007888,20,86016,hypernym,0.32116788625717163,47,node_disjoint,132,0.20590777695178986,0.3499999940395355,contextual_centered
0.2652878165245056,0.049856461584568024,0.7194433808326721,,,,,low_rank,0.0019133129389956594,22,86016,instance_hypernym,0.32116788625717163,47,node_disjoint,132,0.15475064516067505,0.40909090638160706,contextual_centered
0.10259659588336945,0.049856461584568024,0.7194433808326721,,,,,low_rank,0.002336987992748618,23,86016,member_meronym,0.32116788625717163,47,node_disjoint,132,0.1901242583990097,0.30434781312942505,contextual_centered
0.5100737810134888,0.049856461584568024,0.7194433808326721,,,,,low_rank,0.0012758495286107063,18,86016,substance_meronym,0.32116788625717163,47,node_disjoint,132,0.2125404328107834,0.5,contextual_centered
0.31574955582618713,0.049856461584568024,0.7194433808326721,,,,,low_rank,0.0017819022759795189,18,86016,part_meronym,0.32116788625717163,47,node_disjoint,132,0.15250888466835022,0.2777777910232544,contextual_centered
0.44978857040405273,0.049856461584568024,0.7194433808326721,,,,,low_rank,0.0014328424585983157,16,86016,antonym,0.32116788625717163,47,node_disjoint,132,0.4064219892024994,0.625,contextual_centered
0.239275261759758,0.049856461584568024,0.7194433808326721,,,,,low_rank,0.0019810541998595,20,86016,attribute,0.32116788625717163,47,node_disjoint,132,0.15000316500663757,0.3499999940395355,contextual_centered
0.29954224824905396,0.6939554810523987,0.7177777290344238,0.13720466196537018,0.13720466196537018,0.0,0.0,shuffled_residual_hrr,0.001824108767323196,137,5383,all,0.20437955856323242,47,node_disjoint,132,0.204537034034729,0.34306567907333374,contextual_centered
0.3091509938240051,0.6939554810523987,0.7177777290344238,0.13720466196537018,0.13720466196537018,0.0,0.0,shuffled_residual_hrr,0.001799086225219071,20,5383,hypernym,0.20437955856323242,47,node_disjoint,132,0.15434466302394867,0.4000000059604645,contextual_centered
-0.0027029893826693296,0.6939554810523987,0.7177777290344238,0.13720466196537018,0.13720466196537018,0.0,0.0,shuffled_residual_hrr,0.0026112054474651814,22,5383,instance_hypernym,0.20437955856323242,47,node_disjoint,132,0.0707397386431694,0.09090909361839294,contextual_centered
0.31948715448379517,0.6939554810523987,0.7177777290344238,0.13720466196537018,0.13720466196537018,0.0,0.0,shuffled_residual_hrr,0.0017721690237522125,23,5383,member_meronym,0.20437955856323242,47,node_disjoint,132,0.16542311012744904,0.3478260934352875,contextual_centered
0.4714006781578064,0.6939554810523987,0.7177777290344238,0.13720466196537018,0.13720466196537018,0.0,0.0,shuffled_residual_hrr,0.0013765607727691531,18,5383,substance_meronym,0.20437955856323242,47,node_disjoint,132,0.3378087282180786,0.5,contextual_centered
0.27991530299186707,0.6939554810523987,0.7177777290344238,0.13720466196537018,0.13720466196537018,0.0,0.0,shuffled_residual_hrr,0.001875220681540668,18,5383,part_meronym,0.20437955856323242,47,node_disjoint,132,0.21341775357723236,0.4444444477558136,contextual_centered
0.5922122001647949,0.6939554810523987,0.7177777290344238,0.13720466196537018,0.13720466196537018,0.0,0.0,shuffled_residual_hrr,0.0010619476670399308,16,5383,antonym,0.20437955856323242,47,node_disjoint,132,0.5342229604721069,0.625,contextual_centered
0.22832231223583221,0.6939554810523987,0.7177777290344238,0.13720466196537018,0.13720466196537018,0.0,0.0,shuffled_residual_hrr,0.002009577350690961,20,5383,attribute,0.20437955856323242,47,node_disjoint,132,0.05520154908299446,0.10000000149011612,contextual_centered
0.2923499643802643,0.5824084281921387,0.7177777290344238,0.136161670088768,0.136161670088768,0.0,0.7981153130531311,shuffled_offset_residual_hrr,0.0018428387120366096,137,10759,all,0.17518247663974762,47,node_disjoint,132,0.17937898635864258,0.32116788625717163,contextual_centered
0.39293962717056274,0.5824084281921387,0.7177777290344238,0.136161670088768,0.136161670088768,0.0,0.7981153130531311,shuffled_offset_residual_hrr,0.0015808865427970886,20,10759,hypernym,0.17518247663974762,47,node_disjoint,132,0.18155135214328766,0.3499999940395355,contextual_centered
-0.04814322292804718,0.5824084281921387,0.7177777290344238,0.136161670088768,0.136161670088768,0.0,0.7981153130531311,shuffled_offset_residual_hrr,0.0027295390609651804,22,10759,instance_hypernym,0.17518247663974762,47,node_disjoint,132,0.07184585928916931,0.13636364042758942,contextual_centered
0.2670350968837738,0.5824084281921387,0.7177777290344238,0.136161670088768,0.136161670088768,0.0,0.7981153130531311,shuffled_offset_residual_hrr,0.0019087629625573754,23,10759,member_meronym,0.17518247663974762,47,node_disjoint,132,0.23293006420135498,0.47826087474823,contextual_centered
0.48002153635025024,0.5824084281921387,0.7177777290344238,0.136161670088768,0.136161670088768,0.0,0.7981153130531311,shuffled_offset_residual_hrr,0.001354110543616116,18,10759,substance_meronym,0.17518247663974762,47,node_disjoint,132,0.11321210861206055,0.2777777910232544,contextual_centered
0.26207196712493896,0.5824084281921387,0.7177777290344238,0.136161670088768,0.136161670088768,0.0,0.7981153130531311,shuffled_offset_residual_hrr,0.0019216877408325672,18,10759,part_meronym,0.17518247663974762,47,node_disjoint,132,0.106515072286129,0.2222222238779068,contextual_centered
0.5797405242919922,0.5824084281921387,0.7177777290344238,0.136161670088768,0.136161670088768,0.0,0.7981153130531311,shuffled_offset_residual_hrr,0.0010944257955998182,16,10759,antonym,0.17518247663974762,47,node_disjoint,132,0.5576592683792114,0.625,contextual_centered
0.22384822368621826,0.5824084281921387,0.7177777290344238,0.136161670088768,0.136161670088768,0.0,0.7981153130531311,shuffled_offset_residual_hrr,0.002021228661760688,20,10759,attribute,0.17518247663974762,47,node_disjoint,132,0.05641275644302368,0.20000000298023224,contextual_centered
0.2959865927696228,0.5767760276794434,0.7177777290344238,0.08622518926858902,0.08622518926858902,0.0,0.7895892858505249,shuffled_gated_offset_residual_hrr,0.0018333684420213103,137,16142,all,0.16788321733474731,47,node_disjoint,132,0.1617283821105957,0.31386861205101013,contextual_centered
0.4010370671749115,0.5767760276794434,0.7177777290344238,0.08622518926858902,0.08622518926858902,0.0,0.7895892858505249,shuffled_gated_offset_residual_hrr,0.0015597993042320013,20,16142,hypernym,0.16788321733474731,47,node_disjoint,132,0.17205902934074402,0.3499999940395355,contextual_centered
-0.043977681547403336,0.5767760276794434,0.7177777290344238,0.08622518926858902,0.08622518926858902,0.0,0.7895892858505249,shuffled_gated_offset_residual_hrr,0.0027186914812773466,22,16142,instance_hypernym,0.16788321733474731,47,node_disjoint,132,0.07424449175596237,0.13636364042758942,contextual_centered
0.26526156067848206,0.5767760276794434,0.7177777290344238,0.08622518926858902,0.08622518926858902,0.0,0.7895892858505249,shuffled_gated_offset_residual_hrr,0.0019133812747895718,23,16142,member_meronym,0.16788321733474731,47,node_disjoint,132,0.16854339838027954,0.43478259444236755,contextual_centered
0.4846331775188446,0.5767760276794434,0.7177777290344238,0.08622518926858902,0.08622518926858902,0.0,0.7895892858505249,shuffled_gated_offset_residual_hrr,0.0013421012554317713,18,16142,substance_meronym,0.16788321733474731,47,node_disjoint,132,0.1179746761918068,0.2777777910232544,contextual_centered
0.2713717818260193,0.5767760276794434,0.7177777290344238,0.08622518926858902,0.08622518926858902,0.0,0.7895892858505249,shuffled_gated_offset_residual_hrr,0.0018974693957716227,18,16142,part_meronym,0.16788321733474731,47,node_disjoint,132,0.10931842774152756,0.2222222238779068,contextual_centered
0.5802067518234253,0.5767760276794434,0.7177777290344238,0.08622518926858902,0.08622518926858902,0.0,0.7895892858505249,shuffled_gated_offset_residual_hrr,0.0010932117002084851,16,16142,antonym,0.16788321733474731,47,node_disjoint,132,0.5000628232955933,0.625,contextual_centered
0.22522595524787903,0.5767760276794434,0.7177777290344238,0.08622518926858902,0.08622518926858902,0.0,0.7895892858505249,shuffled_gated_offset_residual_hrr,0.0020176407415419817,20,16142,attribute,0.16788321733474731,47,node_disjoint,132,0.05567249655723572,0.20000000298023224,contextual_centered
0.28638431429862976,0.2909408509731293,0.7177777290344238,0.14542926847934723,0.5174739956855774,0.29572102427482605,0.47071602940559387,shuffled_basis_offset_residual_hrr,0.001858374336734414,137,11527,all,0.16788321733474731,47,node_disjoint,132,0.1703108698129654,0.2846715450286865,contextual_centered
0.3293634355068207,0.2909408509731293,0.7177777290344238,0.14542926847934723,0.5174739956855774,0.29572102427482605,0.47071602940559387,shuffled_basis_offset_residual_hrr,0.0017464493867009878,20,11527,hypernym,0.16788321733474731,47,node_disjoint,132,0.11489269882440567,0.25,contextual_centered
0.043517738580703735,0.2909408509731293,0.7177777290344238,0.14542926847934723,0.5174739956855774,0.29572102427482605,0.47071602940559387,shuffled_basis_offset_residual_hrr,0.002490839222446084,22,11527,instance_hypernym,0.16788321733474731,47,node_disjoint,132,0.08148492872714996,0.13636364042758942,contextual_centered
0.291453093290329,0.2909408509731293,0.7177777290344238,0.14542926847934723,0.5174739956855774,0.29572102427482605,0.47071602940559387,shuffled_basis_offset_residual_hrr,0.0018451742362231016,23,11527,member_meronym,0.16788321733474731,47,node_disjoint,132,0.13446931540966034,0.3478260934352875,contextual_centered
0.43067672848701477,0.2909408509731293,0.7177777290344238,0.14542926847934723,0.5174739956855774,0.29572102427482605,0.47071602940559387,shuffled_basis_offset_residual_hrr,0.0014826125698164105,18,11527,substance_meronym,0.16788321733474731,47,node_disjoint,132,0.2849924564361572,0.3333333432674408,contextual_centered
0.2400105595588684,0.2909408509731293,0.7177777290344238,0.14542926847934723,0.5174739956855774,0.29572102427482605,0.47071602940559387,shuffled_basis_offset_residual_hrr,0.001979139167815447,18,11527,part_meronym,0.16788321733474731,47,node_disjoint,132,0.10640862584114075,0.2777777910232544,contextual_centered
0.5305206775665283,0.2909408509731293,0.7177777290344238,0.14542926847934723,0.5174739956855774,0.29572102427482605,0.47071602940559387,shuffled_basis_offset_residual_hrr,0.0012226025573909283,16,11527,antonym,0.16788321733474731,47,node_disjoint,132,0.48067784309387207,0.625,contextual_centered
0.22129344940185547,0.2909408509731293,0.7177777290344238,0.14542926847934723,0.5174739956855774,0.29572102427482605,0.47071602940559387,shuffled_basis_offset_residual_hrr,0.002027881797403097,20,11527,attribute,0.16788321733474731,47,node_disjoint,132,0.07066042721271515,0.10000000149011612,contextual_centered
