entry	ui	name	introduced	date_source	round	reason
0	C030218	3-carene	1981-06-29	DateIntroduced	1	
1	C469146	guaiol	2002-12-11	DateIntroduced	1	
2	C109513	OSU 6162	1998-01-06	DateIntroduced	1	
3	C476489	(2E)-decenal	2003-08-18	DateIntroduced	1	
4	C050654	6-hydroxynorketamine	1986-12-22	DateIntroduced	1	
5	C411318	2'-methoxykurarinone	2000-07-28	DateIntroduced	1	
6	C411254	4,8-dimethyl-1,3,7-nonatriene	2000-07-27	DateIntroduced	1	
7	C028508	bismuth subcarbonate	1981-03-16	DateIntroduced	1	
8	C520836	GHRP-6, Lys(3)-	2007-07-01	DateIntroduced	1	
9	C028145	2'-deoxythymidylyl-(3'-5')-2'-deoxyadenosine	1981-02-09	DateIntroduced	1	
10	C010913	N,N-diacetylchitobiose	1976-01-01	DateIntroduced	1	
11	C046274	glycyl-glycyl-glycyl-glycine	1985-09-24	DateIntroduced	1	
12	C471213	His-His-His-His-His-His	2003-02-19	DateIntroduced	1	
13	C576699	(R)-3-hydroxybutyl (R)-3-hydroxybutyrate	2012-12-10	DateIntroduced	1	
14	C406944	BINOL, naphthol	2000-04-27	DateIntroduced	1	
15	C014212	stylopine	1977-01-01	DateIntroduced	1	
16	C586688	3-hexenal	2014-02-28	DateIntroduced	2	date
17	C512606	9-tetradecenyl acetate	2006-08-21	DateIntroduced	1	
18	C023617	pregna-4,17-diene-3,16-dione	1980-04-15	DateIntroduced	1	
19	C040081	1-hydroxymethylmidazolam	1984-02-23	DateIntroduced	1	
20	C412332	1,1'-bi-2-naphthol	2000-08-21	DateIntroduced	1	
21	C412330	1,1'-binaphthyl	2000-08-21	DateIntroduced	1	
22	C006900	N,N-carbonyldiimidazole	1969-01-01	DateIntroduced	1	
23	C008806	perfluoropentane	1974-01-01	DateIntroduced	1	
24	C000603996	1,1-diethoxyethane	2016-01-05	DateIntroduced	2	date
25	C051717	1,1-dichloroacetone	1987-04-17	DateIntroduced	1	
26	C025205	1,10-phenanthroline	1980-07-02	DateIntroduced	1	
27	C037153	1,10-phenanthroline-5,6-dione	1983-03-08	DateIntroduced	1	
28	C007366	diepoxybutane	1969-01-01	DateIntroduced	1	
29	C009804	tryptoline	1975-01-01	DateIntroduced	1	
30	C014843	1,2,3,4-tetrahydroisoquinoline	1977-01-01	DateIntroduced	1	
31	C542964	1,2,3,4-tetrahydroquinoline	2009-08-19	DateIntroduced	1	
32	C000730143	1,2,3,4-tetrahydroquinoxaline	2024-02-01	DateIntroduced	2	date
33	C492597	lenthionine	2004-10-23	DateIntroduced	1	
34	C091694	1,2,3-trimethoxybenzene	1995-02-24	DateIntroduced	1	
35	C036720	trichlorobenzene	1983-01-14	DateIntroduced	1	
36	C412109	1,2,4,5-tetracyanobenzene	2000-08-17	DateIntroduced	1	
37	C000709007	1,2,4,5-tetrazine	2020-07-24	DateIntroduced	2	date
38	C000610906	1,2,4-butanetriol	2016-09-22	DateIntroduced	2	date
39	C000731416	1,2,4-oxadiazole	2025-04-08	DateIntroduced	2	date
40	C093444	1,2,4-triazine	1995-06-06	DateIntroduced	1	
41	C009947	1,2,4-trichlorobenzene	1975-01-01	DateIntroduced	1	
42	C000730112	1,2,5-oxadiazole	2024-01-26	DateIntroduced	2	date
43	C528141	1,2,5-oxadiazole 2-oxide	2008-04-18	DateIntroduced	2	closure
44	C015699	1,2-benzisothiazoline-3-one	1978-01-01	DateIntroduced	1	
45	C025225	2-benzoquinone	1980-07-09	DateIntroduced	1	
46	C000606503	1,2-benzothiazine	2016-04-08	DateIntroduced	2	date
47	C081014	1,2-bis(2,4,6-tribromophenoxy)ethane	1993-05-30	DateIntroduced	1	
48	C027488	1,2-epoxybutane	1981-01-12	DateIntroduced	1	
49	C534517	cyclohexane-1,2-dicarboxylic acid	2009-01-21	DateIntroduced	1	
50	C077455	ethylene glycol diethyl ether	1992-11-19	DateIntroduced	1	
51	C081153	1,2-difluorobenzene	1993-06-09	DateIntroduced	1	
52	C017251	1,2-oleoylphosphatidylcholine	1978-01-01	DateIntroduced	1	
53	C020888	1,2-dielaidoylphosphatidylethanolamine	1979-01-01	DateIntroduced	1	
54	C079142	1,2-dioxetane	1993-02-08	DateIntroduced	1	
55	C081581	colfosceril palmitate	1993-07-07	DateIntroduced	1	
56	C010942	1,2-distearoyllecithin	1976-01-01	DateIntroduced	1	
57	C031854	1,2-ethanedithiol	1981-10-28	DateIntroduced	1	
58	C546958	1-hydroxy-2(1H)-pyridinone	2010-02-07	DateIntroduced	1	
59	C413384	1,2-indanedione	2000-09-21	DateIntroduced	1	
60	C040756	1,2-naphthoquinone	1984-04-13	DateIntroduced	1	
61	C581936	1,3,3,3-tetrafluoropropene	2013-06-27	DateIntroduced	2	date
62	C583463	1,3,4-oxadiazole	2013-09-17	DateIntroduced	2	date
63	C058949	1,3,4-thiadiazole	1989-05-02	DateIntroduced	1	
64	C007950	octogen	1974-01-01	DateIntroduced	1	
65	C000708247	benzene-1,3,5-tricarboxaldehyde	2020-07-02	DateIntroduced	2	date
66	C069849	trimesic acid	1991-08-14	DateIntroduced	1	
67	C512607	1,3,5-triamino-2,4,6-trinitrobenzene	2006-08-21	DateIntroduced	1	
68	C501763	1,3,5-triaza-7-phosphaadamantane	2005-07-03	DateIntroduced	1	
69	C000607859	1,3,5-triformylphloroglucinol	2016-05-24	DateIntroduced	2	date
70	C509933	1,3,6,8-tetrabromocarbazole	2006-05-01	DateIntroduced	1	
71	C077059	1,3,7,9-tetramethyluric acid	1992-10-30	DateIntroduced	1	
72	C040539	1,3-benzodioxole	1984-04-19	DateIntroduced	1	
73	C034005	1,3-cyclohexadiene	1982-05-11	DateIntroduced	1	
74	C004636	1,3-cyclohexanedione	1968-01-01	DateIntroduced	1	
75	C050232	1,3-ditolylguanidine	1986-12-15	DateIntroduced	1	
76	C017203	1,3-diamino-2-propanol	1978-01-01	DateIntroduced	1	
77	C009475	trimethylenediamine	1969-01-01	DateIntroduced	1	
78	C412619	1,3-dicyanobenzene	2000-08-30	DateIntroduced	1	
79	C011238	1,3-diphenylisobenzofuran	1976-01-01	DateIntroduced	1	
80	C064210	oxazolidine	1990-06-23	DateIntroduced	1	
81	C075712	1,4,7-triazacyclononane	1992-08-17	DateIntroduced	1	
82	C499747	1,4,7-trimethyl-1,4,7-triazacyclononane	2005-04-20	DateIntroduced	1	
83	C024560	cyclam	1980-06-03	DateIntroduced	1	
84	C468549	Bz-423	2002-11-29	DateIntroduced	1	
85	C014376	1,4-bis(2,3-epoxypropoxy)butane	1977-01-01	DateIntroduced	1	
86	C059814	4-dioxanone	1989-06-29	DateIntroduced	1	
87	C060568	1,4-dithiane	1989-09-01	DateIntroduced	1	
88	C455100	1,4-polyisoprene	2002-05-24	DateIntroduced	1	
89	C006584	1,5-anhydroglucitol	1974-01-01	DateIntroduced	1	
90	C044347	1,6-galactan	1985-03-27	DateIntroduced	1	
91	C020355	1,6-hexanediol diacrylate	1979-01-01	DateIntroduced	1	
92	C546881	1,7-octadiene	2010-02-04	DateIntroduced	1	
93	C004315	danthron	1968-01-01	DateIntroduced	1	
94	C023863	1-aminocyclopropane-1-carboxylic acid	1978-01-01	DateIntroduced	1	
95	C033634	1-aminocyclopropane-1-carboxylate deaminase	1982-03-23	DateIntroduced	1	
96	C059460	1-aminocyclopropane-1-carboxylic acid oxidase	1989-06-08	DateIntroduced	1	
97	C021773	1-aminocyclopropanecarboxylate synthase	1980-01-01	DateIntroduced	1	
98	C005444	N-phenyl-1-naphthylamine	1973-01-01	DateIntroduced	1	
99	C000607438	1-butyl-1-methylpyrrolidinium	2016-05-10	DateIntroduced	2	date
100	C412621	1-butyl-3-methylimidazolium hexafluorophosphate	2000-08-30	DateIntroduced	2	closure
101	C419324	1-butyl-3-methylimidazolium tetrafluoroborate	2001-02-01	DateIntroduced	1	
102	C029383	n-decyl alcohol	1981-05-27	DateIntroduced	1	
103	C109460	1-deoxylulose 5-phosphate	1998-01-02	DateIntroduced	1	
104	C109461	deoxyxylulose-5-phosphate synthase	1998-01-02	DateIntroduced	1	
105	C408363	spisulosine	2000-05-26	DateIntroduced	1	
106	C000626286	1-deoxysphingolipid	2018-02-21	DateIntroduced	2	date
107	C000613388	1-ethyl-3-(3-dimethylaminopropyl)carbodiimide hydrochloride	2017-01-12	DateIntroduced	2	date
108	C518739	1-ethyl-3-methylimidazolium	2007-04-11	DateIntroduced	2	closure
109	C506652	1-ethyl-3-methylimidazolium bis(trifluoromethylsulfonyl)imide	2006-01-04	DateIntroduced	2	closure
110	C499119	1-ethyl-3-methylimidazolium tetrafluoroborate	2005-04-10	DateIntroduced	2	closure
111	C086974	hexadecanethiol	1994-05-26	DateIntroduced	1	
112	C528767	1-hexyl-3-methylimidazolium	2008-05-12	DateIntroduced	1	
113	C029350	1-naphthol	1981-05-20	DateIntroduced	1	
114	C050093	1-hydroxyphenazine	1986-10-29	DateIntroduced	1	
115	C072433	1-kestose	1992-02-25	DateIntroduced	1	
116	C023530	1-methoxy-5-methylphenazinium methyl sulfate	1980-04-23	DateIntroduced	1	
117	C002230	1-methyladenosine	1973-01-01	DateIntroduced	1	
118	C020404	tele-methylhistamine	1979-01-01	DateIntroduced	1	
119	C028120	1-methylhistidine	1981-02-05	DateIntroduced	1	
120	C018100	1-methylimidazole	1979-01-01	DateIntroduced	1	
121	C024058	N(1)-methylnicotinamide	1980-01-01	DateIntroduced	1	
122	C059226	N-methylpiperidine	1989-05-23	DateIntroduced	1	
123	C013608	1-methylpseudouridine	1977-01-01	DateIntroduced	1	
124	C525396	1-methyltryptophan	2008-01-01	DateIntroduced	1	
125	C030530	1-methyluric acid	1981-07-23	DateIntroduced	1	
126	C053085	1-methylxanthine	1987-09-18	DateIntroduced	1	
127	C089525	1-nitro-2-acetylpyrrole	1994-10-21	DateIntroduced	1	
128	C009840	1-naphthaldehyde	1974-01-01	DateIntroduced	1	
129	C034182	1-naphthaleneacetic acid	1982-05-12	DateIntroduced	1	
130	C435043	1-naphthalenesulfonic acid	2001-09-19	DateIntroduced	1	
131	C085312	1-naphthoic acid	1994-02-15	DateIntroduced	1	
132	C016614	1-nitronaphthalene	1978-01-01	DateIntroduced	1	
133	C014713	1-nonanol	1977-01-01	DateIntroduced	1	
134	C113805	1-octen-3-one	1998-08-21	DateIntroduced	1	
135	C042005	1-octanesulfonic acid	1984-08-14	DateIntroduced	1	
136	C528768	1-octyl-3-methylimidazolium	2008-05-12	DateIntroduced	1	
137	C028694	1-palmitoyl-2-oleoylphosphatidylcholine	1981-04-16	DateIntroduced	1	
138	C068720	1-penten-3-ol	1984-11-08	DateIntroduced	1	
139	C410454	1-pentene	2000-07-11	DateIntroduced	1	
140	C053761	n-butylbenzene	1987-11-23	DateIntroduced	1	
141	C002017	methylphenyl carbinol	1973-01-01	DateIntroduced	1	
142	C031503	phenylpiperazine	1981-09-01	DateIntroduced	1	
143	C439395	1-phenylpropanol	2001-11-19	DateIntroduced	1	
144	C005436	phosphohistidine	1973-01-01	DateIntroduced	1	
145	C043383	1-piperideine	1984-12-19	DateIntroduced	1	
146	C042670	N-vinyl-2-pyrrolidinone	1984-10-25	DateIntroduced	1	
147	C013455	curvularin	1976-01-01	DateIntroduced	1	
148	C470430	Amplex Red	2003-01-21	DateIntroduced	1	
149	C055543	10-hydroxy-2-decenoic acid	1988-05-18	DateIntroduced	1	
150	C028098	10-hydroxycamptothecin	1981-02-24	DateIntroduced	1	
151	C070376	10-hydroxystearic acid	1991-09-15	DateIntroduced	1	
152	C069749	methacryloyloxydecyl dihydrogen phosphate	1991-08-08	DateIntroduced	1	
153	C045775	N-methylphenothiazine	1985-08-23	DateIntroduced	1	
154	C000656258	CXA-10	2019-12-30	DateIntroduced	2	date
155	C033729	fluorotelomer alcohols	1982-03-23	DateIntroduced	1	
156	C046783	11,12-epoxy-5,8,14-eicosatrienoic acid	1985-11-13	DateIntroduced	1	
157	C023820	11-aminoundecanoic acid	1980-05-02	DateIntroduced	1	
158	C049235	11-dehydro-thromboxane B2	1986-06-30	DateIntroduced	1	
159	C003552	11-dehydrocorticosterone	1969-01-01	DateIntroduced	1	
160	C027356	11-hydroxy-5,8,12,14-eicosatetraenoic acid	1980-12-18	DateIntroduced	1	
161	C011657	adrenosterone	1976-01-01	DateIntroduced	1	
162	C003600	11-ketotestosterone	1975-01-01	DateIntroduced	1	
163	C505222	11-mercaptoundecanoic acid	2005-11-13	DateIntroduced	1	
164	C016780	11-nor-delta(9)-tetrahydrocannabinol-9-carboxylic acid	1978-01-01	DateIntroduced	1	
165	C556377	11-O-galloylbergenin	2011-03-09	DateIntroduced	1	
166	C000617013	Silver-111	2018-01-01	DateIntroduced	2	date
167	C586738	indium-111-1,4,7,10-tetraazacyclododecane-1,4,7,10-tetraacetic acid	2014-03-03	DateIntroduced	2	date
168	C000706547	LSN3172176	2020-05-29	DateIntroduced	2	date
169	C000618323	1-((3-(methylpyridin-4-yl)methyl)-4-(3,4,5-trifluorophenyl)pyrrolidin-2-one	2017-05-07	DateIntroduced	2	date
170	C557123	12-crown-4	2011-04-04	DateIntroduced	1	
171	C008033	12-hydroxy-5,8,10-heptadecatrienoic acid	1975-01-01	DateIntroduced	1	
172	C031263	12-hydroxydodecanoic acid	1981-11-02	DateIntroduced	1	
173	C026221	12-hydroxy-5,8,10,14,17-eicospentaenoic acid	1980-09-08	DateIntroduced	1	
174	C025999	12-oxophytodienoic acid	1980-09-04	DateIntroduced	1	
175	C519528	ioflupane	2007-05-09	DateIntroduced	1	
176	C049508	erucyl amide	1986-07-30	DateIntroduced	1	
177	C024348	13-hydroxy-9,11-octadecadienoic acid	1980-06-12	DateIntroduced	1	
178	C466708	13-hydroxyoctadecatrienic acid	2002-10-18	DateIntroduced	1	
179	C038649	13-hydroperoxy-9,11-octadecadienoic acid	1983-08-12	DateIntroduced	1	
180	C117433	13-lipoxygenase	1999-03-02	DateIntroduced	1	
181	C037352	13-octadecenoic acid	1983-03-25	DateIntroduced	1	
182	C535484	13q deletion syndrome	2010-06-25	DateIntroduced	1	
183	C107016	14,15-dihydroxyeicosatrienoic acid	1997-08-04	DateIntroduced	1	
184	C046782	14,15-epoxy-5,8,11-eicosatrienoic acid	1985-11-13	DateIntroduced	1	
185	C495626	14-deoxy-11,12-didehydroandrographolide	2005-01-27	DateIntroduced	1	
186	C000713095	dihydrotanshinone I	2021-02-09	DateIntroduced	2	date
187	C046760	15-acetyldeoxynivalenol	1985-11-05	DateIntroduced	1	
188	C042148	15-crown-5	1984-10-10	DateIntroduced	1	
189	C040527	lipoxin A4	1984-04-06	DateIntroduced	1	
190	C075750	8-epi-prostaglandin F2alpha	1992-08-20	DateIntroduced	1	
191	C059164	15-hydroxy-5,8,11,13,17-eicosapentaenoic acid	1989-05-17	DateIntroduced	1	
192	C025984	15-hydroxy-5,8,11,13-eicosatetraenoic acid	1980-09-03	DateIntroduced	1	
193	C025086	15-hydroperoxy-5,8,11,13-eicosatetraenoic acid	1975-01-01	DateIntroduced	1	
194	C477819	15-deoxyprostaglandin J2	2003-10-08	DateIntroduced	1	
195	C063407	16-hydroxypalmitic acid	1990-04-19	DateIntroduced	1	
196	C112765	tanespimycin	1998-07-01	DateIntroduced	1	
197	C448659	17-(dimethylaminoethylamino)-17-demethoxygeldanamycin	2002-03-06	DateIntroduced	1	
198	C447941	lutetium Lu 177 dotatate	2002-02-27	DateIntroduced	2	closure
199	C000610110	lutetium (177Lu) vipivotide tetraxetan	2016-08-25	DateIntroduced	2	date
200	C015762	18-crown-6	1978-01-01	DateIntroduced	1	
201	C033689	18-hydroxycortisol	1982-04-06	DateIntroduced	1	
202	C038135	18-oxocortisol	1983-06-17	DateIntroduced	1	
203	C456584	aza-18-crown-6 ether	2002-06-14	DateIntroduced	1	
204	C516370	fluoromethylcholine	2007-01-23	DateIntroduced	1	
205	C498052	fluoroazomycin arabinoside	2005-03-23	DateIntroduced	1	
206	C000707948	18F-FC119S	2020-06-29	DateIntroduced	2	date
207	C043437	fluorodopa F 18	1984-12-14	DateIntroduced	1	
208	C527756	4-(N-methylamino)-4'-(2-(2-(2-fluoroethoxy)ethoxy)ethoxy)stilbene	2008-04-02	DateIntroduced	1	
209	C002854	alovudine	1973-01-01	DateIntroduced	1	
210	C514960	fluorocholine	2006-11-21	DateIntroduced	1	
211	C031843	fluoromisonidazole	1981-10-23	DateIntroduced	1	
212	C000608225	THK5351	2016-06-12	DateIntroduced	2	date
213	C538309	Chromosome 18p deletion syndrome	2010-08-25	DateIntroduced	1	
214	C055986	19-hydroxy-5,8,11,14-eicosatetraenoic acid	1988-06-23	DateIntroduced	1	
215	C000716070	N1-(cyclopropylmethanoyl)-lysergic acid diethylamide	2021-04-06	DateIntroduced	2	date
216	C000721065	1D-142	2022-01-25	DateIntroduced	2	date
217	C516498	3,3,4,4,5,5,6,6,7,7,8,8,8-tridecafluorooctyltriethoxysilan	2007-01-25	DateIntroduced	1	
218	C058980	indole-2-carboxylic acid	1989-05-03	DateIntroduced	1	
219	C535362	Chromosome 1p36 Deletion Syndrome	2010-08-25	DateIntroduced	1	
220	C059354	2',4'-dihydroxychalcone	1989-06-01	DateIntroduced	1	
221	C065013	2',7'-dichlorodihydrofluorescein	1990-08-23	DateIntroduced	1	
222	C037631	2',7'-dichlorofluorescein	1983-04-14	DateIntroduced	1	
223	C012271	deoxyinosine	1976-01-01	DateIntroduced	1	
224	C027078	deoxyuridine triphosphate	1980-11-26	DateIntroduced	1	
225	C031420	2'-fucosyllactose	1981-09-04	DateIntroduced	1	
226	C013031	2'-hydroxychalcone	1976-01-01	DateIntroduced	1	
227	C024341	2'-O-methyladenosine	1980-06-12	DateIntroduced	1	
228	C052202	2'-O-methyluridine	1987-05-20	DateIntroduced	1	
229	C032904	2,2',3,5',6-pentachlorobiphenyl	1981-12-30	DateIntroduced	1	
230	C018566	2,4,5,2',4',5'-hexabromobiphenyl	1979-01-01	DateIntroduced	1	
231	C511295	2,2',4,4'-tetrabromodiphenyl ether	2006-06-26	DateIntroduced	1	
232	C006767	bis(2-chloroethyl)ether	1975-01-01	DateIntroduced	1	
233	C039204	diphenic acid	1983-10-11	DateIntroduced	1	
234	C501847	2,2'-dipicolylamine	2005-07-08	DateIntroduced	1	
235	C062527	tribromoethanol	1990-04-24	DateIntroduced	1	
236	C045669	2,2,2-trifluoroethyl methacrylate	1985-07-22	DateIntroduced	1	
237	C551336	2,2,6,6-tetramethylpiperidide	2010-08-09	DateIntroduced	1	
238	C019273	bisphenol A diglycidyl ether	1979-01-01	DateIntroduced	1	
239	C069304	PD 128042	1991-07-16	DateIntroduced	1	
240	C070055	2,3',4,4',5-pentachlorobiphenyl	1991-08-26	DateIntroduced	1	
241	C000592704	2,3,5-trimethylpyrazine	2014-10-30	DateIntroduced	2	date
242	C000729764	2,3,5-triphenyl tetrazolium chloride	2023-12-07	DateIntroduced	2	date
243	C557559	2,3,6,7,10,11-hexahydroxytriphenylene	2011-04-19	DateIntroduced	1	
244	C019801	butanediol dehydrogenase	1980-04-01	DateIntroduced	1	
245	C004717	diacetylmonoxime	1970-01-01	DateIntroduced	1	
246	C043168	coumaran	1984-12-05	DateIntroduced	1	
247	C054312	2,3-diaminophenazine	1988-01-12	DateIntroduced	1	
248	C011757	2,3-diaminopropionic acid	1976-01-01	DateIntroduced	1	
249	C000928	dichlorodicyanobenzoquinone	1972-01-01	DateIntroduced	1	
250	C057812	indoline	1988-12-31	DateIntroduced	1	
251	C058836	benzothiazoline	1989-04-25	DateIntroduced	1	
252	C073812	2,3-dihydrofuran	1992-04-28	DateIntroduced	1	
253	C063002	2,3-dimethoxy-1,4-naphthoquinone	1990-03-16	DateIntroduced	1	
254	C007474	2,3-dimethylmaleic anhydride	1974-01-01	DateIntroduced	1	
255	C000617219	2,3-dimethylpyrazine	2017-04-16	DateIntroduced	2	date
256	C045006	glycidyl trimethylammonium	1985-05-09	DateIntroduced	1	
257	C002821	2,3-oxidosqualene	1973-01-01	DateIntroduced	1	
258	C081766	2,4,4'-trichlorobiphenyl	1993-07-16	DateIntroduced	1	
259	C012070	2,4,6-triaminopyrimidine	1976-01-01	DateIntroduced	1	
260	C024564	2,4,6-trichlorophenol	1980-06-05	DateIntroduced	1	
261	C107067	2,4,6-trihydroxyacetophenone	1997-08-05	DateIntroduced	1	
262	C007106	gamma-collidine	1969-01-01	DateIntroduced	1	
263	C057349	2,4-decadienal	1988-11-10	DateIntroduced	1	
264	C067001	2,4-dihydroxybenzylamine	1991-02-27	DateIntroduced	1	
265	C056559	2,4-di-tert-butylphenol	1988-08-17	DateIntroduced	1	
266	C100153	2,4-dienoyl-CoA reductase	1984-08-28	DateIntroduced	1	
267	C050733	2,4-dihydroxy-7-methoxy-1,4-benzoxazin-3-one	1986-12-15	DateIntroduced	1	
268	C078634	2,4-dihydroxyacetophenone	1993-01-08	DateIntroduced	1	
269	C017704	beta-resorcylic acid	1978-01-01	DateIntroduced	1	
270	C039659	2,4-dihydroxypyridine	1984-02-08	DateIntroduced	1	
271	C509872	2,4-dinitrobenzene	2006-04-27	DateIntroduced	1	
272	C004787	2,4-dinitrophenylhydrazine	1969-01-01	DateIntroduced	1	
273	C056582	2,4-dithiouracil	1988-08-18	DateIntroduced	1	
274	C502503	2,4-heptadienal	2005-08-02	DateIntroduced	1	
275	C412886	2,4-nonadienal	2000-09-08	DateIntroduced	1	
276	C056220	2,5-bis(hydroxymethyl)furan	1988-07-16	DateIntroduced	1	
277	C476922	2,5-diformylfuran	2003-09-04	DateIntroduced	1	
278	C000599921	2,5-dihydroxyterephthalic acid	2015-07-31	DateIntroduced	2	date
279	C075524	2,5-dimethylpyrazine	1992-08-06	DateIntroduced	1	
280	C009012	2,5-diphenyloxazole	1974-01-01	DateIntroduced	1	
281	C551400	2,5-furandicarboxylic acid	2010-08-11	DateIntroduced	1	
282	C011269	2,5-hexanedione	1976-01-01	DateIntroduced	1	
283	C038964	2,6-dibromophenol	1983-10-27	DateIntroduced	1	
284	C007300	2,6-diaminopurine	1974-01-01	DateIntroduced	1	
285	C071926	2,6-dichlorobenzoquinone	1992-01-09	DateIntroduced	1	
286	C412605	gamma-resorcylic acid	2000-08-30	DateIntroduced	1	
287	C010120	pyrogallol 1,3-dimethyl ether	1975-01-01	DateIntroduced	1	
288	C036531	2,6-xylenol	1982-12-28	DateIntroduced	1	
289	C097196	2,6-nonadienal	1996-01-19	DateIntroduced	1	
290	C007864	glutarimide	1974-01-01	DateIntroduced	1	
291	C002993	2,8-dihydroxyadenine	1973-01-01	DateIntroduced	1	
292	C538228	Adenine phosphoribosyltransferase deficiency	2010-06-25	DateIntroduced	1	
293	C002701	neocuproine	1972-01-01	DateIntroduced	1	
294	C002478	bathocuproine	1973-01-01	DateIntroduced	1	
295	C070846	2-(2-hydroxyphenyl)benzothiazole	1991-10-10	DateIntroduced	1	
296	C077073	nitisinone	1992-10-31	DateIntroduced	1	
297	C000708458	UV328	2020-07-08	DateIntroduced	2	date
298	C000632109	2-(3,4-dichlorophenoxy)triethylamine	2019-07-01	DateIntroduced	2	date
299	C519537	diethylaminoethyl methacrylate	2007-05-10	DateIntroduced	1	
300	C049840	2-(dimethylamino)ethyl methacrylate	1986-09-24	DateIntroduced	1	
301	C008502	2-(methylthio)benzothiazole	1974-01-01	DateIntroduced	1	
302	C098340	2-NBDG	1996-03-29	DateIntroduced	1	
303	C000601538	2-(N-methylperfluorooctanesulfonamido)acetic acid	2015-09-27	DateIntroduced	2	date
304	C039669	2-acetylfuran	1984-03-01	DateIntroduced	1	
305	C543930	2-acetylpyridine	2009-09-29	DateIntroduced	1	
306	C051267	2-acetylpyrrole	1987-02-26	DateIntroduced	1	
307	C000706870	2-acetylthiazole	2020-06-09	DateIntroduced	2	date
308	C010852	2-amino-1,3,4-thiadiazole	1976-01-01	DateIntroduced	1	
309	C072422	serinol	1992-02-24	DateIntroduced	1	
310	C006551	2-amino-2-methyl-1-propanol	1974-01-01	DateIntroduced	1	
311	C031363	2-aminothiazoline	1981-10-10	DateIntroduced	1	
312	C000061	allysine	1970-01-01	DateIntroduced	1	
313	C000219	anthranilamide	1972-01-01	DateIntroduced	1	
314	C523775	aminobenzothiazole compound	2007-10-25	DateIntroduced	1	
315	C012223	alpha-aminobutyric acid	1969-01-01	DateIntroduced	1	
316	C014973	2-aminoimidazole	1977-01-01	DateIntroduced	1	
317	C027667	2-aminophenol	1981-01-07	DateIntroduced	1	
318	C004483	2-aminothiazole	1969-01-01	DateIntroduced	1	
319	C005464	2-aminothiophenol	1972-01-01	DateIntroduced	1	
320	C116379	2-azetidinone	1999-01-11	DateIntroduced	1	
321	C017057	benzoxazolone	1978-01-01	DateIntroduced	1	
322	C006827	bronopol	1968-01-01	DateIntroduced	1	
323	C018853	2-bromoethanesulfonic acid	1979-01-01	DateIntroduced	1	
324	C022776	2-bromopalmitate	1974-01-01	DateIntroduced	1	
325	C032038	2-bromophenol	1981-10-30	DateIntroduced	1	
326	C015977	malealdehyde	1978-01-01	DateIntroduced	1	
327	C004656	chloroacetaldehyde	1973-01-01	DateIntroduced	1	
328	C031594	2-cyanoacetamide	1981-09-23	DateIntroduced	1	
329	C028215	2-cyclohexen-1-one	1981-02-20	DateIntroduced	1	
330	C013905	cyclopentenone	1977-01-01	DateIntroduced	1	
331	C052476	2-decenoic acid	1987-06-18	DateIntroduced	1	
332	C000614079	2-dihydroailanthone	2017-02-09	DateIntroduced	2	date
333	C552862	2-ethyl-2-oxazoline	2010-10-15	DateIntroduced	1	
334	C522035	2-ethyl-3,5-dimethylpyrazine	2007-08-15	DateIntroduced	1	
335	C036758	2-ethylhexyl acrylate	1983-01-21	DateIntroduced	1	
336	C038208	2-fluoroadenine	1983-06-22	DateIntroduced	1	
337	C532809	2-formylphenylboronic acid	2008-11-09	DateIntroduced	1	
338	C060089	2-furoic acid	1989-07-25	DateIntroduced	1	
339	C455106	furfuryl mercaptan	2002-05-24	DateIntroduced	1	
340	C034507	2-haloacid dehalogenase	1982-06-08	DateIntroduced	1	
341	C064600	2-heptenal	1990-07-23	DateIntroduced	1	
342	C037076	2-hexanol	1983-02-17	DateIntroduced	1	
343	C039884	2-hydroxy-2-methyl-3-butenoic acid	1984-01-19	DateIntroduced	1	
344	C062607	2-hydrazinopyridine	1990-02-26	DateIntroduced	1	
345	C062247	2-hydroxy-1-naphthaldehyde	1990-02-07	DateIntroduced	1	
346	C088013	2-hydroxyphenazine	1994-07-27	DateIntroduced	1	
347	C085894	2-hydroxycinnamic acid	1994-03-18	DateIntroduced	1	
348	C001390	2-hydroxyestradiol	1975-01-01	DateIntroduced	1	
349	C035957	2-hydroxyethyl acrylate	1982-12-02	DateIntroduced	1	
350	C008039	2-hydroxyisobutyric acid	1975-01-01	DateIntroduced	1	
351	C035864	2-hydroxyisovaleric acid	1982-11-01	DateIntroduced	1	
352	C005756	2-hydroxyphenylacetic acid	1974-01-01	DateIntroduced	1	
353	C017679	2-hydroxypyridine	1979-01-01	DateIntroduced	1	
354	C107724	2-hydroxyquinoline	1997-09-09	DateIntroduced	1	
355	C005905	methyl 4-mercaptobutyrimidate	1973-01-01	DateIntroduced	1	
356	C005906	alpha-isopropylmalate	1973-01-01	DateIntroduced	1	
357	C005087	alpha-ketobutyric acid	1975-01-01	DateIntroduced	1	
358	C001505	alpha-ketoisovalerate	1972-01-01	DateIntroduced	1	
359	C114955	2-linoleoylglycerol	1998-10-26	DateIntroduced	1	
360	C585004	monochloropropanediol	2013-12-13	DateIntroduced	2	date
361	C030698	2-mercaptobenzimidazole	1981-08-11	DateIntroduced	1	
362	C441201	thiosalicylic acid	2001-12-13	DateIntroduced	1	
363	C005563	captax	1974-01-01	DateIntroduced	1	
364	C023884	thiolactic acid	1980-05-12	DateIntroduced	1	
365	C029347	2-thiopyridine	1981-05-20	DateIntroduced	1	
366	C096118	2-methoxy-1,4-naphthoquinone	1995-11-13	DateIntroduced	1	
367	C491237	2-methoxy-3,5-dimethylpyrazine	2004-09-30	DateIntroduced	1	
368	C526552	2-methoxy-4-vinylphenol	2008-02-14	DateIntroduced	1	
369	C013598	methoxyacetic acid	1977-01-01	DateIntroduced	1	
370	C081914	2-methoxybenzoic acid	1993-07-28	DateIntroduced	1	
371	C003655	2-methoxyestrone	1973-01-01	DateIntroduced	1	
372	C005219	methyl cellosolve	1974-01-01	DateIntroduced	1	
373	C561519	2-methyl-2-oxazoline	2011-10-04	DateIntroduced	1	
374	C109865	2-methylbenzimidazole	1998-01-26	DateIntroduced	1	
375	C547093	2-methylbutanal	2010-02-16	DateIntroduced	1	
376	C026113	2-methylhippuric acid	1980-09-04	DateIntroduced	1	
377	C000715613	ZIF-8 metal-organic framework	2021-03-24	DateIntroduced	2	date
378	C435643	2-methyl piperazine	2001-09-27	DateIntroduced	1	
379	C000730792	2-methylpyrazine	2024-07-31	DateIntroduced	2	date
380	C037073	2-methylquinoline	1983-02-17	DateIntroduced	1	
381	C550584	2-methyltetrahydrofuran	2010-07-07	DateIntroduced	1	
382	C000722548	2-methylthio-N6-isopentenyladenosine	2022-06-14	DateIntroduced	2	date
383	C035331	2-n-octyl-4-isothiazolin-3-one	1982-08-31	DateIntroduced	1	
384	C080661	N-(2-naphthalenesulfonyl)aspartyl-(2-phenethyl)amide	1993-05-10	DateIntroduced	1	
385	C018686	2-naphthaldehyde	1974-01-01	DateIntroduced	1	
386	C030037	2-naphthoic acid	1981-06-23	DateIntroduced	1	
387	C578169	2-nitroaniline	2013-02-08	DateIntroduced	2	date
388	C043850	2-nitrobenzaldehyde	1985-01-25	DateIntroduced	1	
389	C518437	2-nitrobenzoate	2007-03-29	DateIntroduced	1	
390	C048317	2-nitronaphthalene	1986-04-29	DateIntroduced	1	
391	C016617	2-nitropropane	1978-01-01	DateIntroduced	1	
392	C526153	2-nonanol	2008-01-30	DateIntroduced	1	
393	C026636	2-nonanone	1980-10-28	DateIntroduced	1	
394	C057348	2-octenal	1988-11-10	DateIntroduced	1	
395	C100832	octyl 2-cyanoacrylate	1996-09-11	DateIntroduced	1	
396	C540904	2-oxo-clopidogrel	2009-05-29	DateIntroduced	1	
397	C000629143	2-Oxo-PCE	2018-12-03	DateIntroduced	2	date
398	C001918	alpha-ketoadipic acid	1973-01-01	DateIntroduced	1	
399	C114956	2-palmitoylglycerol	1998-10-26	DateIntroduced	1	
400	C549877	2-penten-1-ol	2010-06-08	DateIntroduced	1	
401	C530101	2-pentylfuran	2008-07-17	DateIntroduced	1	
402	C079391	2-phenyl-4,4,5,5-tetramethylimidazoline-1-oxyl-3-oxide	1993-02-23	DateIntroduced	1	
403	C005293	2-phenylacetamide	1974-01-01	DateIntroduced	1	
404	C070845	2-phenylbenzothiazole	1991-10-10	DateIntroduced	1	
405	C054590	2-phenylethyl acetate	1988-02-24	DateIntroduced	1	
406	C058324	2-phenylpyridine	1989-02-22	DateIntroduced	1	
407	C541577	2-phenylquinoline	2009-06-25	DateIntroduced	1	
408	C000730817	2-phenylthiazole	2024-08-06	DateIntroduced	2	date
409	C008885	2-phosphoglycerate	1974-01-01	DateIntroduced	1	
410	C043384	2-piperidone	1984-12-19	DateIntroduced	1	
411	C584017	2-pyrone	2013-10-27	DateIntroduced	2	date
412	C024153	alpha-pyrone-4,6-dicarboxylic acid	1980-01-01	DateIntroduced	2	closure
413	C511650	S-(2-succinyl)cysteine	2006-07-10	DateIntroduced	1	
414	C057155	2-(1,1,2,2-tetrafluoroethyl)benzimidazole	1988-10-20	DateIntroduced	1	
415	C101233	2-thiothymine	1996-10-11	DateIntroduced	1	
416	C105273	2-thiouridine	1997-04-25	DateIntroduced	1	
417	C009541	2-tridecanone	1975-01-01	DateIntroduced	1	
418	C030953	2-vinylpyridine	1981-08-21	DateIntroduced	1	
419	C034808	ecdysteroid receptor	1982-06-29	DateIntroduced	1	
420	C003556	21-deoxycortisol	1973-01-01	DateIntroduced	1	
421	C020882	21-deoxycortisone	1979-01-01	DateIntroduced	1	
422	C078685	1-(3-astatobenzyl)guanidine	1993-01-14	DateIntroduced	1	
423	C580751	23-O-(1,4'-bipiperidine-1-carbonyl)betulinic acid	2013-04-28	DateIntroduced	2	date
424	C035181	rRNA (adenosine-O-2'-)methyltransferase	1982-09-08	DateIntroduced	1	
425	C023623	brassinolide	1982-02-04	DateIntroduced	1	
426	C044563	24-hydroxycholesterol	1985-03-28	DateIntroduced	1	
427	C534977	25-hydroxycholesterol 3-sulfate	2009-02-09	DateIntroduced	1	
428	C000595926	2-(4-bromo-2,5-dimethoxyphenyl)-N-((2-methoxyphenyl)methyl)ethanamine	2015-03-10	DateIntroduced	2	date
429	C065039	RNA, ribosomal, 25S	1990-08-24	DateIntroduced	1	
430	C070163	homobrassinolide	1991-09-04	DateIntroduced	1	
431	C000629412	2H-chromen-2-one	2018-12-21	DateIntroduced	2	date
432	C412074	5,7-dimethoxy-2-methyl-2H-benzopyran	2000-08-16	DateIntroduced	1	
433	C529890	3',4'-dihydroxyflavonol	2008-07-08	DateIntroduced	1	
434	C010840	adenosine 3'-phosphate-5'-phosphate	1976-01-01	DateIntroduced	1	
435	C001381	hydroxycotinine	1972-01-01	DateIntroduced	1	
436	C000732040	3'-phosphoadenosine-5'-phosphosulfate	2026-05-18	DateIntroduced	2	date
437	C421467	3'-sialyllactose	2001-03-10	DateIntroduced	1	
438	C062412	glyuranolide	1990-02-16	DateIntroduced	1	
439	C023035	3,4,5,3',4'-pentachlorobiphenyl	1980-01-01	DateIntroduced	1	
440	C028451	3,4,3',4'-tetrachlorobiphenyl	1981-03-17	DateIntroduced	1	
441	C021758	3,3',5,5'-tetramethylbenzidine	1980-01-01	DateIntroduced	1	
442	C007392	3,3'-dihexyl-2,2'-oxacarbocyanine	1974-01-01	DateIntroduced	1	
443	C051831	3,3,5,5-tetramethyl-1-pyrroline N-oxide	1987-04-17	DateIntroduced	1	
444	C000594124	1,5,10,14-tetra(1-hydroxy-2-pyridon-6-oyl)-1,5,10,14-tetraazatetradecane	2015-01-01	DateIntroduced	2	date
445	C482492	3,4,5,4'-tetramethoxystilbene	2004-03-11	DateIntroduced	1	
446	C039499	2-chloranil	1983-11-23	DateIntroduced	1	
447	C478100	3,4-di-O-caffeoylquinic acid	2003-10-22	DateIntroduced	1	
448	C026308	3,4-dihydrocoumarin	1980-09-16	DateIntroduced	1	
449	C035055	3,4-dihydroxyphenyllactic acid	1982-08-04	DateIntroduced	1	
450	C018599	4-methylcatechol	1979-01-01	DateIntroduced	1	
451	C427725	veratraldehyde	2001-06-08	DateIntroduced	1	
452	C042197	veratryl alcohol	1984-11-21	DateIntroduced	1	
453	C000595156	3,4-dimethylmethcathinone	2015-02-10	DateIntroduced	2	date
454	C433304	3,4-dimethylpyrazole phosphate	2001-08-22	DateIntroduced	1	
455	C012587	3,5,6-trichloro-2-pyridinol	1976-01-01	DateIntroduced	1	
456	C079215	3,5-dihydroxyphenylglycine	1993-02-11	DateIntroduced	1	
457	C513957	3,5-di-tert-butyl-4-hydroxybenzaldehyde	2006-10-04	DateIntroduced	1	
458	C062323	3,5-di-tert-butyl-4-hydroxybenzoic acid	1990-02-12	DateIntroduced	1	
459	C513029	3,5-di-tert-butyl-4-hydroxyphenyl	2006-08-31	DateIntroduced	1	
460	C530773	3,5-diethoxycarbonyl-1,4-dihydrocollidine	2008-08-18	DateIntroduced	1	
461	C024272	3,5-dihydroxy-4-methoxybenzoic acid	1980-05-28	DateIntroduced	2	closure
462	C076950	alpha-resorcylic acid	1992-10-26	DateIntroduced	1	
463	C016834	3,5-xylenol	1978-01-01	DateIntroduced	1	
464	C504080	3,5-dimethylphenylcarbamate	2005-09-27	DateIntroduced	1	
465	C027011	3,5-dinitrosalicylic acid	1980-11-18	DateIntroduced	1	
466	C549874	3,7-dimethyl-1,6-nonadien-3-ol	2010-06-08	DateIntroduced	1	
467	C057837	3,7-dimethyl-1-propargylxanthine	1989-01-04	DateIntroduced	1	
468	C022616	thiazolyl blue	1980-01-01	DateIntroduced	1	
469	C070380	3-(4,5-dimethylthiazol-2-yl)-5-(3-carboxymethoxyphenyl)-2-(4-sulfophenyl)-2H-tetrazolium	1991-09-16	DateIntroduced	1	
470	C505504	3-(trimethoxysilyl)propyl methacrylate	2005-11-21	DateIntroduced	1	
471	C549620	3-(triphenylmethylaminomethyl)pyridine	2010-05-31	DateIntroduced	1	
472	C043247	3-acetyldeoxynivalenol	1985-01-22	DateIntroduced	1	
473	C019253	3-aminotyrosine	1979-01-01	DateIntroduced	1	
474	C025160	3-aminobenzamide	1980-07-09	DateIntroduced	1	
475	C055528	3-aminophenol	1988-05-17	DateIntroduced	1	
476	C028592	3-aminobenzeneboronic acid	1981-04-01	DateIntroduced	1	
477	C012731	beta-alanine amide	1977-01-01	DateIntroduced	1	
478	C088294	3-aminopropyltrimethoxysilane	1994-08-08	DateIntroduced	1	
479	C051362	3-tert-butyl-4-hydroxyanisole	1987-03-18	DateIntroduced	1	
480	C057920	3-buten-2-one	1989-01-10	DateIntroduced	1	
481	C552436	3-butenyl glucosinolate	2010-10-03	DateIntroduced	1	
482	C026105	butylidenephthalide	1980-09-03	DateIntroduced	1	
483	C012382	indole-3-carboxylic acid	1976-01-01	DateIntroduced	1	
484	C000433	3-chloroperbenzoic acid	1972-01-01	DateIntroduced	1	
485	C087259	3-chlorotyrosine	1994-06-15	DateIntroduced	1	
486	C043332	3-coumaric acid	1984-11-30	DateIntroduced	1	
487	C048460	3-deazaneplanocin	1986-05-02	DateIntroduced	1	
488	C000723391	3-decen-2-one	2022-08-31	DateIntroduced	2	date
489	C474477	3-dehydroquinic acid	2003-06-07	DateIntroduced	1	
490	C020000	3-dehydroquinate dehydratase	1969-01-01	DateIntroduced	1	
491	C096387	3-dehydroshikimate	1995-11-30	DateIntroduced	1	
492	C002532	2-keto-3-deoxyoctonate	1973-01-01	DateIntroduced	1	
493	C016350	3-deoxyglucosone	1978-01-01	DateIntroduced	1	
494	C031692	galactoside 3-fucosyltransferase	1981-10-14	DateIntroduced	1	
495	C425828	3-hexenylacetate	2001-05-16	DateIntroduced	1	
496	C047158	3-hydroxypropionaldehyde	1986-03-07	DateIntroduced	1	
497	C538324	3-Hydroxy-3-Methylglutaryl-CoA Lyase Deficiency	2010-08-25	DateIntroduced	1	
498	C032948	3-hydroxybenzoic acid	1982-01-08	DateIntroduced	1	
499	C030372	3-hydroxybutyryl-coenzyme A	1981-07-16	DateIntroduced	1	
500	C020757	3-hydroxyisobutyric acid	1979-01-01	DateIntroduced	1	
501	C004961	beta-hydroxyisovaleric acid	1968-01-01	DateIntroduced	1	
502	C008069	3-hydroxybenzeneacetic acid	1974-01-01	DateIntroduced	1	
503	C023500	3-hydroxypyridine	1980-04-17	DateIntroduced	1	
504	C095446	3-(indol-3-yl)propionic acid	1995-10-04	DateIntroduced	1	
505	C523964	3-iodotyrosine	2007-11-01	DateIntroduced	1	
506	C000609395	3-keto-deoxynivalenol	2016-07-27	DateIntroduced	2	date
507	C000718262	3-monochloropropane-1, 2 diol ester	2021-07-21	DateIntroduced	2	date
508	C583485	N-ethyl-1-(3-methoxyphenyl)cyclohexanamine	2013-09-17	DateIntroduced	2	date
509	C578785	methoxydine	2013-03-10	DateIntroduced	2	date
510	C021550	3-mercaptopyruvate sulphurtransferase	1974-01-01	DateIntroduced	1	
511	C008404	3-methoxytyrosine	1974-01-01	DateIntroduced	1	
512	C002536	3-methyl-2-benzothiazolone hydrazone	1973-01-01	DateIntroduced	1	
513	C009034	prenol	1974-01-01	DateIntroduced	1	
514	C025946	3-methyladenine	1980-08-22	DateIntroduced	1	
515	C032251	isovalerylaldehyde	1981-12-02	DateIntroduced	1	
516	C043208	3-methylcytidine	1984-12-06	DateIntroduced	1	
517	C587464	3-methylimidazolium hexafluorophosphate	2014-03-31	DateIntroduced	2	date
518	C000595610	3-methylmethcathinone	2015-02-27	DateIntroduced	2	date
519	C055991	3-methyluracil	1988-06-24	DateIntroduced	1	
520	C029703	3-methylxanthine	1981-06-01	DateIntroduced	1	
521	C000603069	3-nitrooxypropanol	2015-11-27	DateIntroduced	2	date
522	C523491	3-nitrophenylhydrazine	2007-10-15	DateIntroduced	1	
523	C015392	3-nitropropionic acid	1978-01-01	DateIntroduced	1	
524	C000731039	3-O-caffeoylquinic acid	2024-11-26	DateIntroduced	2	date
525	C000594008	3-O-ethylascorbic acid	2014-12-28	DateIntroduced	2	date
526	C000606894	3-O-rutinoside	2016-04-20	DateIntroduced	2	date
527	C017582	3-octanone	1978-01-01	DateIntroduced	1	
528	C000723307	3-octen-2-one	2022-08-25	DateIntroduced	2	date
529	C537527	Succinyl-CoA:3-oxoacid CoA transferase deficiency	2010-08-25	DateIntroduced	1	
530	C017648	3-phenyllactic acid	1975-01-01	DateIntroduced	1	
531	C421487	3-phenylpropanal	2001-03-10	DateIntroduced	1	
532	C035253	3-phenylpropionic acid	1982-08-17	DateIntroduced	1	
533	C400321	3-phytase	1999-11-23	DateIntroduced	1	
534	C030278	nipecotic acid	1981-07-09	DateIntroduced	1	
535	C000723239	3-propylidenephthalide	2022-08-18	DateIntroduced	2	date
536	C474540	3-quinuclidinol	2003-06-10	DateIntroduced	1	
537	C090998	3-quinuclidinone	1995-01-17	DateIntroduced	1	
538	C529206	3-sulfopropyl methacrylate	2008-05-30	DateIntroduced	1	
539	C000731153	SIRT3 inhibitor 3-TYP	2025-01-17	DateIntroduced	2	date
540	C039203	phenoxazine	1983-10-11	DateIntroduced	1	
541	C000626991	MEDI9197	2018-05-11	DateIntroduced	2	date
542	C028513	4'-chlorodiazepam	1981-03-16	DateIntroduced	1	
543	C558823	islatravir	2011-06-21	DateIntroduced	1	
544	C000717487	4'-fluorouridine	2021-05-24	DateIntroduced	2	date
545	C501636	4'-hydroxywogonin	2005-06-29	DateIntroduced	1	
546	C082662	phosphopantetheinyl transferase	1993-09-14	DateIntroduced	1	
547	C061339	4-hydroxyquinazoline	1989-11-08	DateIntroduced	1	
548	C034306	4,4'-bipyridyl	1982-05-14	DateIntroduced	1	
549	C015126	di-(4-aminophenyl)ether	1978-01-01	DateIntroduced	1	
550	C009505	4,4'-diaminodiphenylmethane	1974-01-01	DateIntroduced	1	
551	C000598109	para-methyl-4-methylaminorex	2015-05-28	DateIntroduced	2	date
552	C493138	4,5-dihydroxy-2,3-pentanedione	2004-11-19	DateIntroduced	1	
553	C080469	Kathon 930	1993-04-26	DateIntroduced	1	
554	C004768	4,5-dihydroorotic acid	1969-01-01	DateIntroduced	1	
555	C527833	4-(heptyloxy)phenol	2008-04-05	DateIntroduced	1	
556	C099565	4-(methylnitrosamino)-1-(3-pyridyl)-1-butan-1-ol	1996-07-05	DateIntroduced	1	
557	C016583	4-(N-methyl-N-nitrosamino)-1-(3-pyridyl)-1-butanone	1978-01-01	DateIntroduced	1	
558	C048796	4-(2-anthryl)butanoic acid	1986-06-16	DateIntroduced	1	
559	C000627026	4-acetoxy-dimethyltryptamine	2018-05-16	DateIntroduced	2	date
560	C017816	N-acetylcytidine	1979-01-01	DateIntroduced	1	
561	C071227	4-amino-3-hydroxyphenylalanine	1991-11-12	DateIntroduced	1	
562	C112468	4-allyl-2,6-dimethoxyphenol	1998-06-16	DateIntroduced	1	
563	C041338	4-aminobenzamide	1984-06-20	DateIntroduced	1	
564	C001920	4-aminoquinoline	1973-01-01	DateIntroduced	1	
565	C064316	4-aminothiophenol	1990-06-29	DateIntroduced	1	
566	C000628010	anilinoquinazoline	2018-08-20	DateIntroduced	2	date
567	C032037	4-bromophenol	1981-10-30	DateIntroduced	1	
568	C000602662	clephedrone	2015-11-15	DateIntroduced	2	date
569	C007017	4-chlorophenoxyacetic acid	1969-01-01	DateIntroduced	1	
570	C000475	cholest-4-en-3-one	1973-01-01	DateIntroduced	1	
571	C019943	4-coumarate-CoA ligase	1975-01-01	DateIntroduced	1	
572	C433919	4-cyano-4'-pentylbiphenyl	2001-09-01	DateIntroduced	1	
573	C042375	4-diphenylacetoxy-1,1-dimethylpiperidinium	1984-09-14	DateIntroduced	1	
574	C020292	4-dimethylaminophenol	1979-01-01	DateIntroduced	1	
575	C000619717	4-epi-oxytetracycline	2017-06-01	DateIntroduced	2	date
576	C084991	4-ethylguaiacol	1994-01-26	DateIntroduced	1	
577	C481384	4-ethyloctanoic acid	2004-02-10	DateIntroduced	1	
578	C042291	4-ethylphenol	1984-10-11	DateIntroduced	1	
579	C000611982	4-formylphenylboronic acid	2016-11-04	DateIntroduced	2	date
580	C459561	4-(1-(4-hydroxyphenyl)-2-phenylbuten-1-yl)phenoxy-n-butyric acid	2002-07-12	DateIntroduced	1	
581	C058427	furaneol	1989-03-02	DateIntroduced	1	
582	C014245	4-vinylguaiacol	1977-01-01	DateIntroduced	1	
583	C113254	4-hydroxy-5-methyl-3(2H)-furanone	1998-07-27	DateIntroduced	1	
584	C031335	4-hydroxyacetophenone	1981-09-21	DateIntroduced	1	
585	C111420	4-hydroxybutyric acid	1998-07-08	DateIntroduced	1	
586	C451019	4-hydroxychalcone	2002-04-02	DateIntroduced	1	
587	C014036	4-hydroxyestradiol	1977-01-01	DateIntroduced	1	
588	C026246	4-hydroxyphenylacetate	1980-09-15	DateIntroduced	1	
589	C008070	4-hydroxyphenylacetic acid	1974-01-01	DateIntroduced	1	
590	C023010	4-hydroxyphenylglycine	1980-01-01	DateIntroduced	1	
591	C034604	4-hydroxyphenethylene glycol	1982-06-18	DateIntroduced	1	
592	C001418	4-hydroxyphenyllactic acid	1972-01-01	DateIntroduced	1	
593	C001422	4-hydroxypropranolol	1972-01-01	DateIntroduced	1	
594	C534143	4-pyridone	2009-01-07	DateIntroduced	1	
595	C034010	4-hydroxyquinoline	1982-05-19	DateIntroduced	1	
596	C030626	4-vinylphenol	1977-01-01	DateIntroduced	1	
597	C058184	4-mercaptobutyramidine	1989-02-10	DateIntroduced	1	
598	C013594	4-mercaptobenzoate	1977-01-01	DateIntroduced	1	
599	C510906	4-mercaptophenylboronic acid	2006-06-13	DateIntroduced	1	
600	C042861	4-thiopyridine	1984-12-03	DateIntroduced	1	
601	C034139	4-methacryloxyethyltrimellitic acid anhydride	1982-05-06	DateIntroduced	1	
602	C013813	4-anisidine	1977-01-01	DateIntroduced	1	
603	C000626346	4-methoxybenzoic acid	2018-02-26	DateIntroduced	2	date
604	C066943	anisyl alcohol	1991-02-25	DateIntroduced	1	
605	C063318	4-methoxycinnamic acid	1990-04-09	DateIntroduced	1	
606	C013082	alpha-ketoisocaproic acid	1977-01-01	DateIntroduced	1	
607	C009504	4-toluic acid	1969-01-01	DateIntroduced	1	
608	C570020	4-methylesculetin	2012-02-15	DateIntroduced	1	
609	C521814	4-methyloctanoic acid	2007-08-08	DateIntroduced	1	
610	C034527	isocaproic acid	1982-06-10	DateIntroduced	1	
611	C410590	4-methylthiazole	2000-07-14	DateIntroduced	1	
612	C077079	4-methylpiperazine-2,6-dione	1992-11-02	DateIntroduced	1	
613	C019498	4-nitroaniline	1979-01-01	DateIntroduced	1	
614	C014712	4-nitrothiophenolate	1977-01-01	DateIntroduced	1	
615	C008629	4-nitrobenzoic acid	1974-01-01	DateIntroduced	1	
616	C033592	4-nitrophenyl butyrate	1982-03-15	DateIntroduced	1	
617	C008644	nitrophenylphosphate	1974-01-01	DateIntroduced	1	
618	C000731034	cryptochlorogenic acid	2024-11-12	DateIntroduced	2	date
619	C000708109	4-octyl itaconate	2020-07-01	DateIntroduced	2	date
620	C032278	4,17 beta-dihydroxy-4-androstene-3-one	1981-12-08	DateIntroduced	1	
621	C403894	4-oxo-2-nonenal	2000-02-14	DateIntroduced	1	
622	C121358	4-phenylbutylamine	1999-10-07	DateIntroduced	1	
623	C009785	4-pentenoic acid	1975-01-01	DateIntroduced	1	
624	C053540	4-phenyl-1,2,4-triazoline-3,5-dione	1987-10-09	DateIntroduced	1	
625	C075773	4-phenylbutyric acid	1992-08-21	DateIntroduced	1	
626	C051448	4-phenylpyridine	1987-03-25	DateIntroduced	1	
627	C094850	4-phenyl-1-(4-phenylbutyl)piperidine	1995-08-30	DateIntroduced	1	
628	C006862	butylphen	1969-01-01	DateIntroduced	1	
629	C105260	4-tert-octylphenol	1997-04-24	DateIntroduced	1	
630	C000614368	4-thiazolidinone	2017-02-22	DateIntroduced	2	date
631	C009518	4-trehalosamine	1975-01-01	DateIntroduced	1	
632	C000627516	45b5 compound	2018-07-05	DateIntroduced	2	date
633	C000720117	fluorotelomer sulfonic acids	2021-11-23	DateIntroduced	2	date
634	C000614036	domatinostat	2017-02-08	DateIntroduced	2	date
635	C008500	5'-methylthioadenosine	1974-01-01	DateIntroduced	1	
636	C021784	5'-methylthioadenosine phosphorylase	1978-01-01	DateIntroduced	1	
637	C053897	5(6)-carboxy-2',7'-dichlorofluorescein	1987-11-18	DateIntroduced	1	
638	C030615	5,5-dimethylhydantoin	1981-07-27	DateIntroduced	1	
639	C015158	5,6-dimethylbenzimidazole	1978-01-01	DateIntroduced	1	
640	C066668	vadimezan	1991-01-28	DateIntroduced	1	
641	C017769	tricin	1979-01-01	DateIntroduced	1	
642	C060298	5,7-dimethoxyflavone	1989-08-17	DateIntroduced	1	
643	C005503	naphthazarin	1973-01-01	DateIntroduced	1	
644	C000654742	5-(2-oxopropylideneamino)-6-d-ribitylaminouracil	2019-11-18	DateIntroduced	2	date
645	C000720429	RZL-012	2021-12-14	DateIntroduced	2	date
646	C000712456	5-(4-hydroxyphenyl)-3H-1,2-dithiole-3-thione	2021-01-19	DateIntroduced	2	date
647	C013809	5-aminovaleric acid	1977-01-01	DateIntroduced	1	
648	C512290	5-azaindole	2006-08-07	DateIntroduced	1	
649	C560974	5-carboxylcytosine	2011-09-13	DateIntroduced	1	
650	C011421	5-chloro-2-methyl-4-isothiazolin-3-one	1976-01-01	DateIntroduced	1	
651	C000604601	5-demethylnobiletin	2016-02-02	DateIntroduced	2	date
652	C031086	5-ethynyl-2'-deoxyuridine	1981-08-21	DateIntroduced	1	
653	C001943	5-fluorouridine	1973-01-01	DateIntroduced	1	
654	C086073	5-formylcytidine	1994-04-01	DateIntroduced	1	
655	C560973	5-formylcytosine	2011-09-13	DateIntroduced	1	
656	C058722	5-hydroxy-6,8,11,14,17-eicosapentaenoic acid	1989-04-06	DateIntroduced	1	
657	C022022	5-hydroxy-6,8,11,14-eicosatetraenoic acid	1980-01-01	DateIntroduced	1	
658	C104425	serotonin 7 receptor	1997-03-11	DateIntroduced	1	
659	C052853	5-hydroxydecanoic acid	1987-07-17	DateIntroduced	1	
660	C121557	hydroxyectoine	1999-10-15	DateIntroduced	1	
661	C509074	5-hydroxytriptolide	2006-03-29	DateIntroduced	1	
662	C000605748	5-methoxyflavone	2016-03-10	DateIntroduced	2	date
663	C027986	5-methoxytryptophan	1981-02-02	DateIntroduced	1	
664	C016569	5-methyldeoxycytidine	1978-01-01	DateIntroduced	1	
665	C048065	5-methyl-2-furfural	1986-04-01	DateIntroduced	1	
666	C016568	5-methylcytidine	1978-01-01	DateIntroduced	1	
667	C009182	ribothymidine	1974-01-01	DateIntroduced	1	
668	C052590	5-nitro-2-furaldehyde	1987-07-30	DateIntroduced	1	
669	C052587	4-nitroimidazole	1987-07-28	DateIntroduced	1	
670	C000709194	5-oxo-eicosatetraenoic acid	2020-07-29	DateIntroduced	2	date
671	C000629639	5-PAHSA	2019-01-29	DateIntroduced	2	date
672	C400347	5-phenylvaleric acid	1999-11-24	DateIntroduced	1	
673	C448994	bioactive glass 58S	2002-03-08	DateIntroduced	1	
674	C000616976	5F-ADB cannabinoid	2017-04-10	DateIntroduced	2	date
675	C000625487	5-F-ADB-PINACA	2017-12-13	DateIntroduced	2	date
676	C000710668	5F-MDMB-PICA	2020-09-22	DateIntroduced	2	date
677	C505734	7-oxozeanol	2005-11-30	DateIntroduced	1	
678	C089872	6'-deoxy-6'-fluoro-5'-hydroxyhomoadenosine	1994-11-10	DateIntroduced	1	
679	C403777	6'-sialyllactose	2000-02-11	DateIntroduced	1	
680	C119285	6,8-difluoro-4-methylumbelliferyl phosphate	1999-06-10	DateIntroduced	1	
681	C026979	6-O-monoacetylmorphine	1980-11-25	DateIntroduced	1	
682	C004408	aminopenicillanic acid	1974-01-01	DateIntroduced	1	
683	C005823	2-thio-6-azathymine	1972-01-01	DateIntroduced	1	
684	C100248	azauracil	1986-07-25	DateIntroduced	1	
685	C017061	N(6)-benzyladenosine	1978-01-01	DateIntroduced	1	
686	C079308	6-chloropurine	1993-02-18	DateIntroduced	1	
687	C037904	6-deoxyglucose	1983-05-11	DateIntroduced	1	
688	C001020	N(6),N(6)-dimethyladenine	1972-01-01	DateIntroduced	1	
689	C529356	6-hydroxyflavone	2008-06-06	DateIntroduced	1	
690	C039565	6-hydroxyhexanoic acid	1983-12-06	DateIntroduced	1	
691	C057617	6-hydroxyluteolin	1988-12-08	DateIntroduced	1	
692	C073432	6-kestose	1992-04-09	DateIntroduced	1	
693	C065580	laurdan	1990-10-04	DateIntroduced	1	
694	C503488	6-mercapto-1-hexanol	2005-09-07	DateIntroduced	1	
695	C031896	6-methoxybenzoxazolinone	1981-11-03	DateIntroduced	1	
696	C438021	6-methoxydihydrosanguinarine	2001-10-27	DateIntroduced	1	
697	C000593132	6-methoxyflavone	2014-11-23	DateIntroduced	2	date
698	C018096	6-methylcoumarin	1979-01-01	DateIntroduced	1	
699	C010240	6-methylthiopurine	1975-01-01	DateIntroduced	1	
700	C005236	6-methylsalicylic acid	1970-01-01	DateIntroduced	1	
701	C008378	6-methyluracil	1983-11-25	DateIntroduced	1	
702	C045400	6-deoxy-N-(7-nitrobenz-2-oxa-1,3-diazol-4-yl)aminoglucose	1985-06-13	DateIntroduced	1	
703	C403895	6-nitrodopamine	2000-02-14	DateIntroduced	1	
704	C041649	6-nonenal	1984-07-17	DateIntroduced	1	
705	C521871	6-prenylnaringenin	2007-08-10	DateIntroduced	1	
706	C045652	dyspropterin	1985-04-09	DateIntroduced	1	
707	C054513	6-sulfatoxymelatonin	1988-02-11	DateIntroduced	1	
708	C000626784	6-sulfo sialyl Lewis X	2019-01-01	DateIntroduced	2	date
709	C002062	alpha-2'-deoxythioguanosine	1973-01-01	DateIntroduced	1	
710	C093792	TDO inhibitor LM10	1995-06-28	DateIntroduced	1	
711	C504894	68Ga-DOTANOC	2005-10-26	DateIntroduced	1	
712	C513399	gallium Ga 68 dotatate	2006-09-13	DateIntroduced	2	closure
713	C000707753	68Ga-FAPI	2020-06-23	DateIntroduced	2	date
714	C000706531	FAPI-46	2020-05-29	DateIntroduced	2	date
715	C000597686	68Ga-pentixafor	2015-05-14	DateIntroduced	2	date
716	C000718244	gallium 68 PSMA-11	2021-07-20	DateIntroduced	2	date
717	C000720073	fluorotelomer phosphate diesters	2021-11-22	DateIntroduced	2	date
718	C011395	adrenic acid	1975-01-01	DateIntroduced	1	
719	C039952	daphnetin	1984-01-12	DateIntroduced	1	
720	C485383	6,7-dihydroxyflavone	2004-05-22	DateIntroduced	1	
721	C014320	7-aminodesacetoxycephalosporanic acid	1977-01-01	DateIntroduced	1	
722	C023422	7-azaindole dimer	1980-04-03	DateIntroduced	1	
723	C066856	7-deazaguanine	1991-02-20	DateIntroduced	1	
724	C512929	7-deazapurine	2006-08-30	DateIntroduced	1	
725	C019995	7-dehydrocholesterol reductase	1973-01-01	DateIntroduced	1	
726	C118110	7-epiclusianone	1999-04-02	DateIntroduced	1	
727	C000728070	7-hydroxycannabidiol	2023-04-19	DateIntroduced	2	date
728	C429845	7-hydroxyflavone	2001-07-02	DateIntroduced	1	
729	C011864	7-hydroxymethotrexate	1976-01-01	DateIntroduced	1	
730	C023020	7-ketolithocholic acid	1980-01-01	DateIntroduced	1	
731	C007929	herniarin	1974-01-01	DateIntroduced	1	
732	C525137	7-methoxyflavone	2007-12-20	DateIntroduced	1	
733	C008450	7-methylguanine	1974-01-01	DateIntroduced	1	
734	C000729515	740Y-P	2023-10-12	DateIntroduced	2	date
735	C050715	8,9-epoxyeicosatrienoic acid	1986-12-12	DateIntroduced	1	
736	C080436	8-aminoquinoline	1993-04-25	DateIntroduced	1	
737	C515594	8-anilino-1-naphthalenesulfonic acid	2006-12-18	DateIntroduced	1	
738	C022186	xanthatin	1980-01-01	DateIntroduced	1	
739	C002947	loganic acid	1973-01-01	DateIntroduced	1	
740	C534464	8-gingerol	2009-01-19	DateIntroduced	1	
741	C047628	8-hydroxyeicosatetraenoic acid	1986-02-13	DateIntroduced	1	
742	C046215	8-hydroxyguanosine	1985-09-04	DateIntroduced	1	
743	C078206	8-oxodeoxyguanosine triphosphate	1992-12-19	DateIntroduced	1	
744	C089930	8-oxodeoxyadenosine triphosphate	1994-11-14	DateIntroduced	1	
745	C585131	(8)-shogaol	2013-12-18	DateIntroduced	2	date
746	C042834	9,10-anthraquinone	1984-11-23	DateIntroduced	1	
747	C010030	9-anthroic acid	1975-01-01	DateIntroduced	1	
748	C109043	9-cis-epoxy-carotenoid dioxygenase	1997-12-01	DateIntroduced	1	
749	C028401	9-fluorenone	1977-01-01	DateIntroduced	1	
750	C024347	9-hydroxy-10,12-octadecadienoic acid	1980-06-12	DateIntroduced	1	
751	C091375	9-phenanthrol	1995-02-03	DateIntroduced	1	
752	C484398	9-mesityl-10-methylacridinium	2004-04-29	DateIntroduced	1	
753	C008497	9-methylstreptimidone	1974-01-01	DateIntroduced	1	
754	C074582	9-(1'-hydroxy-2'-(hydroxymethyl)ethoxy)methylguanine	1992-06-17	DateIntroduced	1	
755	C000624633	technetium 99m hydroxyethylene-diphosphonate	2017-11-16	DateIntroduced	2	date
756	C000607999	technetium 99m methoxyisobutylisonitrile	2016-05-29	DateIntroduced	2	date
757	C078700	technetium tc-99m tetrofosmin	1993-01-14	DateIntroduced	1	
758	C563043	Kleefstra Syndrome	2012-11-05	DateIntroduced	1	
759	C000603580	A-1331852	2015-12-17	DateIntroduced	2	date
760	C523668	3-(5-(2,3-dichlorophenyl)-1H-tetrazol-1-yl)methylpyridine	2007-10-22	DateIntroduced	1	
761	C515928	(N-(1-(((cyanoimino)(5-quinolinylamino) methyl) amino)-2,2-dimethylpropyl)-2-(3,4-dimethoxyphenyl)acetamide)	2007-01-05	DateIntroduced	1	
762	C512408	4-hydroxy-3-(4-(2-hydroxyphenyl)phenyl)-6-oxo-7H-thieno(2,3-b)pyridine-5-carbonitrile	2006-08-11	DateIntroduced	1	
763	C092006	7-Ala-angiotensin (1-7)	1995-03-13	DateIntroduced	1	
764	C507011	A-83-01	2006-01-15	DateIntroduced	1	
765	C000630244	Alouatta belzebul	2019-01-01	DateIntroduced	2	date
766	C054981	A 40926	1988-03-28	DateIntroduced	1	
767	C443113	aminoglycoside 2'-N-acetyltransferase	2002-01-08	DateIntroduced	1	
768	C045539	aminoglycoside N(3')-acetyltransferase	1985-07-16	DateIntroduced	1	
769	C108453	6'-aminoglycoside acetyltransferase-2''-aminoglycoside phosphotransferase	1997-10-21	DateIntroduced	1	
770	C081565	arachidonyltrifluoromethane	1993-07-06	DateIntroduced	1	
771	C575912	AAD-2004	2012-10-30	DateIntroduced	1	
772	C039995	3-aminopyridine-1,N(6)-ethenoadenine dinucleotide phosphate	1984-01-23	DateIntroduced	1	
773	C000720459	taletrectinib	2021-12-15	DateIntroduced	2	date
774	C000615602	AB-FUBINACA	2017-03-12	DateIntroduced	2	date
775	C000723779	quemliclustat	2022-10-17	DateIntroduced	2	date
776	C107203	abscisic acid 8'-hydroxylase	1997-08-15	DateIntroduced	1	
777	C000708833	ABA triblock copolymers	2020-07-17	DateIntroduced	2	date
778	C000631408	abacavir, dolutegravir, and lamivudine drug combination	2019-05-30	DateIntroduced	2	date
779	C000621792	mivebresib	2017-08-10	DateIntroduced	2	date
780	C000719868	budigalimab	2021-11-02	DateIntroduced	2	date
781	C000718976	abelacimab	2021-08-31	DateIntroduced	2	date
782	C535555	Aberrant subclavian artery	2010-11-13	DateIntroduced	1	
783	C512352	abexinostat	2006-08-09	DateIntroduced	1	
784	C000629586	abietane	2019-01-24	DateIntroduced	2	date
785	C023710	abietic acid	1975-01-01	DateIntroduced	1	
786	C000648115	Abiotrophia defectiva	2020-01-01	DateIntroduced	2	date
787	C000621806	asciminib	2017-08-10	DateIntroduced	2	date
788	C000630676	ABP 501	2019-04-10	DateIntroduced	2	date
789	C573440	paquinimod	2012-07-12	DateIntroduced	1	
790	C496492	abrine	2005-02-18	DateIntroduced	1	
791	C535984	Congenital bilateral aplasia of vas deferens	2010-08-25	DateIntroduced	1	
792	C528561	navitoclax	2008-05-05	DateIntroduced	1	
793	C000620234	ABT-414	2017-06-11	DateIntroduced	2	date
794	C000604456	depatuxizumab	2016-01-27	DateIntroduced	2	date
795	C513486	linifanib	2006-09-17	DateIntroduced	1	
796	C521013	veliparib	2007-07-09	DateIntroduced	1	
797	C058504	goralatide	1989-03-14	DateIntroduced	1	
798	C098738	N-acetyl-tyrosyl-valyl-alanyl-aspartyl chloromethyl ketone	1996-04-26	DateIntroduced	1	
799	C544967	quizartinib	2009-11-20	DateIntroduced	1	
800	C000622612	peracetylated N-azidoacetylmannosamine	2017-09-17	DateIntroduced	2	date
801	C023717	acacetin	1978-01-01	DateIntroduced	1	
802	C011651	acadesine	1976-01-01	DateIntroduced	1	
803	C000604908	acalabrutinib	2016-02-12	DateIntroduced	2	date
804	C000648105	Acaryochloris marina	2020-01-01	DateIntroduced	2	date
805	C039712	4-amino-2-(S-cysteinyl)butyric acid	1983-11-30	DateIntroduced	1	
806	C077110	ambroxol-theophylline-7-acetate	1992-11-03	DateIntroduced	1	
807	C026784	acemetacin	1980-10-28	DateIntroduced	1	
808	C042552	acenaphthene	1984-10-09	DateIntroduced	1	
809	C493666	acequinocyl	2004-12-06	DateIntroduced	1	
810	C023728	acetaldehyde oxime	1976-01-01	DateIntroduced	1	
811	C023731	acetamidine	1977-01-01	DateIntroduced	1	
812	C000648089	Acetobacter indonesiensis	2020-01-01	DateIntroduced	2	date
813	C000648077	Acetobacter pasteurianus	2020-01-01	DateIntroduced	2	date
814	C000648074	Acetobacter persici	2020-01-01	DateIntroduced	2	date
815	C000648067	Acetobacter tropicalis	2020-01-01	DateIntroduced	2	date
816	C000648055	Acetobacterium woodii	2020-01-01	DateIntroduced	2	date
817	C014949	acetylhydrazine	1978-01-01	DateIntroduced	1	
818	C006358	acetohydroxamic acid	1975-01-01	DateIntroduced	1	
819	C004433	acetol	1972-01-01	DateIntroduced	1	
820	C014953	2-acetyltributylcitrate	1977-01-01	DateIntroduced	1	
821	C088117	acetylleucine	1994-08-01	DateIntroduced	1	
822	C038972	acetyldeoxynivalenol	1983-10-28	DateIntroduced	1	
823	C081939	acetyleugenol	1993-07-29	DateIntroduced	1	
824	C018721	acetylglutamate kinase	1970-01-01	DateIntroduced	1	
825	C006368	aceturic acid	1974-01-01	DateIntroduced	1	
826	C020646	glutamate acetyltransferase	1973-01-01	DateIntroduced	1	
827	C026212	N-acetylputrescine	1980-09-05	DateIntroduced	1	
828	C073944	acetylshikonin	1992-05-04	DateIntroduced	1	
829	C083076	acetyltaurine	1993-10-05	DateIntroduced	1	
830	C006392	N-acetyltryptophan	1969-01-01	DateIntroduced	1	
831	C536008	Achalasia Addisonianism Alacrimia syndrome	2010-06-25	DateIntroduced	1	
832	C099403	S-methyl benzo(1,2,3)thiadiazole-7-carbothioate	1996-06-21	DateIntroduced	1	
833	C086337	acid fuchsin	1994-04-18	DateIntroduced	1	
834	C542175	acid red 88	2009-07-20	DateIntroduced	1	
835	C010250	mycobacidin	1975-01-01	DateIntroduced	1	
836	C000647899	Acinetobacter guillouiae	2020-01-01	DateIntroduced	2	date
837	C000647897	Acinetobacter haemolyticus	2020-01-01	DateIntroduced	2	date
838	C000647893	Acinetobacter indicus	2020-01-01	DateIntroduced	2	date
839	C000647892	Acinetobacter johnsonii	2020-01-01	DateIntroduced	2	date
840	C000647891	Acinetobacter junii	2020-01-01	DateIntroduced	2	date
841	C000647886	Acinetobacter lwoffii	2020-01-01	DateIntroduced	2	date
842	C000647876	Acinetobacter pittii	2020-01-01	DateIntroduced	2	date
843	C000647868	Acinetobacter radioresistens	2020-01-01	DateIntroduced	2	date
844	C000647860	Acinetobacter soli	2020-01-01	DateIntroduced	2	date
845	C000647857	Acinetobacter towneri	2020-01-01	DateIntroduced	2	date
846	C000647856	Acinetobacter ursingii	2020-01-01	DateIntroduced	2	date
847	C091186	acinetobactin	1995-01-25	DateIntroduced	1	
848	C086668	acinetoferrin	1994-05-06	DateIntroduced	1	
849	C027696	acipimox	1981-01-22	DateIntroduced	1	
850	C542859	aclidinium bromide	2009-08-17	DateIntroduced	1	
851	C106872	aclonifen	1997-07-28	DateIntroduced	1	
852	C000731855	acoltremon	2026-01-15	DateIntroduced	2	date
853	C018742	aconitate decarboxylase	1972-01-01	DateIntroduced	1	
854	C000731204	acoramidis	2025-02-11	DateIntroduced	2	date
855	C538172	Acquired amegakaryocytic thrombocytopenia	2010-06-25	DateIntroduced	1	
856	C538173	Acquired angioedema	2010-06-25	DateIntroduced	1	
857	C538179	Acrodysostosis	2010-06-25	DateIntroduced	1	
858	C000659514	Acremonium persicinum	2021-01-01	DateIntroduced	2	date
859	C000659527	Acremonium sclerotigenum	2021-01-01	DateIntroduced	2	date
860	C041300	acridone	1984-06-07	DateIntroduced	1	
861	C051529	renin inhibitory peptide, 4-amino-5-cyclohexyl-3-hydroxypentanoic acid	1987-03-30	DateIntroduced	1	
862	C000619473	ACT-451840	2017-05-28	DateIntroduced	2	date
863	C000718636	ACT001	2021-08-10	DateIntroduced	2	date
864	C014153	pirimiphos methyl	1977-01-01	DateIntroduced	1	
865	C565662	Acth-Independent Macronodular Adrenal Hyperplasia	2012-11-05	DateIntroduced	1	
866	C554125	interferon gamma-1b	2011-06-24	DateIntroduced	1	
867	C000647803	Actinobacillus succinogenes	2020-01-01	DateIntroduced	2	date
868	C000647728	Actinomadura madurae	2020-01-01	DateIntroduced	2	date
869	C000659593	Actinomucor elegans	2021-01-01	DateIntroduced	2	date
870	C000647682	Actinomyces europaeus	2020-01-01	DateIntroduced	2	date
871	C000647659	Actinomyces neuii	2020-01-01	DateIntroduced	2	date
872	C000647653	Actinomyces oris	2020-01-01	DateIntroduced	2	date
873	C000635761	Schaalia radingae	2020-01-01	DateIntroduced	2	date
874	C000635759	Schaalia turicensis	2020-01-01	DateIntroduced	2	date
875	C000647582	Actinoplanes missouriensis	2020-01-01	DateIntroduced	2	date
876	C013390	actinorhodin	1977-01-01	DateIntroduced	1	
877	C000647514	Actinotignum schaalii	2020-01-01	DateIntroduced	2	date
878	C044147	activin B	1985-02-25	DateIntroduced	1	
879	C015646	Actovegin	1978-01-01	DateIntroduced	1	
880	C000623775	Acute bee paralysis virus	2018-01-01	DateIntroduced	2	date
881	C538223	Acute zonal occult outer retinopathy	2010-06-25	DateIntroduced	1	
882	C115407	acutolysin A	1998-11-19	DateIntroduced	1	
883	C442344	acutumine	2001-12-29	DateIntroduced	1	
884	C572255	ricolinostat	2012-05-20	DateIntroduced	1	
885	C018748	oleoyl-(acyl-carrier-protein) hydrolase	1979-01-01	DateIntroduced	1	
886	C493492	sterol O-acyltransferase 1	2004-12-01	DateIntroduced	1	
887	C021351	hexadecanal dehydrogenase (acylating)	1973-01-01	DateIntroduced	1	
888	C000710987	acyl-ghrelin	2020-10-20	DateIntroduced	2	date
889	C019672	aminoacylase I	1976-01-01	DateIntroduced	1	
890	C025944	acylglycerol kinase	1980-08-22	DateIntroduced	1	
891	C011159	acyloin	1976-01-01	DateIntroduced	1	
892	C048964	acyloxyacyl hydrolase	1986-06-30	DateIntroduced	1	
893	C109804	AD7c-NTP	1998-01-23	DateIntroduced	1	
894	C000723487	deficiency of adenosine deaminase 2	2022-09-12	DateIntroduced	2	date
895	C000718190	adagrasib	2021-07-16	DateIntroduced	2	date
896	C538225	Adams Oliver syndrome	2010-06-25	DateIntroduced	1	
897	C549567	adavosertib	2010-05-26	DateIntroduced	1	
898	C000613078	ADB-FUBINACA	2016-12-22	DateIntroduced	2	date
899	C586093	N-(1-amino-3,3-dimethyl-1-oxobutan-2-yl)-1-pentyl-1H-indazole-3-carboxamide	2014-02-02	DateIntroduced	2	date
900	C074667	adipoylbisphosphonic acid	1992-06-21	DateIntroduced	1	
901	C000590912	Addavax	2014-08-21	DateIntroduced	2	date
902	C046686	adechlorin	1985-11-15	DateIntroduced	1	
903	C552602	adelmidrol	2010-10-06	DateIntroduced	1	
904	C018774	adenine deaminase	1970-01-01	DateIntroduced	1	
905	C000623765	Adeno-associated virus-1	2018-01-01	DateIntroduced	2	date
906	C000623888	Adeno-associated virus-2	2018-01-01	DateIntroduced	2	date
907	C536474	Urachal adenocarcinoma	2010-08-25	DateIntroduced	1	
908	C538229	Adenoameloblastoma	2010-06-25	DateIntroduced	1	
909	C006235	sinefungin	1974-01-01	DateIntroduced	1	
910	C024274	adenylate isopentenyltransferase	1980-05-29	DateIntroduced	1	
911	C118782	adenylate kinase 5	1999-05-13	DateIntroduced	1	
912	C012168	adenylosuccinate	1976-01-01	DateIntroduced	1	
913	C538235	Adenylosuccinate lyase deficiency	2010-06-25	DateIntroduced	1	
914	C106670	adenylyl cyclase 1	1997-07-16	DateIntroduced	1	
915	C019617	adenylylsulfate kinase	1974-01-01	DateIntroduced	1	
916	C562880	Amelogenesis Imperfecta, Type III	2012-11-05	DateIntroduced	1	
917	C095998	Adhesive cement	1995-11-07	DateIntroduced	1	
918	C010011	adipic dihydrazide	1975-01-01	DateIntroduced	1	
919	C567258	Hypoadiponectinemia	2012-11-05	DateIntroduced	1	
920	C585113	AdipoRon	2013-12-18	DateIntroduced	2	date
921	C550253	AS03 adjuvant	2010-06-22	DateIntroduced	1	
922	C000647501	Adlercreutzia equolifaciens	2020-01-01	DateIntroduced	2	date
923	C479084	admira	2003-11-26	DateIntroduced	1	
924	C046422	ADP-ribosylarginine hydrolase	1985-10-03	DateIntroduced	1	
925	C554641	Adper single bond 2	2011-01-03	DateIntroduced	1	
926	C564878	Polyglucosan Body Disease, Adult Form	2012-11-05	DateIntroduced	1	
927	C576871	delta inulin	2012-12-19	DateIntroduced	1	
928	C000647500	Advenella alkanexedens	2020-01-01	DateIntroduced	2	date
929	C000611840	ADX71743	2016-10-27	DateIntroduced	2	date
930	C560978	aegeline	2011-09-13	DateIntroduced	1	
931	C000729249	Podarcis raffonei	2023-08-30	DateIntroduced	2	date
932	C000647480	Aeribacillus pallidus	2020-01-01	DateIntroduced	2	date
933	C031819	aerobactin	1981-10-20	DateIntroduced	1	
934	C000647478	Aerococcus christensenii	2020-01-01	DateIntroduced	2	date
935	C000647475	Aerococcus urinae	2020-01-01	DateIntroduced	2	date
936	C032676	aerolysin	1981-12-28	DateIntroduced	1	
937	C000647448	Aeromonas dhakensis	2020-01-01	DateIntroduced	2	date
938	C051160	2-aminoethanethiosulfonic acid	1987-02-09	DateIntroduced	1	
939	C588336	AF38469	2014-05-13	DateIntroduced	2	date
940	C569686	Alexa Fluor 647	2012-02-02	DateIntroduced	1	
941	C000657127	afabicin	2020-02-11	DateIntroduced	2	date
942	C108835	afadin	1997-11-19	DateIntroduced	1	
943	C489347	N-isobutyl-2E-decenamide	2004-09-08	DateIntroduced	1	
944	C000731669	aficamten	2025-06-04	DateIntroduced	2	date
945	C000622232	afidopyropen	2017-09-01	DateIntroduced	2	date
946	C000589002	afoxolaner	2014-06-20	DateIntroduced	2	date
947	C000593263	afuresertib	2014-11-30	DateIntroduced	2	date
948	C477954	afzelin	2003-10-17	DateIntroduced	1	
949	C000588959	AG NPP709	2014-06-18	DateIntroduced	2	date
950	C000634504	mitapivat	2019-09-30	DateIntroduced	2	date
951	C095512	alpha-cyano-(3,4-dihydroxy)-N-benzylcinnamide	1995-10-06	DateIntroduced	1	
952	C093656	AG 85	1995-06-22	DateIntroduced	1	
953	C000627036	agalsidase alfa	2019-01-01	DateIntroduced	2	date
954	C019624	agarase	1970-01-01	DateIntroduced	1	
955	C065858	hinesol	1990-10-26	DateIntroduced	1	
956	C079168	agathisflavone	1993-02-08	DateIntroduced	1	
957	C000647376	Agathobaculum butyriciproducens	2020-01-01	DateIntroduced	2	date
958	C528168	AgBiS2	2008-04-20	DateIntroduced	1	
959	C083641	aggrecanase	1993-11-09	DateIntroduced	1	
960	C000727087	Deinagkistrodon acutus	2023-03-02	DateIntroduced	2	date
961	C419063	aglepristone	2001-01-29	DateIntroduced	1	
962	C019625	agmatinase	1973-01-01	DateIntroduced	1	
963	C044358	N-acetylglutamate 4-nitroanilide	1985-03-28	DateIntroduced	1	
964	C062407	agrimol B	1990-02-16	DateIntroduced	1	
965	C052420	agrimoniin	1987-06-10	DateIntroduced	1	
966	C036057	agrimonolide	1982-11-08	DateIntroduced	1	
967	C000647362	Agrobacterium fabrum	2020-01-01	DateIntroduced	2	date
968	C000640264	Rhizobium pusense	2020-01-01	DateIntroduced	2	date
969	C403866	agrochelin	2000-02-14	DateIntroduced	1	
970	C000714949	AGuIX	2021-03-08	DateIntroduced	2	date
971	C432003	N-acyl homoserine lactonase	2001-08-06	DateIntroduced	1	
972	C449816	N-acylhomoserine lactone synthase	2002-03-20	DateIntroduced	1	
973	C006537	4-amino-5-hydrazino-1,2,4-triazole-3-thiol	1974-01-01	DateIntroduced	1	
974	C029825	ailanthone	1981-06-10	DateIntroduced	1	
975	C520604	aildenafil	2007-06-21	DateIntroduced	1	
976	C047416	1-amino-3-imino-N,N'-propene diacetate	1986-01-10	DateIntroduced	1	
977	C055612	N-(3-(4-azido-3-iodophenyl)propionyl)succinimide	1988-05-24	DateIntroduced	1	
978	C471849	lenabasum	2003-03-08	DateIntroduced	1	
979	C000707852	ziresovir	2020-06-25	DateIntroduced	2	date
980	C473845	akaganeite	2003-05-12	DateIntroduced	1	
981	C000659966	Akanthomyces muscarius	2021-01-01	DateIntroduced	2	date
982	C000606545	N-(1-adamantyl)-1-pentylindazole-3-carboxamide	2016-04-10	DateIntroduced	2	date
983	C000598564	AKB-9778	2015-06-11	DateIntroduced	2	date
984	C534004	akebia saponin D	2008-12-26	DateIntroduced	1	
985	C000614067	AKT activator SC79	2017-02-09	DateIntroduced	2	date
986	C000595957	netupitant, palosentron drug combination	2015-03-11	DateIntroduced	2	date
987	C425904	davunetide	2001-05-17	DateIntroduced	1	
988	C054122	alanylglutamine	1987-12-18	DateIntroduced	1	
989	C028872	alanylglycine	1981-04-15	DateIntroduced	1	
990	C014309	alanylphenylalanine	1977-01-01	DateIntroduced	1	
991	C038123	alanylproline	1983-06-15	DateIntroduced	1	
992	C016968	alanyltyrosine	1978-01-01	DateIntroduced	1	
993	C562827	Alacrima	2012-11-05	DateIntroduced	1	
994	C406794	alagebrium	2000-04-24	DateIntroduced	1	
995	C581752	alamandine	2013-06-19	DateIntroduced	2	date
996	C581934	alarin	2013-06-27	DateIntroduced	2	date
997	C027186	albendazole sulfoxide	1980-12-10	DateIntroduced	1	
998	C014959	albiflorin	1978-01-01	DateIntroduced	1	
999	C537728	Oculocutaneous albinism type 1	2010-08-25	DateIntroduced	1	
1000	C016969	albofungin	1974-01-01	DateIntroduced	1	
1001	C015657	albomycin	1978-01-01	DateIntroduced	1	
1002	C573334	albuvirtide	2012-07-08	DateIntroduced	1	
1003	C000712847	(4-hydroxybutyl)azanediyl)bis(hexane-6,1-diyl)bis(2-hexyldecanoate)	2021-02-01	DateIntroduced	2	date
1004	C020124	ethanol acyltransferase	1979-01-01	DateIntroduced	1	
1005	C019643	alcohol oxidase	1970-01-01	DateIntroduced	1	
1006	C000604955	clazakizumab	2016-02-14	DateIntroduced	2	date
1007	C082598	aldesleukin	1993-09-10	DateIntroduced	1	
1008	C582670	alectinib	2013-08-04	DateIntroduced	2	date
1009	C000728933	alepterolic acid	2023-07-12	DateIntroduced	2	date
1010	C064549	lectin, Aleuria aurantia	1990-07-17	DateIntroduced	1	
1011	C001570	alexidine	1975-01-01	DateIntroduced	1	
1012	C438283	alprostadil, prazosin drug combination	2001-11-01	DateIntroduced	1	
1013	C000652085	Arcobacter cryaerophilus	2020-01-01	DateIntroduced	2	date
1014	C037759	trioctylmethylammonium	1981-12-30	DateIntroduced	1	
1015	C550258	MLN 8237	2010-06-22	DateIntroduced	1	
1016	C000050	alisol A	1973-01-01	DateIntroduced	1	
1017	C457232	alisol B	2002-06-22	DateIntroduced	1	
1018	C526957	alisol B 23-acetate	2008-03-03	DateIntroduced	1	
1019	C000649049	Alistipes finegoldii	2020-01-01	DateIntroduced	2	date
1020	C000648757	Alistipes onderdonkii	2020-01-01	DateIntroduced	2	date
1021	C000648756	Alistipes putredinis	2020-01-01	DateIntroduced	2	date
1022	C000648754	Alistipes shahii	2020-01-01	DateIntroduced	2	date
1023	C019839	alkaline phosphatase, placental	1976-01-01	DateIntroduced	1	
1024	C087822	alkaline protease	1994-07-18	DateIntroduced	1	
1025	C018204	alkannin	1979-01-01	DateIntroduced	1	
1026	C531762	Alkaptonuric ochronosis	2010-06-25	DateIntroduced	1	
1027	C537047	Allan-Herndon-Dudley syndrome	2010-06-25	DateIntroduced	1	
1028	C550113	allantopyrone A	2010-06-17	DateIntroduced	1	
1029	C076523	allatostatin	1992-10-05	DateIntroduced	1	
1030	C021377	hydroperoxide isomerase	1976-01-01	DateIntroduced	1	
1031	C012710	allithiamine	1977-01-01	DateIntroduced	1	
1032	C000713149	Allium macrostemon	2022-01-01	DateIntroduced	2	date
1033	C054851	allosamidin	1987-06-18	DateIntroduced	1	
1034	C002055	allose	1973-01-01	DateIntroduced	1	
1035	C000785	securinine	1972-01-01	DateIntroduced	1	
1036	C009842	allylthiourea	1975-01-01	DateIntroduced	1	
1037	C000718108	aumolertinib	2021-07-09	DateIntroduced	2	date
1038	C069868	aloesin	1991-08-14	DateIntroduced	1	
1039	C062701	aloperine	1990-03-03	DateIntroduced	1	
1040	C016001	alpha-1-microglobulin	1978-01-01	DateIntroduced	1	
1041	C000654245	amyrin acetate	2020-01-01	DateIntroduced	2	date
1042	C020569	4 alpha-glucanotransferase	1979-01-01	DateIntroduced	1	
1043	C046643	alpha-internexin	1985-11-06	DateIntroduced	1	
1044	C108352	alpha-methylacyl-CoA racemase	1997-10-15	DateIntroduced	1	
1045	C004821	muricholic acid	1973-01-01	DateIntroduced	1	
1046	C033079	alpha-N-acetyl-D-glucosaminidase	1982-01-12	DateIntroduced	1	
1047	C404388	alpha-tocomonoenol	2000-02-25	DateIntroduced	1	
1048	C029659	zearalenol	1981-06-09	DateIntroduced	1	
1049	C000614552	alphitolic acid	2017-02-28	DateIntroduced	2	date
1050	C436748	alpinetin	2001-10-14	DateIntroduced	1	
1051	C000154	alpinumisoflavone	1972-01-01	DateIntroduced	1	
1052	C120793	alsterpaullone	1999-09-16	DateIntroduced	1	
1053	C582303	nogapendekin alfa inbakicept	2013-07-19	DateIntroduced	2	date
1054	C071983	altanserin	1992-01-15	DateIntroduced	1	
1055	C061865	altemicidin	1989-12-29	DateIntroduced	1	
1056	C040005	altenuene	1984-01-21	DateIntroduced	1	
1057	C095643	altenusin	1995-10-16	DateIntroduced	1	
1058	C439358	alternan	2001-11-18	DateIntroduced	1	
1059	C000660240	Alternaria alstroemeriae	2021-01-01	DateIntroduced	2	date
1060	C000660533	Alternaria tenuissima	2021-01-01	DateIntroduced	2	date
1061	C005197	alternariol	1969-01-01	DateIntroduced	1	
1062	C018206	alternariol monomethyl ether	1979-01-01	DateIntroduced	1	
1063	C526095	Alternol	2008-01-28	DateIntroduced	1	
1064	C000648319	Alteromonas macleodii	2020-01-01	DateIntroduced	2	date
1065	C050233	altertoxin I	1986-12-17	DateIntroduced	1	
1066	C023445	altrenogest	1980-04-07	DateIntroduced	1	
1067	C000608700	aluminum chloride phthalocyanine	2016-06-30	DateIntroduced	2	date
1068	C104223	aluminum lactate	1997-03-03	DateIntroduced	1	
1069	C060570	aluminum phthalocyanine	1989-09-01	DateIntroduced	1	
1070	C044797	chloroaluminum phthalocyanine	1985-05-02	DateIntroduced	1	
1071	C536590	Alveolar capillary dysplasia	2010-08-25	DateIntroduced	1	
1072	C077990	alvocidib	1992-12-10	DateIntroduced	1	
1073	C510369	(R)-(N-(3-(4'-fluorophenyl)-3-(4'-phenylphenoxy)propyl))sarcosine	2006-05-22	DateIntroduced	1	
1074	C000731138	deutivacaftor, tezacaftor, vanzacaftor drug combination	2025-01-16	DateIntroduced	2	date
1075	C000728253	EPAC1 inhibitor AM-001	2023-04-27	DateIntroduced	2	date
1076	C094023	iodopravadoline	1995-07-10	DateIntroduced	1	
1077	C439263	AM 1241	2001-11-16	DateIntroduced	1	
1078	C068073	Am 580	1991-04-29	DateIntroduced	1	
1079	C539490	AM 6527	2009-03-30	DateIntroduced	1	
1080	C551825	AM6545	2010-09-01	DateIntroduced	1	
1081	C061133	tamibarotene	1989-10-20	DateIntroduced	1	
1082	C526187	amatuximab	2008-01-31	DateIntroduced	1	
1083	C423306	1-methyl-4-dimethylaminomethyl-5-hydroxybenzimidazole	2001-04-10	DateIntroduced	1	
1084	C413580	ambrox	2000-09-26	DateIntroduced	1	
1085	C494414	mavorixafor	2004-12-26	DateIntroduced	1	
1086	C033233	actinomycin D1	1982-01-22	DateIntroduced	1	
1087	C033234	actinomycin D2	1982-01-22	DateIntroduced	1	
1088	C568714	ASP2151	2011-12-19	DateIntroduced	1	
1089	C038010	17-acetoxy-18-methyl-4-estren-3-one	1983-06-02	DateIntroduced	1	
1090	C009719	ameroid	1975-01-01	DateIntroduced	1	
1091	C000601857	ametoctradin	2015-10-05	DateIntroduced	2	date
1092	C587103	AMG 330	2014-03-18	DateIntroduced	2	date
1093	C541505	N-(1-(3-(4-ethoxyphenyl)-4-oxo-3,4-dihydropyrido(2,3-d)pyrimidin-2-yl)ethyl)-N-pyridin-3-ylmethyl-2-(4-trifluoromethoxyphenyl)acetamide	2009-06-23	DateIntroduced	1	
1094	C000706028	sotorasib	2020-05-12	DateIntroduced	2	date
1095	C523409	N-(4-(6-(4-trifluoromethylphenyl)pyrimidin-4-yloxy)benzothiazol-2-yl)acetamide	2007-10-10	DateIntroduced	1	
1096	C500530	3-(4-t-butylphenyl)-N-(2,3-dihydrobenzo(b)(1,4)dioxin-6-yl)acrylamide	2005-05-18	DateIntroduced	1	
1097	C541917	INT 131	2009-07-11	DateIntroduced	1	
1098	C000720001	tapotoclax	2021-11-09	DateIntroduced	2	date
1099	C555658	N-(4-((3-(2-amino-4-pyrimidinyl)-2-pyridinyl)oxy)phenyl)-4-(4-methyl-2-thienyl)-1-phthalazinamine	2011-02-06	DateIntroduced	1	
1100	C000722655	AMG 757	2022-06-24	DateIntroduced	2	date
1101	C557282	romosozumab	2011-04-10	DateIntroduced	1	
1102	C003338	spiramide	1972-01-01	DateIntroduced	1	
1103	C000608976	amicarbazone	2016-07-08	DateIntroduced	2	date
1104	C506587	amidosulfobetaine-14	2005-12-30	DateIntroduced	1	
1105	C006495	aminoacetone	1974-01-01	DateIntroduced	1	
1106	C514459	aminoethyl methacrylate	2006-10-30	DateIntroduced	1	
1107	C022750	X-Pro aminopeptidase	1980-01-01	DateIntroduced	1	
1108	C000629094	aminophosphine	2018-11-29	DateIntroduced	2	date
1109	C049860	amiridine	1986-09-30	DateIntroduced	1	
1110	C000708570	amisulbrom	2020-07-09	DateIntroduced	2	date
1111	C000718215	amivantamab	2021-07-19	DateIntroduced	2	date
1112	C045742	amlexanox	1985-08-02	DateIntroduced	1	
1113	C045582	ammonia monooxygenase	1985-07-24	DateIntroduced	1	
1114	C048169	ammonium sulfite	1986-04-16	DateIntroduced	1	
1115	C098609	ammonium dinitramide	1996-04-16	DateIntroduced	1	
1116	C582942	ammonium iodide	2013-08-19	DateIntroduced	2	date
1117	C031276	ammonium peroxydisulfate	1981-11-25	DateIntroduced	1	
1118	C068559	propylsulfonic acid	1991-05-25	DateIntroduced	1	
1119	C026976	thiocyanic acid	1980-11-25	DateIntroduced	1	
1120	C037020	amonafide	1983-02-04	DateIntroduced	1	
1121	C118577	amotosalen	1999-04-30	DateIntroduced	1	
1122	C005147	5'-adenylyl (beta,gamma-methylene)diphosphonate	1973-01-01	DateIntroduced	1	
1123	C061763	2-aminomethyl-4-(4-chlorophenyl)-4-hydroxybutyric acid	1989-12-20	DateIntroduced	1	
1124	C000663448	Beauveria felina	2021-01-01	DateIntroduced	2	date
1125	C075637	amphiphysin	1992-08-13	DateIntroduced	1	
1126	C438267	amphisin	2001-11-01	DateIntroduced	1	
1127	C000601820	ampreloxetine	2015-10-04	DateIntroduced	2	date
1128	C055866	amrubicin	1988-06-14	DateIntroduced	1	
1129	C506266	(N,N-bis(2-chloroethyl))-2-aminoethyl-3-((acridin-9-yl)amino)propionate	2005-12-18	DateIntroduced	1	
1130	C000731927	vutrisiran	2026-03-13	DateIntroduced	2	date
1131	C000721061	AMY-101	2022-01-25	DateIntroduced	2	date
1132	C005264	n-amylamine	1969-01-01	DateIntroduced	1	
1133	C080033	Chiralpak AD	1993-04-03	DateIntroduced	1	
1134	C019700	amylosucrase	1978-01-01	DateIntroduced	1	
1135	C100769	amylovoran	1996-09-06	DateIntroduced	1	
1136	C538250	Amyopathic dermatomyositis	2010-11-13	DateIntroduced	1	
1137	C511312	amyrone	2006-06-28	DateIntroduced	1	
1138	C000731930	anacaulase	2026-03-13	DateIntroduced	2	date
1139	C000653462	Anaerobutyricum hallii	2020-01-01	DateIntroduced	2	date
1140	C000653461	Anaerobutyricum soehngenii	2020-01-01	DateIntroduced	2	date
1141	C000653134	Anaerostipes caccae	2020-01-01	DateIntroduced	2	date
1142	C000653133	Anaerostipes hadrus	2020-01-01	DateIntroduced	2	date
1143	C583175	anagliptin	2013-08-30	DateIntroduced	2	date
1144	C563020	Anal Canal Carcinoma	2012-11-05	DateIntroduced	1	
1145	C000593861	anamorelin	2014-12-21	DateIntroduced	2	date
1146	C000653112	Anaplasma capra	2020-01-01	DateIntroduced	2	date
1147	C000653110	Anaplasma platys	2020-01-01	DateIntroduced	2	date
1148	C423921	anastellin	2001-04-18	DateIntroduced	1	
1149	C012737	anatabine	1977-01-01	DateIntroduced	1	
1150	C538256	Anauxetic dysplasia	2010-08-25	DateIntroduced	1	
1151	C568535	tetrahydro-N, N-dimethyl-2,2-diphenyl-3-furanmethanamine hydrochloride	2011-12-12	DateIntroduced	1	
1152	C000731822	garadacimab	2026-01-15	DateIntroduced	2	date
1153	C580915	PRT064445	2013-05-07	DateIntroduced	2	date
1154	C088069	andrimid	1994-07-29	DateIntroduced	1	
1155	C000727378	Androctonus australis	2023-03-14	DateIntroduced	2	date
1156	C071696	androsin	1991-12-21	DateIntroduced	1	
1157	C026905	androsterone sulfate	1980-11-10	DateIntroduced	1	
1158	C000620474	anemoside B4	2017-06-15	DateIntroduced	2	date
1159	C011659	angelicin	1976-01-01	DateIntroduced	1	
1160	C077447	angeloylzygadenine	1992-11-18	DateIntroduced	1	
1161	C531860	Angiopep-2	2008-09-25	DateIntroduced	1	
1162	C118790	angiotensin I (1-7)	1999-05-14	DateIntroduced	1	
1163	C000620716	Angong Niuhuang Pill	2017-06-20	DateIntroduced	2	date
1164	C510997	angucyclinone	2006-06-15	DateIntroduced	1	
1165	C430327	anhydro-N-acetylmuramic acid	2001-07-09	DateIntroduced	1	
1166	C578157	anhydroicaritin	2013-02-08	DateIntroduced	2	date
1167	C582345	anifrolumab	2013-07-21	DateIntroduced	2	date
1168	C095886	anillin	1995-10-30	DateIntroduced	1	
1169	C435690	anilofos	2001-09-28	DateIntroduced	1	
1170	C539751	ankaferd blood stopper	2009-04-09	DateIntroduced	1	
1171	C000625192	anlotinib	2017-12-03	DateIntroduced	2	date
1172	C045014	N-acetylneuraminoyllactose sulfate ester	1985-05-13	DateIntroduced	1	
1173	C080315	annamycin	1993-04-16	DateIntroduced	1	
1174	C492760	FITC-annexin A5	2004-10-30	DateIntroduced	1	
1175	C053442	annonacin	1987-09-28	DateIntroduced	1	
1176	C562461	Annular Erythema	2012-11-05	DateIntroduced	1	
1177	C065837	anomalin	1990-10-24	DateIntroduced	1	
1178	C443041	anoplin	2002-01-08	DateIntroduced	1	
1179	C000718907	Ansa pancreatica	2021-08-27	DateIntroduced	2	date
1180	C000625634	ansatrienin B	2017-12-21	DateIntroduced	2	date
1181	C000711947	ansuvimab	2020-12-23	DateIntroduced	2	date
1182	C103016	antalarmin	1997-01-21	DateIntroduced	1	
1183	C000602429	antcin K	2015-11-01	DateIntroduced	2	date
1184	C537069	Foix Chavany Marie syndrome	2010-08-25	DateIntroduced	1	
1185	C046958	substance P (6-11), Arg(6)-Trp(7,9)-Me-Phe(8)-	1985-12-03	DateIntroduced	1	
1186	C000611266	obiltoxaximab	2017-01-01	DateIntroduced	2	date
1187	C000718810	anti-amphiphysin autoantibody	2021-08-20	DateIntroduced	2	date
1188	C000719032	anti-aquaporin 4 autoantibody	2021-09-03	DateIntroduced	2	date
1189	C538950	anticentromere antibody	2009-03-06	DateIntroduced	1	
1190	C000718988	anti-dsDNA autoantibody	2021-09-02	DateIntroduced	2	date
1191	C046750	Jo-1 antibody	1985-11-05	DateIntroduced	1	
1192	C045760	Mi-2 antibodies	1985-08-21	DateIntroduced	1	
1193	C091012	Scianna antibody	1995-01-17	DateIntroduced	1	
1194	C000719031	anti-titin autoantibody	2021-09-03	DateIntroduced	2	date
1195	C000719013	anti-Yo autoantibodies	2021-09-02	DateIntroduced	2	date
1196	C012749	anticomplement	1976-01-01	DateIntroduced	1	
1197	C064234	antimony trisulfide	1990-06-25	DateIntroduced	1	
1198	C049628	antisecretory factor	1986-09-12	DateIntroduced	1	
1199	C053155	antistasin	1987-08-12	DateIntroduced	1	
1200	C537778	Antisynthetase syndrome	2010-08-25	DateIntroduced	1	
1201	C000621572	delgocitinib	2017-07-30	DateIntroduced	2	date
1202	C537782	Aorta-pulmonary artery fistula	2010-08-25	DateIntroduced	1	
1203	C031231	2-amino-7-phosphonoheptanoic acid	1981-09-08	DateIntroduced	1	
1204	C463061	AP20187	2002-08-15	DateIntroduced	1	
1205	C000628794	apabetalone	2018-11-06	DateIntroduced	2	date
1206	C572045	apalutamide	2012-05-11	DateIntroduced	1	
1207	C553458	apatinib	2010-11-16	DateIntroduced	1	
1208	C000593255	apcin	2014-11-30	DateIntroduced	2	date
1209	C031876	azacycloheptane-2,2-diphosphonate	1981-10-30	DateIntroduced	1	
1210	C495200	apelin-12 peptide	2005-01-16	DateIntroduced	1	
1211	C495199	apelin-13 peptide	2005-01-16	DateIntroduced	1	
1212	C074418	Apexit	1992-06-07	DateIntroduced	1	
1213	C000722437	pelcitoclax	2022-06-01	DateIntroduced	2	date
1214	C000726452	Lisaftoclax	2023-01-10	DateIntroduced	2	date
1215	C048564	aminoglycoside 2''-phosphotransferase	1986-05-22	DateIntroduced	1	
1216	C022679	streptomycin 3''-kinase	1975-01-01	DateIntroduced	1	
1217	C054801	N'-(3-aminopropyl)homospermidine	1988-03-14	DateIntroduced	1	
1218	C061361	apidaecin	1989-11-08	DateIntroduced	1	
1219	C057792	apigetrin	1988-12-29	DateIntroduced	1	
1220	C456097	apigenin-7-O-glucuronide	2002-06-09	DateIntroduced	1	
1221	C089378	rhoifolin	1994-10-10	DateIntroduced	1	
1222	C585972	apilarnil	2014-01-28	DateIntroduced	2	date
1223	C504227	apilimod	2005-10-02	DateIntroduced	1	
1224	C000722231	apitegromab	2022-05-12	DateIntroduced	2	date
1225	C015685	aplysinopsin	1978-01-01	DateIntroduced	1	
1226	C049738	1-(2-hydroxyethyl)-2-methyl-5-nitroimidazole N-(5-carboxy-5-aminopentane)carbamate	1986-08-29	DateIntroduced	1	
1227	C000712807	apolipoprotein E mimetic peptide CN-105	2021-02-01	DateIntroduced	2	date
1228	C023478	apohemoglobin	1980-04-14	DateIntroduced	1	
1229	C022205	apolipoprotein A-IV	1980-01-01	DateIntroduced	1	
1230	C533410	eprenetapopt	2008-12-06	DateIntroduced	1	
1231	C000710330	apraglutide	2020-09-09	DateIntroduced	2	date
1232	C011666	apramycin	1976-01-01	DateIntroduced	1	
1233	C572762	aprocitentan	2012-06-17	DateIntroduced	1	
1234	C476811	aptosimon	2003-09-02	DateIntroduced	1	
1235	C043846	adenylyl-(3'-5')-uridine 3'-monophosphate	1985-01-24	DateIntroduced	1	
1236	C570438	APX001A	2012-03-04	DateIntroduced	1	
1237	C094428	AQ4N	1995-08-03	DateIntroduced	1	
1238	C003771	Amberlite XAD-2 resin	1973-01-01	DateIntroduced	1	
1239	C561701	AR C124910XX	2011-10-13	DateIntroduced	1	
1240	C546977	AR C155858	2010-02-07	DateIntroduced	1	
1241	C434734	galanin (2-11)-amide	2001-09-14	DateIntroduced	1	
1242	C408128	AR-R 17779	2000-05-22	DateIntroduced	1	
1243	C010032	thymine arabinoside	1975-01-01	DateIntroduced	1	
1244	C576178	cibinetide	2012-11-11	DateIntroduced	1	
1245	C006619	arabinogalactan proteins	1974-01-01	DateIntroduced	1	
1246	C101967	arabinosyltransferase	1996-11-29	DateIntroduced	1	
1247	C014999	arabitol	1978-01-01	DateIntroduced	1	
1248	C455117	aramchol	2002-05-25	DateIntroduced	1	
1249	C054709	ardisiacrispin B	1988-03-07	DateIntroduced	1	
1250	C055393	arenobufagin	1988-05-03	DateIntroduced	1	
1251	C076685	arginylarginine	1992-10-14	DateIntroduced	1	
1252	C578860	arginyl-glutamine	2013-03-13	DateIntroduced	2	date
1253	C024362	arginine glutamate	1980-06-18	DateIntroduced	1	
1254	C104090	arginyllysine	1997-02-26	DateIntroduced	1	
1255	C020681	glycine amidinotransferase	1969-01-01	DateIntroduced	1	
1256	C083346	arglabin	1993-10-20	DateIntroduced	1	
1257	C107313	argpyrimidine	1997-08-22	DateIntroduced	1	
1258	C000718373	efgartigimod alfa	2021-07-27	DateIntroduced	2	date
1259	C000603935	aripiprazole lauroxil	2015-12-31	DateIntroduced	2	date
1260	C121135	aristolactam I	1999-10-17	DateIntroduced	1	
1261	C484967	arjunetin	2004-05-12	DateIntroduced	1	
1262	C000657366	arjungenin	2020-02-24	DateIntroduced	2	date
1263	C479759	sericoside	2003-12-18	DateIntroduced	1	
1264	C061640	arjunolic acid	1989-12-11	DateIntroduced	1	
1265	C015478	pretyrosine	1977-01-01	DateIntroduced	1	
1266	C022437	pretyrosine dehydratase	1977-01-01	DateIntroduced	1	
1267	C519959	aromadendrane	2007-05-31	DateIntroduced	1	
1268	C537436	Aromatase deficiency	2010-08-25	DateIntroduced	1	
1269	C019729	aromatic amino acid aminotransferase	1978-01-01	DateIntroduced	1	
1270	C537437	Aromatic amino acid decarboxylase deficiency	2010-08-25	DateIntroduced	1	
1271	C064321	cyclic AMP-regulated phosphoprotein 19	1990-06-29	DateIntroduced	1	
1272	C000608559	Miransertib	2016-06-23	DateIntroduced	2	date
1273	C517975	AZD 6244	2007-03-14	DateIntroduced	1	
1274	C000629713	ARS-1620	2019-02-04	DateIntroduced	2	date
1275	C536787	Spastic ataxia Charlevoix-Saguenay type	2010-08-25	DateIntroduced	1	
1276	C038992	arsenobetaine	1983-11-23	DateIntroduced	1	
1277	C006634	arteannuin B	1974-01-01	DateIntroduced	1	
1278	C044690	polyetherurethane urea	1985-06-04	DateIntroduced	1	
1279	C102259	artepillin C	1996-12-20	DateIntroduced	1	
1280	C489136	arterolane	2004-09-03	DateIntroduced	1	
1281	C000661958	Arthrinium phaeospermum	2021-01-01	DateIntroduced	2	date
1282	C000652015	Arthrobacter agilis	2020-01-01	DateIntroduced	2	date
1283	C000651714	Arthrobacter globiformis	2020-01-01	DateIntroduced	2	date
1284	C000661991	Arthrobotrys flagrans	2021-01-01	DateIntroduced	2	date
1285	C000678833	Trichophyton benhamiae	2021-01-01	DateIntroduced	2	date
1286	C090683	artocarpin lectin	1991-07-29	DateIntroduced	1	
1287	C000727253	Artocarpus lacucha	2023-03-08	DateIntroduced	2	date
1288	C535388	Arts syndrome	2010-08-25	DateIntroduced	1	
1289	C000720760	ARV-771	2022-01-10	DateIntroduced	2	date
1290	C500823	arvelexin	2005-06-01	DateIntroduced	1	
1291	C000710874	ARX788	2020-10-13	DateIntroduced	2	date
1292	C077759	aryl-alcohol oxidase	1992-12-02	DateIntroduced	1	
1293	C000731883	arylidene	2026-01-21	DateIntroduced	2	date
1294	C517830	arzanol	2007-03-08	DateIntroduced	1	
1295	C505144	5-quinoxalin-6-ylmethylenethiazolidine-2,4-dione	2005-11-06	DateIntroduced	1	
1296	C000616023	AS01B adjuvant	2017-03-23	DateIntroduced	2	date
1297	C544923	4-(benzylamino)-2-((2-(3-chloro-4-hydroxyphenyl)ethyl)amino)pyrimidine-5-carboxamide	2009-11-20	DateIntroduced	1	
1298	C553926	5-amino-7-(cyclohexylamino)-1-ethyl-6-fluoro-4-oxo-1,4-dihydroquinoline-3-carboxylic acid	2010-12-05	DateIntroduced	1	
1299	C070385	4-azidosalicylic acid-phosphatidylserine	1991-09-16	DateIntroduced	1	
1300	C000651664	Asaia lannensis	2020-01-01	DateIntroduced	2	date
1301	C043372	ascaridole	1984-12-14	DateIntroduced	1	
1302	C562742	Blepharochalasis And Double Lip	2012-11-05	DateIntroduced	1	
1303	C000662152	Ascochyta medicaginicola	2021-01-01	DateIntroduced	2	date
1304	C000662158	Ascochyta rabiei	2021-01-01	DateIntroduced	2	date
1305	C058028	immunomycin	1989-01-25	DateIntroduced	1	
1306	C058519	ascophyllin	1989-03-15	DateIntroduced	1	
1307	C522667	asenapine	2007-09-11	DateIntroduced	1	
1308	C570710	asfotase alfa	2012-03-15	DateIntroduced	1	
1309	C063745	capsid protein p72, African swine fever virus	1990-05-21	DateIntroduced	1	
1310	C017032	asiatic acid	1978-01-01	DateIntroduced	1	
1311	C004446	asiaticoside	1968-01-01	DateIntroduced	1	
1312	C563168	Askin Tumor	2012-11-05	DateIntroduced	1	
1313	C488516	asoprisnil	2004-08-13	DateIntroduced	1	
1314	C108952	aspartyl-aspartic acid	1997-11-26	DateIntroduced	1	
1315	C038676	aspartylglutamate	1983-08-18	DateIntroduced	1	
1316	C038815	aspartyllysine	1983-08-25	DateIntroduced	1	
1317	C070752	aspartyl-proline	1991-10-04	DateIntroduced	1	
1318	C000592144	(7-fluoro-1-(2-methylpropyl)-2-oxo-1,2-dihydro-3H-indol-3-ylidene)acetic acid	2014-10-05	DateIntroduced	2	date
1319	C029194	asparaginyl-tRNA synthetase	1981-05-12	DateIntroduced	1	
1320	C000595188	calaspargase pegol	2015-02-11	DateIntroduced	2	date
1321	C006644	aspartic semialdehyde	1975-01-01	DateIntroduced	1	
1322	C075871	aspartimide	1992-08-27	DateIntroduced	1	
1323	C004524	aspergillic acid	1969-01-01	DateIntroduced	1	
1324	C029094	aspergillopepsin I	1981-05-21	DateIntroduced	1	
1325	C000662247	Aspergillus aculeatus	2021-01-01	DateIntroduced	2	date
1326	C000662305	Aspergillus brasiliensis	2021-01-01	DateIntroduced	2	date
1327	C000662317	Aspergillus calidoustus	2021-01-01	DateIntroduced	2	date
1328	C000662321	Aspergillus candidus	2021-01-01	DateIntroduced	2	date
1329	C000662333	Aspergillus chevalieri	2021-01-01	DateIntroduced	2	date
1330	C000662345	Aspergillus clavatus	2021-01-01	DateIntroduced	2	date
1331	C000662360	Aspergillus cristatus	2021-01-01	DateIntroduced	2	date
1332	C000662456	Aspergillus japonicus	2021-01-01	DateIntroduced	2	date
1333	C000658162	Aspergillus lentulus	2021-01-01	DateIntroduced	2	date
1334	C000662478	Aspergillus luchuensis	2021-01-01	DateIntroduced	2	date
1335	C000662491	Aspergillus micronesiensis	2021-01-01	DateIntroduced	2	date
1336	C000662500	Aspergillus montevidensis	2021-01-01	DateIntroduced	2	date
1337	C000662645	Aspergillus sydowii	2021-01-01	DateIntroduced	2	date
1338	C000662676	Aspergillus tubingensis	2021-01-01	DateIntroduced	2	date
1339	C000662686	Aspergillus ustus	2021-01-01	DateIntroduced	2	date
1340	C000662693	Aspergillus versicolor	2021-01-01	DateIntroduced	2	date
1341	C000662703	Aspergillus welwitschiae	2021-01-01	DateIntroduced	2	date
1342	C000662705	Aspergillus westerdijkiae	2021-01-01	DateIntroduced	2	date
1343	C432744	asperulosidic acid	2001-08-15	DateIntroduced	1	
1344	C000718654	Asphodelus albus	2021-08-11	DateIntroduced	2	date
1345	C575435	aspirin eugenol ester	2012-10-07	DateIntroduced	1	
1346	C000705711	aflutinib	2020-04-28	DateIntroduced	2	date
1347	C071288	astacin	1991-11-15	DateIntroduced	1	
1348	C000711667	astegolimab	2020-12-11	DateIntroduced	2	date
1349	C099069	astilbin	1996-05-27	DateIntroduced	1	
1350	C052064	astragaloside A	1987-06-01	DateIntroduced	1	
1351	C580601	astragaloside II	2013-04-22	DateIntroduced	2	date
1352	C000727166	astrakurkurone	2023-03-03	DateIntroduced	2	date
1353	C000730110	asundexian	2024-01-26	DateIntroduced	2	date
1354	C000726367	Bainbridge-Ropers syndrome	2022-12-21	DateIntroduced	2	date
1355	C000630655	at-403	2019-04-10	DateIntroduced	2	date
1356	C552103	(2,4-dihydroxy-5-isopropylphenyl)-(5-(4-methylpiperazin-1-ylmethyl)-1,3-dihydroisoindol-2-yl)methanone	2010-09-14	DateIntroduced	1	
1357	C531230	4-(2,6-dichlorobenzoylamino)-1H-pyrazole-3-carboxylic acid piperidin-4-ylamide	2008-09-08	DateIntroduced	1	
1358	C073740	allatotropin (5-13), N-acetylVal-Nle(7,8)-	1992-04-23	DateIntroduced	1	
1359	C524618	TACI receptor-IgG Fc fragment fusion protein	2007-11-30	DateIntroduced	1	
1360	C537308	Spinocerebellar ataxia, autosomal recessive 1	2010-08-25	DateIntroduced	1	
1361	C066056	alpha',2'-benzobenzamil	1990-11-14	DateIntroduced	1	
1362	C059821	atelocollagen	1989-06-29	DateIntroduced	1	
1363	C066033	7-O-(3-amino-2,3,6-trideoxy-alpha-hexopyranosyl)-epsilon-isorhodomycinone	1990-11-12	DateIntroduced	1	
1364	C586629	ATI-2341	2014-02-26	DateIntroduced	2	date
1365	C000590915	Aticaprant	2014-08-21	DateIntroduced	2	date
1366	C000651639	Atlantibacter hermannii	2020-01-01	DateIntroduced	2	date
1367	C538196	Atlanto-Axial Fusion	2010-08-25	DateIntroduced	1	
1368	C404392	acetyl-prolyl-histidyl-seryl-cysteinyl-asparaginamide	2000-02-25	DateIntroduced	1	
1369	C000718987	atogepant	2021-09-02	DateIntroduced	2	date
1370	C000714307	2-(2-chloro-4-iodophenylamino)-N-3,4-difluorobenzoic acid	2021-03-01	DateIntroduced	2	date
1371	C424804	atractylenolide I	2001-04-30	DateIntroduced	1	
1372	C424802	atractylenolide III	2001-04-30	DateIntroduced	1	
1373	C106914	atractylodin	1997-07-28	DateIntroduced	1	
1374	C046196	atractylon	1985-09-30	DateIntroduced	1	
1375	C026304	atranorin	1980-09-16	DateIntroduced	1	
1376	C538259	Congenital atransferrinemia	2010-08-25	DateIntroduced	1	
1377	C480398	atraric acid	2004-01-13	DateIntroduced	1	
1378	C015694	magnesium chlorphenoxyisobutyrate, mesoinositol hexanicotinate drug combination	1978-01-01	DateIntroduced	1	
1379	C584947	ATSP-7041	2013-12-12	DateIntroduced	2	date
1380	C407741	UBP1 protein, plant	2000-05-12	DateIntroduced	1	
1381	C115015	PKC-3 protein	1998-10-28	DateIntroduced	1	
1382	C052097	aurachin D	1987-06-18	DateIntroduced	1	
1383	C000611371	fructus aurantii immaturus	2016-10-06	DateIntroduced	2	date
1384	C000662983	Aureobasidium melanogenum	2021-01-01	DateIntroduced	2	date
1385	C533114	aureonitol	2008-11-24	DateIntroduced	1	
1386	C000663034	Auricularia heimuer	2021-01-01	DateIntroduced	2	date
1387	C543533	auristatin	2009-09-15	DateIntroduced	1	
1388	C474729	austdiol	2003-06-18	DateIntroduced	1	
1389	C000612165	N-(3-(benzimidazol-1-yl)-1,4-dioxonaphthalen-2-yl)-4-nitrobenzenesulfonamide	2016-11-17	DateIntroduced	2	date
1390	C531729	Autoimmune limbic encephalitis	2010-08-25	DateIntroduced	1	
1391	C538275	Autoimmune polyendocrinopathy syndrome, type 1	2010-08-25	DateIntroduced	1	
1392	C535299	Autoimmune progesterone dermatitis	2010-08-25	DateIntroduced	1	
1393	C536522	Vacuolar myopathy	2010-08-25	DateIntroduced	1	
1394	C579935	Autosomal Recessive Primary Microcephaly	2013-10-24	DateIntroduced	2	date
1395	C015950	indoleacetamide	1978-01-01	DateIntroduced	1	
1396	C000721808	zegocractin	2022-03-28	DateIntroduced	2	date
1397	C528044	5-(2,4-dihydroxy-5-isopropylphenyl)-4-(4-morpholin-4-ylmethylphenyl)isoxazole-3-carboxylic acid ethylamide	2008-04-14	DateIntroduced	1	
1398	C000591008	7-(6-fluoropyridin-3-yl)-5H-pyrido(4,3-b)indole	2014-08-24	DateIntroduced	2	date
1399	C000731678	avacincaptad pegol	2025-06-05	DateIntroduced	2	date
1400	C000620232	avacopan	2017-06-11	DateIntroduced	2	date
1401	C000731975	avalglucosidase alfa	2026-04-22	DateIntroduced	2	date
1402	C536172	Dieterich's disease	2010-08-25	DateIntroduced	1	
1403	C423185	avasimibe	2001-04-09	DateIntroduced	1	
1404	C000707700	avasopasem manganese	2020-06-22	DateIntroduced	2	date
1405	C533238	avatrombopag	2008-11-30	DateIntroduced	1	
1406	C469726	AVE 0991	2002-12-23	DateIntroduced	1	
1407	C113915	Avemar	1998-08-28	DateIntroduced	1	
1408	C552382	avermitilol	2010-09-30	DateIntroduced	1	
1409	C000731201	Influenza A virus, H5N4 subtype	2025-02-10	DateIntroduced	2	date
1410	C000731202	Influenza A virus, H7N6 subtype	2025-02-10	DateIntroduced	2	date
1411	C041388	avicularin	1984-07-06	DateIntroduced	1	
1412	C438273	aviptadil	2001-11-01	DateIntroduced	1	
1413	C526922	AVN 944	2008-02-29	DateIntroduced	1	
1414	C577924	RO5126766	2013-02-02	DateIntroduced	2	date
1415	C000731841	avutometinib, defactinib drug combination	2026-01-15	DateIntroduced	2	date
1416	C000712207	insulin icodec	2021-01-07	DateIntroduced	2	date
1417	C000711669	axatilimab	2020-12-11	DateIntroduced	2	date
1418	C000708027	AXT107	2020-06-30	DateIntroduced	2	date
1419	C076841	Ayush 64	1992-10-21	DateIntroduced	1	
1420	C000592454	AZ-628	2014-10-17	DateIntroduced	2	date
1421	C000602458	AZ10606120	2015-11-01	DateIntroduced	2	date
1422	C586533	Mg-Al-Zn-Mn-Si-Cu alloy	2014-02-23	DateIntroduced	2	date
1423	C000622606	AZ3451	2017-09-15	DateIntroduced	2	date
1424	C000706891	AZ5104	2020-06-09	DateIntroduced	2	date
1425	C000613417	azaBDPBA compound	2017-01-12	DateIntroduced	2	date
1426	C000232	azalomycin-F	1972-01-01	DateIntroduced	1	
1427	C494154	azaphilone	2004-12-20	DateIntroduced	1	
1428	C070671	azasetron	1991-10-02	DateIntroduced	1	
1429	C406592	azaspiracid	2000-04-19	DateIntroduced	1	
1430	C587575	AZD1208	2014-04-03	DateIntroduced	2	date
1431	C000712547	cabotegravir, rilpivirine drug combination	2021-01-22	DateIntroduced	2	date
1432	C000705750	AZD7648	2020-04-28	DateIntroduced	2	date
1433	C532363	3-(carbamoylamino)-5-(3-fluorophenyl)-N-(3-piperidyl)thiophene-2-carboxamide	2008-10-20	DateIntroduced	1	
1434	C000596361	osimertinib	2015-03-29	DateIntroduced	2	date
1435	C000631425	AZD0156	2019-05-30	DateIntroduced	2	date
1436	C515233	saracatinib	2006-12-03	DateIntroduced	1	
1437	C520647	2-((3-((4-((5-(2-((3-fluorophenyl)amino)-2-oxoethyl)-1H-pyrazol-3-yl)amino)quinazolin-7-yl)oxy)propyl)(ethyl)amino)ethyl dihydrogen phosphate	2007-06-24	DateIntroduced	1	
1438	C545606	AZD 1480	2009-12-16	DateIntroduced	1	
1439	C000609913	AZD1979	2016-08-21	DateIntroduced	2	date
1440	C585537	vistusertib	2014-01-10	DateIntroduced	2	date
1441	C000624274	AZD2811	2017-10-26	DateIntroduced	2	date
1442	C000608388	lanabecestat	2016-06-19	DateIntroduced	2	date
1443	C000592351	AZD3965	2014-10-12	DateIntroduced	2	date
1444	C572463	AZD4547	2012-05-31	DateIntroduced	1	
1445	C552498	AZD4694	2010-10-05	DateIntroduced	1	
1446	C000621120	AZD5153	2017-07-06	DateIntroduced	2	date
1447	C000722772	AZD5305	2022-07-07	DateIntroduced	2	date
1448	C575618	capivasertib	2012-10-14	DateIntroduced	1	
1449	C521840	AZD5438	2007-08-09	DateIntroduced	1	
1450	C586719	N,N'-(2,2'-(hexa-2,4-diyne-1,6-diylbis(oxy))bis(2,3-dihydro-1H-indene-2,1-diyl))bis(1-(2-cyclohexyl-2-(2-(methylamino)propanamido)acetyl)pyrrolidine-2-carboxamide)	2014-03-03	DateIntroduced	2	date
1451	C000629704	AZD5991	2019-02-04	DateIntroduced	2	date
1452	C578518	2-(1-(7-methyl-2-morpholin-4-yl-4-oxo-4H-pyrido(1,2-a)pyrimidin-9-yl)ethylamino)benzoic acid	2013-02-26	DateIntroduced	2	date
1453	C000611951	ceralasertib	2016-11-03	DateIntroduced	2	date
1454	C000619932	brensocatib	2017-06-04	DateIntroduced	2	date
1455	C000595972	AZD8186	2015-03-12	DateIntroduced	2	date
1456	C000609791	AZD8797	2016-08-14	DateIntroduced	2	date
1457	C000655744	azeliragon	2019-12-16	DateIntroduced	2	date
1458	C061679	azelnidipine	1989-12-13	DateIntroduced	1	
1459	C082735	azetidine	1993-09-17	DateIntroduced	1	
1460	C506098	azidohomoalanine	2005-12-12	DateIntroduced	1	
1461	C438544	azidotrimethylsilane	2001-11-05	DateIntroduced	1	
1462	C521273	azilsartan	2007-07-20	DateIntroduced	1	
1463	C026018	azocasein	1980-08-25	DateIntroduced	1	
1464	C006667	azomycin	1974-01-01	DateIntroduced	1	
1465	C111827	brinzolamide	1998-05-11	DateIntroduced	1	
1466	C000605878	N-(2-(2-(4-chlorophenyl)-1,3-thiazol-4-yl)ethyl)butanamide	2016-03-16	DateIntroduced	2	date
1467	C021106	azoreductase	1972-01-01	DateIntroduced	1	
1468	C000651259	Azotobacter chroococcum	2020-01-01	DateIntroduced	2	date
1469	C041892	azotochelin	1984-08-16	DateIntroduced	1	
1470	C052873	zidovudine triphosphate	1987-07-21	DateIntroduced	1	
1471	C000731773	aztreonam, avibactam drug combination	2025-08-01	DateIntroduced	2	date
1472	C062991	AZU1 protein, human	1990-03-16	DateIntroduced	1	
1473	C540945	azvudine	2009-05-31	DateIntroduced	1	
1474	C008024	N-(2-hydroxyethyl)-4-(beta-(1-naphthylvinyl)pyridinium bromide)	1974-01-01	DateIntroduced	1	
1475	C058526	1-methyl-4-(1-naphthylvinyl)piperidine	1989-03-15	DateIntroduced	1	
1476	C587577	B355252	2014-04-04	DateIntroduced	2	date
1477	C006646	N-(2-cyanoethylene)urea	1976-01-01	DateIntroduced	1	
1478	C056454	bactenecin	1988-08-05	DateIntroduced	1	
1479	C073950	baccatin III	1992-05-04	DateIntroduced	1	
1480	C071298	bacillolysin	1991-11-18	DateIntroduced	1	
1481	C027845	bacillomycin D	1981-02-17	DateIntroduced	1	
1482	C000650972	Bacillus aerius	2020-01-01	DateIntroduced	2	date
1483	C000650966	Bacillus albus	2020-01-01	DateIntroduced	2	date
1484	C000649781	Bacillus velezensis	2020-01-01	DateIntroduced	2	date
1485	C000650947	Bacillus aryabhattai	2020-01-01	DateIntroduced	2	date
1486	C000650889	Bacillus daqingensis	2020-01-01	DateIntroduced	2	date
1487	C000650876	Bacillus endophyticus	2020-01-01	DateIntroduced	2	date
1488	C000650557	Bacillus halotolerans	2020-01-01	DateIntroduced	2	date
1489	C000650556	Bacillus haynesii	2020-01-01	DateIntroduced	2	date
1490	C000650486	Bacillus methanolicus	2020-01-01	DateIntroduced	2	date
1491	C000650485	Bacillus mobilis	2020-01-01	DateIntroduced	2	date
1492	C000650484	Bacillus mojavensis	2020-01-01	DateIntroduced	2	date
1493	C000642613	Paenibacillus mucilaginosus	2020-01-01	DateIntroduced	2	date
1494	C000650163	Bacillus paralicheniformis	2020-01-01	DateIntroduced	2	date
1495	C000650162	Bacillus paramycoides	2020-01-01	DateIntroduced	2	date
1496	C000650161	Bacillus paranthracis	2020-01-01	DateIntroduced	2	date
1497	C000650148	Bacillus proteolyticus	2020-01-01	DateIntroduced	2	date
1498	C000650143	Bacillus pseudomycoides	2020-01-01	DateIntroduced	2	date
1499	C000650134	Bacillus safensis	2020-01-01	DateIntroduced	2	date
1500	C000650115	Bacillus siamensis	2020-01-01	DateIntroduced	2	date
1501	C000650088	Bacillus spizizenii	2020-01-01	DateIntroduced	2	date
1502	C000650103	Bacillus sporothermodurans	2020-01-01	DateIntroduced	2	date
1503	C000649806	Bacillus tequilensis	2020-01-01	DateIntroduced	2	date
1504	C000649800	Bacillus thermoamylovorans	2020-01-01	DateIntroduced	2	date
1505	C000649787	Bacillus toyonensis	2020-01-01	DateIntroduced	2	date
1506	C000649786	Bacillus tropicus	2020-01-01	DateIntroduced	2	date
1507	C000649767	Bacillus zhangzhouensis	2020-01-01	DateIntroduced	2	date
1508	C054356	bacimethrin	1988-01-20	DateIntroduced	1	
1509	C442170	bacopaside I	2001-12-22	DateIntroduced	1	
1510	C442169	bacopaside II	2001-12-22	DateIntroduced	1	
1511	C018032	bacterioferritin	1979-01-01	DateIntroduced	1	
1512	C006678	bacteriopheophytin	1974-01-01	DateIntroduced	1	
1513	C002951	bacterioruberin	1974-01-01	DateIntroduced	1	
1514	C000649762	Bacteroides acidifaciens	2020-01-01	DateIntroduced	2	date
1515	C000649759	Bacteroides caccae	2020-01-01	DateIntroduced	2	date
1516	C000649755	Bacteroides caecimuris	2020-01-01	DateIntroduced	2	date
1517	C000649754	Bacteroides cellulosilyticus	2020-01-01	DateIntroduced	2	date
1518	C000649751	Bacteroides coprocola	2020-01-01	DateIntroduced	2	date
1519	C000649745	Bacteroides eggerthii	2020-01-01	DateIntroduced	2	date
1520	C405031	Bacteroides fragilis toxin	2000-03-13	DateIntroduced	1	
1521	C000652317	Campylobacter gracilis	2020-01-01	DateIntroduced	2	date
1522	C000649735	Bacteroides heparinolyticus	2020-01-01	DateIntroduced	2	date
1523	C000649732	Bacteroides intestinalis	2020-01-01	DateIntroduced	2	date
1524	C000649718	Bacteroides pyogenes	2020-01-01	DateIntroduced	2	date
1525	C000649710	Bacteroides stercoris	2020-01-01	DateIntroduced	2	date
1526	C000649707	Bacteroides uniformis	2020-01-01	DateIntroduced	2	date
1527	C000649705	Bacteroides xylanisolvens	2020-01-01	DateIntroduced	2	date
1528	C578989	siponimod	2013-03-18	DateIntroduced	2	date
1529	C563399	Epilepsy, Myoclonic, Benign Adult Familial, Type 1	2012-11-05	DateIntroduced	1	
1530	C403922	bioactive glass S53P4	2000-02-15	DateIntroduced	1	
1531	C012765	bakuchiol	1976-01-01	DateIntroduced	1	
1532	C038637	balsalazide	1983-08-11	DateIntroduced	1	
1533	C025080	Peruvian balsam	1980-07-09	DateIntroduced	1	
1534	C000720935	balstilimab	2022-01-20	DateIntroduced	2	date
1535	C571042	bovine adrenal medulla 8-22	2012-03-29	DateIntroduced	1	
1536	C000605706	bamboo salt	2016-03-09	DateIntroduced	2	date
1537	C540579	banlangen	2009-05-13	DateIntroduced	1	
1538	C000630584	banxia xiexin decoction	2019-04-03	DateIntroduced	2	date
1539	C060988	baohuoside I	1989-10-12	DateIntroduced	1	
1540	C000629053	Baoyuan decoction	2018-11-21	DateIntroduced	2	date
1541	C070379	1,2-bis(2-aminophenoxy)ethane N,N,N',N'-tetraacetic acid acetoxymethyl ester	1991-09-16	DateIntroduced	1	
1542	C536208	Clark-Baraitser syndrome	2010-08-25	DateIntroduced	1	
1543	C045601	barbaloin	1985-07-03	DateIntroduced	1	
1544	C509225	barbatic acid	2006-04-04	DateIntroduced	1	
1545	C484472	barettin	2004-04-30	DateIntroduced	1	
1546	C073467	Barricaid	1992-04-12	DateIntroduced	1	
1547	C000649397	Bartonella bovis	2020-01-01	DateIntroduced	2	date
1548	C000649356	Bartonella vinsonii	2020-01-01	DateIntroduced	2	date
1549	C000656785	entomophthoromycosis	2020-02-06	DateIntroduced	2	date
1550	C000720034	basmisanil	2021-11-16	DateIntroduced	2	date
1551	C487941	batatasin-III	2004-07-22	DateIntroduced	1	
1552	C006686	bathophenanthroline	1969-01-01	DateIntroduced	1	
1553	C468752	bavachinin	2002-12-04	DateIntroduced	1	
1554	C547825	bavituximab	2010-03-17	DateIntroduced	1	
1555	C000711570	BAX602	2020-12-07	DateIntroduced	2	date
1556	C000732025	baxdrostat	2026-05-14	DateIntroduced	2	date
1557	C434003	3-(4-methylphenylsulfonyl)-2-propenenitrile	2001-09-04	DateIntroduced	1	
1558	C416282	BAY 11-7085	2000-11-29	DateIntroduced	1	
1559	C453221	pritelivir	2002-05-01	DateIntroduced	1	
1560	C576501	finerenone	2012-11-29	DateIntroduced	1	
1561	C000620175	BAY-876	2017-06-09	DateIntroduced	2	date
1562	C000731961	sevabertinib	2026-03-17	DateIntroduced	2	date
1563	C537663	Bazex-Dupre-Christol syndrome	2010-08-25	DateIntroduced	1	
1564	C518666	C.I. Basic Blue 41	2007-04-08	DateIntroduced	1	
1565	C000621033	napabucasin	2017-07-02	DateIntroduced	2	date
1566	C000722768	BIBP COVID-19 vaccine	2022-07-06	DateIntroduced	2	date
1567	C000629390	bis(2-butoxyethyl)phosphate	2018-12-20	DateIntroduced	2	date
1568	C042610	5-bromo-4-chloroindoxyl acetate	1984-10-16	DateIntroduced	1	
1569	C000732097	BCG Live vaccine	2026-07-21	DateIntroduced	2	date
1570	C000629391	bis(1-chloro-2-propyl)phosphate	2018-12-20	DateIntroduced	2	date
1571	C056100	1,4-(bis-glutathion-S-yl)-1,2,3,4-tetrachloro-1,3-butadiene	1988-07-06	DateIntroduced	1	
1572	C000706836	berotralstat	2020-06-09	DateIntroduced	2	date
1573	C000610367	BDA-366	2016-09-01	DateIntroduced	2	date
1574	C588130	bis(1,3-dichloropropyl)phosphate	2014-05-01	DateIntroduced	2	date
1575	C517827	pentabrominated diphenyl ether 100	2007-03-08	DateIntroduced	1	
1576	C517828	hexabrominated diphenyl ether 153	2007-03-08	DateIntroduced	1	
1577	C533760	tribromodiphenyl ether 28	2008-12-16	DateIntroduced	1	
1578	C477694	2,2',4,4',5-brominated diphenyl ether	2003-10-03	DateIntroduced	1	
1579	C035892	soluble immune-response suppressor, bone marrow	1982-11-05	DateIntroduced	1	
1580	C005883	zephiramine	1973-01-01	DateIntroduced	1	
1581	C042298	6-((4-bromo-2,3-dioxobutyl)thio)-6-deaminoadenosine 5'-diphosphate	1984-10-11	DateIntroduced	1	
1582	C536211	Congenital contractural arachnodactyly	2010-08-25	DateIntroduced	1	
1583	C584662	beautibond	2013-12-01	DateIntroduced	2	date
1584	C000621145	Beautifil Flow Plus F00	2017-07-09	DateIntroduced	2	date
1585	C472948	BEDT-TTF	2003-04-09	DateIntroduced	1	
1586	C000624058	Beet mild yellowing virus	2018-01-01	DateIntroduced	2	date
1587	C000623721	Beet necrotic yellow vein virus	2018-01-01	DateIntroduced	2	date
1588	C000731667	befotertinib	2025-06-04	DateIntroduced	2	date
1589	C007547	behenic acid	1968-01-01	DateIntroduced	1	
1590	C061970	glucagon-like peptide 1 (7-36)	1990-01-09	DateIntroduced	1	
1591	C000631691	belantamab mafodotin	2019-06-17	DateIntroduced	2	date
1592	C487081	belinostat	2004-06-18	DateIntroduced	1	
1593	C516482	belite	2007-01-25	DateIntroduced	1	
1594	C520022	belnacasan	2007-06-03	DateIntroduced	1	
1595	C000718240	belumosudil	2021-07-20	DateIntroduced	2	date
1596	C000720612	belzutifan	2021-12-29	DateIntroduced	2	date
1597	C000714767	bemarituzumab	2021-03-04	DateIntroduced	2	date
1598	C548378	bemcentinib	2010-04-04	DateIntroduced	1	
1599	C411345	bemiparin	2000-07-28	DateIntroduced	1	
1600	C581236	8-hydroxy-2,2,14,14-tetramethylpentadecanedioic acid	2013-05-26	DateIntroduced	2	date
1601	C061004	benidipine	1989-10-16	DateIntroduced	1	
1602	C085163	benoxacor	1994-02-04	DateIntroduced	1	
1603	C005298	benoxinate	1974-01-01	DateIntroduced	1	
1604	C571386	benralizumab	2012-04-16	DateIntroduced	1	
1605	C034595	benzanilide	1982-06-18	DateIntroduced	1	
1606	C558700	benzene-1,3,5-tricarboxamide	2011-06-14	DateIntroduced	1	
1607	C032365	benzenesulfonic acid	1981-12-24	DateIntroduced	1	
1608	C006712	benzoylhydrazine	1974-01-01	DateIntroduced	1	
1609	C006696	benzohydroxamic acid	1974-01-01	DateIntroduced	1	
1610	C006697	benzil	1974-01-01	DateIntroduced	1	
1611	C014353	benzimidazolone	1977-01-01	DateIntroduced	1	
1612	C573968	benzisothiazol-3(2H)-one	2012-07-31	DateIntroduced	1	
1613	C079040	benzocyclobutene	1993-02-03	DateIntroduced	1	
1614	C014356	benzonitrile	1977-01-01	DateIntroduced	1	
1615	C575677	benzopyran-4-one	2012-10-17	DateIntroduced	1	
1616	C000594239	benzosuberone	2015-01-06	DateIntroduced	2	date
1617	C044697	benzotrifluoride	1985-06-07	DateIntroduced	1	
1618	C000603433	benzovindiflupyr	2015-12-10	DateIntroduced	2	date
1619	C013409	benzoyl chloride	1977-01-01	DateIntroduced	1	
1620	C037817	benzoyl-coenzyme A	1983-04-28	DateIntroduced	1	
1621	C012482	phenylglyoxylic acid	1976-01-01	DateIntroduced	1	
1622	C047591	benzoylpaeoniflorin	1986-02-11	DateIntroduced	1	
1623	C000730053	benzyl azide	2024-01-24	DateIntroduced	2	date
1624	C512584	benzyl methacrylate	2006-08-20	DateIntroduced	1	
1625	C006737	1-benzylpiperazine	1974-01-01	DateIntroduced	1	
1626	C030196	benzylsuccinate	1981-07-08	DateIntroduced	1	
1627	C114354	benzylsuccinate synthase	1998-09-21	DateIntroduced	1	
1628	C556155	benzyltriethylammonium	2011-02-27	DateIntroduced	1	
1629	C000168	benzyltrimethylammonium	1972-01-01	DateIntroduced	1	
1630	C000731812	fidanacogene elaparvovec	2026-01-15	DateIntroduced	2	date
1631	C072197	beractant	1992-02-12	DateIntroduced	1	
1632	C048081	beraprost	1986-04-07	DateIntroduced	1	
1633	C102663	berbamunine	1997-01-10	DateIntroduced	1	
1634	C005413	palmatine	1974-01-01	DateIntroduced	1	
1635	C071690	reticuline oxidase	1991-12-20	DateIntroduced	1	
1636	C115958	berberrubine	1998-12-16	DateIntroduced	1	
1637	C000731813	beremagene geperpavec	2026-01-15	DateIntroduced	2	date
1638	C080771	bergaptol	1993-05-17	DateIntroduced	1	
1639	C006741	bergenin	1969-01-01	DateIntroduced	1	
1640	C020711	beryllium sulfate	1979-01-01	DateIntroduced	1	
1641	C522124	besifloxacin	2007-08-17	DateIntroduced	1	
1642	C567518	Bestrophinopathy	2012-11-05	DateIntroduced	1	
1643	C561695	(+)-JQ1 compound	2011-10-13	DateIntroduced	1	
1644	C535434	Beta ketothiolase deficiency	2010-08-25	DateIntroduced	1	
1645	C008574	beta-myrcene	1974-01-01	DateIntroduced	1	
1646	C071736	betaglycan	1991-12-23	DateIntroduced	1	
1647	C026820	betaine aldehyde	1980-11-03	DateIntroduced	1	
1648	C000252	betalamic acid	1972-01-01	DateIntroduced	1	
1649	C581327	tetulomab tetraxetan lu-177	2013-05-29	DateIntroduced	2	date
1650	C028994	betamethasone sodium phosphate	1978-01-01	DateIntroduced	1	
1651	C535436	Bethlem myopathy	2010-08-25	DateIntroduced	1	
1652	C543086	betrixaban	2009-08-25	DateIntroduced	1	
1653	C118308	betulonic acid	1999-04-15	DateIntroduced	1	
1654	C000705992	Bexagliflozin	2020-05-11	DateIntroduced	2	date
1655	C000723553	bexmarilimab	2022-09-18	DateIntroduced	2	date
1656	C000707970	tislelizumab	2020-06-30	DateIntroduced	2	date
1657	C568950	infigratinib	2011-12-31	DateIntroduced	1	
1658	C000732087	BGM0504	2026-07-14	DateIntroduced	2	date
1659	C405586	BGP 15	2000-03-24	DateIntroduced	1	
1660	C570852	8-(6-methoxypyridin-3-yl)-3-methyl-1-(4-piperazin-1-yl-3-trifluoromethylphenyl)-1,3-dihydroimidazo(4,5-c)quinolin-2-one	2012-03-22	DateIntroduced	1	
1661	C055858	bradykinin hydrolyzing enzyme, epidermal	1988-06-14	DateIntroduced	1	
1662	C000727475	nerandomilast	2023-03-20	DateIntroduced	2	date
1663	C000726451	survodutide	2023-01-10	DateIntroduced	2	date
1664	C000726244	BI-3406	2022-12-14	DateIntroduced	2	date
1665	C516541	BI D1870	2007-01-28	DateIntroduced	1	
1666	C550183	bismuth titanate	2010-06-20	DateIntroduced	1	
1667	C000599478	Bi(2)MoO(6)	2015-07-20	DateIntroduced	2	date
1668	C000631569	Bi2O2Se	2019-06-11	DateIntroduced	2	date
1669	C000654345	bismuth pyrostannate	2019-10-16	DateIntroduced	2	date
1670	C541363	BI 6727	2009-06-18	DateIntroduced	1	
1671	C000612073	BIA 10-2474	2016-11-14	DateIntroduced	2	date
1672	C099596	bianthrone	1996-07-11	DateIntroduced	1	
1673	C065257	biapenem	1990-09-11	DateIntroduced	1	
1674	C505165	1-(N(2)-(3,4-dibromo-N-((4-(3,4-dihydro-2(1H)-oxoquinazolin-3-yl)-1-piperidinyl)carbonyl)tyrosyl)lysyl)-4-(4-pyridinyl)piperazine	2005-11-06	DateIntroduced	1	
1675	C406305	olcegepant	2000-04-11	DateIntroduced	1	
1676	C117416	BIBO 3304	1999-03-02	DateIntroduced	1	
1677	C458523	BIBR 1532	2002-06-29	DateIntroduced	1	
1678	C047117	bicinchoninic acid	1986-02-03	DateIntroduced	1	
1679	C000654125	bictegravir, emtricitabine, tenofovir alafenamide, drug combination	2019-10-04	DateIntroduced	2	date
1680	C477843	bicyclol	2003-10-09	DateIntroduced	1	
1681	C535440	Bietti Crystalline Dystrophy	2010-08-25	DateIntroduced	1	
1682	C465548	bifendate	2002-09-24	DateIntroduced	1	
1683	C000649007	Bifidobacterium dentium	2020-01-01	DateIntroduced	2	date
1684	C000649015	Bifidobacterium catenulatum subsp. kashiwanohense	2020-01-01	DateIntroduced	2	date
1685	C000648996	Bifidobacterium longum subsp. longum	2020-01-01	DateIntroduced	2	date
1686	C000648965	Bifidobacterium thermophilum	2020-01-01	DateIntroduced	2	date
1687	C099796	bigelovin	1996-07-26	DateIntroduced	1	
1688	C000625770	opicinumab	2017-12-31	DateIntroduced	2	date
1689	C000709090	tofersen	2020-07-28	DateIntroduced	2	date
1690	C000722588	BIIB091	2022-06-17	DateIntroduced	2	date
1691	C403256	BIIE 0246	2000-01-28	DateIntroduced	1	
1692	C000269	bikaverin	1972-01-01	DateIntroduced	1	
1693	C445659	bilastine	2002-02-01	DateIntroduced	1	
1694	C536275	Fahr's disease	2010-08-25	DateIntroduced	1	
1695	C019789	biliverdin reductase	1970-01-01	DateIntroduced	1	
1696	C402623	bilobetin	2000-01-07	DateIntroduced	1	
1697	C000596367	bimagrumab	2015-03-29	DateIntroduced	2	date
1698	C000625981	bimekizumab	2018-01-18	DateIntroduced	2	date
1699	C051843	binaltorphimine	1987-04-20	DateIntroduced	1	
1700	C406943	BINAP, 2-naphthol	2000-04-27	DateIntroduced	1	
1701	C079489	bindarit	1993-03-03	DateIntroduced	1	
1702	C106416	Bio-Gide	1997-07-02	DateIntroduced	1	
1703	C425330	bioactive glass 45S5	2001-05-09	DateIntroduced	1	
1704	C542279	bismuth oxybromide	2009-07-23	DateIntroduced	1	
1705	C042816	Biobrane	1984-11-19	DateIntroduced	1	
1706	C481019	Biopex	2004-01-30	DateIntroduced	1	
1707	C004216	bioplex	1973-01-01	DateIntroduced	1	
1708	C097428	Bioseal	1996-02-02	DateIntroduced	1	
1709	C120461	sodium oxide-calcium oxide-silicon dioxide-diphosphorus pentoxide	1999-09-29	DateIntroduced	1	
1710	C493276	Biothrax	2004-11-24	DateIntroduced	1	
1711	C017071	biotin-binding proteins	1979-01-01	DateIntroduced	1	
1712	C076397	biotinylated dextran amine	1992-09-29	DateIntroduced	1	
1713	C452139	doramapimod	2002-04-19	DateIntroduced	1	
1714	C582429	birinapant	2013-07-24	DateIntroduced	2	date
1715	C513643	bis(2,4,4-trimethylpentyl)dithiophosphinic acid	2006-09-22	DateIntroduced	1	
1716	C511925	bis(2-ethylhexyl)sulfosuccinate	2006-07-21	DateIntroduced	1	
1717	C012786	bis(monoacylglyceryl)phosphate	1977-01-01	DateIntroduced	1	
1718	C463639	bis(pinacolato)diboron	2002-08-19	DateIntroduced	1	
1719	C535204	bisamidinium	2009-02-20	DateIntroduced	1	
1720	C041979	2,2-bis-(4-(2-methacryloxyethoxy)phenyl)propane	1984-08-16	DateIntroduced	1	
1721	C088060	bisindolylmaleimide	1994-07-29	DateIntroduced	1	
1722	C070515	bisindolylmaleimide I	1991-09-23	DateIntroduced	1	
1723	C000608952	bismerthiazol	2016-07-07	DateIntroduced	2	date
1724	C042364	bismuth germanium oxide	1984-09-13	DateIntroduced	1	
1725	C048121	bismuth iodide	1986-04-07	DateIntroduced	1	
1726	C002791	bismuth tripotassium dicitrate	1973-01-01	DateIntroduced	1	
1727	C583074	bisphenol AF	2013-08-27	DateIntroduced	2	date
1728	C000731776	bisphenol ph	2025-08-07	DateIntroduced	2	date
1729	C495809	bispidine	2005-02-02	DateIntroduced	1	
1730	C550631	(4-(3-fluoro-5-trifluoromethylpyridin-2-yl)piperazin-1-yl)(5-methanesulfonyl-2-(2,2,2-trifluoro-1-methylethoxy)phenyl)methanone	2010-07-07	DateIntroduced	1	
1731	C518299	BIX 01294	2007-03-24	DateIntroduced	1	
1732	C533207	BIX 02189	2008-11-27	DateIntroduced	1	
1733	C004588	bixin	1969-01-01	DateIntroduced	1	
1734	C000663708	Blakeslea trispora	2021-01-01	DateIntroduced	2	date
1735	C004500	blasticidin S	1968-01-01	DateIntroduced	1	
1736	C000648630	Blautia faecis	2020-01-01	DateIntroduced	2	date
1737	C000648628	Blautia hansenii	2020-01-01	DateIntroduced	2	date
1738	C000648625	Blautia luti	2020-01-01	DateIntroduced	2	date
1739	C000648623	Blautia massiliensis	2020-01-01	DateIntroduced	2	date
1740	C000648622	Blautia obeum	2020-01-01	DateIntroduced	2	date
1741	C000648616	Blautia wexlerae	2020-01-01	DateIntroduced	2	date
1742	C531519	blennolide C	2008-09-23	DateIntroduced	1	
1743	C025703	bleomycetin	1980-08-08	DateIntroduced	1	
1744	C079310	blonanserin	1993-02-18	DateIntroduced	1	
1745	C532297	blue covarine	2008-10-15	DateIntroduced	1	
1746	C000612856	gepotidacin	2016-12-11	DateIntroduced	2	date
1747	C568289	4-(2-(2-hydroxycyclohexylamino)benzothiazol-6-yloxy)pyridine-2-carboxylic acid methylamide	2011-12-01	DateIntroduced	1	
1748	C038672	N-methyl-N-(1-methyl-4-pyrrolidino-2-butynyl)acetamide	1983-08-16	DateIntroduced	1	
1749	C102360	BMAP-28	1996-12-27	DateIntroduced	1	
1750	C000627087	BMH-21	2018-05-23	DateIntroduced	2	date
1751	C010704	cyqualon	1969-01-01	DateIntroduced	1	
1752	C049338	iodofiltic acid	1986-07-16	DateIntroduced	1	
1753	C119407	BmK AS polypeptide	1999-06-18	DateIntroduced	1	
1754	C417087	BmK IT2 scorpion toxin	2000-12-20	DateIntroduced	1	
1755	C586365	talazoparib	2014-02-12	DateIntroduced	2	date
1756	C041066	bis(4-methylumbelliferyl)pyrophosphate	1984-05-31	DateIntroduced	1	
1757	C456407	BMS 193885	2002-06-12	DateIntroduced	1	
1758	C000731743	PD-L1 inhibitor BMS-202	2025-07-14	DateIntroduced	2	date
1759	C559288	2-(2'-(5-ethyl-3,4-diphenyl-1H-pyrazol-1-yl)biphenyl-3-yloxy)acetic acid	2011-07-10	DateIntroduced	1	
1760	C484864	N-(5-(((5-(1,1-dimethylethyl)-2-oxazolyl)methyl)thio)-2-thiazolyl)-4-piperidinecarboxamide	2004-05-08	DateIntroduced	1	
1761	C523069	BMS-470539	2007-09-27	DateIntroduced	1	
1762	C545990	BMS 754807	2009-12-30	DateIntroduced	1	
1763	C570874	BMS-813160	2012-03-23	DateIntroduced	1	
1764	C583281	BMS-986122	2013-09-05	DateIntroduced	2	date
1765	C000616653	BMS-986187	2017-04-02	DateIntroduced	2	date
1766	C000710709	branebrutinib	2020-09-24	DateIntroduced	2	date
1767	C000630574	linrodostat	2019-04-02	DateIntroduced	2	date
1768	C000707851	BMS202	2020-06-25	DateIntroduced	2	date
1769	C071518	4-benzyl-1-methyl-1,2,3,6-tetrahydropyridine	1991-12-09	DateIntroduced	1	
1770	C000727548	BO-112	2023-03-23	DateIntroduced	2	date
1771	C463799	BODIPY581	2002-08-20	DateIntroduced	1	
1772	C423282	BoLA-DRB3 antigen	2001-04-10	DateIntroduced	1	
1773	C543575	bolaamphiphile	2009-09-17	DateIntroduced	1	
1774	C551585	KP 1339	2010-08-21	DateIntroduced	1	
1775	C011686	boldine	1969-01-01	DateIntroduced	1	
1776	C579460	boron difluoride	2013-04-03	DateIntroduced	2	date
1777	C000648283	Borreliella bavariensis	2020-01-01	DateIntroduced	2	date
1778	C000648293	Borrelia persica	2020-01-01	DateIntroduced	2	date
1779	C000648288	Borrelia turicatae	2020-01-01	DateIntroduced	2	date
1780	C550088	2-chloro-N-(4-chlorobiphenyl-2-yl)nicotinamide	2010-06-16	DateIntroduced	1	
1781	C000727167	Bothrops jararacussu	2023-03-03	DateIntroduced	2	date
1782	C000727180	Bothrops moojeni	2023-03-03	DateIntroduced	2	date
1783	C000727182	Bothrops neuwiedi	2023-03-03	DateIntroduced	2	date
1784	C483238	botryosphaeran	2004-04-05	DateIntroduced	1	
1785	C000731258	letibotulinumtoxinA	2025-03-07	DateIntroduced	2	date
1786	C096326	botulinum toxin type E	1996-03-20	DateIntroduced	1	
1787	C000623790	Aichivirus B	2018-01-01	DateIntroduced	2	date
1788	C000623722	Rotavirus C	2018-01-01	DateIntroduced	2	date
1789	C038568	4,5,6,7-tetrabromo-2-cresolphthalein-3'-methyliminodiacetic acid	1983-07-29	DateIntroduced	1	
1790	C574799	bisphenol A disulfate	2012-09-09	DateIntroduced	1	
1791	C071190	N-benzoyl-N-phenylhydroxylamine	1991-11-05	DateIntroduced	1	
1792	C044749	butyloxycarbonyl-phenylalanyl-prolyl-arginine	1985-04-23	DateIntroduced	1	
1793	C067754	bis(pyridinio)dichlorocuprate(II)	1991-04-10	DateIntroduced	1	
1794	C072247	cyclo(Trp-Asp-Pro-Val-Leu)	1992-02-14	DateIntroduced	1	
1795	C086539	BQ 788	1994-04-29	DateIntroduced	1	
1796	C454064	BRACO-19	2002-05-10	DateIntroduced	1	
1797	C000653817	Bradyrhizobium diazoefficiens	2020-01-01	DateIntroduced	2	date
1798	C000653816	Bradyrhizobium elkanii	2020-01-01	DateIntroduced	2	date
1799	C000653792	Bradyrhizobium ottawaense	2020-01-01	DateIntroduced	2	date
1800	C000601108	encorafenib	2015-09-09	DateIntroduced	2	date
1801	C426674	brain-derived neurotrophic factor precursor	2001-05-25	DateIntroduced	1	
1802	C003532	brassicasterol	1973-01-01	DateIntroduced	1	
1803	C412342	brassinazole	2000-08-22	DateIntroduced	1	
1804	C000729301	braylin	2023-09-12	DateIntroduced	2	date
1805	C044362	brazilin	1985-03-29	DateIntroduced	1	
1806	C476721	bremelanotide	2003-08-28	DateIntroduced	1	
1807	C053342	brevetoxin	1987-09-02	DateIntroduced	1	
1808	C000653750	Brevibacillus agri	2020-01-01	DateIntroduced	2	date
1809	C000653737	Brevibacillus laterosporus	2020-01-01	DateIntroduced	2	date
1810	C000653447	Brevibacterium casei	2020-01-01	DateIntroduced	2	date
1811	C012219	brevicomin	1976-01-01	DateIntroduced	1	
1812	C064382	xanthoxyline	1990-07-03	DateIntroduced	1	
1813	C061097	breviscapine	1989-10-19	DateIntroduced	1	
1814	C000653382	Brevundimonas vesicularis	2020-01-01	DateIntroduced	2	date
1815	C000625635	brexanolone	2017-12-21	DateIntroduced	2	date
1816	C000705347	brexucabtagene autoleucel	2020-04-10	DateIntroduced	2	date
1817	C000598580	brigatinib	2015-06-11	DateIntroduced	2	date
1818	C515901	Brij 35	2007-01-04	DateIntroduced	1	
1819	C006797	Brilliant Cresyl Blue	1969-01-01	DateIntroduced	1	
1820	C525733	brincidofovir	2008-01-14	DateIntroduced	1	
1821	C536192	Brittle cornea syndrome 1	2010-08-25	DateIntroduced	1	
1822	C020235	brivudine	1979-01-01	DateIntroduced	1	
1823	C000653377	Brochothrix thermosphacta	2020-01-01	DateIntroduced	2	date
1824	C536607	Brody myopathy	2010-08-25	DateIntroduced	1	
1825	C000611441	3-benzamido-N-(4-(perfluoropropan-2-yl)phenyl)benzamide	2016-10-09	DateIntroduced	2	date
1826	C000622091	brolucizumab	2017-08-25	DateIntroduced	2	date
1827	C000721787	bromelain and acetylcysteine drug combination	2022-03-24	DateIntroduced	2	date
1828	C053083	bromfenac	1987-09-15	DateIntroduced	1	
1829	C016274	bromoacetate	1978-01-01	DateIntroduced	1	
1830	C013190	phenacyl bromide	1976-01-01	DateIntroduced	1	
1831	C039411	1,2-dibromo-2,4-dicyanobutane	1983-11-03	DateIntroduced	1	
1832	C068554	trimethylsilyl bromide	1991-05-25	DateIntroduced	1	
1833	C475724	bromotyrosine	2003-07-21	DateIntroduced	1	
1834	C017128	Chocolate Brown HT	1978-01-01	DateIntroduced	1	
1835	C030413	bruceine E	1981-07-16	DateIntroduced	1	
1836	C020237	brusatol	1979-01-01	DateIntroduced	1	
1837	C046785	bryostatin 1	1985-11-14	DateIntroduced	1	
1838	C000592924	BS-181	2014-11-09	DateIntroduced	2	date
1839	C043578	bovine serum albumin-dextran conjugate	1985-01-02	DateIntroduced	1	
1840	C055862	BSIII	1988-06-14	DateIntroduced	1	
1841	C000732075	zelenectide pevedotin	2026-06-30	DateIntroduced	2	date
1842	C063247	bis(trifluoroethyl)carbamodithioic acid	1990-04-04	DateIntroduced	1	
1843	C074268	bistrimethylsilylsulfate	1992-05-28	DateIntroduced	1	
1844	C000711612	BTP3-Neu5Ac	2020-12-08	DateIntroduced	2	date
1845	C402943	bu-zhong-yi-qi-tang	2000-01-19	DateIntroduced	1	
1846	C058692	buccalin	1989-03-31	DateIntroduced	1	
1847	C026535	bucillamine	1980-10-01	DateIntroduced	1	
1848	C046894	buclizine	1985-12-18	DateIntroduced	1	
1849	C574914	Bu-Fei-Yi-Shen	2012-09-14	DateIntroduced	1	
1850	C575134	bufothionine	2012-09-25	DateIntroduced	1	
1851	C000718249	bulevirtide	2021-07-21	DateIntroduced	2	date
1852	C528271	Bulkamid	2008-04-22	DateIntroduced	1	
1853	C584174	bullvalene	2013-11-05	DateIntroduced	2	date
1854	C000727188	Bungarus caeruleus	2023-03-03	DateIntroduced	2	date
1855	C046326	buparvaquone	1985-10-04	DateIntroduced	1	
1856	C000712280	Bupleurum falcatum	2022-01-01	DateIntroduced	2	date
1857	C548591	buriti oil	2010-04-13	DateIntroduced	1	
1858	C000653081	Burkholderia contaminans	2020-01-01	DateIntroduced	2	date
1859	C000653077	Burkholderia glumae	2020-01-01	DateIntroduced	2	date
1860	C000653070	Burkholderia multivorans	2020-01-01	DateIntroduced	2	date
1861	C000653066	Burkholderia plantarii	2020-01-01	DateIntroduced	2	date
1862	C000653063	Burkholderia pyrrocinia	2020-01-01	DateIntroduced	2	date
1863	C000653056	Burkholderia stagnalis	2020-01-01	DateIntroduced	2	date
1864	C000653054	Burkholderia thailandensis	2020-01-01	DateIntroduced	2	date
1865	C527851	bushen huoxue	2008-04-05	DateIntroduced	1	
1866	C487162	butafenacil	2004-06-21	DateIntroduced	1	
1867	C114589	1,3,4-butanetriol	1998-10-05	DateIntroduced	1	
1868	C009732	buthiazide	1969-01-01	DateIntroduced	1	
1869	C000727381	Mesobuthus martensii	2023-03-14	DateIntroduced	2	date
1870	C006852	butralin	1974-01-01	DateIntroduced	1	
1871	C049386	butrin	1986-07-25	DateIntroduced	1	
1872	C022793	n-butyl n-butyrate	1980-01-01	DateIntroduced	1	
1873	C016284	butyl methacrylate	1978-01-01	DateIntroduced	1	
1874	C025099	butylxanthate	1980-07-17	DateIntroduced	1	
1875	C059896	miglustat	1989-07-06	DateIntroduced	1	
1876	C019285	butyrate kinase	1979-01-01	DateIntroduced	1	
1877	C002889	gamma-butyrobetaine	1973-01-01	DateIntroduced	1	
1878	C024343	butyryl-coenzyme A	1980-06-12	DateIntroduced	1	
1879	C427065	butyrylcarnitine	2001-06-01	DateIntroduced	1	
1880	C537417	Butyrylcholinesterase deficiency	2010-08-25	DateIntroduced	1	
1881	C000730802	Buzhong Yiqi decoction	2024-08-01	DateIntroduced	2	date
1882	C579675	BX795	2013-04-11	DateIntroduced	2	date
1883	C411885	BX 471	2000-08-11	DateIntroduced	1	
1884	C434685	9-(2,3-dihydroxy-3-methylbutoxy)-4-methoxy-7H-furo(3,2-g)(1)benzopyran-7-one	2001-09-14	DateIntroduced	1	
1885	C462034	byakangelicol	2002-08-06	DateIntroduced	1	
1886	C033901	3'-O-(4-benzoyl)benzoyladenosine 5'-triphosphate	1982-04-13	DateIntroduced	1	
1887	C000719634	BZD9L1	2021-10-14	DateIntroduced	2	date
1888	C488734	C 1305	2004-08-25	DateIntroduced	1	
1889	C000728248	C-170	2023-04-27	DateIntroduced	2	date
1890	C528998	cyclic diadenosine phosphate	2008-05-20	DateIntroduced	1	
1891	C438934	C-glycoside	2001-11-10	DateIntroduced	1	
1892	C051328	carbon-phosphorus lyase	1987-03-12	DateIntroduced	1	
1893	C033511	carbon-sulfur lyase	1982-02-19	DateIntroduced	1	
1894	C000602450	C-terminal agrin fragment	2015-11-01	DateIntroduced	2	date
1895	C096794	C-terminal binding protein	1995-12-19	DateIntroduced	1	
1896	C097760	N-palmitoylsphingosine	1996-02-23	DateIntroduced	1	
1897	C032402	complement 1q receptor	1981-12-01	DateIntroduced	1	
1898	C045477	complement C3d,g	1985-06-28	DateIntroduced	1	
1899	C118683	carbon suboxide	1999-05-06	DateIntroduced	1	
1900	C531259	C4a-hydroperoxyflavin	2008-09-09	DateIntroduced	1	
1901	C069836	fullerene C70	1991-08-13	DateIntroduced	1	
1902	C531380	calcium borohydride	2008-09-15	DateIntroduced	1	
1903	C068250	N-(3-propylcarbamoyloxirane-2-carbonyl)-isoleucyl-proline	1991-05-10	DateIntroduced	1	
1904	C085577	Ca2+-binding protein-1	1994-03-01	DateIntroduced	1	
1905	C533322	OTR4120	2008-12-03	DateIntroduced	1	
1906	C109663	caspase-activated deoxyribonuclease	1998-01-14	DateIntroduced	1	
1907	C070896	M-cadherin	1991-10-15	DateIntroduced	1	
1908	C000625648	Immuvac	2017-12-21	DateIntroduced	2	date
1909	C508039	cadinane	2006-02-22	DateIntroduced	1	
1910	C072993	N(3)-(chloroacetyl)-2,3-diaminopropanoic acid	1992-03-20	DateIntroduced	1	
1911	C000617020	calcium ferrite	2017-04-11	DateIntroduced	2	date
1912	C019608	caffeate O-methyltransferase	1976-01-01	DateIntroduced	1	
1913	C058645	caffeoyl-coenzyme A	1989-03-24	DateIntroduced	1	
1914	C059825	caffeoyl-CoA O-methyltransferase	1989-06-29	DateIntroduced	1	
1915	C515101	caftaric acid	2006-11-29	DateIntroduced	1	
1916	C000717792	cagrilintide	2021-06-17	DateIntroduced	2	date
1917	C502644	calamenene	2005-08-08	DateIntroduced	1	
1918	C112906	calanthoside	1998-07-08	DateIntroduced	1	
1919	C083066	calceolarioside A	1993-10-05	DateIntroduced	1	
1920	C529019	calceolarioside B	2008-05-20	DateIntroduced	1	
1921	C000625499	calcifying aponeurotic fibroma	2019-01-01	DateIntroduced	2	date
1922	C031316	calcium borate	1981-08-31	DateIntroduced	1	
1923	C015335	calcium magnesium phosphate	1977-01-01	DateIntroduced	1	
1924	C092985	calcium pidolate	1995-05-10	DateIntroduced	1	
1925	C514136	calcium propionate	2006-10-17	DateIntroduced	1	
1926	C529583	calcium sulfoaluminate	2008-06-18	DateIntroduced	1	
1927	C000612033	calcium-enriched mixture cement	2016-11-08	DateIntroduced	2	date
1928	C007061	C.I. Fluorescent Brightening Agent 28	1969-01-01	DateIntroduced	1	
1929	C000652682	Caldicellulosiruptor saccharolyticus	2020-01-01	DateIntroduced	2	date
1930	C448819	calebin-A	2002-03-07	DateIntroduced	1	
1931	C543984	calenduloside E	2009-10-02	DateIntroduced	1	
1932	C402836	caleosin protein, Sesamum indicum	2000-01-14	DateIntroduced	1	
1933	C117342	calfactant	1999-02-25	DateIntroduced	1	
1934	C482333	N(1)-(4-chlorobenzoyl)-N(2)-(1-(1-naphthyl)ethyl)-1,2-diaminocyclohexane	2004-03-05	DateIntroduced	1	
1935	C433205	Calibra	2001-08-21	DateIntroduced	1	
1936	C506457	(R)-2-(1-(1-naphthyl)ethyl-aminom-ethyl)indole	2005-12-23	DateIntroduced	1	
1937	C020570	1,3-beta-glucan synthase	1979-01-01	DateIntroduced	1	
1938	C031938	calmidazolium	1981-11-16	DateIntroduced	1	
1939	C039304	calpain inhibitors	1983-10-26	DateIntroduced	1	
1940	C033668	calpastatin	1982-03-30	DateIntroduced	1	
1941	C071482	calpeptin	1991-12-06	DateIntroduced	1	
1942	C121707	7,3'-dihydroxy-4'-methoxyisoflavone	1999-10-27	DateIntroduced	1	
1943	C000621638	CAM4066	2017-08-02	DateIntroduced	2	date
1944	C400901	CAM 5.2 antigen	1999-12-07	DateIntroduced	1	
1945	C510718	cambinol	2006-06-06	DateIntroduced	1	
1946	C000722187	AZD9833	2022-05-09	DateIntroduced	2	date
1947	C000599117	CaMoO4	2015-07-02	DateIntroduced	2	date
1948	C000652326	Campylobacter concisus	2020-01-01	DateIntroduced	2	date
1949	C000652315	Campylobacter hepaticus	2020-01-01	DateIntroduced	2	date
1950	C000631724	camrelizumab	2019-06-18	DateIntroduced	2	date
1951	C030910	cancer procoagulant	1981-08-14	DateIntroduced	1	
1952	C000677792	Moesziomyces antarcticus	2021-01-01	DateIntroduced	2	date
1953	C431349	lipase B, Candida antarctica	2001-07-25	DateIntroduced	2	closure
1954	C000665256	Candida blankii	2021-01-01	DateIntroduced	2	date
1955	C000658431	Starmerella bombicola	2021-01-01	DateIntroduced	2	date
1956	C000691060	Diutina catenulata	2021-01-01	DateIntroduced	2	date
1957	C000665299	Candida dubliniensis	2021-01-01	DateIntroduced	2	date
1958	C000676909	Meyerozyma guilliermondii	2021-01-01	DateIntroduced	2	date
1959	C000676784	Kazachstania humilis	2021-01-01	DateIntroduced	2	date
1960	C000667630	Clavispora lusitaniae	2021-01-01	DateIntroduced	2	date
1961	C000678048	Wickerhamiella versatilis	2021-01-01	DateIntroduced	2	date
1962	C000665519	Candida viswanathii	2021-01-01	DateIntroduced	2	date
1963	C000665529	Candida zeylanoides	2021-01-01	DateIntroduced	2	date
1964	C082909	ECE1 protein, Candida albicans	1993-09-28	DateIntroduced	1	
1965	C020245	canephron N	1979-01-01	DateIntroduced	1	
1966	C117446	cangrelor	1999-03-02	DateIntroduced	1	
1967	C000731455	cannabichromenic acid	2025-04-10	DateIntroduced	2	date
1968	C045457	cannflavin	1985-06-26	DateIntroduced	1	
1969	C488411	4-vinyl-2,6-dimethoxyphenol	2004-08-10	DateIntroduced	1	
1970	C000654550	Capgel	2019-10-28	DateIntroduced	2	date
1971	C564254	Capillary Malformation-Arteriovenous Malformation	2012-11-05	DateIntroduced	1	
1972	C562760	Capillary Malformations, Congenital, 1	2012-11-05	DateIntroduced	1	
1973	C585343	caplacizumab	2013-12-29	DateIntroduced	2	date
1974	C000613976	capmatinib	2017-02-05	DateIntroduced	2	date
1975	C000652285	Capnocytophaga gingivalis	2020-01-01	DateIntroduced	2	date
1976	C000652280	Capnocytophaga sputigena	2020-01-01	DateIntroduced	2	date
1977	C433143	CP 424391	2001-08-20	DateIntroduced	1	
1978	C004519	caramiphen	1968-01-01	DateIntroduced	1	
1979	C563990	Cerebral Autosomal Recessive Arteriopathy with Subcortical Infarcts and Leukoencephalopathy	2012-11-05	DateIntroduced	1	
1980	C019288	carbamate kinase	1972-01-01	DateIntroduced	1	
1981	C012227	carbamazepine epoxide	1976-01-01	DateIntroduced	1	
1982	C010877	carbazic acid	1976-01-01	DateIntroduced	1	
1983	C083825	CA-72-4 antigen	1994-04-16	DateIntroduced	1	
1984	C056759	carbohydrate-deficient transferrin	1988-09-09	DateIntroduced	1	
1985	C049236	carboline-3-carboxylic acid	1986-06-30	DateIntroduced	1	
1986	C019823	carbon monoxide dehydrogenase	1974-01-01	DateIntroduced	1	
1987	C447082	tricarbonyldichlororuthenium (II) dimer	2002-02-19	DateIntroduced	1	
1988	C477378	carbonic anhydrase XII	2003-09-23	DateIntroduced	1	
1989	C100076	mesoxalonitrile	1983-08-08	DateIntroduced	1	
1990	C070053	carbonyl 3-chlorophenylhydrazone	1991-08-26	DateIntroduced	1	
1991	C453622	carbopol 934P	2002-05-07	DateIntroduced	1	
1992	C504072	carbosilane	2005-09-26	DateIntroduced	1	
1993	C003853	carboxyatractyloside	1973-01-01	DateIntroduced	1	
1994	C000612723	N(6)-carboxyethyllysine	2016-12-08	DateIntroduced	2	date
1995	C019826	carboxymethylcellulase	1969-01-01	DateIntroduced	1	
1996	C538690	carboxymethyl konjac glucomannan	2009-02-25	DateIntroduced	1	
1997	C034848	carboxymethyl starch	1982-07-08	DateIntroduced	1	
1998	C058479	carboxypeptidase M	1989-03-09	DateIntroduced	1	
1999	C015055	carcinine	1977-01-01	DateIntroduced	1	
2000	C537979	Candidiasis familial chronic mucocutaneous, autosomal recessive	2010-08-25	DateIntroduced	1	
2001	C038590	cardanol	1983-08-18	DateIntroduced	1	
2002	C535579	Cardiofaciocutaneous syndrome	2010-08-25	DateIntroduced	1	
2003	C121169	cardiotrophin-like cytokine	1999-09-14	DateIntroduced	1	
2004	C528449	carglumic acid	2008-04-29	DateIntroduced	1	
2005	C093373	cariporide	1995-06-02	DateIntroduced	1	
2006	C533287	cariprazine	2008-12-01	DateIntroduced	1	
2007	C518914	S-2-O-carbamoyl-1-o-chlorophenyl-ethanol	2007-04-19	DateIntroduced	1	
2008	C119934	Carisolv	1999-07-12	DateIntroduced	1	
2009	C017367	carmofur	1979-01-01	DateIntroduced	1	
2010	C535589	Carnitine palmitoyl transferase 2 deficiency	2010-08-25	DateIntroduced	1	
2011	C000651979	Carnobacterium maltaromaticum	2020-01-01	DateIntroduced	2	date
2012	C033474	Carnoy's solution	1982-03-02	DateIntroduced	1	
2013	C000588820	AJM300	2014-06-10	DateIntroduced	2	date
2014	C000730769	carotol	2024-06-24	DateIntroduced	2	date
2015	C046776	carotovoricin	1985-11-12	DateIntroduced	1	
2016	C579557	carotuximab	2013-04-07	DateIntroduced	2	date
2017	C472955	NPPA protein, human	2003-10-10	DateIntroduced	1	
2018	C535590	Carrington syndrome	2010-11-13	DateIntroduced	1	
2019	C535581	Cardiomyopathy dilated with woolly hair and keratoderma	2010-08-25	DateIntroduced	1	
2020	C000656745	Cas12a protein	2020-02-04	DateIntroduced	2	date
2021	C017721	casamino acids	1982-02-05	DateIntroduced	1	
2022	C066850	Cascade Blue	1991-02-20	DateIntroduced	1	
2023	C475729	casein hydrolysate	2003-08-08	DateIntroduced	1	
2024	C030895	caseinase	1981-08-13	DateIntroduced	1	
2025	C000729927	exagamglogene autotemcel	2025-01-01	DateIntroduced	2	date
2026	C000718147	casimersen	2021-07-14	DateIntroduced	2	date
2027	C074641	interleukin-1beta-converting enzyme inhibitor	1992-06-20	DateIntroduced	1	
2028	C084709	vescalagin	1994-01-06	DateIntroduced	1	
2029	C083545	castasterone	1993-11-02	DateIntroduced	1	
2030	C006928	catalposide	1974-01-01	DateIntroduced	1	
2031	C417939	catechin gallate	2001-01-10	DateIntroduced	1	
2032	C527456	chromogranin A (344-358)	2008-03-20	DateIntroduced	1	
2033	C109084	chromogranin A (344-364)	1997-12-04	DateIntroduced	1	
2034	C017836	catharanthine	1979-01-01	DateIntroduced	1	
2035	C028217	cathepsin S	1981-02-20	DateIntroduced	1	
2036	C000629385	ceragenins	2018-12-20	DateIntroduced	2	date
2037	C419385	L-type calcium channel alpha(1C)	2001-02-03	DateIntroduced	1	
2038	C011188	cavidine	1976-01-01	DateIntroduced	1	
2039	C442939	cavitand	2002-01-07	DateIntroduced	1	
2040	C000706668	CAY10603	2020-06-03	DateIntroduced	2	date
2041	C000606272	CB-5083	2016-04-01	DateIntroduced	2	date
2042	C000593334	CB-839	2014-12-04	DateIntroduced	2	date
2043	C100099	tretazicar	1984-08-10	DateIntroduced	1	
2044	C072735	2-amino-1-hydroxycyclobutane-1-acetic acid	1992-03-10	DateIntroduced	1	
2045	C000516	2-(2-cresyl)-4H-1-3-2-benzodioxaphosphorin-2-oxide	1972-01-01	DateIntroduced	1	
2046	C046289	colligin	1985-09-27	DateIntroduced	1	
2047	C066928	carbovir triphosphate	1991-02-23	DateIntroduced	1	
2048	C000624220	iberdomide	2017-10-23	DateIntroduced	2	date
2049	C000709231	cc-486	2020-07-31	DateIntroduced	2	date
2050	C000609735	CC-885	2016-08-11	DateIntroduced	2	date
2051	C000717067	CC-90009	2021-05-10	DateIntroduced	2	date
2052	C031935	enkephalin, Cys(2)-CysNH2(5)-	1981-11-16	DateIntroduced	1	
2053	C057280	peptide pheromone cCF10	1988-11-03	DateIntroduced	1	
2054	C523455	CCG 1423	2007-10-11	DateIntroduced	1	
2055	C090019	8-sulfocholecystokinin octapeptide	1994-11-18	DateIntroduced	1	
2056	C035261	(alpha-carboxycyclopropyl)glycine	1982-08-17	DateIntroduced	1	
2057	C000721532	CCS1477	2022-03-02	DateIntroduced	2	date
2058	C000591478	4-(6-hydroxy-7-tricyclo(3.3.1.13,7)dec-1-yl-2-naphthalenyl)benzoic acid	2014-09-10	DateIntroduced	2	date
2059	C114545	CD2-associated protein	1998-10-02	DateIntroduced	1	
2060	C564245	Platelet Glycoprotein IV Deficiency	2012-11-05	DateIntroduced	1	
2061	C009158	CDAA	1975-01-01	DateIntroduced	1	
2062	C050452	beta-cyclodextrin-benzaldehyde	1987-01-14	DateIntroduced	1	
2063	C066780	Clk dual-specificity kinases	1991-02-13	DateIntroduced	1	
2064	C564064	CDKL5 deficiency disorder	2012-11-05	DateIntroduced	1	
2065	C065943	cellulose tris-3,5-dimethylphenyl-carbamate	1990-11-05	DateIntroduced	1	
2066	C000430	D-4-chloro-17 beta-hydroxy-3-oxo-17 alpha-methylandrosta-1,4-diene	1974-01-01	DateIntroduced	1	
2067	C000609635	CDN1163	2016-08-07	DateIntroduced	2	date
2068	C067044	cytolethal distending toxin	1991-03-01	DateIntroduced	1	
2069	C558237	rindopepimut	2011-05-18	DateIntroduced	1	
2070	C000622120	varlilumab	2017-08-27	DateIntroduced	2	date
2071	C000706348	cerium titanate	2020-05-20	DateIntroduced	2	date
2072	C000709911	cibisatamab	2020-08-21	DateIntroduced	2	date
2073	C107972	ceanothic acid	1997-09-19	DateIntroduced	1	
2074	C026690	cerous chloride	1980-11-06	DateIntroduced	1	
2075	C031161	cecropin A	1981-08-25	DateIntroduced	1	
2076	C000723491	Cedar henipavirus	2022-09-12	DateIntroduced	2	date
2077	C000633944	cedazuridine	2019-09-04	DateIntroduced	2	date
2078	C078669	cedrol	1993-01-12	DateIntroduced	1	
2079	C000729273	cefepime, enmetazobactam drug combination	2023-09-08	DateIntroduced	2	date
2080	C000624485	cefepime-zidebactam	2017-11-06	DateIntroduced	2	date
2081	C046079	cefminox	1983-11-28	DateIntroduced	1	
2082	C071167	beta-lactamase CTX-2	1991-11-01	DateIntroduced	1	
2083	C036666	cefpiramide	1983-03-15	DateIntroduced	1	
2084	C505439	ceftobiprole medocaril	2005-11-20	DateIntroduced	1	
2085	C519491	ceftolozane	2007-05-09	DateIntroduced	1	
2086	C000594038	ceftolozane, tazobactam drug combination	2014-12-30	DateIntroduced	2	date
2087	C050414	celastrol	1986-11-18	DateIntroduced	1	
2088	C089227	celgard	1994-10-03	DateIntroduced	1	
2089	C019859	cellobiose-quinone oxidoreductase	1975-01-01	DateIntroduced	1	
2090	C034169	cellobiosidase	1982-05-11	DateIntroduced	1	
2091	C019193	maltopentaose	1979-01-01	DateIntroduced	1	
2092	C048468	cellotetraose	1986-05-06	DateIntroduced	1	
2093	C000630674	cellotriose	2019-04-10	DateIntroduced	2	date
2094	C000651579	Cellulophaga baltica	2020-01-01	DateIntroduced	2	date
2095	C000651560	Cellvibrio japonicus	2020-01-01	DateIntroduced	2	date
2096	C540163	Celox	2009-04-27	DateIntroduced	1	
2097	C094621	cemadotin	1995-08-16	DateIntroduced	1	
2098	C037071	cembrane	1983-02-17	DateIntroduced	1	
2099	C000611863	cemtirestat	2016-10-30	DateIntroduced	2	date
2100	C000625155	cendakimab	2017-11-30	DateIntroduced	2	date
2101	C000647429	cenegermin	2019-10-01	DateIntroduced	2	date
2102	C506967	cenicriviroc	2006-01-13	DateIntroduced	1	
2103	C000654784	Cenobamate	2019-11-22	DateIntroduced	2	date
2104	C000665818	Cenococcum geophilum	2021-01-01	DateIntroduced	2	date
2105	C060905	centromere protein C	1989-10-05	DateIntroduced	1	
2106	C526146	Centella asiatica extract	2008-01-29	DateIntroduced	1	
2107	C442701	centratherin	2002-01-03	DateIntroduced	1	
2108	C000599097	centrinone	2015-07-01	DateIntroduced	2	date
2109	C106592	3,9-bis((ethylthio)methyl)-K-252a	1997-07-11	DateIntroduced	1	
2110	C005963	cephaelin	1969-01-01	DateIntroduced	1	
2111	C011417	cephalochromin	1976-01-01	DateIntroduced	1	
2112	C006947	cepharanthine	1970-01-01	DateIntroduced	1	
2113	C023246	ceramide glucosyltransferase	1975-01-01	DateIntroduced	1	
2114	C060281	ceramide phosphoethanolamine	1989-08-16	DateIntroduced	1	
2115	C108138	dihydroceramide desaturase	1997-09-29	DateIntroduced	1	
2116	C000634045	ceramsite	2019-09-05	DateIntroduced	2	date
2117	C000678449	Thielaviopsis paradoxa	2021-01-01	DateIntroduced	2	date
2118	C000665958	Ceratocystis platani	2021-01-01	DateIntroduced	2	date
2119	C000677368	Mycosphaerella arachidis	2021-01-01	DateIntroduced	2	date
2120	C000666146	Cercospora zeina	2021-01-01	DateIntroduced	2	date
2121	C000615592	Cereboost	2017-03-12	DateIntroduced	2	date
2122	C563904	Cerebrofrontofacial Syndrome	2012-11-05	DateIntroduced	1	
2123	C567401	Cerebroretinal Microangiopathy with Calcifications and Cysts	2012-11-05	DateIntroduced	1	
2124	C089294	cereulide	1994-10-06	DateIntroduced	1	
2125	C006954	cerevisterol	1974-01-01	DateIntroduced	1	
2126	C000670108	Gelatoporia subvermispora	2021-01-01	DateIntroduced	2	date
2127	C032786	cerium nitrate	1982-05-03	DateIntroduced	1	
2128	C048083	cerium phosphate	1986-04-07	DateIntroduced	1	
2129	C000666230	Cerrena unicolor	2021-01-01	DateIntroduced	2	date
2130	C000614985	Cesium-131	2018-01-01	DateIntroduced	2	date
2131	C000651540	Cetobacterium somerae	2020-01-01	DateIntroduced	2	date
2132	C015058	cetoleic acid	1978-01-01	DateIntroduced	1	
2133	C062876	cetrorelix	1990-03-12	DateIntroduced	1	
2134	C521494	cevipabulin	2007-07-30	DateIntroduced	1	
2135	C000705809	exebacase	2020-05-01	DateIntroduced	2	date
2136	C580012	congenital fibrosis of the extraocular muscles	2013-10-24	DateIntroduced	2	date
2137	C000599293	CG100649	2015-07-08	DateIntroduced	2	date
2138	C079032	CGP 37157	1993-02-03	DateIntroduced	1	
2139	C058636	calcitonin gene-related peptide (8-37)	1989-03-24	DateIntroduced	1	
2140	C052410	9-chloro-2-(2-furyl)-(1,2,4)triazolo(1,5-c)quinazolin-5-imine	1987-06-10	DateIntroduced	1	
2141	C061282	2-(4-(2-carboxyethyl)phenethylamino)-5'-N-ethylcarboxamidoadenosine	1989-11-03	DateIntroduced	1	
2142	C511621	2-methyl-2H-pyrazole-3-carboxylic acid (2-methyl-4-o-tolylazophenyl)amide	2006-07-09	DateIntroduced	1	
2143	C002511	chaetocin	1973-01-01	DateIntroduced	1	
2144	C019290	chaetoglobosins	1979-01-01	DateIntroduced	1	
2145	C522312	chaetominine	2007-08-28	DateIntroduced	1	
2146	C000666442	Chaetomium subaffine	2021-01-01	DateIntroduced	2	date
2147	C000666452	Chaetomium thermophilum	2021-01-01	DateIntroduced	2	date
2148	C497000	chaihu-shugan-san	2005-03-02	DateIntroduced	1	
2149	C020740	3-(alpha,alpha-dimethylallyl)psoralen	1976-01-01	DateIntroduced	1	
2150	C006959	chanoclavine	1973-01-01	DateIntroduced	1	
2151	C076178	chebulagic acid	1992-09-17	DateIntroduced	1	
2152	C024997	Chelex 100	1980-07-15	DateIntroduced	1	
2153	C046884	chelidonic acid	1985-12-16	DateIntroduced	1	
2154	C557482	chenpi	2011-04-17	DateIntroduced	1	
2155	C000624073	Cherry virus A	2018-01-01	DateIntroduced	2	date
2156	C001598	chetomin	1972-01-01	DateIntroduced	1	
2157	C547816	N-(2-amino-5-fluorobenzyl)-4-(N-(pyridine-3-acrylyl)aminomethyl)benzamide	2010-03-17	DateIntroduced	1	
2158	C515629	chiglitazar	2006-12-20	DateIntroduced	1	
2159	C506175	chignolin	2005-12-14	DateIntroduced	1	
2160	C098580	chikusetsu saponin IVa	1996-04-15	DateIntroduced	1	
2161	C535924	Chilblain lupus 1	2010-08-25	DateIntroduced	1	
2162	C518919	CHIR-124	2007-04-19	DateIntroduced	1	
2163	C000651189	Chitinophaga pinensis	2020-01-01	DateIntroduced	2	date
2164	C000720764	chitosan lactate	2022-01-10	DateIntroduced	2	date
2165	C114304	chitosan-EDTA	1998-09-18	DateIntroduced	1	
2166	C000623170	chitosan-tripolyphosphate	2017-10-06	DateIntroduced	2	date
2167	C000651175	Chlamydia caviae	2020-01-01	DateIntroduced	2	date
2168	C000651170	Chlamydia suis	2020-01-01	DateIntroduced	2	date
2169	C016300	chloramine-T	1978-01-01	DateIntroduced	1	
2170	C014400	chloranilic acid	1977-01-01	DateIntroduced	1	
2171	C057223	chlorfluazuron	1988-10-26	DateIntroduced	1	
2172	C546620	CLIC1 protein, rat	2010-01-25	DateIntroduced	1	
2173	C062985	phytochlorin	1990-03-15	DateIntroduced	1	
2174	C013874	chloroacetamide	1977-01-01	DateIntroduced	1	
2175	C045557	chloroacetyl chloride	1985-07-22	DateIntroduced	1	
2176	C004660	clorophene	1974-01-01	DateIntroduced	1	
2177	C107509	chlorophyll d	1997-08-29	DateIntroduced	1	
2178	C583352	chlorophyll f	2013-09-10	DateIntroduced	2	date
2179	C023676	chloroquine diphosphate	1980-04-23	DateIntroduced	1	
2180	C013880	chlorosulfonic acid	1977-01-01	DateIntroduced	1	
2181	C016304	chlorotrifluoroethylene	1978-01-01	DateIntroduced	1	
2182	C507384	cholesterol 25-hydroxylase	2006-01-27	DateIntroduced	1	
2183	C013440	cholesteryl succinate	1977-01-01	DateIntroduced	1	
2184	C065637	choline transporter	1990-10-10	DateIntroduced	1	
2185	C038142	chondroitin sulfate glycosaminoglycan	1983-06-17	DateIntroduced	1	
2186	C120250	choto-san	1999-09-30	DateIntroduced	1	
2187	C058440	1-(1-carboxymethyl)-3-(2-hydroxypropyl)pyridinium betaine	1989-03-02	DateIntroduced	1	
2188	C068514	4-chromanone	1991-05-23	DateIntroduced	1	
2189	C029141	2,2,5,7,8-pentamethyl-1-hydroxychroman	1981-05-04	DateIntroduced	1	
2190	C063243	chromate reductase	1990-04-04	DateIntroduced	1	
2191	C015076	chrome azurol S	1977-01-01	DateIntroduced	1	
2192	C092349	chromokinesin	1995-04-03	DateIntroduced	1	
2193	C020996	chromotropic acid	1979-01-01	DateIntroduced	1	
2194	C535456	Chronic recurrent multifocal osteomyelitis	2010-08-25	DateIntroduced	1	
2195	C000666762	Chroogomphus rutilus	2021-01-01	DateIntroduced	2	date
2196	C007051	chrysanthemic acid	1974-01-01	DateIntroduced	1	
2197	C000650458	Chryseobacterium gleum	2020-01-01	DateIntroduced	2	date
2198	C000650446	Chryseobacterium indologenes	2020-01-01	DateIntroduced	2	date
2199	C555497	chrysotoxine	2011-02-02	DateIntroduced	1	
2200	C021126	nitroquine	1980-01-01	DateIntroduced	1	
2201	C081895	tacedinaline	1993-07-27	DateIntroduced	1	
2202	C410941	cichoriin	2000-07-21	DateIntroduced	1	
2203	C422910	Cilengitide	2001-03-30	DateIntroduced	1	
2204	C000714149	cilgavimab	2021-03-01	DateIntroduced	2	date
2205	C065927	cilnidipine	1990-11-02	DateIntroduced	1	
2206	C000717094	cilofexor	2021-05-11	DateIntroduced	2	date
2207	C021294	cilostamide	1980-01-01	DateIntroduced	1	
2208	C000623366	CIM0216	2017-10-13	DateIntroduced	2	date
2209	C586246	Cimbi-36	2014-02-09	DateIntroduced	2	date
2210	C116092	cimicifugic acid	1998-12-21	DateIntroduced	1	
2211	C533198	cimifugin	2008-11-27	DateIntroduced	1	
2212	C000610527	CIN-102	2016-09-08	DateIntroduced	2	date
2213	C480588	BAY 58-2667	2004-01-16	DateIntroduced	1	
2214	C513224	cinchonain Ib	2006-09-06	DateIntroduced	1	
2215	C010086	cinchonine	1975-01-01	DateIntroduced	1	
2216	C045316	cinitapride	1985-06-17	DateIntroduced	1	
2217	C090448	cinnamoylglycine	1994-12-16	DateIntroduced	1	
2218	C018656	cinnamyl alcohol dehydrogenase	1979-01-01	DateIntroduced	1	
2219	C476282	cinnoline	2003-08-11	DateIntroduced	1	
2220	C002471	cinobufagin	1973-01-01	DateIntroduced	1	
2221	C063451	cinobufotalin	1990-04-24	DateIntroduced	1	
2222	C000731755	cipaglucosidase alfa	2025-07-15	DateIntroduced	2	date
2223	C000730795	(2-(1R)-1-cyclopropyl)ethyl-6-isopropyl-phenol	2024-07-31	DateIntroduced	2	date
2224	C086299	jasmone	1994-04-15	DateIntroduced	1	
2225	C065593	cis-vaccenic acid	1990-10-05	DateIntroduced	1	
2226	C000719153	CIS43LS	2021-09-16	DateIntroduced	2	date
2227	C073341	citraconic acid	1992-06-08	DateIntroduced	1	
2228	C020723	citrate-binding transport protein	1979-01-01	DateIntroduced	1	
2229	C007077	citrate phosphate dextrose	1974-01-01	DateIntroduced	1	
2230	C538053	Adult-onset citrullinemia type 2	2010-06-25	DateIntroduced	1	
2231	C000650039	Citrobacter amalonaticus	2020-01-01	DateIntroduced	2	date
2232	C000650030	Citrobacter portucalensis	2020-01-01	DateIntroduced	2	date
2233	C482526	citronellyl methacrylate	2004-03-11	DateIntroduced	1	
2234	C071162	citrulline malate	1991-11-01	DateIntroduced	1	
2235	C540936	CJ 15,208	2009-05-31	DateIntroduced	1	
2236	C000677525	Passalora fulva	2021-01-01	DateIntroduced	2	date
2237	C000667455	Cladosporium sphaerospermum	2021-01-01	DateIntroduced	2	date
2238	C567763	CLAPO Syndrome	2012-08-24	DateIntroduced	1	
2239	C000667489	Clarireedia jacksonii	2021-01-01	DateIntroduced	2	date
2240	C000667496	Claroideoglomus etunicatum	2021-01-01	DateIntroduced	2	date
2241	C496269	Clascoterone	2005-02-14	DateIntroduced	1	
2242	C083728	MHC class II transactivator protein	1993-11-16	DateIntroduced	1	
2243	C045084	invariant chain	1985-05-22	DateIntroduced	1	
2244	C502009	claudin 10	2005-07-29	DateIntroduced	1	
2245	C422064	claudin 14	2001-03-20	DateIntroduced	1	
2246	C122101	claudin 6	1999-11-05	DateIntroduced	1	
2247	C459596	claudin 15	2002-07-13	DateIntroduced	1	
2248	C502011	claudin 8	2005-08-16	DateIntroduced	1	
2249	C115583	clavaric acid	1998-11-27	DateIntroduced	1	
2250	C109641	clazosentan	1998-01-13	DateIntroduced	1	
2251	C000621301	Clearfil Ceramic Primer	2017-07-17	DateIntroduced	2	date
2252	C541508	clearfil majesty	2009-06-23	DateIntroduced	1	
2253	C505694	Clearfil S3 Bond	2005-11-30	DateIntroduced	1	
2254	C438313	Clearfil SE Bond	2001-11-02	DateIntroduced	1	
2255	C010088	cleistanthin	1975-01-01	DateIntroduced	1	
2256	C000731821	clesrovimab	2026-01-15	DateIntroduced	2	date
2257	C507035	ethyl 6-(N-(2-chloro-4-fluorophenyl)sulfamoyl)cyclohex-1-ene-1-carboxylate	2006-01-16	DateIntroduced	1	
2258	C103294	estradiol valerate, cyproterone acetate drug combination	1997-01-29	DateIntroduced	1	
2259	C057884	diclazuril	1989-01-06	DateIntroduced	1	
2260	C076744	cytoplasmic linker protein 170	1992-10-16	DateIntroduced	1	
2261	C055433	clitocine	1988-05-06	DateIntroduced	1	
2262	C400760	clodinafop	1999-12-03	DateIntroduced	1	
2263	C561036	clodinafop-propargyl	2011-09-15	DateIntroduced	1	
2264	C018874	clofoctol	1979-01-01	DateIntroduced	1	
2265	C095255	clomazone	1995-09-22	DateIntroduced	1	
2266	C040282	cloperastine	1984-03-07	DateIntroduced	1	
2267	C015675	clorsulon	1978-01-01	DateIntroduced	1	
2268	C023342	closantel	1980-04-01	DateIntroduced	1	
2269	C076775	clostebol	1992-10-19	DateIntroduced	1	
2270	C000649682	Clostridium autoethanogenum	2020-01-01	DateIntroduced	2	date
2271	C000649660	Enterocloster clostridioformis	2020-01-01	DateIntroduced	2	date
2272	C031815	toxB protein, Clostridium difficile	1981-10-19	DateIntroduced	1	
2273	C000649611	Clostridium innocuum	2020-01-01	DateIntroduced	2	date
2274	C000649315	Clostridium ljungdahlii	2020-01-01	DateIntroduced	2	date
2275	C000649312	Clostridium luticellarii	2020-01-01	DateIntroduced	2	date
2276	C000649292	Clostridium paraputrificum	2020-01-01	DateIntroduced	2	date
2277	C000649290	Clostridium pasteurianum	2020-01-01	DateIntroduced	2	date
2278	C000649264	Clostridium scindens	2020-01-01	DateIntroduced	2	date
2279	C000649260	Clostridium sporogenes	2020-01-01	DateIntroduced	2	date
2280	C084599	clotiazepam	1994-10-12	DateIntroduced	1	
2281	C567863	Congenital Lipomatous Overgrowth, Vascular Malformations, and Epidermal Nevi	2012-11-05	DateIntroduced	1	
2282	C079149	clozapine N-oxide	1993-02-08	DateIntroduced	1	
2283	C000719529	CM11 antimicrobial peptide	2021-10-06	DateIntroduced	2	date
2284	C580002	Combined Malonic and Methylmalonic Aciduria	2013-10-24	DateIntroduced	2	date
2285	C000589611	1,7-bis(4-hydroxyphenyl)-4-N-phenylaminocarbonylhepta-1,6-dien-3,5-dione	2014-07-16	DateIntroduced	2	date
2286	C060331	1-cyclohexyl-3-(2-(4-morpholinyl)ethyl)carbodiimide	1989-08-18	DateIntroduced	1	
2287	C067242	N(epsilon)-(carboxymethyl)hydroxylysine	1991-03-12	DateIntroduced	1	
2288	C015991	1-methyl-5-chloro-4-nitroimidazole	1978-01-01	DateIntroduced	1	
2289	C561601	cytidine-5'-monophosphosialic acid	2011-10-07	DateIntroduced	1	
2290	C069334	4-nitrophenyl chloromethyl(phenyl)phosphinate	1991-07-17	DateIntroduced	1	
2291	C117157	tetracycline CMT-2	1999-02-16	DateIntroduced	1	
2292	C566136	Charcot-Marie-Tooth Disease, Demyelinating, Type 1e	2012-11-05	DateIntroduced	1	
2293	C537989	Charcot-Marie-Tooth disease, Type 2B	2010-08-25	DateIntroduced	1	
2294	C535716	Neuropathy, hereditary motor and sensory, LOM type	2010-08-25	DateIntroduced	1	
2295	C535919	Charcot-Marie-Tooth disease, X-linked, 1	2010-08-25	DateIntroduced	1	
2296	C535303	Charcot-Marie-Tooth disease, X-linked recessive, 3	2010-08-25	DateIntroduced	1	
2297	C045781	cytomegalovirus-specific hyperimmune globulin	1985-08-26	DateIntroduced	1	
2298	C565158	Cornea Plana 1	2012-11-05	DateIntroduced	1	
2299	C000588857	guselkumab	2014-06-11	DateIntroduced	2	date
2300	C038562	tris(acetylacetonate)cobalt(III)	1983-07-29	DateIntroduced	1	
2301	C529955	dicobalt octacarbonyl	2008-07-12	DateIntroduced	1	
2302	C556179	cobaloxime	2011-02-28	DateIntroduced	1	
2303	C569492	cobalt ferrite	2012-01-25	DateIntroduced	1	
2304	C518276	cobalt hydroxide	2007-03-23	DateIntroduced	1	
2305	C477250	HCoO2	2003-09-16	DateIntroduced	1	
2306	C000613213	cobalt phosphide	2017-01-04	DateIntroduced	2	date
2307	C007095	cobaltiprotoporphyrin	1975-01-01	DateIntroduced	1	
2308	C026305	cobalt sulfate	1980-09-16	DateIntroduced	1	
2309	C027875	cobaltous sulfide	1981-03-02	DateIntroduced	1	
2310	C000731176	xanomeline, trospium drug combination	2025-01-29	DateIntroduced	2	date
2311	C000649234	Cobetia marina	2020-01-01	DateIntroduced	2	date
2312	C017142	cobinamide	1978-01-01	DateIntroduced	1	
2313	C000721492	cobomarsen	2022-02-28	DateIntroduced	2	date
2314	C000730929	Vestibular paroxysmia	2026-01-01	DateIntroduced	2	date
2315	C000729879	codonopsis radix	2023-12-12	DateIntroduced	2	date
2316	C000619938	codrituzumab	2017-06-04	DateIntroduced	2	date
2317	C033390	Coe-Pak	1982-02-16	DateIntroduced	1	
2318	C015084	coenzyme F420	1978-01-01	DateIntroduced	1	
2319	C025203	Ubiquinone Q1	1980-07-02	DateIntroduced	1	
2320	C536436	Coffin-Siris syndrome	2010-08-25	DateIntroduced	1	
2321	C524548	COG1410	2007-11-28	DateIntroduced	1	
2322	C536438	Cohen syndrome	2010-08-25	DateIntroduced	1	
2323	C032309	Cohn fraction IV	1981-12-10	DateIntroduced	1	
2324	C000714568	Collagen Type I, alpha2 Subunit	2022-01-01	DateIntroduced	2	date
2325	C004275	colanic acid	1973-01-01	DateIntroduced	1	
2326	C012852	colchiceine	1977-01-01	DateIntroduced	1	
2327	C569627	Cold Hypersensitivity	2012-08-24	DateIntroduced	1	
2328	C536214	Crisponi syndrome	2010-08-25	DateIntroduced	1	
2329	C569566	colibactin	2012-01-28	DateIntroduced	1	
2330	C508523	Colivelin	2006-03-10	DateIntroduced	1	
2331	C000612945	colla corii asini	2016-12-15	DateIntroduced	2	date
2332	C000730513	collagen antibody-induced arthritis	2024-03-26	DateIntroduced	2	date
2333	C120488	collagen-PVP	1999-09-29	DateIntroduced	1	
2334	C435908	collagen-related peptide	2001-10-02	DateIntroduced	1	
2335	C000668083	Colletotrichum acutatum	2021-01-01	DateIntroduced	2	date
2336	C000668116	Colletotrichum camelliae	2021-01-01	DateIntroduced	2	date
2337	C000668118	Colletotrichum capsici	2021-01-01	DateIntroduced	2	date
2338	C000668169	Colletotrichum falcatum	2021-01-01	DateIntroduced	2	date
2339	C000668174	Colletotrichum fructicola	2021-01-01	DateIntroduced	2	date
2340	C000668182	Colletotrichum graminicola	2021-01-01	DateIntroduced	2	date
2341	C000668193	Colletotrichum higginsianum	2021-01-01	DateIntroduced	2	date
2342	C000668248	Colletotrichum orbiculare	2021-01-01	DateIntroduced	2	date
2343	C000668288	Colletotrichum scovillei	2021-01-01	DateIntroduced	2	date
2344	C000668292	Colletotrichum siamense	2021-01-01	DateIntroduced	2	date
2345	C000668303	Colletotrichum sublineola	2021-01-01	DateIntroduced	2	date
2346	C000668320	Colletotrichum truncatum	2021-01-01	DateIntroduced	2	date
2347	C562562	Colonic Atresia	2012-11-05	DateIntroduced	1	
2348	C535973	Colpocephaly	2010-08-25	DateIntroduced	1	
2349	C504942	Coltosol F	2005-10-27	DateIntroduced	1	
2350	C064386	columbianadin	1990-07-03	DateIntroduced	1	
2351	C000648866	Comamonas kerstersii	2020-01-01	DateIntroduced	2	date
2352	C000648856	Comamonas thiooxydans	2020-01-01	DateIntroduced	2	date
2353	C565690	Combined Oxidative Phosphorylation Deficiency 4	2012-11-05	DateIntroduced	1	
2354	C488376	comenic acid	2004-08-07	DateIntroduced	1	
2355	C032261	complement C4d	1981-12-07	DateIntroduced	1	
2356	C085567	complement C3a receptor	1994-02-28	DateIntroduced	1	
2357	C012622	compound 17	1976-01-01	DateIntroduced	1	
2358	C012625	compound 18	1976-01-01	DateIntroduced	1	
2359	C028342	compound 20	1981-03-05	DateIntroduced	1	
2360	C472367	N-dodecyl-L-lysine amide	2003-03-21	DateIntroduced	1	
2361	C506248	3-(5-nitrofuryl)-7-(5-nitrofurfurylidene)-3,3a,4,5,6,7-hexahydro-2H-indazole	2005-12-16	DateIntroduced	1	
2362	C009863	compound 30	1975-01-01	DateIntroduced	1	
2363	C111828	compstatin	1998-05-11	DateIntroduced	1	
2364	C527363	KH902 fusion protein	2008-03-17	DateIntroduced	1	
2365	C039268	lectin, Canavalia	1983-10-28	DateIntroduced	1	
2366	C000596385	Jalili syndrome	2016-01-01	DateIntroduced	2	date
2367	C007111	conessine	1970-01-01	DateIntroduced	1	
2368	C513235	conferone	2006-09-07	DateIntroduced	1	
2369	C535983	Congenital anosmia	2010-08-25	DateIntroduced	1	
2370	C000626124	NGLY1 deficiency	2018-02-02	DateIntroduced	2	date
2371	C535739	Congenital disorder of glycosylation type 1A	2010-08-25	DateIntroduced	1	
2372	C536842	Polycythemia, primary familial and congenital	2010-08-25	DateIntroduced	1	
2373	C562378	Hepatic Fibrosis, Congenital	2012-11-05	DateIntroduced	1	
2374	C535735	Congenital lobar emphysema	2010-08-25	DateIntroduced	1	
2375	C580280	Congenital Methemoglobinemia	2013-10-24	DateIntroduced	2	date
2376	C538081	Congenital dislocation of the patella	2010-08-25	DateIntroduced	1	
2377	C535762	Congenital pseudoarthrosis	2010-08-25	DateIntroduced	1	
2378	C537489	Sternal cleft	2010-08-25	DateIntroduced	1	
2379	C000715347	Congenital tracheal stenosis	2022-01-01	DateIntroduced	2	date
2380	C075384	coniferaldehyde	1992-07-29	DateIntroduced	1	
2381	C016316	coniferin	1978-01-01	DateIntroduced	1	
2382	C010559	coniferyl alcohol	1975-01-01	DateIntroduced	1	
2383	C106389	conivaptan	1997-06-30	DateIntroduced	1	
2384	C447284	conocarpan	2002-02-20	DateIntroduced	1	
2385	C000590780	contezolid	2014-08-17	DateIntroduced	2	date
2386	C508420	continuous erythropoietin receptor activator	2006-03-06	DateIntroduced	1	
2387	C028890	convulxin	1981-04-21	DateIntroduced	1	
2388	C024757	Coomassie brilliant blue R	1980-06-10	DateIntroduced	1	
2389	C408747	copalyl diphosphate	2000-06-05	DateIntroduced	1	
2390	C000589253	copanlisib	2014-07-02	DateIntroduced	2	date
2391	C036661	copel	1983-03-11	DateIntroduced	1	
2392	C073870	cuprous iodide	1992-04-30	DateIntroduced	1	
2393	C523076	CuFe2O4	2007-09-27	DateIntroduced	1	
2394	C098468	copper histidine	1996-04-05	DateIntroduced	1	
2395	C024748	copper oxidase	1980-06-05	DateIntroduced	1	
2396	C028631	cuprous thiocyanate	1981-03-17	DateIntroduced	1	
2397	C000615412	Copper-67	2018-01-01	DateIntroduced	2	date
2398	C053976	copper-lysine complex	1987-12-01	DateIntroduced	1	
2399	C000648549	Coprococcus catus	2020-01-01	DateIntroduced	2	date
2400	C000648548	Coprococcus comes	2020-01-01	DateIntroduced	2	date
2401	C000648547	Coprococcus eutactus	2020-01-01	DateIntroduced	2	date
2402	C031467	coproporphyrin I	1981-09-22	DateIntroduced	1	
2403	C026971	coproporphyrin III	1980-11-25	DateIntroduced	1	
2404	C028026	coproporphyrinogen III	1981-02-06	DateIntroduced	1	
2405	C107393	Coptidis rhizoma extract	1997-08-26	DateIntroduced	1	
2406	C034384	coptisine	1982-05-28	DateIntroduced	1	
2407	C030778	ubiquinone 8	1981-08-10	DateIntroduced	1	
2408	C532894	corallopyronin A	2008-11-12	DateIntroduced	1	
2409	C000666	coralyne	1972-01-01	DateIntroduced	1	
2410	C000669106	Cordyceps cateniannulata	2021-01-01	DateIntroduced	2	date
2411	C000669109	Cordyceps cicadae	2021-01-01	DateIntroduced	2	date
2412	C000669127	Cordyceps javanica	2021-01-01	DateIntroduced	2	date
2413	C000722756	Cordylobia anthropophaga	2022-07-05	DateIntroduced	2	date
2414	C437186	follicle stimulating hormone, human, with HCG C-terminal peptide	2001-10-18	DateIntroduced	1	
2415	C000669180	Coriolopsis trogii	2021-01-01	DateIntroduced	2	date
2416	C000655023	CORM-401	2019-12-05	DateIntroduced	2	date
2417	C503854	sodium boranocarbonate	2005-09-20	DateIntroduced	1	
2418	C052160	trypsin inhibitor, Zea mays	1987-05-18	DateIntroduced	1	
2419	C080726	cornuside	1993-05-13	DateIntroduced	1	
2420	C058487	coronatine	1989-03-10	DateIntroduced	1	
2421	C012256	coronene	1976-01-01	DateIntroduced	1	
2422	C072061	coronin proteins	1992-01-30	DateIntroduced	1	
2423	C000730661	corramycin	2024-05-02	DateIntroduced	2	date
2424	C431863	corrole	2001-08-03	DateIntroduced	1	
2425	C000633444	relacorilant	2019-08-12	DateIntroduced	2	date
2426	C003545	cortolone	1974-01-01	DateIntroduced	1	
2427	C452799	corydaline	2002-04-26	DateIntroduced	1	
2428	C549829	corylifol A	2010-06-06	DateIntroduced	1	
2429	C459211	corylin	2002-07-10	DateIntroduced	1	
2430	C000648524	Corynebacterium amycolatum	2020-01-01	DateIntroduced	2	date
2431	C000648511	Corynebacterium bovis	2020-01-01	DateIntroduced	2	date
2432	C000648490	Corynebacterium durum	2020-01-01	DateIntroduced	2	date
2433	C000648178	Corynebacterium kroppenstedtii	2020-01-01	DateIntroduced	2	date
2434	C000648167	Corynebacterium matruchotii	2020-01-01	DateIntroduced	2	date
2435	C000648148	Corynebacterium propinquum	2020-01-01	DateIntroduced	2	date
2436	C000648131	Corynebacterium striatum	2020-01-01	DateIntroduced	2	date
2437	C000648117	Corynebacterium urealyticum	2020-01-01	DateIntroduced	2	date
2438	C000681027	Corynespora cassiicola	2021-01-01	DateIntroduced	2	date
2439	C487644	corynoline	2004-07-10	DateIntroduced	1	
2440	C000731154	cosibelimab	2025-01-17	DateIntroduced	2	date
2441	C000624433	cotadutide	2017-11-05	DateIntroduced	2	date
2442	C011202	2-crotonyloxymethyl-(4R,5R,6R)-4,5,6-trihydroxycyclohex- 2-enone	1976-01-01	DateIntroduced	1	
2443	C000624075	Cotton leafroll dwarf virus	2018-01-01	DateIntroduced	2	date
2444	C000726768	cough hypersensitivity syndrome	2023-02-09	DateIntroduced	2	date
2445	C488877	coumarin 153	2004-08-31	DateIntroduced	1	
2446	C517282	coumarin 6	2007-02-21	DateIntroduced	1	
2447	C000728672	coumarin-1,2,3-triazole	2023-06-13	DateIntroduced	2	date
2448	C104227	coumarin-3-carboxylic acid	1997-03-03	DateIntroduced	1	
2449	C004699	coumatetralyl	1969-01-01	DateIntroduced	1	
2450	C004628	coumermycin	1970-01-01	DateIntroduced	1	
2451	C000721075	COVAC-1 COVID-19 vaccine	2022-01-25	DateIntroduced	2	date
2452	C000722978	COVID-19 rebound	2022-08-02	DateIntroduced	2	date
2453	C563797	Combined Oxidative Phosphorylation Deficiency 1	2012-11-05	DateIntroduced	1	
2454	C054649	3-(2-hydroxy-4-(1,1-dimethylheptyl)phenyl)-4-(3-hydroxypropyl)cyclohexanol	1988-03-01	DateIntroduced	1	
2455	C082897	sulopenem	1993-09-27	DateIntroduced	1	
2456	C521104	2-methoxy-N-(3-(4-((3-methyl-4-((6-methyl-3-pyridinyl)oxy)phenyl)amino)-6-quinazolinyl)-2-propenyl)acetamide	2007-07-13	DateIntroduced	1	
2457	C529296	(3,6-dimethyl-2-(2,4,6-trimethylphenoxy)pyridin-4-yl)(1-ethylpropyl)amine	2008-06-02	DateIntroduced	1	
2458	C083283	1-O-hexadecyl-2-N-methylcarbamol -sn-glycerol-3-phosphocholine	1993-10-16	DateIntroduced	1	
2459	C423449	CpG ODN 1826	2001-04-12	DateIntroduced	1	
2460	C408982	CPG-oligonucleotide	2000-06-09	DateIntroduced	1	
2461	C489630	1018 oligonucleotide	2004-09-10	DateIntroduced	1	
2462	C483020	ProMune	2004-03-26	DateIntroduced	1	
2463	C568850	devimistat	2011-12-25	DateIntroduced	1	
2464	C052775	prostaglandin-inositol cyclic phosphate	1987-07-30	DateIntroduced	1	
2465	C519726	(1S,3S)-3-amino-4-difluoromethylenecyclopentanecarboxylic acid	2007-05-21	DateIntroduced	1	
2466	C030554	co(polyether)polyurethane	1981-07-27	DateIntroduced	1	
2467	C007143	2-(4-chlorophenylthio)triethylamine	1975-01-01	DateIntroduced	1	
2468	C000629591	CPUK02	2019-01-24	DateIntroduced	2	date
2469	C000629812	CPX-351	2019-02-11	DateIntroduced	2	date
2470	C533475	tris(acetylacetonato)chroum(III)	2008-12-08	DateIntroduced	1	
2471	C000717587	CR3022	2021-06-01	DateIntroduced	2	date
2472	C000727177	cramoll	2023-03-03	DateIntroduced	2	date
2473	C412811	maslinic acid	2000-09-06	DateIntroduced	1	
2474	C000689804	Craterellus cornucopioides	2021-01-01	DateIntroduced	2	date
2475	C000721427	Crazy paving pattern	2022-02-16	DateIntroduced	2	date
2476	C061009	crebanine	1989-10-16	DateIntroduced	1	
2477	C022131	cremophor	1980-01-01	DateIntroduced	1	
2478	C000515	cremophor EL	1972-01-01	DateIntroduced	1	
2479	C009743	Cresol red	1975-01-01	DateIntroduced	1	
2480	C010092	cresolphthalein	1975-01-01	DateIntroduced	1	
2481	C017845	2-cresolphthalexon	1979-01-01	DateIntroduced	1	
2482	C000623749	Cricket paralysis virus	2018-01-01	DateIntroduced	2	date
2483	C000723083	crinecerfont	2022-08-09	DateIntroduced	2	date
2484	C019306	crinipellin	1979-01-01	DateIntroduced	1	
2485	C400424	Crinone	1999-11-26	DateIntroduced	1	
2486	C110762	glutamyl-lysyl-alanyl-histidyl-aspartyl-glycyl-glycyl-arginine	1998-03-12	DateIntroduced	1	
2487	C000727030	Crotalus durissus	2023-03-01	DateIntroduced	2	date
2488	C010563	crotamine	1975-01-01	DateIntroduced	1	
2489	C569473	crotonic acid	2012-01-24	DateIntroduced	1	
2490	C008184	isoguanosine	1974-01-01	DateIntroduced	1	
2491	C010701	crotonyl-coenzyme A	1975-01-01	DateIntroduced	1	
2492	C000731754	Crovalimab	2025-07-15	DateIntroduced	2	date
2493	C054127	catch-relaxing peptide (Mytilus)	1987-12-18	DateIntroduced	1	
2494	C541771	REP 3123	2009-07-03	DateIntroduced	1	
2495	C408522	class-I restricted T cell-associated molecule	2000-05-31	DateIntroduced	1	
2496	C015947	hyperglycemic hormone, crustacean	1978-01-01	DateIntroduced	1	
2497	C000656473	crustin	2020-01-14	DateIntroduced	2	date
2498	C063214	cruzipain	1990-04-03	DateIntroduced	1	
2499	C444241	cryptand	2002-01-17	DateIntroduced	1	
2500	C000685160	Naganishia albida	2021-01-01	DateIntroduced	2	date
2501	C000696937	Naganishia diffluens	2021-01-01	DateIntroduced	2	date
2502	C499954	cryptomeridiol	2005-04-27	DateIntroduced	1	
2503	C523242	cryptophane	2007-10-03	DateIntroduced	1	
2504	C545484	cryptophane A	2009-12-10	DateIntroduced	1	
2505	C000607547	esaxerenone	2016-05-15	DateIntroduced	2	date
2506	C040656	loxoprofen	1984-05-14	DateIntroduced	1	
2507	C000705608	chiauranib	2020-04-23	DateIntroduced	2	date
2508	C000627847	ceragenin CSA-131	2018-08-03	DateIntroduced	2	date
2509	C531461	cytosporone B	2008-09-18	DateIntroduced	1	
2510	C000634102	CSN5i-3	2019-09-09	DateIntroduced	2	date
2511	C585832	pidilizumab	2014-01-22	DateIntroduced	2	date
2512	C000722909	CT-P17	2022-07-22	DateIntroduced	2	date
2513	C000630847	CT-P6	2019-05-01	DateIntroduced	2	date
2514	C077305	CTF-1 transcription factor	1992-11-13	DateIntroduced	1	
2515	C049352	phenylalanyl-cyclo(cysteinyltyrosyl-tryptophyl-ornithyl-threonyl-penicillamine)threoninamide	1986-07-21	DateIntroduced	1	
2516	C019950	CTPase	1975-01-01	DateIntroduced	1	
2517	C089548	copper (II) diacetyl-di(N(4)-methylthiosemicarbazone)	1994-10-24	DateIntroduced	1	
2518	C583002	CU06-1004	2013-08-21	DateIntroduced	2	date
2519	C574001	CuAlO(2)	2012-08-01	DateIntroduced	1	
2520	C560340	cubane	2011-08-16	DateIntroduced	1	
2521	C445365	cubenol	2002-01-30	DateIntroduced	1	
2522	C038105	cucurbitacin D	1983-06-10	DateIntroduced	1	
2523	C038106	cucurbitacin I	1983-06-10	DateIntroduced	1	
2524	C557526	cucurbitacin IIa	2011-04-18	DateIntroduced	1	
2525	C514277	cucurbitane	2006-10-23	DateIntroduced	1	
2526	C576940	CUDC-907	2012-12-20	DateIntroduced	1	
2527	C000678461	Cunninghamella bertholletiae	2021-01-01	DateIntroduced	2	date
2528	C000670037	Cunninghamella elegans	2021-01-01	DateIntroduced	2	date
2529	C031808	cupferron	1981-10-16	DateIntroduced	1	
2530	C000653727	Cupriavidus gilardii	2020-01-01	DateIntroduced	2	date
2531	C000653720	Cupriavidus pauculus	2020-01-01	DateIntroduced	2	date
2532	C477170	curculigoside	2003-09-14	DateIntroduced	1	
2533	C475935	curcumin III	2003-07-29	DateIntroduced	1	
2534	C022801	curcumol	1980-01-01	DateIntroduced	1	
2535	C504126	curdione	2005-09-28	DateIntroduced	1	
2536	C038459	curdlan	1983-07-22	DateIntroduced	1	
2537	C000601169	P11-4 peptide	2015-09-13	DateIntroduced	2	date
2538	C536221	Currarino triad	2010-08-25	DateIntroduced	1	
2539	C000653710	Curtobacterium flaccumfaciens	2020-01-01	DateIntroduced	2	date
2540	C000609675	curzerene	2016-08-09	DateIntroduced	2	date
2541	C039984	Bretschneider cardioplegic solution	1984-01-20	DateIntroduced	1	
2542	C101789	SA 4503	1996-11-15	DateIntroduced	1	
2543	C512198	copper tetra-aminophthalocyanine-Fe3O4	2006-08-02	DateIntroduced	1	
2544	C063213	5,10,15,20-tetrakis(4-carboxyphenyl)porphinatocopper(II)	1990-04-03	DateIntroduced	1	
2545	C000653696	Cutibacterium avidum	2020-01-01	DateIntroduced	2	date
2546	C019952	cutinase	1975-01-01	DateIntroduced	1	
2547	C536226	Cutis marmorata telangiectatica congenita	2010-08-25	DateIntroduced	1	
2548	C032939	cyclovirobuxine D	1982-01-06	DateIntroduced	1	
2549	C555142	silmitasertib	2011-01-19	DateIntroduced	1	
2550	C557717	CX 5461	2011-04-24	DateIntroduced	1	
2551	C485182	Cyan Fluorescent Protein	2004-08-06	DateIntroduced	1	
2552	C000731444	cyanidin-3-O-galactoside	2025-04-10	DateIntroduced	2	date
2553	C000627612	cyanobactins	2018-07-13	DateIntroduced	2	date
2554	C430593	cyanohydrin	2001-07-12	DateIntroduced	1	
2555	C521609	cyanomethylidyne	2007-08-01	DateIntroduced	1	
2556	C558219	cyantraniliprole	2011-05-17	DateIntroduced	1	
2557	C002082	cyasterone	1973-01-01	DateIntroduced	1	
2558	C497675	cyathane	2005-03-16	DateIntroduced	1	
2559	C465366	cyazofamid	2002-09-18	DateIntroduced	1	
2560	C000686457	Cyberlindnera fabianii	2021-01-01	DateIntroduced	2	date
2561	C016325	cyclo(glycylprolyl)	1978-01-01	DateIntroduced	1	
2562	C085352	cycloartane	1994-02-17	DateIntroduced	1	
2563	C100089	cycloartenol	1983-08-09	DateIntroduced	1	
2564	C021923	cycloartenol synthase	1969-01-01	DateIntroduced	1	
2565	C061014	cycloastragenol	1989-10-16	DateIntroduced	1	
2566	C538814	cyclobutanol	2009-02-28	DateIntroduced	1	
2567	C507608	cyclohexadienone	2006-02-03	DateIntroduced	1	
2568	C007193	cyclohexene oxide	1974-01-01	DateIntroduced	1	
2569	C474479	cyclooctane	2003-06-07	DateIntroduced	1	
2570	C002864	cyclodrine	1973-01-01	DateIntroduced	1	
2571	C007201	cyclopentanone	1969-01-01	DateIntroduced	1	
2572	C063285	cyclophellitol	1990-04-06	DateIntroduced	1	
2573	C043657	cyclopropanol	1985-01-04	DateIntroduced	1	
2574	C120343	cyclopropenone	1999-09-29	DateIntroduced	1	
2575	C555684	cyclopropenylidene	2011-02-07	DateIntroduced	1	
2576	C067351	cyclopropylamine	1991-03-18	DateIntroduced	1	
2577	C050025	cyclosporin H	1986-10-16	DateIntroduced	1	
2578	C000721272	cyclotropia	2023-01-01	DateIntroduced	2	date
2579	C583366	cycloxaprid	2013-09-10	DateIntroduced	2	date
2580	C401281	cycloxydim	1999-12-10	DateIntroduced	1	
2581	C000591892	cyenopyrafen	2014-09-28	DateIntroduced	2	date
2582	C572153	cyflumetofen	2012-05-16	DateIntroduced	1	
2583	C102012	antigen CYFRA21.1	1996-12-04	DateIntroduced	1	
2584	C000634149	CYH33	2019-09-09	DateIntroduced	2	date
2585	C501583	cyhalofop-butyl	2005-06-28	DateIntroduced	1	
2586	C583602	CYM51010	2013-09-24	DateIntroduced	2	date
2587	C532995	2-(4-(5-(3,4-diethoxyphenyl)-1,2,4-oxadiazol-3-yl)-2,3-dihydro-1H-inden-1-yl amino)ethanol	2008-11-17	DateIntroduced	1	
2588	C000623928	Cymbidium mosaic virus	2018-01-01	DateIntroduced	2	date
2589	C075687	cynaropicrin	1992-08-16	DateIntroduced	1	
2590	C435228	cytochrome P-450 CYP153 (Acinetobacter)	2001-09-22	DateIntroduced	1	
2591	C108015	cytochrome P-450 CYP1A5	1997-09-22	DateIntroduced	1	
2592	C423964	CYP2A7 protein, human	2001-04-19	DateIntroduced	1	
2593	C090278	cytochrome P-450 CYP2B11 (dog)	1994-12-05	DateIntroduced	1	
2594	C400322	cytochrome P-450 CYP2C subfamily	1999-11-23	DateIntroduced	1	
2595	C086292	Cyp2c29 protein, mouse	1994-04-15	DateIntroduced	1	
2596	C465259	cytochrome P-450 CYP3A37 (chicken)	2002-10-23	DateIntroduced	1	
2597	C095029	cytochrome P-450 CYP4B1	1995-09-08	DateIntroduced	1	
2598	C465625	cytochrome P-450 4X1	2002-09-25	DateIntroduced	1	
2599	C084258	flavonoid 3',5'-hydroxylase	1993-12-15	DateIntroduced	1	
2600	C000604523	Cypate	2016-01-31	DateIntroduced	2	date
2601	C519558	cyperenoic acid	2007-05-13	DateIntroduced	1	
2602	C000623752	Cyprinid herpesvirus 2	2018-01-01	DateIntroduced	2	date
2603	C021986	cypripedin	1980-01-01	DateIntroduced	1	
2604	C093628	cyproconazole	1995-06-20	DateIntroduced	1	
2605	C108338	cyprodinil	1997-10-10	DateIntroduced	1	
2606	C028704	cyromazine	1981-03-26	DateIntroduced	1	
2607	C083169	leukotriene D4 receptor	1993-10-14	DateIntroduced	1	
2608	C031586	cysteine-glutathione disulfide	1981-09-23	DateIntroduced	1	
2609	C019966	cysteamine dioxygenase	1975-01-01	DateIntroduced	1	
2610	C080546	cysteine desulfurase	1993-04-30	DateIntroduced	1	
2611	C031752	ethyl cysteine	1981-10-07	DateIntroduced	1	
2612	C017507	mecysteine	1978-01-01	DateIntroduced	1	
2613	C000653356	Cysteiniphilum litorale	2020-01-01	DateIntroduced	2	date
2614	C055419	cysteinolic acid	1988-05-05	DateIntroduced	1	
2615	C019975	cysteinyl-tRNA synthetase	1970-01-01	DateIntroduced	1	
2616	C000720187	Pafolacianine	2021-11-29	DateIntroduced	2	date
2617	C035130	cytochrome b245	1982-08-30	DateIntroduced	1	
2618	C054690	nitrate reductase (cytochrome)	1988-03-04	DateIntroduced	1	
2619	C117108	cytochrome C oxidase subunit II	1999-02-12	DateIntroduced	1	
2620	C052839	Cytodex	1987-07-15	DateIntroduced	1	
2621	C000704488	Valsa sordida	2021-01-01	DateIntroduced	2	date
2622	C000685859	Cytospora mali	2021-01-01	DateIntroduced	2	date
2623	C060296	cytotoxic necrotizing factor type 1	1989-08-17	DateIntroduced	1	
2624	C004279	tromantadine	1973-01-01	DateIntroduced	1	
2625	C019638	D-alanylalanine synthetase	1972-01-01	DateIntroduced	1	
2626	C080477	N-carbamoyl-D-amino acid amidohydrolase	1993-04-27	DateIntroduced	1	
2627	C002038	galactal	1973-01-01	DateIntroduced	1	
2628	C035547	glucosaminic acid	1982-09-22	DateIntroduced	1	
2629	C020670	glycerate kinase	1974-01-01	DateIntroduced	1	
2630	C071195	D-lactate dehydrogenase	1991-11-05	DateIntroduced	1	
2631	C008322	mannosamine	1974-01-01	DateIntroduced	1	
2632	C008852	2-phenylglycine	1974-01-01	DateIntroduced	1	
2633	C070066	2-(1',2',3',4'-tetrahydroxybutyl)thiazolidine-4-carboxylic acid	1991-08-26	DateIntroduced	1	
2634	C431715	xylopyranose	2001-08-01	DateIntroduced	1	
2635	C031625	xylulose-5-phosphate	1981-09-28	DateIntroduced	1	
2636	C000722356	DA-1241	2022-05-25	DateIntroduced	2	date
2637	C000630740	DA-8010	2019-04-16	DateIntroduced	2	date
2638	C533973	DA-9701	2008-12-24	DateIntroduced	1	
2639	C068173	N-(deoxyadenosin-8-yl)-2-aminopyrene	1991-05-06	DateIntroduced	1	
2640	C063127	4-(4-dimethylaminophenylazo)benzoic acid	1990-03-23	DateIntroduced	1	
2641	C477169	dachengqi decoction	2003-09-14	DateIntroduced	1	
2642	C525726	dacomitinib	2008-01-14	DateIntroduced	1	
2643	C000682865	Dactylellina haptotyla	2021-01-01	DateIntroduced	2	date
2644	C081524	N,N'-diacetyl-1,6-diaminohexane	1993-07-02	DateIntroduced	1	
2645	C017182	5-dehydro-3-deoxy-D-arabino-heptulosonic acid-7-phosphate	1978-01-01	DateIntroduced	1	
2646	C121414	dai-kenchu-to	1999-10-12	DateIntroduced	1	
2647	C000675519	Daldinia eschscholtzii	2021-01-01	DateIntroduced	2	date
2648	C000720752	dalpiciclib	2022-01-10	DateIntroduced	2	date
2649	C502869	damascenone	2005-08-16	DateIntroduced	1	
2650	C496116	alpha-damascone	2005-02-09	DateIntroduced	1	
2651	C106188	dammarenediol	1997-06-18	DateIntroduced	1	
2652	C079170	damnacanthal	1993-02-08	DateIntroduced	1	
2653	C000619914	danegaptide	2017-06-04	DateIntroduced	2	date
2654	C477279	danggui buxue decoction	2003-09-17	DateIntroduced	1	
2655	C531150	danggui-shaoyao-san	2008-09-04	DateIntroduced	1	
2656	C540581	danhong	2009-05-13	DateIntroduced	1	
2657	C000731453	danhong formula	2025-04-10	DateIntroduced	2	date
2658	C000732026	danicamtiv	2026-05-14	DateIntroduced	2	date
2659	C000718467	danicopan	2021-07-30	DateIntroduced	2	date
2660	C068581	danofloxacin	1991-05-27	DateIntroduced	1	
2661	C000605263	danqi tongmai	2016-02-25	DateIntroduced	2	date
2662	C000604051	danshen dripping pill	2016-01-07	DateIntroduced	2	date
2663	C028972	dan-shen root extract	1981-04-23	DateIntroduced	1	
2664	C496906	1-myristoyl-2-(12-((5-dimethylamino-1-naphthalenesulfonyl)amino)dodecanoyl)-sn-glycero-3-phosphocholine	2005-03-01	DateIntroduced	1	
2665	C029038	dansyl chloride	1981-05-15	DateIntroduced	1	
2666	C001026	5-dimethylaminonaphthalene-1-sulfonamide	1972-01-01	DateIntroduced	1	
2667	C008542	monodansylcadaverine	1974-01-01	DateIntroduced	1	
2668	C000610954	danvatirsen	2016-09-22	DateIntroduced	2	date
2669	C000610588	danzhi jiangtang	2016-09-11	DateIntroduced	2	date
2670	C528579	daotan	2008-05-05	DateIntroduced	1	
2671	C000627877	dapansutrile	2018-08-08	DateIntroduced	2	date
2672	C044819	1,2-diarachidonoyl-glycero-3-phosphocholine	1985-04-12	DateIntroduced	1	
2673	C038420	amphotericin B, N-(N'-(3-dimethylaminopropyl)-N''-ethylguanyl)-	1983-07-13	DateIntroduced	1	
2674	C011309	mezerein	1976-01-01	DateIntroduced	1	
2675	C035316	daphnoretin	1982-08-24	DateIntroduced	1	
2676	C000607972	dapirolizumab pegol	2016-05-29	DateIntroduced	2	date
2677	C000599718	GSK1278863	2015-07-26	DateIntroduced	2	date
2678	C000731071	daraxonrasib	2024-12-19	DateIntroduced	2	date
2679	C000634383	daridorexant	2019-09-23	DateIntroduced	2	date
2680	C000718067	darobactin	2021-07-08	DateIntroduced	2	date
2681	C000607739	darolutamide	2016-05-19	DateIntroduced	2	date
2682	C000706889	daromun	2020-06-09	DateIntroduced	2	date
2683	C000609455	4-(3,4-dichlorophenyl)-1,2,3,4-tetrahydronaphthalen-1-amine	2016-07-31	DateIntroduced	2	date
2684	C000731951	datopotamab deruxtecan	2026-03-17	DateIntroduced	2	date
2685	C035934	dauricine	1982-11-16	DateIntroduced	1	
2686	C000723381	donidalorsen	2022-08-31	DateIntroduced	2	date
2687	C000656362	trofinetide	2020-01-06	DateIntroduced	2	date
2688	C000634104	lemborexant	2019-09-09	DateIntroduced	2	date
2689	C059284	3,4-dibenzoyl dopamine	1989-05-26	DateIntroduced	1	
2690	C067221	dibenzyldithiocarbamate	1991-03-11	DateIntroduced	1	
2691	C026270	dibenzyldiisocyanate	1980-09-17	DateIntroduced	1	
2692	C000720891	dBET6	2022-01-19	DateIntroduced	2	date
2693	C035901	dibutyldichlorogermane	1982-11-02	DateIntroduced	1	
2694	C061629	4,5-dibromo-2-pyrrolic acid	1989-12-11	DateIntroduced	1	
2695	C053565	dibutyltin difluoride	1987-10-21	DateIntroduced	1	
2696	C000630837	dibenzotetrathiafulvalene	2019-05-01	DateIntroduced	2	date
2697	C560099	DCC-2036	2011-08-08	DateIntroduced	1	
2698	C048922	5,5-dimethyl-1,2,3-cyclohexanetrione 1,2-dioxime 3-thiosemicarbazone	1986-06-20	DateIntroduced	1	
2699	C572626	piflufolastat	2012-06-10	DateIntroduced	1	
2700	C015802	2,6-dichloro-4-nitrophenol	1978-01-01	DateIntroduced	1	
2701	C048538	2-dimethylamino-3-chloro-1,4-naphthoquinone	1986-05-20	DateIntroduced	1	
2702	C020071	dipeptidyl carboxypeptidase	1977-01-01	DateIntroduced	1	
2703	C036673	3,4-dichlorophenylethanolamine	1983-03-21	DateIntroduced	1	
2704	C062806	4,4-dicarboxy-5-pyridoxylproline	1990-03-07	DateIntroduced	1	
2705	C060702	dodecyl-N,N-dimethylaminoacetate	1989-09-19	DateIntroduced	1	
2706	C046112	didodecyldimethylammonium	1985-08-29	DateIntroduced	1	
2707	C053645	N,N-dimethyl-N-hexadecyl-1-octadecylammonium	1987-10-20	DateIntroduced	1	
2708	C014518	dodecyldimethylamine oxide	1973-01-01	DateIntroduced	1	
2709	C000629696	3'-deoxy-3',4'-didehydro-CTP	2019-02-01	DateIntroduced	2	date
2710	C074142	2',3'-dideoxy-5-methylcytidine	1992-05-20	DateIntroduced	1	
2711	C006308	metoprine	1974-01-01	DateIntroduced	1	
2712	C117975	DDMS	1999-03-29	DateIntroduced	1	
2713	C021112	DDOH	1974-01-01	DateIntroduced	1	
2714	C000851	flupentixol, melitracen drug combination	1971-01-01	DateIntroduced	1	
2715	C491509	decabromodiphenyl ethane	2004-10-04	DateIntroduced	1	
2716	C005381	decachlorobiphenyl	1974-01-01	DateIntroduced	1	
2717	C007229	decalin	1969-01-01	DateIntroduced	1	
2718	C000858	decamethoxine	1971-01-01	DateIntroduced	1	
2719	C114768	decamethylcyclopentasiloxane	1998-10-14	DateIntroduced	1	
2720	C021170	decanaldehyde	1980-01-01	DateIntroduced	1	
2721	C002893	decanoylcarnitine	1973-01-01	DateIntroduced	1	
2722	C030052	mRNA decapping enzymes	1981-06-26	DateIntroduced	1	
2723	C526360	dechlorane plus	2008-02-07	DateIntroduced	1	
2724	C000723076	decitabine and cedazuridine drug combination	2022-08-09	DateIntroduced	2	date
2725	C445340	dectin-2, mouse	2002-08-05	DateIntroduced	1	
2726	C101278	decursin	1996-10-14	DateIntroduced	1	
2727	C004744	decylamine	1969-01-01	DateIntroduced	1	
2728	C013912	decyltrimethylammonium	1977-01-01	DateIntroduced	1	
2729	C108169	decysin	1997-10-01	DateIntroduced	1	
2730	C000654497	diethyldithiophosphate	2019-10-28	DateIntroduced	2	date
2731	C569516	Trichophyton infection	2012-08-24	DateIntroduced	1	
2732	C048238	deepoxy-deoxynivalenol	1986-04-16	DateIntroduced	1	
2733	C584510	defactinib	2013-11-22	DateIntroduced	2	date
2734	C058181	insect defensin A	1989-02-10	DateIntroduced	1	
2735	C094535	deflux	1995-08-10	DateIntroduced	1	
2736	C571886	insulin degludec	2012-05-06	DateIntroduced	1	
2737	C083286	degradable starch microspheres	1993-10-17	DateIntroduced	1	
2738	C111244	degradosome	1998-04-08	DateIntroduced	1	
2739	C104154	DegraPol	1997-02-28	DateIntroduced	1	
2740	C107676	deguelin	1997-09-08	DateIntroduced	1	
2741	C000653289	Dehalococcoides mccartyi	2020-01-01	DateIntroduced	2	date
2742	C037634	di-2-ethylhexyl sebacate	1983-04-14	DateIntroduced	1	
2743	C536764	Xerocytosis, hereditary	2010-08-25	DateIntroduced	1	
2744	C013913	dehydroabietic acid	1977-01-01	DateIntroduced	1	
2745	C015102	dehydroalanine	1976-01-01	DateIntroduced	1	
2746	C478098	dehydroandrographolide	2003-10-22	DateIntroduced	1	
2747	C007232	dehydrocorydalin	1974-01-01	DateIntroduced	1	
2748	C083030	dehydrocostus lactone	1993-10-01	DateIntroduced	1	
2749	C013914	dehydrocurvularin	1977-01-01	DateIntroduced	1	
2750	C496603	dehydrodiisoeugenol	2005-02-22	DateIntroduced	1	
2751	C028633	dehydroevodiamine	1981-03-18	DateIntroduced	1	
2752	C000864	dehydrosqualene	1972-01-01	DateIntroduced	1	
2753	C066918	N-(2-(diethylamino)ethyl)-4-iodobenzamide	1991-02-23	DateIntroduced	1	
2754	C547822	deinoxanthin	2010-03-17	DateIntroduced	1	
2755	C000630478	Trachypithecus delacouri	2019-01-01	DateIntroduced	2	date
2756	C000731689	delandistrogene moxeparvovec	2025-06-11	DateIntroduced	2	date
2757	C527966	delanzomib	2008-04-10	DateIntroduced	1	
2758	C000652938	Delftia tsuruhatensis	2020-01-01	DateIntroduced	2	date
2759	C000627008	delpazolid	2018-05-15	DateIntroduced	2	date
2760	C494120	delphinidin 3-O-glucopyranoside	2004-12-19	DateIntroduced	1	
2761	C035731	delta-8-tetrahydrocannabinol	1982-10-13	DateIntroduced	1	
2762	C477155	demethyleneberberine	2003-09-13	DateIntroduced	1	
2763	C099855	demethylzeylasteral	1996-07-31	DateIntroduced	1	
2764	C093073	Demineralized Dentin Matrix	1995-05-16	DateIntroduced	1	
2765	C100126	oxalyldiaminopropionic acid	1984-08-14	DateIntroduced	1	
2766	C002077	dendrobine	1973-01-01	DateIntroduced	1	
2767	C071845	dendrophenol	1991-12-27	DateIntroduced	1	
2768	C515608	densiron	2006-12-18	DateIntroduced	1	
2769	C059685	N(1),N(11)-diethylnorspermine	1989-06-22	DateIntroduced	1	
2770	C000621293	Dentapreg	2017-07-17	DateIntroduced	2	date
2771	C406942	5,5'-diphenyl-9-ethyl-oxacarbocyanine	2000-04-27	DateIntroduced	1	
2772	C019165	deoxyguanosine kinase	1979-01-01	DateIntroduced	1	
2773	C034924	deoxyhypusine	1982-07-20	DateIntroduced	1	
2774	C047991	deoxyhypusine hydroxylase	1986-04-03	DateIntroduced	1	
2775	C063507	deoxyhypusine synthase	1990-05-01	DateIntroduced	1	
2776	C055547	deoxymyoglobin	1988-05-18	DateIntroduced	1	
2777	C542050	deoxynivalenol-3-glucoside	2009-07-15	DateIntroduced	1	
2778	C019329	deoxyribonuclease II	1979-01-01	DateIntroduced	1	
2779	C056013	deoxyshikonin	1988-06-27	DateIntroduced	1	
2780	C000631685	depatuxizumab mafodotin	2019-06-17	DateIntroduced	2	date
2781	C000731964	depemokimab	2026-03-17	DateIntroduced	2	date
2782	C015787	dephosphocoenzyme A	1978-01-01	DateIntroduced	1	
2783	C451159	Dermatophagoides farinae antigen f 1	2002-08-05	DateIntroduced	1	
2784	C451163	Dermatophagoides pteronyssinus antigen p 2	2002-08-05	DateIntroduced	1	
2785	C000720648	Der p 38	2021-12-30	DateIntroduced	2	date
2786	C000621805	derazantinib	2017-08-10	DateIntroduced	2	date
2787	C000652910	Dermacoccus nishinomiyaensis	2020-01-01	DateIntroduced	2	date
2788	C070905	dermaseptin	1991-10-16	DateIntroduced	1	
2789	C422650	ghrelin, des-n-octanoyl	2001-03-27	DateIntroduced	1	
2790	C000726499	deschloroclozapine	2023-01-11	DateIntroduced	2	date
2791	C000652634	Desertifilum tharense	2020-01-01	DateIntroduced	2	date
2792	C036116	desethylamiodarone	1982-11-16	DateIntroduced	1	
2793	C047386	desethylamodiaquine	1986-02-12	DateIntroduced	1	
2794	C561576	desferrioxamine E	2011-10-06	DateIntroduced	1	
2795	C000623340	desidustat	2017-10-12	DateIntroduced	2	date
2796	C000651532	Desulfovibrio piger	2020-01-01	DateIntroduced	2	date
2797	C094210	2,2'-(hydroxynitrosohydrazono)bis-ethanamine	1995-07-21	DateIntroduced	1	
2798	C041255	detomidine	1984-06-12	DateIntroduced	1	
2799	C041609	O,O-diethyl phosphorothionate	1984-06-29	DateIntroduced	1	
2800	C000628674	deucravacitinib	2018-10-25	DateIntroduced	2	date
2801	C000731752	Deuruxolitinib	2025-07-15	DateIntroduced	2	date
2802	C552681	deuterohemin-alanyl-histidyl-threonyl-valyl-glutamyl-lysine	2010-10-09	DateIntroduced	1	
2803	C018038	dexamethasone acetate	1979-01-01	DateIntroduced	1	
2804	C004180	dexamethasone 21-phosphate	1978-01-01	DateIntroduced	1	
2805	C013471	dextranomer	1977-01-01	DateIntroduced	1	
2806	C020025	dextransucrase	1974-01-01	DateIntroduced	1	
2807	C010827	dezocine	1976-01-01	DateIntroduced	1	
2808	C044319	4,4-difluororetinoic acid	1985-03-20	DateIntroduced	1	
2809	C408642	diacylglycerol pyrophosphate	2000-06-02	DateIntroduced	1	
2810	C051806	4,6-diamino-5-guanidinopyrimidine	1987-04-14	DateIntroduced	1	
2811	C076856	5,5'-dihydroxy-4,4'-bitryptamine	1992-10-22	DateIntroduced	1	
2812	C066747	3,16-dihydroxyandrost-5-ene-17,19-dione	1991-02-11	DateIntroduced	1	
2813	C056930	thymidylate synthase-dihydrofolate reductase	1988-09-23	DateIntroduced	1	
2814	C038835	3,4-dihydroxyphenylacetamidine	1983-08-31	DateIntroduced	1	
2815	C541550	di-4-ANEPPDHQ	2009-06-24	DateIntroduced	1	
2816	C089669	1-(3-sulfonatopropyl)-4-(beta-(2-(di-n-octylamino)-6-naphthyl)vinyl)pyridinium betaine	1994-10-28	DateIntroduced	1	
2817	C111688	violarvensin	1998-05-04	DateIntroduced	1	
2818	C025605	diisobutyl phthalate	1980-08-01	DateIntroduced	1	
2819	C000721848	hypoglycemic encephalopathy	2022-03-30	DateIntroduced	2	date
2820	C029453	N',N''-diacetylspermine	1981-05-22	DateIntroduced	1	
2821	C058684	2,3-dialdehydocellulose	1989-03-31	DateIntroduced	1	
2822	C012880	dialdehyde starch	1976-01-01	DateIntroduced	1	
2823	C000651449	Dialister invisus	2020-01-01	DateIntroduced	2	date
2824	C000651448	Dialister micraerophilus	2020-01-01	DateIntroduced	2	date
2825	C000651447	Dialister pneumosintes	2020-01-01	DateIntroduced	2	date
2826	C022103	diaminomaleonitrile	1980-01-01	DateIntroduced	1	
2827	C032640	Cyproterone acetate, ethinyl estradiol drug combination	1981-12-22	DateIntroduced	1	
2828	C000681051	Diaporthe caulivora	2021-01-01	DateIntroduced	2	date
2829	C486182	2,3-bis(4-hydroxyphenyl)-propionitrile	2004-06-02	DateIntroduced	1	
2830	C452539	diazeniumdiolate	2002-04-24	DateIntroduced	1	
2831	C038867	diazene	1983-09-07	DateIntroduced	1	
2832	C035719	diisobutylaluminum	1982-10-07	DateIntroduced	1	
2833	C026486	1,2,5,6-dibenzanthracene	1980-10-16	DateIntroduced	1	
2834	C527817	dibenzazepine	2008-04-04	DateIntroduced	1	
2835	C002564	dibenzo-18-crown-6	1973-01-01	DateIntroduced	1	
2836	C511097	dibenzocyclooctadiene	2006-06-19	DateIntroduced	1	
2837	C016366	dibenzothiophene	1978-01-01	DateIntroduced	1	
2838	C076624	dibenzyl ether	1992-10-09	DateIntroduced	1	
2839	C005051	dibenzylamine	1969-01-01	DateIntroduced	1	
2840	C060017	dibenzyltoluene	1989-07-14	DateIntroduced	1	
2841	C051715	dibromoacetonitrile	1987-04-17	DateIntroduced	1	
2842	C053284	dibutyl ether	1987-12-04	DateIntroduced	1	
2843	C065087	di-n-butylphosphoric acid	1990-08-28	DateIntroduced	1	
2844	C045274	dibutylamine	1985-06-19	DateIntroduced	1	
2845	C016370	dichlofluanid	1978-01-01	DateIntroduced	1	
2846	C032619	2,2-dichloroacetamide	1981-12-21	DateIntroduced	1	
2847	C010571	dichlorprop	1975-01-01	DateIntroduced	1	
2848	C016374	dicolin	1978-01-01	DateIntroduced	1	
2849	C000658317	Dichomitus squalens	2021-01-01	DateIntroduced	2	date
2850	C000651148	Dickeya dadantii	2020-01-01	DateIntroduced	2	date
2851	C000651142	Dickeya solani	2020-01-01	DateIntroduced	2	date
2852	C012891	dichlorfop-methyl	1977-01-01	DateIntroduced	1	
2853	C026398	dictamnine	1980-10-01	DateIntroduced	1	
2854	C000726274	dicyanamide	2022-12-15	DateIntroduced	2	date
2855	C027118	didecyldimethylammonium	1980-12-01	DateIntroduced	1	
2856	C552234	didymin	2010-09-20	DateIntroduced	1	
2857	C027070	N,N-diisopropylethylamine	1980-11-25	DateIntroduced	1	
2858	C503840	dieckol	2005-09-19	DateIntroduced	1	
2859	C023635	dienogest	1980-04-17	DateIntroduced	1	
2860	C070961	diethofencarb	1991-10-17	DateIntroduced	1	
2861	C022918	acetylenedicarboxylic acid dimethyl ester	1980-01-01	DateIntroduced	1	
2862	C572218	diethyl aminoethyl hexanoate	2012-05-17	DateIntroduced	1	
2863	C548970	diethylchlorophosphate	2010-04-28	DateIntroduced	1	
2864	C014476	diethyl maleate	1977-01-01	DateIntroduced	1	
2865	C498810	diethyl malonate	2005-04-06	DateIntroduced	1	
2866	C000597744	diethylamino hydroxybenzoyl hexyl benzoate	2015-05-17	DateIntroduced	2	date
2867	C010111	carbitol	1975-01-01	DateIntroduced	1	
2868	C005391	diethylenetriamine	1974-01-01	DateIntroduced	1	
2869	C000711049	difamilast	2020-10-23	DateIntroduced	2	date
2870	C000657129	difelikefalin	2020-02-11	DateIntroduced	2	date
2871	C004858	diphenidol	1970-01-01	DateIntroduced	1	
2872	C115058	difenoconazole	1998-10-30	DateIntroduced	1	
2873	C536174	Diffuse panbronchiolitis	2010-08-25	DateIntroduced	1	
2874	C072847	diflufenican	1992-03-13	DateIntroduced	1	
2875	C027495	difluoroacetic acid	1981-01-15	DateIntroduced	1	
2876	C121084	difluorocarbene	1999-10-12	DateIntroduced	1	
2877	C102075	difluoromethane	1996-12-09	DateIntroduced	1	
2878	C015808	difluprednate	1978-01-01	DateIntroduced	1	
2879	C007388	digalactosyldiacylglycerol	1975-01-01	DateIntroduced	1	
2880	C012905	dihexosylceramide	1977-01-01	DateIntroduced	1	
2881	C544754	dihydroresveratrol	2009-11-11	DateIntroduced	1	
2882	C010711	dihydroactinidiolide	1975-01-01	DateIntroduced	1	
2883	C520462	dihydroartemisinic acid	2007-06-18	DateIntroduced	1	
2884	C039639	dihydroberberine	1984-01-03	DateIntroduced	1	
2885	C556859	dihydrocarvone	2011-03-25	DateIntroduced	1	
2886	C109343	dihydroceramide	1997-12-22	DateIntroduced	1	
2887	C524982	dihydrochelerythrine	2007-12-14	DateIntroduced	1	
2888	C433163	dihydrodaidzein	2001-08-20	DateIntroduced	1	
2889	C507866	trans-1,2-dihydro-1,2-naphthalenediol	2006-02-15	DateIntroduced	1	
2890	C520807	dihydroferulic acid	2007-06-29	DateIntroduced	1	
2891	C007409	dihydrolipoamide	1974-01-01	DateIntroduced	1	
2892	C021515	dihydrolipoamide succinyltransferase	1972-01-01	DateIntroduced	1	
2893	C107882	7,8-dihydromethysticin	1997-09-16	DateIntroduced	1	
2894	C015145	dihydronicotinamide	1977-01-01	DateIntroduced	1	
2895	C020047	dihydropyrimidinase	1976-01-01	DateIntroduced	1	
2896	C552397	dihydrorobinetin	2010-10-01	DateIntroduced	1	
2897	C005682	safingol	1972-01-01	DateIntroduced	1	
2898	C007419	dihydrouracil	1974-01-01	DateIntroduced	1	
2899	C019339	2,6-dihydroxyacetophenone	1979-01-01	DateIntroduced	1	
2900	C000605975	dihydrozeatin	2016-03-20	DateIntroduced	2	date
2901	C027946	methylene iodide	1981-01-28	DateIntroduced	1	
2902	C023477	diisopropyl methylphosphonate	1980-04-14	DateIntroduced	1	
2903	C481647	dimanganese decacarbonyl	2004-02-18	DateIntroduced	1	
2904	C004774	dimedone	1969-01-01	DateIntroduced	1	
2905	C488805	dimethachlon	2004-08-27	DateIntroduced	1	
2906	C120861	dimethenamid	1999-09-16	DateIntroduced	1	
2907	C076154	dimethomorph	1992-09-16	DateIntroduced	1	
2908	C042581	dimethoxymethane	1984-10-16	DateIntroduced	1	
2909	C008480	methylparaoxon	1975-01-01	DateIntroduced	1	
2910	C059033	1,1-dimethoxyethane	1989-05-05	DateIntroduced	1	
2911	C067353	dimethyl glutarate	1991-03-18	DateIntroduced	1	
2912	C518953	dimethyl itaconate	2007-04-20	DateIntroduced	1	
2913	C005230	methyl malonate	1974-01-01	DateIntroduced	1	
2914	C031116	dimethyl methylphosphonate	1981-08-14	DateIntroduced	1	
2915	C007477	dimethyl phosphate	1974-01-01	DateIntroduced	1	
2916	C007482	dimethyl sulfate	1969-01-01	DateIntroduced	1	
2917	C054170	dimethyl trisulfide	1987-12-24	DateIntroduced	1	
2918	C577929	dimethylaminomicheliolide	2013-02-02	DateIntroduced	2	date
2919	C015831	dimethyldioctadecylammonium	1978-01-01	DateIntroduced	1	
2920	C064455	dimethyldioxirane	1990-07-10	DateIntroduced	1	
2921	C040947	oxalylglycine	1984-05-10	DateIntroduced	1	
2922	C038983	1,3-dimethylthiourea	1983-11-07	DateIntroduced	1	
2923	C055957	hispidulin	1988-06-22	DateIntroduced	1	
2924	C076221	dinophysistoxin 2	1992-09-20	DateIntroduced	1	
2925	C051904	dinophysistoxin 1	1987-04-27	DateIntroduced	1	
2926	C551652	dioctyldiethylenetriamine	2010-08-24	DateIntroduced	1	
2927	C013965	diolein	1977-01-01	DateIntroduced	1	
2928	C094877	dioleoyl phosphatidylethanolamine	1995-08-31	DateIntroduced	1	
2929	C039602	diosmetin	1983-12-01	DateIntroduced	1	
2930	C001081	diphenoquinone	1972-01-01	DateIntroduced	1	
2931	C061132	diphenyldiselenide	1989-10-20	DateIntroduced	1	
2932	C053871	diphenyl disulfide	1987-11-16	DateIntroduced	1	
2933	C048860	diphenyl sulfoxide	1986-09-03	DateIntroduced	1	
2934	C044735	biphenylacetylene	1985-04-23	DateIntroduced	1	
2935	C007517	diphenyleneiodonium	1974-01-01	DateIntroduced	1	
2936	C031291	diphenyliodonium	1981-12-10	DateIntroduced	1	
2937	C010130	diphyllin	1975-01-01	DateIntroduced	1	
2938	C032812	betamethasone dipropionate, betamethasone sodium phosphate drug combination	1981-12-30	DateIntroduced	1	
2939	C041288	n-propyl disulfide	1984-06-25	DateIntroduced	1	
2940	C042175	dipropylene glycol monomethyl ether	1984-11-02	DateIntroduced	1	
2941	C000705367	diprovocim	2020-04-10	DateIntroduced	2	date
2942	C512015	dipyrromethane	2006-07-26	DateIntroduced	1	
2943	C507544	dipyrromethene	2006-02-02	DateIntroduced	1	
2944	C403315	diquafosol	2000-01-31	DateIntroduced	1	
2945	C009798	C.I. direct red 80	1969-01-01	DateIntroduced	1	
2946	C000722501	diroximel fumarate	2022-06-07	DateIntroduced	2	date
2947	C576246	disialyllacto-N-tetraose	2012-11-15	DateIntroduced	1	
2948	C000722994	disitamab vedotin	2022-08-03	DateIntroduced	2	date
2949	C001150	disparlure	1970-01-01	DateIntroduced	1	
2950	C023139	dispase	1976-01-01	DateIntroduced	1	
2951	C069319	Disperse Blue 124	1991-07-17	DateIntroduced	1	
2952	C004848	dithiol	1972-01-01	DateIntroduced	1	
2953	C009873	divinyl sulfone	1969-01-01	DateIntroduced	1	
2954	C004851	djenkolic acid	1974-01-01	DateIntroduced	1	
2955	C062608	N,N-dilactitol-3,5-bis(trifluoromethyl)benzylamine	1990-02-26	DateIntroduced	1	
2956	C000726994	DM199	2023-02-27	DateIntroduced	2	date
2957	C049646	N,N-dimethylformamidase	1986-09-24	DateIntroduced	1	
2958	C074678	2,2-dimethyl-3-hydroxybutyric acid	1992-06-21	DateIntroduced	1	
2959	C057548	2-(2,4-dimethylphenyl)indan-1,3-dione	1988-12-01	DateIntroduced	1	
2960	C018525	1,2-dimyristoylphosphatidylethanolamine	1979-01-01	DateIntroduced	1	
2961	C002773	dimyristoylphosphatidylglycerol	1980-11-03	DateIntroduced	1	
2962	C078629	dimyristoylphosphatidylinositol	1993-01-08	DateIntroduced	1	
2963	C069977	2,2-dimethyl-5-hydroxy-1-pyrrolidinyloxy	1991-08-21	DateIntroduced	1	
2964	C045664	dimethyl sulfoxide reductase	1985-07-18	DateIntroduced	1	
2965	C033016	2,2-dimethylthiazolidine	1982-01-07	DateIntroduced	1	
2966	C105141	DNA topoisomerase VI	1997-04-15	DateIntroduced	1	
2967	C031536	dinitroaminophenol	1981-09-10	DateIntroduced	1	
2968	C000722529	DNDI-6148	2022-06-13	DateIntroduced	2	date
2969	C058064	dinitrophenyl-human serum albumin conjugate	1989-01-26	DateIntroduced	1	
2970	C060939	dineopentyl glutamate	1989-10-10	DateIntroduced	1	
2971	C010936	2,4-dinitrothiocyanatobenzene	1976-01-01	DateIntroduced	1	
2972	C575982	docosahexaenoic acid monoacylglyceride	2012-11-01	DateIntroduced	1	
2973	C470023	docosane	2003-01-04	DateIntroduced	1	
2974	C119788	dodecaborate	1999-07-02	DateIntroduced	1	
2975	C036836	dodecanedioic acid	1983-01-21	DateIntroduced	1	
2976	C008259	lauryl gallate	1969-01-01	DateIntroduced	1	
2977	C040358	dodecyl maltoside	1984-03-19	DateIntroduced	1	
2978	C585126	dodecyl nicotinate	2013-12-18	DateIntroduced	2	date
2979	C022806	dodecyltrimethylammonium	1969-01-01	DateIntroduced	1	
2980	C003935	dodecylamine	1973-01-01	DateIntroduced	1	
2981	C028810	dodecylphosphocholine	1981-04-02	DateIntroduced	1	
2982	C115566	dolabellane	1998-11-27	DateIntroduced	1	
2983	C036554	dolichos biflorus agglutinin	1983-01-03	DateIntroduced	1	
2984	C000651082	Dolichospermum planctonicum	2020-01-01	DateIntroduced	2	date
2985	C000651078	Dolichospermum solitarium	2020-01-01	DateIntroduced	2	date
2986	C000651072	Dolosigranulum pigrum	2020-01-01	DateIntroduced	2	date
2987	C007556	domiphen	1968-01-01	DateIntroduced	1	
2988	C000710249	donafenib	2020-09-03	DateIntroduced	2	date
2989	C001123	dopachrome	1972-01-01	DateIntroduced	1	
2990	C042501	dopachrome isomerase	1984-09-21	DateIntroduced	1	
2991	C051388	1,2-dioleoyl-sn-glycero-3-phosphoglycerol	1987-03-23	DateIntroduced	1	
2992	C000592662	doravirine	2014-10-27	DateIntroduced	2	date
2993	C000732094	doravirine, islatravir drug combination	2026-07-21	DateIntroduced	2	date
2994	C585684	dordaviprone	2014-01-16	DateIntroduced	2	date
2995	C000650770	Dorea longicatena	2020-01-01	DateIntroduced	2	date
2996	C516138	dorsomorphin	2007-01-14	DateIntroduced	1	
2997	C000629807	Dorzagliatin	2019-02-11	DateIntroduced	2	date
2998	C000719628	dostarlimab	2021-10-14	DateIntroduced	2	date
2999	C072417	gadoterate meglumine	1992-02-24	DateIntroduced	1	
3000	C000718307	copper dotatate CU-64	2021-07-23	DateIntroduced	2	date
3001	C000706811	dotinurad	2020-06-08	DateIntroduced	2	date
3002	C054005	N-(1-(2,3-dioleyloxy)propyl)-N,N,N-trimethylammonium	1987-12-07	DateIntroduced	1	
3003	C063359	2,3-dihydro-5H-oxazolo(3,2-a)thieno(3,2-d)pyrimidin-5-one	1990-04-11	DateIntroduced	1	
3004	C545998	doxazolidine	2009-12-30	DateIntroduced	1	
3005	C000732038	doxecitine	2026-05-18	DateIntroduced	2	date
3006	C000731954	doxecitine and doxribtimine drug combination	2026-03-17	DateIntroduced	2	date
3007	C000732039	doxribtimine	2026-05-18	DateIntroduced	2	date
3008	C535602	Doyne honeycomb retinal dystrophy	2010-08-25	DateIntroduced	1	
3009	C539263	di-2-pyridylketone-4,4-dimethyl-3-thiosemicarbazone	2009-03-22	DateIntroduced	1	
3010	C507091	N,N-diethyl-2-(2-(4-methoxyphenyl)-5,7-dimethyl-pyrazolo(1,5-a)pyrimidin-3-yl)-acetamide	2006-01-18	DateIntroduced	1	
3011	C063221	7,14-dihydroxypregn-4-ene-3,20-dione	1990-04-03	DateIntroduced	1	
3012	C052189	N-(beta-(4-diazophenyl)ethyl)maleimide	1987-05-21	DateIntroduced	1	
3013	C121277	1,3-dihydroxypropan-2-one 1,3-diiopanoate	1999-10-29	DateIntroduced	1	
3014	C036249	1-diketobutyryl-1-phenyl-2-methyl-2-nitrosohydrazide	1982-12-02	DateIntroduced	1	
3015	C570441	2-(5-(3-fluorophenyl)-1H-pyrazol-3-yl)-5-methylphenol	2012-03-04	DateIntroduced	1	
3016	C049140	1,3-dipropyl-8-phenylxanthine	1985-12-20	DateIntroduced	1	
3017	C046920	2-((1-(2-chloro-5-methylphenoxy)-3-tert-butylamino-2-propoxy)succinyl)-1,3-dipalmitoylglyceroyl	1985-11-22	DateIntroduced	1	
3018	C067499	(2,9-dimethyl-1,10-phenanthroline)(thiophenolato)copper(I)	1991-03-26	DateIntroduced	1	
3019	C059372	diphenylthiosulfinate	1989-06-01	DateIntroduced	1	
3020	C000721314	Dracaena cochinchinensis	2022-02-10	DateIntroduced	2	date
3021	C000717926	Dracocephalum heterophyllum	2021-06-29	DateIntroduced	2	date
3022	C000718251	Dracocephalum moldavica	2021-07-21	DateIntroduced	2	date
3023	C060327	dracorhodin	1989-08-18	DateIntroduced	1	
3024	C437376	drimane	2001-10-20	DateIntroduced	1	
3025	C000623764	Drosophila C virus	2018-01-01	DateIntroduced	2	date
3026	C005317	drotaverin	1970-01-01	DateIntroduced	1	
3027	C563710	Rhegmatogenous Retinal Detachment, Autosomal Dominant	2012-11-05	DateIntroduced	1	
3028	C000712258	DS-1971a	2021-01-11	DateIntroduced	2	date
3029	C051345	1,2-dehydrosalsolinol	1987-03-16	DateIntroduced	1	
3030	C000606979	DSM265	2016-04-24	DateIntroduced	2	date
3031	C012102	DSP 4	1976-01-01	DateIntroduced	1	
3032	C038089	1,2-distearoylphosphatidylethanolamine	1983-06-16	DateIntroduced	1	
3033	C084352	distearoyl phosphatidylglycerol	1993-12-21	DateIntroduced	1	
3034	C010349	tetramethylenedisulfotetramine	1974-01-01	DateIntroduced	1	
3035	C000717534	DT2216	2021-05-25	DateIntroduced	2	date
3036	C067220	di-tert-butylperoxy-3,3,5-trimethylcyclohexane peroxide	1991-03-11	DateIntroduced	1	
3037	C026890	dithiocyanatoiron reagent	1980-11-14	DateIntroduced	1	
3038	C073293	thymidine diphosphate rhamnose	1992-04-04	DateIntroduced	1	
3039	C020093	dTMP kinase	1973-01-01	DateIntroduced	1	
3040	C000623726	Tembusu virus	2018-01-01	DateIntroduced	2	date
3041	C000730054	dTRIM24	2024-01-24	DateIntroduced	2	date
3042	C060068	diethylenetriaminetetraacetic acid	1989-07-24	DateIntroduced	1	
3043	C000623845	Avastrovirus 3	2018-01-01	DateIntroduced	2	date
3044	C000623753	Duck circovirus	2018-01-01	DateIntroduced	2	date
3045	C000623742	Avian dependoparvovirus 1	2018-01-01	DateIntroduced	2	date
3046	C000595205	duhuo	2015-02-12	DateIntroduced	2	date
3047	C000598415	duhuo jisheng	2015-06-06	DateIntroduced	2	date
3048	C040522	duramycin	1984-04-06	DateIntroduced	1	
3049	C023807	sodium fluoride topical preparation	1980-05-01	DateIntroduced	1	
3050	C023973	durene	1980-01-01	DateIntroduced	1	
3051	C000626193	durlobactam	2018-02-08	DateIntroduced	2	date
3052	C567260	Neutropenia, Severe Congenital, Autosomal Recessive 4	2012-11-05	DateIntroduced	1	
3053	C000679192	Ophiostoma novo-ulmi	2021-01-01	DateIntroduced	2	date
3054	C586691	duvelisib	2014-02-28	DateIntroduced	2	date
3055	C511794	N'-(3,4-dihydroxybenzylidene)-3-hydroxy-2-naphthahydrazide	2006-07-17	DateIntroduced	1	
3056	C568360	dyngo-4a	2011-12-04	DateIntroduced	1	
3057	C088486	Dyract	1994-08-18	DateIntroduced	1	
3058	C537119	Leri-Weil syndrome	2010-08-25	DateIntroduced	1	
3059	C000650708	Dysosmobacter welbionis	2020-01-01	DateIntroduced	2	date
3060	C537997	Dysplasia epiphysealis hemimelica	2010-08-25	DateIntroduced	1	
3061	C535808	Mohr-Tranebjaerg syndrome	2010-08-25	DateIntroduced	1	
3062	C563192	Epidermolysis Bullosa Pruriginosa	2012-11-05	DateIntroduced	1	
3063	C509291	methyl 4-(adenin-9-yl)-2-hydroxybutanoate	2006-04-06	DateIntroduced	1	
3064	C063968	E 4031	1990-06-05	DateIntroduced	1	
3065	C024974	E 64	1980-07-09	DateIntroduced	1	
3066	C520953	(2-(3,4-epoxycyclohexyl)ethyl)heptaisobutyloctasilsesquioxane	2007-07-06	DateIntroduced	1	
3067	C468872	N-(3-cyano-4-methyl-1H-indol-7-yl)-3-cyanobenzene-sulfonamide	2002-12-06	DateIntroduced	1	
3068	C531835	Esophageal atresia with or without tracheoesophageal fistula	2010-08-25	DateIntroduced	1	
3069	C538010	Eagle syndrome	2010-08-25	DateIntroduced	1	
3070	C099537	Epstein-Barr virus encoded RNA 1	1996-07-03	DateIntroduced	1	
3071	C053047	ethyl brevifolincarboxylate	1987-08-19	DateIntroduced	1	
3072	C561806	lebrikizumab	2011-10-18	DateIntroduced	1	
3073	C042986	ebselen	1984-11-13	DateIntroduced	1	
3074	C004867	eburicoic acid	1970-01-01	DateIntroduced	1	
3075	C000591488	ECa 233 extract	2014-09-11	DateIntroduced	2	date
3076	C055469	ecdysone receptor	1988-05-10	DateIntroduced	1	
3077	C000623341	echinatin	2017-10-12	DateIntroduced	2	date
3078	C051186	1-(ethoxycarbonyloxymethyl)-5-fluorouracil	1987-02-13	DateIntroduced	1	
3079	C058081	ecopipam	1989-01-30	DateIntroduced	1	
3080	C045628	ectoine	1985-07-12	DateIntroduced	1	
3081	C067869	CD39 antigen	1991-04-18	DateIntroduced	1	
3082	C536189	Ectrodactyly-cleft lip-palate syndrome	2010-08-25	DateIntroduced	1	
3083	C547512	eldecalcitol	2010-03-05	DateIntroduced	1	
3084	C000625275	1-ethyl-3-(3-dimethylaminopropyl)carbodiimide N-hydroxysuccinimide	2017-12-06	DateIntroduced	2	date
3085	C000722008	EDP-235	2022-04-12	DateIntroduced	2	date
3086	C000716389	xhance	2021-04-21	DateIntroduced	2	date
3087	C000650382	Edwardsiella piscicida	2020-01-01	DateIntroduced	2	date
3088	C020746	factor EF-P	1979-01-01	DateIntroduced	1	
3089	C000731753	efbemalenograstim alfa	2025-07-15	DateIntroduced	2	date
3090	C000712767	efineptakin alfa	2021-01-29	DateIntroduced	2	date
3091	C583329	eflapegrastim	2013-09-08	DateIntroduced	2	date
3092	C066425	efonidipine	1990-12-20	DateIntroduced	1	
3093	C000709212	efpeglenatide	2020-07-30	DateIntroduced	2	date
3094	C000731827	efruxifermin	2026-01-15	DateIntroduced	2	date
3095	C000731737	Efsitora	2025-07-08	DateIntroduced	2	date
3096	C000630785	tomivosertib	2019-04-26	DateIntroduced	2	date
3097	C410723	epidermal growth factor receptor VIII	2000-07-17	DateIntroduced	1	
3098	C000650372	Ehrlichia minasensis	2020-01-01	DateIntroduced	2	date
3099	C010737	N(4)-hydroxycytidine	1975-01-01	DateIntroduced	1	
3100	C451459	eukaryotic initiation factor-5B	2002-08-05	DateIntroduced	1	
3101	C114886	ethyl isopropyl methylphosphonate	1998-10-22	DateIntroduced	1	
3102	C071385	eel intestinal pentapeptide	1991-11-23	DateIntroduced	1	
3103	C073747	kamikihi-to	1992-04-23	DateIntroduced	1	
3104	C080774	erythroid Kruppel-like factor	1993-05-17	DateIntroduced	1	
3105	C000726128	sebetralstat	2022-12-07	DateIntroduced	2	date
3106	C000626176	elacestrant	2018-02-07	DateIntroduced	2	date
3107	C083501	Elacridar	1993-10-30	DateIntroduced	1	
3108	C000731825	Eladocagene exuparvovec	2026-01-15	DateIntroduced	2	date
3109	C585906	elifibranor	2014-01-26	DateIntroduced	2	date
3110	C539351	elagolix	2009-03-26	DateIntroduced	1	
3111	C000607289	mirvetuximab soravtansine	2016-05-05	DateIntroduced	2	date
3112	C030340	elastin microfibril interface located protein	1981-07-14	DateIntroduced	1	
3113	C485576	elatol	2004-05-25	DateIntroduced	1	
3114	C000732067	elecoglipron	2026-06-22	DateIntroduced	2	date
3115	C002135	elemicin	1973-01-01	DateIntroduced	1	
3116	C033011	elemol	1982-01-07	DateIntroduced	1	
3117	C000352	elenolic acid	1971-01-01	DateIntroduced	1	
3118	C512195	elesclomol	2006-08-02	DateIntroduced	1	
3119	C115647	eletriptan	1998-11-30	DateIntroduced	1	
3120	C028305	syringin	1981-02-24	DateIntroduced	1	
3121	C421885	eleutheroside E	2001-03-16	DateIntroduced	1	
3122	C000629074	elexacaftor	2018-11-27	DateIntroduced	2	date
3123	C000723102	elezanumab	2022-08-10	DateIntroduced	2	date
3124	C000731937	pegunigalsidase alfa	2026-03-16	DateIntroduced	2	date
3125	C522917	eliglustat	2007-09-20	DateIntroduced	1	
3126	C000731952	elinzanetant	2026-03-17	DateIntroduced	2	date
3127	C000650357	Elizabethkingia anophelis	2020-01-01	DateIntroduced	2	date
3128	C000650355	Elizabethkingia miricola	2020-01-01	DateIntroduced	2	date
3129	C581303	elobixibat	2013-05-29	DateIntroduced	2	date
3130	C102295	GALNS protein, human	1996-12-23	DateIntroduced	1	
3131	C000731940	elranatamab	2026-03-16	DateIntroduced	2	date
3132	C000722651	Eltanexor	2022-06-24	DateIntroduced	2	date
3133	C000709849	ELX-02	2020-08-18	DateIntroduced	2	date
3134	C535733	Emanuel syndrome	2010-08-25	DateIntroduced	1	
3135	C077219	small inducible cytokine subfamily E, member 1	1992-11-10	DateIntroduced	1	
3136	C444760	Embarc	2002-01-23	DateIntroduced	1	
3137	C010945	embelin	1969-01-01	DateIntroduced	1	
3138	C496735	trisacryl gelatin microspheres	2005-02-24	DateIntroduced	1	
3139	C028321	estramustine-binding protein	1981-02-26	DateIntroduced	1	
3140	C586521	Embrace WetBond	2014-02-22	DateIntroduced	2	date
3141	C569030	EMD 638683	2012-01-04	DateIntroduced	1	
3142	C000691283	Emergomyces africanus	2021-01-01	DateIntroduced	2	date
3143	C000691286	Emergomyces orientalis	2021-01-01	DateIntroduced	2	date
3144	C567830	Emery-Dreifuss Muscular Dystrophy 5	2012-08-24	DateIntroduced	1	
3145	C000626235	telisotuzumab vedotin	2018-02-12	DateIntroduced	2	date
3146	C487112	3-(2-(2-tert-butylphenylaminooxalyl)aminopropionylamino)-4-oxo-5-(2,3,5,6-tetrafluorophenoxy)pentanoic acid	2004-06-19	DateIntroduced	1	
3147	C000612969	Enamel Pro Varnish	2016-12-18	DateIntroduced	2	date
3148	C000613958	ENAMIC	2017-02-05	DateIntroduced	2	date
3149	C000656654	enarodustat	2020-01-27	DateIntroduced	2	date
3150	C000729921	Enavogliflozin	2023-12-14	DateIntroduced	2	date
3151	C000731815	revakinagene taroretcel	2026-01-15	DateIntroduced	2	date
3152	C000678944	Encephalitozoon hellem	2021-01-01	DateIntroduced	2	date
3153	C535736	Encephalocraniocutaneous lipomatosis	2010-08-25	DateIntroduced	1	
3154	C112213	endometriosis protein-1	1998-05-29	DateIntroduced	1	
3155	C586519	endocem	2014-02-22	DateIntroduced	2	date
3156	C018764	2-acylglycerophosphate acyltransferase	1978-01-01	DateIntroduced	1	
3157	C522911	endostar protein	2007-09-20	DateIntroduced	1	
3158	C584135	endotrophin	2013-11-03	DateIntroduced	2	date
3159	C044447	enramycin	1985-03-19	DateIntroduced	1	
3160	C427706	enflicoxib	2001-06-08	DateIntroduced	1	
3161	C000632577	enfortumab vedotin	2019-07-29	DateIntroduced	2	date
3162	C522936	engeletin	2007-09-21	DateIntroduced	1	
3163	C521984	enhydrin	2007-08-14	DateIntroduced	1	
3164	C017435	enilconazole	1978-01-01	DateIntroduced	1	
3165	C566826	Parietal Foramina	2012-11-05	DateIntroduced	1	
3166	C566366	Deafness, Autosomal Recessive 4	2012-11-05	DateIntroduced	1	
3167	C000656730	enmetazobactam	2020-02-03	DateIntroduced	2	date
3168	C100264	enniatins	1986-07-29	DateIntroduced	1	
3169	C000621265	ENOblock	2017-07-14	DateIntroduced	2	date
3170	C000711671	enoxaparin sodium	2020-12-11	DateIntroduced	2	date
3171	C000732013	enpatoran	2026-05-14	DateIntroduced	2	date
3172	C000629294	ensartinib	2018-12-14	DateIntroduced	2	date
3173	C512996	ensifentrine	2006-08-30	DateIntroduced	1	
3174	C000722354	ensitrelvir	2022-05-25	DateIntroduced	2	date
3175	C000619852	ensituximab	2017-06-03	DateIntroduced	2	date
3176	C014341	argyrophilic acid	1977-01-01	DateIntroduced	1	
3177	C029967	nidogen	1981-06-24	DateIntroduced	1	
3178	C000650296	Enterobacter bugandensis	2020-01-01	DateIntroduced	2	date
3179	C000649994	Enterobacter hormaechei	2020-01-01	DateIntroduced	2	date
3180	C000649989	Enterobacter hormaechei subsp. xiangfangensis	2020-01-01	DateIntroduced	2	date
3181	C000649987	Enterobacter kobei	2020-01-01	DateIntroduced	2	date
3182	C000649983	Enterobacter mori	2020-01-01	DateIntroduced	2	date
3183	C000649980	Enterobacter roggenkampii	2020-01-01	DateIntroduced	2	date
3184	C000649977	Enterobacter soli	2020-01-01	DateIntroduced	2	date
3185	C017286	enterobacterial common antigen	1978-01-01	DateIntroduced	1	
3186	C012306	enterocin	1976-01-01	DateIntroduced	1	
3187	C000649971	Enterococcus avium	2020-01-01	DateIntroduced	2	date
3188	C000649964	Enterococcus casseliflavus	2020-01-01	DateIntroduced	2	date
3189	C000649963	Enterococcus cecorum	2020-01-01	DateIntroduced	2	date
3190	C000649957	Enterococcus durans	2020-01-01	DateIntroduced	2	date
3191	C000649954	Enterococcus gallinarum	2020-01-01	DateIntroduced	2	date
3192	C000649947	Enterococcus lactis	2020-01-01	DateIntroduced	2	date
3193	C000649942	Enterococcus mundtii	2020-01-01	DateIntroduced	2	date
3194	C000649934	Enterococcus raffinosus	2020-01-01	DateIntroduced	2	date
3195	C000649922	Enterococcus thailandicus	2020-01-01	DateIntroduced	2	date
3196	C000691359	Enterocytozoon hepatopenaei	2021-01-01	DateIntroduced	2	date
3197	C000728531	Ulva prolifera	2024-01-01	DateIntroduced	2	date
3198	C000589391	6-(1H-indazol-6-yl)-N-(4-morpholinophenyl)imidazo(1,2-a)pyrazin-8-amine	2014-07-08	DateIntroduced	2	date
3199	C000718749	envafolimab	2021-08-18	DateIntroduced	2	date
3200	C059736	eosinylphosphatidylethanolamine	1989-06-26	DateIntroduced	1	
3201	C535953	Eosinophilic pustular folliculitis	2010-08-25	DateIntroduced	1	
3202	C073590	gadolinium ethoxybenzyl DTPA	1992-04-16	DateIntroduced	1	
3203	C041379	dicyclohexyl 2,3-epoxysuccinate	1984-07-03	DateIntroduced	1	
3204	C000613752	epacadostat	2017-01-29	DateIntroduced	2	date
3205	C038131	epalrestat	1983-06-16	DateIntroduced	1	
3206	C028841	erythrocyte membrane band 4.1 protein	1981-04-09	DateIntroduced	1	
3207	C000731938	epcoritamab	2026-03-16	DateIntroduced	2	date
3208	C030848	eperisone	1981-08-06	DateIntroduced	1	
3209	C099950	Ephedrae herba	1996-08-08	DateIntroduced	1	
3210	C000713967	epi-inositol	2021-02-24	DateIntroduced	2	date
3211	C061432	epiberberine	1989-11-20	DateIntroduced	1	
3212	C009752	epidian	1975-01-01	DateIntroduced	1	
3213	C055670	friedelinol	1988-05-27	DateIntroduced	1	
3214	C004333	goitrin	1969-01-01	DateIntroduced	1	
3215	C047464	epilactose	1986-01-22	DateIntroduced	1	
3216	C094148	magnolin	1995-07-17	DateIntroduced	1	
3217	C046314	epimedii flavone	1985-09-27	DateIntroduced	1	
3218	C529106	epimedin A	2008-05-22	DateIntroduced	1	
3219	C106053	epimedin B	1997-06-11	DateIntroduced	1	
3220	C106054	epimedin C	1997-06-11	DateIntroduced	1	
3221	C053090	epinastine	1987-09-18	DateIntroduced	1	
3222	C426678	epiplakin	2001-05-25	DateIntroduced	1	
3223	C580065	Episodic Ataxia	2013-10-24	DateIntroduced	2	date
3224	C535506	Episodic Ataxia, Type 2	2010-08-25	DateIntroduced	2	closure
3225	C000730926	eplontersen	2024-09-11	DateIntroduced	2	date
3226	C007606	1,2-epoxy-3-(p-nitrophenoxy)propane	1974-01-01	DateIntroduced	1	
3227	C093788	epothilone B	1995-06-28	DateIntroduced	1	
3228	C109476	epoxiconazole	1998-01-02	DateIntroduced	1	
3229	C554142	epoxidized soybean oil	2010-12-14	DateIntroduced	1	
3230	C078846	epoxomicin	1993-01-25	DateIntroduced	1	
3231	C000622458	eppikajutsuto	2017-09-10	DateIntroduced	2	date
3232	C072547	epristeride	1992-02-28	DateIntroduced	1	
3233	C526273	3-((3,5-dibromo-4-(4-hydroxy-3-(1-methylethyl)phenoxy)phenyl)amino)-3-oxopropanoic acid	2008-02-04	DateIntroduced	1	
3234	C114154	epsin	1998-09-11	DateIntroduced	1	
3235	C000628361	eptinezumab	2018-09-26	DateIntroduced	2	date
3236	C000593333	tazemetostat	2014-12-04	DateIntroduced	2	date
3237	C000599896	GSK3235025	2015-07-30	DateIntroduced	2	date
3238	C024509	equisetin	1980-05-19	DateIntroduced	1	
3239	C477224	erastin	2003-09-15	DateIntroduced	1	
3240	C571179	eravacycline	2012-04-08	DateIntroduced	1	
3241	C000604580	erdafitinib	2016-02-01	DateIntroduced	2	date
3242	C015190	ergostane	1978-01-01	DateIntroduced	1	
3243	C477638	Erianin	2003-10-01	DateIntroduced	1	
3244	C000595639	erinacine A	2015-03-01	DateIntroduced	2	date
3245	C000608927	erinacine S	2016-07-07	DateIntroduced	2	date
3246	C000714507	loquat extract	2022-01-01	DateIntroduced	2	date
3247	C014527	Eriochrome Black T	1977-01-01	DateIntroduced	1	
3248	C512420	eritoran	2006-08-13	DateIntroduced	1	
3249	C000596356	ermiao	2015-03-29	DateIntroduced	2	date
3250	C525447	ERr 731	2008-01-03	DateIntroduced	1	
3251	C498182	ertiprotafib	2005-03-27	DateIntroduced	1	
3252	C570288	ertugliflozin	2012-02-26	DateIntroduced	1	
3253	C073539	erucin	1992-04-15	DateIntroduced	1	
3254	C000649579	Erwinia persicina	2020-01-01	DateIntroduced	2	date
3255	C000649573	Erwinia tasmaniensis	2020-01-01	DateIntroduced	2	date
3256	C000708079	eryaspase	2020-07-01	DateIntroduced	2	date
3257	C000682835	Erysiphe quercicola	2021-01-01	DateIntroduced	2	date
3258	C586471	erythraline	2014-02-19	DateIntroduced	2	date
3259	C477278	erzhi pill	2003-09-17	DateIntroduced	1	
3260	C000649535	Escherichia albertii	2020-01-01	DateIntroduced	2	date
3261	C000649533	Escherichia fergusonii	2020-01-01	DateIntroduced	2	date
3262	C000649532	Escherichia marmotae	2020-01-01	DateIntroduced	2	date
3263	C579558	3-(5-tert-butylisoxazol-3-yl)-2-((3-chlorophenyl)hydrazono)-3-oxopropionitrile	2013-04-07	DateIntroduced	2	date
3264	C416835	eslicarbazepine acetate	2000-12-12	DateIntroduced	1	
3265	C021553	mesentericopeptidase	1975-01-01	DateIntroduced	1	
3266	C011246	essential 303 forte	1976-01-01	DateIntroduced	1	
3267	C507124	Estelite sigma	2006-01-18	DateIntroduced	1	
3268	C574038	EstroG-100	2012-08-02	DateIntroduced	1	
3269	C020122	estrone sulfotransferase	1974-01-01	DateIntroduced	1	
3270	C017296	estrone sulfate	1978-01-01	DateIntroduced	1	
3271	C121187	Etch&Prime	1999-10-20	DateIntroduced	1	
3272	C583569	etelcalcetide hydrochloride	2013-09-22	DateIntroduced	2	date
3273	C492076	ethaboxam	2004-10-09	DateIntroduced	1	
3274	C014534	Ethibond	1977-01-01	DateIntroduced	1	
3275	C472185	ethiprole	2003-03-17	DateIntroduced	1	
3276	C007649	ethoxyresorufin	1975-01-01	DateIntroduced	1	
3277	C546702	ethyl 2-methylpropanoate	2010-01-27	DateIntroduced	1	
3278	C048734	ethyl gallate	1986-06-04	DateIntroduced	1	
3279	C024840	ethyl acetoacetate	1980-06-24	DateIntroduced	1	
3280	C032773	ethyl caffeate	1982-04-20	DateIntroduced	1	
3281	C079237	ethyl hexanoate	1993-02-13	DateIntroduced	1	
3282	C549324	ethyl caprylate	2010-05-12	DateIntroduced	1	
3283	C451418	ethyl cinnamate	2002-04-10	DateIntroduced	1	
3284	C007659	ethyl cyanoacetate	1969-01-01	DateIntroduced	1	
3285	C091960	ethyl decanoate	1995-03-10	DateIntroduced	1	
3286	C099085	ethyl ferulate	1996-05-27	DateIntroduced	1	
3287	C475857	ethyl isovalerate	2003-07-25	DateIntroduced	1	
3288	C015866	ethyl lactate	1978-01-01	DateIntroduced	1	
3289	C007678	ethyl linoleate	1969-01-01	DateIntroduced	1	
3290	C086822	ethyl mandelate	1994-05-16	DateIntroduced	1	
3291	C531364	ethyl 4-methoxycinnamate	2008-09-12	DateIntroduced	1	
3292	C069373	ethyl propionate	1991-07-19	DateIntroduced	1	
3293	C046522	ethyl pyruvate	1985-10-04	DateIntroduced	1	
3294	C000622367	ethyl valerate	2017-09-07	DateIntroduced	2	date
3295	C421484	ethylammonium	2001-03-10	DateIntroduced	1	
3296	C020320	ethylene-vinyl alcohol copolymer	1979-01-01	DateIntroduced	1	
3297	C466618	octyl triazone	2002-10-16	DateIntroduced	1	
3298	C578025	ethylicin	2013-02-05	DateIntroduced	2	date
3299	C535737	Ethylmalonic encephalopathy	2010-08-25	DateIntroduced	1	
3300	C102829	ethylmalonyl-coenzyme A	1997-01-15	DateIntroduced	1	
3301	C009931	poly(ethylmethacrylate)	1975-01-01	DateIntroduced	1	
3302	C002125	etifoxine	1973-01-01	DateIntroduced	1	
3303	C054207	etomoxir	1987-12-29	DateIntroduced	1	
3304	C084835	etonitazene	1994-10-12	DateIntroduced	1	
3305	C508136	etoxazole	2006-02-26	DateIntroduced	1	
3306	C574806	ETP-46321	2012-09-09	DateIntroduced	1	
3307	C000731811	etranacogene dezaparvovec	2026-01-15	DateIntroduced	2	date
3308	C000656249	etrasimod	2019-12-30	DateIntroduced	2	date
3309	C000656646	etripamil	2020-01-27	DateIntroduced	2	date
3310	C559198	etrolizumab	2011-07-07	DateIntroduced	1	
3311	C000649467	Holdemanella biformis	2020-01-01	DateIntroduced	2	date
3312	C000649525	Eubacterium callanderi	2020-01-01	DateIntroduced	2	date
3313	C000649523	Eubacterium coprostanoligenes	2020-01-01	DateIntroduced	2	date
3314	C000649522	Eubacterium eligens	2020-01-01	DateIntroduced	2	date
3315	C000649168	Faecalicatena fissicatena	2020-01-01	DateIntroduced	2	date
3316	C000649521	Eubacterium limosum	2020-01-01	DateIntroduced	2	date
3317	C000649231	Eubacterium ruminantium	2020-01-01	DateIntroduced	2	date
3318	C000649227	Eubacterium ventriosum	2020-01-01	DateIntroduced	2	date
3319	C000649226	Eubacterium xylanophilum	2020-01-01	DateIntroduced	2	date
3320	C000730799	eucommiae cortex	2024-07-31	DateIntroduced	2	date
3321	C015872	eudesmane	1978-01-01	DateIntroduced	1	
3322	C105875	eudesmin	1997-06-02	DateIntroduced	1	
3323	C477020	Eudragit E100	2003-09-08	DateIntroduced	1	
3324	C050528	Eudragit RS	1986-11-21	DateIntroduced	1	
3325	C503624	eupafolin	2005-09-12	DateIntroduced	1	
3326	C571217	eupalinolide B	2012-04-09	DateIntroduced	1	
3327	C045325	eupatilin	1985-06-18	DateIntroduced	1	
3328	C103110	eupatorin	1997-01-23	DateIntroduced	1	
3329	C062557	euphol	1990-02-24	DateIntroduced	1	
3330	C000731447	eutylone	2025-04-10	DateIntroduced	2	date
3331	C568301	evacetrapib	2011-12-02	DateIntroduced	1	
3332	C536380	Evans Syndrome	2010-08-25	DateIntroduced	1	
3333	C496140	everStick	2005-02-09	DateIntroduced	1	
3334	C000618653	EverX Posterior	2017-05-11	DateIntroduced	2	date
3335	C000621590	evinacumab	2017-07-30	DateIntroduced	2	date
3336	C000632111	evobrutinib	2019-07-01	DateIntroduced	2	date
3337	C000631688	evocalcet	2019-06-17	DateIntroduced	2	date
3338	C049639	evodiamine	1986-09-22	DateIntroduced	1	
3339	C552526	TH 302	2010-10-05	DateIntroduced	1	
3340	C557982	4-(3-amino-4-(2,4,5-trifluorophenyl)butanoyl)-3-(tert-butoxymethyl)piperazin-2-one	2011-05-04	DateIntroduced	1	
3341	C000590371	vactosertib	2014-08-06	DateIntroduced	2	date
3342	C083773	exendin (9-39)	1993-11-19	DateIntroduced	1	
3343	C000649207	Exiguobacterium acetylicum	2020-01-01	DateIntroduced	2	date
3344	C028450	exodeoxyribonuclease I	1981-03-17	DateIntroduced	1	
3345	C020133	exodeoxyribonuclease III	1979-01-01	DateIntroduced	1	
3346	C000676322	Exophiala spinifera	2021-01-01	DateIntroduced	2	date
3347	C020137	exopolyphosphatase	1974-01-01	DateIntroduced	1	
3348	C000687472	Exserohilum rostratum	2021-01-01	DateIntroduced	2	date
3349	C052131	extracellular matrix receptor	1987-05-14	DateIntroduced	1	
3350	C000729635	EZM2302	2023-11-02	DateIntroduced	2	date
3351	C000626907	olorofim	2018-05-01	DateIntroduced	2	date
3352	C065655	anti-inhibitor coagulant complex	1990-10-11	DateIntroduced	1	
3353	C025337	Factor IIa	1980-07-21	DateIntroduced	1	
3354	C000729442	FAD012	2023-09-25	DateIntroduced	2	date
3355	C563980	Fanconi Anemia, Complementation Group D1	2012-11-05	DateIntroduced	1	
3356	C000621593	CYC065	2017-07-30	DateIntroduced	2	date
3357	C000649170	Faecalibaculum rodentium	2020-01-01	DateIntroduced	2	date
3358	C029650	N-(4-(2-furyl)-2-thiazolyl)formamide	1981-06-08	DateIntroduced	1	
3359	C496890	fagopyrin	2005-02-28	DateIntroduced	1	
3360	C574003	fallypride	2012-08-01	DateIntroduced	1	
3361	C567098	Epilepsy, Familial Adult Myoclonic, 3	2012-11-05	DateIntroduced	1	
3362	C536610	Familial cerebral cavernous malformation	2010-08-25	DateIntroduced	1	
3363	C536231	familial dilated cardiomyopathy	2010-08-25	DateIntroduced	1	
3364	C580087	Familial Hyperaldosteronism	2013-10-24	DateIntroduced	2	date
3365	C584390	famitinib	2013-11-15	DateIntroduced	2	date
3366	C060802	fangchinoline	1989-09-26	DateIntroduced	1	
3367	C000614027	huangqi decoction	2017-02-07	DateIntroduced	2	date
3368	C000731987	FAP-2286	2026-05-04	DateIntroduced	2	date
3369	C539377	fargesin	2009-03-26	DateIntroduced	1	
3370	C000723200	faricimab	2022-08-17	DateIntroduced	2	date
3371	C527484	farletuzumab	2008-03-21	DateIntroduced	1	
3372	C084519	farnesal	1993-12-31	DateIntroduced	1	
3373	C553326	farnesiferol C	2010-11-09	DateIntroduced	1	
3374	C007702	farnesoic acid	1974-01-01	DateIntroduced	1	
3375	C037088	farnesylacetic acid	1983-02-22	DateIntroduced	1	
3376	C004808	farnesyl pyrophosphate	1973-01-01	DateIntroduced	1	
3377	C107057	fropenem	1997-08-05	DateIntroduced	1	
3378	C015881	farrerol	1978-01-01	DateIntroduced	1	
3379	C020324	fascin	1979-01-01	DateIntroduced	1	
3380	C031455	diamidino compound 253-50	1981-09-17	DateIntroduced	1	
3381	C545733	fatostatin	2009-12-20	DateIntroduced	1	
3382	C054540	hydroperoxide lyase	1988-02-17	DateIntroduced	1	
3383	C580102	Fatty Acid Hydroxylase-Associated Neurodegeneration	2013-10-24	DateIntroduced	2	date
3384	C539489	faujasite	2009-03-30	DateIntroduced	1	
3385	C080568	Fc gamma receptor IIA	1993-05-03	DateIntroduced	1	
3386	C533771	ferrociphenol	2008-12-18	DateIntroduced	1	
3387	C041360	N(beta)-fumarylcarboxyamido-2,3-diaminopropionic acid	1984-06-28	DateIntroduced	1	
3388	C042233	glutamate synthase (ferredoxin)	1984-08-24	DateIntroduced	1	
3389	C515100	iron pentacarbonyl	2006-11-28	DateIntroduced	1	
3390	C019179	Fe(III)-EDTA	1979-01-01	DateIntroduced	1	
3391	C473248	iron 5,10,15,20-tetrakis-4-carboxyphenylporphyrin	2003-04-21	DateIntroduced	1	
3392	C001207	febrifugine	1970-01-01	DateIntroduced	1	
3393	C537077	Febrile Ulceronecrotic Mucha-Habermann disease	2010-08-25	DateIntroduced	1	
3394	C528327	fedratinib	2008-04-24	DateIntroduced	1	
3395	C537734	Oculodigitoesophagoduodenal syndrome	2010-08-25	DateIntroduced	1	
3396	C012776	biphenylylacetic acid	1977-01-01	DateIntroduced	1	
3397	C000623792	Felid alphaherpesvirus 1	2018-01-01	DateIntroduced	2	date
3398	C000709267	felzartamab	2020-08-03	DateIntroduced	2	date
3399	C536741	Wolffian tumor	2010-08-25	DateIntroduced	1	
3400	C472241	femoston	2003-03-19	DateIntroduced	1	
3401	C001209	fenamic acid	1972-01-01	DateIntroduced	1	
3402	C010725	fenbufen	1975-01-01	DateIntroduced	1	
3403	C027328	fenchol	1980-12-16	DateIntroduced	1	
3404	C000619415	fenebrutinib	2017-05-25	DateIntroduced	2	date
3405	C047854	fenozan	1986-03-06	DateIntroduced	1	
3406	C056437	21-fluoro-16-ethyl-19-norprogesterone	1988-08-04	DateIntroduced	1	
3407	C033486	fenticonazole	1982-03-08	DateIntroduced	1	
3408	C045076	Fenton's reagent	1985-05-21	DateIntroduced	1	
3409	C522335	ferric carboxymaltose	2007-08-29	DateIntroduced	1	
3410	C000718030	ferric derisomaltose	2021-07-07	DateIntroduced	2	date
3411	C035552	ferric gluconate	1982-09-23	DateIntroduced	1	
3412	C013276	teferrol	1976-01-01	DateIntroduced	1	
3413	C049051	ferric pyrophosphate	1986-10-20	DateIntroduced	1	
3414	C513415	ferrichrysin	2006-09-14	DateIntroduced	1	
3415	C002577	ferrioxamine B	1973-01-01	DateIntroduced	1	
3416	C422706	ferrocenecarboxaldehyde	2001-03-28	DateIntroduced	1	
3417	C071550	ferrocenemethanol	1991-12-11	DateIntroduced	1	
3418	C064804	ferrocenium	1990-08-06	DateIntroduced	1	
3419	C514120	ferrocifen	2006-10-16	DateIntroduced	1	
3420	C067317	ferrosome	1991-03-16	DateIntroduced	1	
3421	C101012	ferrous lactate	1996-09-24	DateIntroduced	1	
3422	C022943	ferrous succinate	1980-01-01	DateIntroduced	1	
3423	C431074	ferruginol	2001-07-19	DateIntroduced	1	
3424	C517773	ferrylhemoglobin	2007-03-07	DateIntroduced	1	
3425	C065507	ferumoxides	1990-09-28	DateIntroduced	1	
3426	C092340	ferulenol	1995-03-31	DateIntroduced	1	
3427	C070196	feruloyl esterase	1991-09-06	DateIntroduced	1	
3428	C119167	feruloyl-CoA	1999-06-04	DateIntroduced	1	
3429	C065165	feruloylputrescine	1990-09-05	DateIntroduced	1	
3430	C074004	feruloyltyramine	1992-05-08	DateIntroduced	1	
3431	C111068	4-oxy-6-(4-oxybezoyloxy)dauc-8,9-en	1998-03-27	DateIntroduced	1	
3432	C000719624	fetal inflammatory response syndrome	2021-10-13	DateIntroduced	2	date
3433	C536139	Megaduodenum	2010-11-13	DateIntroduced	1	
3434	C474615	fexaramine	2003-06-12	DateIntroduced	1	
3435	C000634065	fexuprazan	2019-09-06	DateIntroduced	2	date
3436	C000629141	fezakinumab	2018-12-03	DateIntroduced	2	date
3437	C000608808	fezolinetant	2016-07-03	DateIntroduced	2	date
3438	C113569	fibroblast growth factor 18	1998-08-11	DateIntroduced	1	
3439	C000632382	roblitinib	2019-07-16	DateIntroduced	2	date
3440	C575430	FH535	2012-10-07	DateIntroduced	1	
3441	C011468	fibrinmonomer	1976-01-01	DateIntroduced	1	
3442	C000648829	Fibrobacter succinogenes	2020-01-01	DateIntroduced	2	date
3443	C112971	fibroblast growth factor 14	1998-07-09	DateIntroduced	1	
3444	C537927	Fibrocartilaginous embolism	2010-08-25	DateIntroduced	1	
3445	C537258	Fibrolamellar hepatocellular carcinoma	2010-08-25	DateIntroduced	1	
3446	C536826	Glomerulopathy with fibronectin deposits	2010-08-25	DateIntroduced	1	
3447	C536136	Mediastinal Fibrosis	2010-11-13	DateIntroduced	1	
3448	C084612	fibulin 2	1994-01-04	DateIntroduced	1	
3449	C478420	FIIa	2003-11-03	DateIntroduced	1	
3450	C475234	5-methylhept-2-en-4-one	2003-07-03	DateIntroduced	1	
3451	C584571	GLPG0634	2013-11-24	DateIntroduced	2	date
3452	C000648814	Filifactor alocis	2020-01-01	DateIntroduced	2	date
3453	C538152	Filippi syndrome	2010-08-25	DateIntroduced	1	
3454	C000614713	Filtek Bulk Fill	2017-03-03	DateIntroduced	2	date
3455	C474035	Filtek Supreme	2003-05-19	DateIntroduced	1	
3456	C000590992	Filtek Supreme Ultra	2014-08-24	DateIntroduced	2	date
3457	C444701	Filtek Z250	2002-01-23	DateIntroduced	1	
3458	C533204	filtek Z350	2008-11-27	DateIntroduced	1	
3459	C000612973	Filtek Z550	2016-12-18	DateIntroduced	2	date
3460	C558933	fimasartan	2011-06-27	DateIntroduced	1	
3461	C000723994	fimepinostat	2022-10-28	DateIntroduced	2	date
3462	C000648801	Finegoldia magna	2020-01-01	DateIntroduced	2	date
3463	C534368	fipronil sulfone	2009-01-15	DateIntroduced	1	
3464	C000629250	firsocostat	2018-12-10	DateIntroduced	2	date
3465	C081408	fiscalin B	1993-06-25	DateIntroduced	1	
3466	C568345	fish oil triglycerides	2011-12-04	DateIntroduced	1	
3467	C468515	fluorescein isothiocyanate-peanut agglutinin	2002-11-28	DateIntroduced	1	
3468	C000632624	fitusiran	2019-07-30	DateIntroduced	2	date
3469	C578515	7-ethyl-7-hydroxy-10H-1,3-Dioxolo(4,5-g)pyrano(3',4':6,7)indolizino(1,2-b)quinoline-8,11(7H,12H)-dione	2013-02-26	DateIntroduced	2	date
3470	C000691967	Flammulina filiformis	2021-01-01	DateIntroduced	2	date
3471	C000653986	Flavobacterium johnsoniae	2020-01-01	DateIntroduced	2	date
3472	C036888	cytochrome b558	1983-01-31	DateIntroduced	1	
3473	C500809	flavokawain A	2005-06-01	DateIntroduced	1	
3474	C038888	flavonoid 3'-hydroxylase	1983-09-20	DateIntroduced	1	
3475	C538377	Hyperkeratosis lenticularis perstans	2010-08-25	DateIntroduced	1	
3476	C098107	flibanserin	1996-03-14	DateIntroduced	1	
3477	C548901	FLLL 31	2010-04-25	DateIntroduced	1	
3478	C000691992	Floccularia luteovirens	2021-01-01	DateIntroduced	2	date
3479	C045693	flomoxef	1985-07-25	DateIntroduced	1	
3480	C014870	flopropione	1972-01-01	DateIntroduced	1	
3481	C413390	florasulam	2000-09-21	DateIntroduced	1	
3482	C537063	Florid cemento-osseous dysplasia	2010-08-25	DateIntroduced	1	
3483	C000721096	florylpicoxamid	2022-01-26	DateIntroduced	2	date
3484	C411004	FloSeal Matrix	2000-07-24	DateIntroduced	1	
3485	C106354	flotillins	1997-06-27	DateIntroduced	1	
3486	C045119	FLP recombinase	1985-05-24	DateIntroduced	1	
3487	C000621530	fluazaindolizine	2017-07-27	DateIntroduced	2	date
3488	C075780	fluazinam	1992-08-22	DateIntroduced	1	
3489	C115362	fluoronorchloroepibatidine	1998-11-17	DateIntroduced	1	
3490	C108339	fludioxonil	1997-10-10	DateIntroduced	1	
3491	C571996	fluensulfone	2012-05-10	DateIntroduced	1	
3492	C067660	flufenoxuron	1991-04-05	DateIntroduced	1	
3493	C553360	flumatinib	2010-11-10	DateIntroduced	1	
3494	C016914	flumecinol	1978-01-01	DateIntroduced	1	
3495	C012976	flumequine	1977-01-01	DateIntroduced	1	
3496	C059715	Fluo-3	1989-06-23	DateIntroduced	1	
3497	C557577	fluopicolide	2011-04-19	DateIntroduced	1	
3498	C022599	Fluor Protector	1980-01-01	DateIntroduced	1	
3499	C096305	fluorinated ethylene propylene	1995-11-27	DateIntroduced	1	
3500	C435731	fluoro jade	2001-09-28	DateIntroduced	1	
3501	C049774	2-hydroxy-4,4'-diamidinostilbene, methanesulfonate salt	1986-09-05	DateIntroduced	1	
3502	C534582	fluoro-jade C	2009-01-25	DateIntroduced	1	
3503	C023098	haloacetate dehalogenase	1975-01-01	DateIntroduced	1	
3504	C000589325	fluorocyclopentenylcytosine	2014-07-06	DateIntroduced	2	date
3505	C116169	fluoroethoxy-benzovesamicol	1998-12-24	DateIntroduced	1	
3506	C511655	5-methyl-1-(3-fluorophenyl)-2-(1H)-pyridone	2006-07-10	DateIntroduced	1	
3507	C000591860	A1443 compound	2014-09-25	DateIntroduced	2	date
3508	C504422	flurbiprofen axetil	2005-10-07	DateIntroduced	1	
3509	C061365	flusilazole	1989-11-08	DateIntroduced	1	
3510	C558383	1'-benzyl-3-(2-fluoroethyl)-3H-spiro((2)benzofuran-1,4'-piperidine)	2011-05-25	DateIntroduced	1	
3511	C581552	flutemetamol	2013-06-07	DateIntroduced	2	date
3512	C082368	fluvibactin	1993-08-26	DateIntroduced	1	
3513	C000722917	fluzoparib	2022-07-22	DateIntroduced	2	date
3514	C073804	FM1 43	1992-04-27	DateIntroduced	1	
3515	C555528	FM19G11	2011-02-02	DateIntroduced	1	
3516	C034934	2'-fluoro-5-methylarabino-furanosylcytosine	1982-07-21	DateIntroduced	1	
3517	C000609769	fluorenyl-9-methoxycarbonyl diphenylalanine	2016-08-14	DateIntroduced	2	date
3518	C000719509	Fmoc-phenylalanine	2021-10-05	DateIntroduced	2	date
3519	C084356	4-(fluoromethyl)phenyl phosphate	1993-12-21	DateIntroduced	1	
3520	C000604054	folenolide	2016-01-07	DateIntroduced	2	date
3521	C000620228	follitropin delta	2017-06-11	DateIntroduced	2	date
3522	C023103	folylpolyglutamate synthetase	1975-01-01	DateIntroduced	1	
3523	C088563	fomesafen	1994-08-25	DateIntroduced	1	
3524	C000674268	Fomitopsis officinalis	2021-01-01	DateIntroduced	2	date
3525	C000684608	Fomitopsis pinicola	2021-01-01	DateIntroduced	2	date
3526	C000674690	Fonsecaea monophora	2021-01-01	DateIntroduced	2	date
3527	C116093	N-(2-chloro-4-pyridyl)-N'-phenylurea	1998-12-21	DateIntroduced	1	
3528	C544831	GSK 1363089	2009-11-16	DateIntroduced	1	
3529	C077922	formamidine	1992-12-08	DateIntroduced	1	
3530	C054017	formate hydrogenlyase	1987-12-08	DateIntroduced	1	
3531	C053858	formyl phosphate	1987-11-13	DateIntroduced	1	
3532	C403912	6-formylcytidine	2000-02-15	DateIntroduced	1	
3533	C032736	N-formylglycine	1982-03-02	DateIntroduced	1	
3534	C113101	forodesine	1998-07-17	DateIntroduced	1	
3535	C058049	forsythiaside	1989-01-25	DateIntroduced	1	
3536	C075528	phillyrin	1992-08-06	DateIntroduced	1	
3537	C579665	fortunellin	2013-04-11	DateIntroduced	2	date
3538	C043114	fosphenytoin	1984-11-21	DateIntroduced	1	
3539	C472965	fospropofol	2003-04-10	DateIntroduced	1	
3540	C523665	fostamatinib	2007-10-22	DateIntroduced	1	
3541	C576364	fostemsavir	2012-11-22	DateIntroduced	1	
3542	C040313	fostriecin	1984-03-12	DateIntroduced	1	
3543	C537270	Fountain syndrome	2010-08-25	DateIntroduced	1	
3544	C034671	prostaglandin F2alpha receptor	1982-06-23	DateIntroduced	1	
3545	C034295	beta-(2-furyl)propionyl-coenzyme A	1982-05-26	DateIntroduced	1	
3546	C563324	Platelet Disorder, Familial, with Associated Myeloid Malignancy	2012-11-05	DateIntroduced	1	
3547	C040308	phenylalanyl-prolyl-arginine-chloromethyl ketone	1984-03-05	DateIntroduced	1	
3548	C572629	FPS-ZM1	2012-06-10	DateIntroduced	1	
3549	C474178	FR 252921	2003-05-23	DateIntroduced	1	
3550	C110368	FR 901379	1998-02-19	DateIntroduced	1	
3551	C000653253	Francisella tularensis subsp. novicida	2020-01-01	DateIntroduced	2	date
3552	C000615149	Francium-221	2018-01-01	DateIntroduced	2	date
3553	C075391	fraxinellone	1992-07-29	DateIntroduced	1	
3554	C000604315	fremanezumab	2016-01-22	DateIntroduced	2	date
3555	C000643921	Microchaete diplosiphon	2020-01-01	DateIntroduced	2	date
3556	C560928	fresolimumab	2011-09-10	DateIntroduced	1	
3557	C000653232	Fretibacterium fastidiosum	2020-01-01	DateIntroduced	2	date
3558	C075364	Fricke solution	1992-07-29	DateIntroduced	1	
3559	C421805	friedelane	2001-03-15	DateIntroduced	1	
3560	C580539	X-Linked Infantile Nystagmus	2013-10-24	DateIntroduced	2	date
3561	C538065	Frontonasal dysplasia	2010-08-25	DateIntroduced	1	
3562	C000653207	Fructobacillus fructosus	2020-01-01	DateIntroduced	2	date
3563	C033186	fructosyl-lysine	1982-02-09	DateIntroduced	1	
3564	C021451	inulosucrase	1976-01-01	DateIntroduced	1	
3565	C000713868	Tribulus extract	2022-01-01	DateIntroduced	2	date
3566	C550144	cang er zi wan	2010-06-20	DateIntroduced	1	
3567	C000591844	HMPL-013	2014-09-24	DateIntroduced	2	date
3568	C078228	fluorene-9-spiro-5'-oxazolidinedione	1992-12-21	DateIntroduced	1	
3569	C536866	Spastic paraplegia 6, autosomal dominant	2010-08-25	DateIntroduced	1	
3570	C577112	6-(3-fluoropropyl)-3-(2-(azepan-1-yl)ethyl)benzo(d)thiazol-2(3H)-one	2013-01-03	DateIntroduced	1	
3571	C072704	4-fluoro-1-(1-(2-thienyl)cyclohexyl)piperidine	1992-03-09	DateIntroduced	1	
3572	C579991	Chromosome 3-Linked Frontotemporal Dementia	2013-10-24	DateIntroduced	2	date
3573	C027112	fucose-binding lectin	1980-12-01	DateIntroduced	1	
3574	C015896	fucosterol	1976-01-01	DateIntroduced	1	
3575	C110713	fuji IX	1998-03-09	DateIntroduced	1	
3576	C108127	fullerenol	1997-09-29	DateIntroduced	1	
3577	C017332	fulvene	1978-01-01	DateIntroduced	1	
3578	C538191	Fumaric aciduria	2010-08-25	DateIntroduced	1	
3579	C566775	Polyposis Of Gastric Fundus Without Polyposis Coli	2012-11-05	DateIntroduced	1	
3580	C562733	Fundus Albipunctatus	2012-11-05	DateIntroduced	1	
3581	C093529	funoran	1995-06-12	DateIntroduced	1	
3582	C049925	fura-2-am	1986-10-01	DateIntroduced	1	
3583	C007795	furaltadon	1969-01-01	DateIntroduced	1	
3584	C033286	furamidine	1982-03-15	DateIntroduced	1	
3585	C442489	furanodiene	2002-01-01	DateIntroduced	1	
3586	C000620436	furanyl fentanyl	2017-06-14	DateIntroduced	2	date
3587	C012985	furcellaran	1976-01-01	DateIntroduced	1	
3588	C018948	furosine	1979-01-01	DateIntroduced	1	
3589	C010166	furoxans	1975-01-01	DateIntroduced	1	
3590	C000677529	Fusarium acuminatum	2021-01-01	DateIntroduced	2	date
3591	C000676191	Fusarium asiaticum	2021-01-01	DateIntroduced	2	date
3592	C000670041	Fusarium circinatum	2021-01-01	DateIntroduced	2	date
3593	C000678808	Fusarium commune	2021-01-01	DateIntroduced	2	date
3594	C000677530	Fusarium culmorum	2021-01-01	DateIntroduced	2	date
3595	C000672455	Fusarium falciforme	2021-01-01	DateIntroduced	2	date
3596	C000672712	Fusarium incarnatum	2021-01-01	DateIntroduced	2	date
3597	C000670042	Fusarium poae	2021-01-01	DateIntroduced	2	date
3598	C000685168	Fusarium pseudograminearum	2021-01-01	DateIntroduced	2	date
3599	C000679204	Fusarium sacchari	2021-01-01	DateIntroduced	2	date
3600	C000677528	Fusarium sporotrichioides	2021-01-01	DateIntroduced	2	date
3601	C000681074	Fusarium tricinctum	2021-01-01	DateIntroduced	2	date
3602	C000653186	Fusicatenibacter saccharivorans	2020-01-01	DateIntroduced	2	date
3603	C000688902	Fusicolla acetilerea	2021-01-01	DateIntroduced	2	date
3604	C091644	fusinite	1995-02-22	DateIntroduced	1	
3605	C000652900	Fusobacterium nucleatum subsp. animalis	2020-01-01	DateIntroduced	2	date
3606	C000652895	Fusobacterium periodonticum	2020-01-01	DateIntroduced	2	date
3607	C000713257	futibatinib	2021-02-17	DateIntroduced	2	date
3608	C532829	fuzheng huayu	2008-11-09	DateIntroduced	1	
3609	C533621	fuzheng jiedu	2008-12-11	DateIntroduced	1	
3610	C533482	fuzheng yiliu	2008-12-08	DateIntroduced	1	
3611	C055749	fluorovinylglycine	1988-06-02	DateIntroduced	1	
3612	C000731676	FX-909	2025-06-05	DateIntroduced	2	date
3613	C013550	gastrin 17	1976-01-01	DateIntroduced	1	
3614	C470812	9-(2-aminoethoxy)phenoxazine	2003-02-05	DateIntroduced	1	
3615	C000618651	G-Coat Plus	2017-05-11	DateIntroduced	2	date
3616	C030159	gentamicin-polymethylmethacrylate bead	1981-07-06	DateIntroduced	1	
3617	C482910	glucose-6-phosphate dehydrogenase A-	2004-03-23	DateIntroduced	1	
3618	C089210	gibberellin, 2-oxoglutarate-oxygen oxidoreductase (20-hydroxylating, oxidizing)	1994-09-30	DateIntroduced	1	
3619	C049853	gabazine	1986-09-26	DateIntroduced	1	
3620	C015542	gaboxadol	1977-01-01	DateIntroduced	1	
3621	C090600	gadobutrol	1994-12-26	DateIntroduced	1	
3622	C000656634	gadopiclenol	2020-01-27	DateIntroduced	2	date
3623	C034120	gadusol	1982-05-05	DateIntroduced	1	
3624	C000090	galactaric acid	1970-01-01	DateIntroduced	1	
3625	C096645	inositol 1-alpha-galactosyltransferase	1995-12-11	DateIntroduced	1	
3626	C056853	6-O-galactopyranosylgalactose	1988-09-16	DateIntroduced	1	
3627	C093768	galactoglucan	1995-06-28	DateIntroduced	1	
3628	C443804	galactoglucomannan	2002-01-14	DateIntroduced	1	
3629	C012991	galactonic acid	1977-01-01	DateIntroduced	1	
3630	C534014	galactono-1,4-lactone	2008-12-26	DateIntroduced	1	
3631	C062157	galactosaminogalactan	1990-01-27	DateIntroduced	1	
3632	C029973	galactose-1-phosphate	1981-06-25	DateIntroduced	1	
3633	C000721627	galactosyl-deficient IgA1	2022-03-10	DateIntroduced	2	date
3634	C062019	galanin (1-16)	1990-01-17	DateIntroduced	1	
3635	C533373	galaxamide	2008-12-04	DateIntroduced	1	
3636	C033119	galaxolide	1982-01-20	DateIntroduced	1	
3637	C000628360	galcanezumab	2018-09-26	DateIntroduced	2	date
3638	C000720119	Galeazzi fractures	2021-11-23	DateIntroduced	2	date
3639	C000728252	Galla chinensis	2023-04-27	DateIntroduced	2	date
3640	C007820	gallein	1975-01-01	DateIntroduced	1	
3641	C000652872	Gallibacterium anatis	2020-01-01	DateIntroduced	2	date
3642	C417940	gallocatechin gallate	2001-01-10	DateIntroduced	1	
3643	C572336	galloflavin	2012-05-23	DateIntroduced	1	
3644	C060474	glucogallin	1989-08-28	DateIntroduced	1	
3645	C557799	LY-2157299	2011-04-28	DateIntroduced	1	
3646	C020338	galvinoxyl	1979-01-01	DateIntroduced	1	
3647	C045863	neo-gambogic acid	1985-08-06	DateIntroduced	1	
3648	C052659	gambogic acid	1987-07-06	DateIntroduced	1	
3649	C545053	gambogic amide	2009-11-24	DateIntroduced	1	
3650	C020660	glutamyl carboxylase	1976-01-01	DateIntroduced	1	
3651	C028929	gamma-glutamylglycine	1981-04-14	DateIntroduced	1	
3652	C537622	Guanidinoacetate methyltransferase deficiency	2010-08-25	DateIntroduced	1	
3653	C105051	ganaxolone	1997-04-09	DateIntroduced	1	
3654	C000707873	glycyrrhizae radix et rhizoma	2020-06-25	DateIntroduced	2	date
3655	C000618388	gancidin W	2017-05-08	DateIntroduced	2	date
3656	C026226	ganglioside, GD3	1980-09-08	DateIntroduced	1	
3657	C556862	ganoderic acid	2011-03-25	DateIntroduced	1	
3658	C515005	ganoderic acid A	2006-11-24	DateIntroduced	1	
3659	C528901	ganoderic acid D	2008-05-16	DateIntroduced	1	
3660	C572162	ganoderic acid Mf	2012-05-16	DateIntroduced	1	
3661	C000688654	Ganoderma atrum	2021-01-01	DateIntroduced	2	date
3662	C000686299	Ganoderma boninense	2021-01-01	DateIntroduced	2	date
3663	C000692317	Ganoderma ellipsoideum	2021-01-01	DateIntroduced	2	date
3664	C000692324	Ganoderma leucocontextum	2021-01-01	DateIntroduced	2	date
3665	C000686303	Ganoderma microsporum	2021-01-01	DateIntroduced	2	date
3666	C000686305	Ganoderma resinaceum	2021-01-01	DateIntroduced	2	date
3667	C000596092	garcinone C	2015-03-17	DateIntroduced	2	date
3668	C000620557	garcinone D	2017-06-16	DateIntroduced	2	date
3669	C056587	gardenoside	1988-08-19	DateIntroduced	1	
3670	C546771	gardiquimod	2010-01-30	DateIntroduced	1	
3671	C041086	gastric inhibitory polypeptide receptor	1984-06-06	DateIntroduced	1	
3672	C543332	obinutuzumab	2009-09-07	DateIntroduced	1	
3673	C000730412	(2R,3R,4S,5R,6R)-2-(3,4-dichlorophenyl)sulfanyl-6-(hydroxymethyl)-4-(4-(3,4,5-trifluorophenyl)triazol-1-yl)oxane-3,5-diol	2024-03-18	DateIntroduced	2	date
3674	C045097	UDP-galactose-lactosylceramide alpha 1-4-galactosyltransferase	1977-01-01	DateIntroduced	1	
3675	C434607	granule-bound starch synthase I	2001-09-13	DateIntroduced	1	
3676	C000622072	GBT1118	2017-08-24	DateIntroduced	2	date
3677	C413355	GC 1 compound	2000-09-19	DateIntroduced	1	
3678	C000656640	GC376	2020-01-27	DateIntroduced	2	date
3679	C571726	shinbaro	2012-04-29	DateIntroduced	1	
3680	C582924	2-(3-(2-(1-isopropyl-3-methyl-1H-1,2-4-triazol-5-yl)-5,6-dihydrobenzo(f)imidazo(1,2-d)(1,4)oxazepin-9-yl)-1H-pyrazol-1-yl)-2-methylpropanamide	2013-08-18	DateIntroduced	2	date
3681	C583616	ipatasertib	2013-09-24	DateIntroduced	2	date
3682	C000723546	inavolisib	2022-09-18	DateIntroduced	2	date
3683	C532162	2-(1H-indazol-4-yl)-6-(4-methanesulfonylpiperazin-1-ylmethyl)-4-morpholin-4-ylthieno(3,2-d)pyrimidine	2008-10-08	DateIntroduced	1	
3684	C066750	propagermanium	1979-01-01	DateIntroduced	1	
3685	C549060	gedatolisib	2010-05-02	DateIntroduced	1	
3686	C000597312	Gefapixant	2015-04-26	DateIntroduced	2	date
3687	C090831	kakkon-to	1995-01-09	DateIntroduced	1	
3688	C542794	gegenqinlian	2009-08-13	DateIntroduced	1	
3689	C410326	geissoschizine	2000-07-07	DateIntroduced	1	
3690	C015233	gelatin film	1978-01-01	DateIntroduced	1	
3691	C571027	gelsenicine	2012-03-29	DateIntroduced	1	
3692	C534891	LC15-0444	2009-02-05	DateIntroduced	1	
3693	C000603360	gemilukast	2015-12-06	DateIntroduced	2	date
3694	C000652553	Gemmiger formicilis	2020-01-01	DateIntroduced	2	date
3695	C573235	FANG vaccine	2012-07-04	DateIntroduced	1	
3696	C007834	genipin	1974-01-01	DateIntroduced	1	
3697	C007835	geniposide	1974-01-01	DateIntroduced	1	
3698	C058966	geniposidic acid	1989-05-02	DateIntroduced	1	
3699	C014568	genkwanin	1977-01-01	DateIntroduced	1	
3700	C100093	gentamicin C	1983-08-12	DateIntroduced	1	
3701	C570942	gentiandiol	2012-03-26	DateIntroduced	1	
3702	C012997	gentiopicroside	1976-01-01	DateIntroduced	1	
3703	C000646729	Parageobacillus thermoglucosidasius	2020-01-01	DateIntroduced	2	date
3704	C000682501	Rasamsonia argillacea	2021-01-01	DateIntroduced	2	date
3705	C000659190	Magnusiomyces clavatus	2021-01-01	DateIntroduced	2	date
3706	C073441	gephyrin	1992-04-10	DateIntroduced	1	
3707	C039979	gepirone	1984-01-19	DateIntroduced	1	
3708	C024603	Geraniin	1980-05-22	DateIntroduced	1	
3709	C511282	geranyl diphosphate	2006-06-26	DateIntroduced	1	
3710	C017338	geranylgeraniol	1979-01-01	DateIntroduced	1	
3711	C002963	geranylgeranyl pyrophosphate	1973-01-01	DateIntroduced	1	
3712	C031049	geranylgeranylacetone	1981-08-14	DateIntroduced	1	
3713	C074933	Geristore	1992-07-06	DateIntroduced	1	
3714	C027259	germacrene D	1980-12-12	DateIntroduced	1	
3715	C048393	germacrone	1986-06-17	DateIntroduced	1	
3716	C000611702	germylene	2016-10-21	DateIntroduced	2	date
3717	C537799	Gerodermia osteodysplastica	2010-08-25	DateIntroduced	1	
3718	C536821	Gigantomastia	2010-11-13	DateIntroduced	1	
3719	C026695	geranylgeraniol monophosphate	1980-11-07	DateIntroduced	1	
3720	C102521	GGTI 298	1997-01-03	DateIntroduced	1	
3721	C081676	thrombin aptamer	1993-07-12	DateIntroduced	1	
3722	C015253	gum ghatti	1978-01-01	DateIntroduced	1	
3723	C588090	yeast-CEA vaccine	2014-04-27	DateIntroduced	2	date
3724	C555398	3-(formylhydroxyamino)-2-(3-phenyl-1-propyl)butanoic acid (2,2-dimethyl-1-methylcarbamoyl-1-propyl)amide	2011-01-30	DateIntroduced	1	
3725	C121463	gibberellin 2-dioxygenase	1999-10-04	DateIntroduced	1	
3726	C077010	gidazepam	1992-10-28	DateIntroduced	1	
3727	C536820	Trichorhinophalangeal Syndrome, Type I	2010-08-25	DateIntroduced	1	
3728	C478099	gigantol	2003-10-22	DateIntroduced	1	
3729	C000676894	Gigaspora margarita	2021-01-01	DateIntroduced	2	date
3730	C000625085	gigastasin	2017-11-28	DateIntroduced	2	date
3731	C000609080	gilteritinib	2016-07-14	DateIntroduced	2	date
3732	C077458	ginkgetin	1992-11-19	DateIntroduced	1	
3733	C112772	ginsenoside compound K	1998-07-01	DateIntroduced	1	
3734	C055327	ginsenoside F1	1988-04-27	DateIntroduced	1	
3735	C442759	ginsenoside Rb1	2002-08-05	DateIntroduced	1	
3736	C048026	ginsenoside Rb2	1986-03-24	DateIntroduced	1	
3737	C044462	ginsenoside Rc	1985-03-22	DateIntroduced	1	
3738	C049863	ginsenoside Rd	1986-10-02	DateIntroduced	1	
3739	C049864	ginsenoside Re	1986-10-02	DateIntroduced	1	
3740	C026474	ginsenoside Rg2	1980-10-14	DateIntroduced	1	
3741	C097367	ginsenoside Rg3	1996-01-30	DateIntroduced	1	
3742	C572381	ginsenoside Rg5	2012-05-25	DateIntroduced	1	
3743	C425564	ginsenoside Rh1	2001-05-11	DateIntroduced	1	
3744	C055305	ginsenoside Rh2	1988-04-26	DateIntroduced	1	
3745	C101280	ginsenoside Rh4	1996-10-14	DateIntroduced	1	
3746	C472077	ginsenoside Rk1	2003-03-13	DateIntroduced	1	
3747	C064378	ginsenoside Ro	1990-07-03	DateIntroduced	1	
3748	C000603040	gintonin	2015-11-26	DateIntroduced	2	date
3749	C000619446	gastric inhibitory polypeptide (3-30)-amide	2017-05-25	DateIntroduced	2	date
3750	C000720132	giredestrant	2021-11-24	DateIntroduced	2	date
3751	C106533	G250 monoclonal antibody	1997-07-08	DateIntroduced	1	
3752	C041943	2,3,4,6-tetra-O-acetylglucopyranosylisothiocyanate	1984-08-07	DateIntroduced	1	
3753	C029021	gitonin	1981-04-30	DateIntroduced	1	
3754	C007846	gitoxigenin	1969-01-01	DateIntroduced	1	
3755	C575255	givinostat	2012-09-29	DateIntroduced	1	
3756	C000630124	givosiran	2019-03-06	DateIntroduced	2	date
3757	C000721294	Hyperglycerolemia	2023-01-01	DateIntroduced	2	date
3758	C000588709	3-(phenylethynyl)-2-(2-(pyridin-2-yl)ethoxy)pyrido(3,2-b)pyrazine	2014-06-03	DateIntroduced	2	date
3759	C576694	setanaxib	2012-12-10	DateIntroduced	1	
3760	C010163	Forssman glycolipid	1974-01-01	DateIntroduced	1	
3761	C000627850	GL13K	2018-08-03	DateIntroduced	2	date
3762	C439678	glabrene	2001-11-27	DateIntroduced	1	
3763	C107601	glabridin	1997-09-04	DateIntroduced	1	
3764	C420863	glabrol	2001-03-01	DateIntroduced	1	
3765	C000627250	gladiolin	2018-06-11	DateIntroduced	2	date
3766	C005004	glaucine	1969-01-01	DateIntroduced	1	
3767	C055124	glaucocalyxin A	1988-04-08	DateIntroduced	1	
3768	C001293	glucosamine 6-phosphate	1972-01-01	DateIntroduced	1	
3769	C063057	UDP-N-acetylglucosamine-peptide beta-N-acetylglucosaminyltransferase	1990-03-20	DateIntroduced	1	
3770	C026146	N-acetylglucosamine-1-phosphate	1980-09-09	DateIntroduced	1	
3771	C000612853	glecaprevir	2016-12-11	DateIntroduced	2	date
3772	C000654128	glecaprevir and pibrentasvir	2019-10-04	DateIntroduced	2	date
3773	C000731534	glepaglutide	2025-05-06	DateIntroduced	2	date
3774	C574855	carmustine, poliferprosan 20 drug combination	2012-11-05	DateIntroduced	1	
3775	C036710	gliovirin	1983-01-13	DateIntroduced	1	
3776	C010969	gliquidone	1976-01-01	DateIntroduced	1	
3777	C000652132	Globicatella sanguinis	2020-01-01	DateIntroduced	2	date
3778	C472765	Globo-H	2003-04-04	DateIntroduced	1	
3779	C531284	globulol	2008-09-11	DateIntroduced	1	
3780	C000652129	Gloeobacter violaceus	2020-01-01	DateIntroduced	2	date
3781	C000676466	Gloeophyllum trabeum	2021-01-01	DateIntroduced	2	date
3782	C000720108	glofitamab	2021-11-23	DateIntroduced	2	date
3783	C000727537	Gloiopeltis	2023-03-22	DateIntroduced	2	date
3784	C107617	gloverin	1997-09-05	DateIntroduced	1	
3785	C000727090	Gloydius brevicaudus	2023-03-02	DateIntroduced	2	date
3786	C055453	glucagon-like peptide 1 (7-36)amide	1975-01-01	DateIntroduced	1	
3787	C000595478	4-(((R)-1-(benzo(b)thiophene-3-carbonyl)-2-methyl-azetidine-2-carbonyl)-(3-chloro-benzyl)-amino)-butyric acid	2015-02-23	DateIntroduced	2	date
3788	C004276	glutamylalanine	1973-01-01	DateIntroduced	1	
3789	C021030	gamma-glutamylaspartic acid	1980-01-01	DateIntroduced	1	
3790	C421460	glubran	2001-03-10	DateIntroduced	1	
3791	C421461	glubran 2	2001-03-10	DateIntroduced	1	
3792	C040232	glucan synthase	1984-02-17	DateIntroduced	1	
3793	C000629556	glucarpidase	2019-01-23	DateIntroduced	2	date
3794	C109777	glutamate-gated chloride channels	1998-01-21	DateIntroduced	1	
3795	C411470	glucocorticoid receptor alpha	2000-08-01	DateIntroduced	1	
3796	C080906	glucokinase regulatory protein	1993-05-24	DateIntroduced	1	
3797	C007853	Glucola	1975-01-01	DateIntroduced	1	
3798	C000652100	Gluconacetobacter diazotrophicus	2020-01-01	DateIntroduced	2	date
3799	C536830	Glut1 Deficiency Syndrome	2010-08-25	DateIntroduced	1	
3800	C034251	4-nitrophenyl-alpha-glucosidase	1982-05-17	DateIntroduced	1	
3801	C060321	glucotropeolin	1989-08-17	DateIntroduced	1	
3802	C443341	glucovanillin	2002-01-10	DateIntroduced	1	
3803	C004940	glucuronolactone	1969-01-01	DateIntroduced	1	
3804	C038910	glucuronoxylan	1983-09-15	DateIntroduced	1	
3805	C027478	glucuronoxylomannan	1981-01-12	DateIntroduced	1	
3806	C026134	glutamate carboxypeptidase	1975-01-01	DateIntroduced	1	
3807	C020650	glutamate 5-kinase	1970-01-01	DateIntroduced	1	
3808	C062292	glutamate racemase	1990-02-08	DateIntroduced	1	
3809	C000651794	Glutamicibacter soli	2020-01-01	DateIntroduced	2	date
3810	C020656	glutamine-pyruvate aminotransferase	1974-01-01	DateIntroduced	1	
3811	C059280	glutaminyl-peptide cyclotransferase	1989-05-25	DateIntroduced	1	
3812	C053168	glutarylcarnitine	1987-08-14	DateIntroduced	1	
3813	C042431	S-ethyl glutathione	1984-09-18	DateIntroduced	1	
3814	C020667	glutathione oxidase	1979-01-01	DateIntroduced	1	
3815	C000611742	glutathione persulfide	2016-10-23	DateIntroduced	2	date
3816	C086860	glutathione transporter	1994-05-19	DateIntroduced	1	
3817	C096996	glutathione trisulfide	1996-01-04	DateIntroduced	1	
3818	C000729768	GLX351322	2023-12-07	DateIntroduced	2	date
3819	C065992	N-glycylalanine	1990-11-08	DateIntroduced	1	
3820	C039788	glycylglutamine	1983-12-22	DateIntroduced	1	
3821	C027787	glycylhistidine	1981-02-02	DateIntroduced	1	
3822	C088188	glycyl-prolyl-hydroxyproline	1994-08-03	DateIntroduced	1	
3823	C035810	glycylvaline	1982-10-15	DateIntroduced	1	
3824	C075185	sulfated glycoprotein p50	1992-07-18	DateIntroduced	1	
3825	C020668	glycanase	1975-01-01	DateIntroduced	1	
3826	C000720551	glycated fibrinogen	2021-12-20	DateIntroduced	2	date
3827	C017343	glyceollin	1978-01-01	DateIntroduced	1	
3828	C005953	monoolein	1974-01-01	DateIntroduced	1	
3829	C570223	glycerol phenylbutyrate	2012-02-23	DateIntroduced	1	
3830	C002449	glycerophosphoethanolamine	1973-01-01	DateIntroduced	1	
3831	C409185	diglycerol phosphate	2000-06-13	DateIntroduced	1	
3832	C014575	glycerylphosphoinositol	1977-01-01	DateIntroduced	1	
3833	C048159	glyceryl monostearate	1986-04-15	DateIntroduced	1	
3834	C009032	precirol	1975-01-01	DateIntroduced	1	
3835	C003637	tricaprylin	1972-01-01	DateIntroduced	1	
3836	C433283	glycitin	2001-08-22	DateIntroduced	1	
3837	C004946	glycocyamine	1970-01-01	DateIntroduced	1	
3838	C580130	Glycogen Storage Disease Type Ix	2013-10-24	DateIntroduced	2	date
3839	C020821	glycollate oxidase	1972-01-01	DateIntroduced	1	
3840	C027746	glycolithocholic acid	1981-01-23	DateIntroduced	1	
3841	C092018	glycoluril	1995-03-14	DateIntroduced	1	
3842	C038535	glycoprotein gC, herpes simplex virus type 1	1983-07-25	DateIntroduced	1	
3843	C051036	glycosylated ferritin	1987-01-23	DateIntroduced	1	
3844	C042441	glycosylated IgA	1984-09-18	DateIntroduced	1	
3845	C024033	glycoursodeoxycholic acid	1980-01-01	DateIntroduced	1	
3846	C548779	N-(2-naphthalenyl)-((3,5-dibromo-2,4-dihydroxyphenyl)methylene)glycine hydrazide	2010-04-21	DateIntroduced	1	
3847	C032138	N-(gamma-maleimidobutyryloxy)succinimide	1981-11-10	DateIntroduced	1	
3848	C043583	glyceryl methyl methacrylate	1985-01-02	DateIntroduced	1	
3849	C004805	5'-guanylylmethylenebisphosphonate	1973-01-01	DateIntroduced	1	
3850	C401312	N-(6-chlorophenoxyhexyl)-N''-cyano-N''-4-pyridylguanidine	1999-12-10	DateIntroduced	1	
3851	C000622261	GNE-9278	2017-09-03	DateIntroduced	2	date
3852	C000596538	gnetin H	2015-04-05	DateIntroduced	2	date
3853	C477582	gnetofuran A	2003-09-29	DateIntroduced	1	
3854	C476734	2,3',5',6-tetrahydroxy-trans-stilbene	2003-08-29	DateIntroduced	1	
3855	C050502	gonadotropin releasing hormone associated peptide	1986-11-19	DateIntroduced	1	
3856	C047717	LHRH, His(5)-Trp(7)-Tyr(8)-	1986-02-19	DateIntroduced	1	
3857	C448022	gonadotropin-releasing hormone-III	2002-02-28	DateIntroduced	1	
3858	C081021	Go 6976	1993-06-01	DateIntroduced	1	
3859	C000612955	GO-Y078	2016-12-15	DateIntroduced	2	date
3860	C465664	2-(1-(3-dimethylaminopropyl)-5-methoxyindol-3-yl)-3-(1H-indol-3-yl)maleimide	2002-09-27	DateIntroduced	1	
3861	C000706656	vilobelimab	2020-06-03	DateIntroduced	2	date
3862	C000722239	golexanolone	2022-05-12	DateIntroduced	2	date
3863	C000710673	golodirsen	2020-09-22	DateIntroduced	2	date
3864	C506614	mirdametinib	2006-01-01	DateIntroduced	1	
3865	C033585	schizandrol B	1982-03-11	DateIntroduced	1	
3866	C082090	schisantherin B	1979-01-01	DateIntroduced	1	
3867	C015499	schizandrin B	1978-01-01	DateIntroduced	1	
3868	C555523	gomphrenin I	2011-02-02	DateIntroduced	1	
3869	C000623807	Goose circovirus	2018-01-01	DateIntroduced	2	date
3870	C000651440	Gordonia rubripertincta	2020-01-01	DateIntroduced	2	date
3871	C000651430	Gordonibacter pamelaeae	2020-01-01	DateIntroduced	2	date
3872	C000614392	oryeongsan	2017-02-23	DateIntroduced	2	date
3873	C119642	gosha-jinki-gan	1999-06-28	DateIntroduced	1	
3874	C059922	gossypetin	1989-07-07	DateIntroduced	1	
3875	C004942	gougerotin	1972-01-01	DateIntroduced	1	
3876	C499803	furanoheliangolide	2005-04-21	DateIntroduced	1	
3877	C000726661	PSMA-11	2023-01-20	DateIntroduced	2	date
3878	C000630865	GP1111	2019-05-02	DateIntroduced	2	date
3879	C052914	brain synaptic membrane glycoprotein gp 50	1987-07-29	DateIntroduced	1	
3880	C040941	N'-geranylpiperazinylfarnesyl acetamide	1984-05-09	DateIntroduced	1	
3881	C000728523	Gracilaria coronopifolia	2024-01-01	DateIntroduced	2	date
3882	C044934	gracillin	1985-05-13	DateIntroduced	1	
3883	C470230	Gradia	2003-01-14	DateIntroduced	1	
3884	C533205	gradio	2008-11-27	DateIntroduced	1	
3885	C000712310	pomegranate fruit rind	2022-01-01	DateIntroduced	2	date
3886	C009811	granaticin	1975-01-01	DateIntroduced	1	
3887	C509998	Grandio	2006-05-03	DateIntroduced	1	
3888	C000651383	Granulicatella elegans	2020-01-01	DateIntroduced	2	date
3889	C000623917	Grapevine leafroll-associated virus 3	2018-01-01	DateIntroduced	2	date
3890	C000657226	graphdiyne	2020-02-11	DateIntroduced	2	date
3891	C049554	glycyl-arginyl-glycyl-aspartyl-serine	1986-08-07	DateIntroduced	1	
3892	C537302	Griscelli syndrome type 2	2010-08-25	DateIntroduced	1	
3893	C519562	imetelstat	2007-05-13	DateIntroduced	1	
3894	C537306	Grover's disease	2010-08-25	DateIntroduced	1	
3895	C420120	gamma-aminobutyryl-2-methyltryptophyl-2-methyltryptophyl-2-methyltryptophyl-lysinamide	2001-02-17	DateIntroduced	1	
3896	C000720466	GRT-R910 vaccine	2021-12-15	DateIntroduced	2	date
3897	C025554	mutacin GS-5	1980-07-29	DateIntroduced	1	
3898	C000706175	GS-441524 triphosphate	2020-05-14	DateIntroduced	2	date
3899	C000730993	lenacapavir	2024-10-28	DateIntroduced	2	date
3900	C582524	vesatolimod	2013-07-28	DateIntroduced	2	date
3901	C000732091	GS1-144	2026-07-14	DateIntroduced	2	date
3902	C562594	Glycogen Storage Disease IB	2012-11-05	DateIntroduced	1	
3903	C567859	Glycogen Storage Disease XIV	2012-11-05	DateIntroduced	1	
3904	C549350	2,4,6-trimethyl-N-((3'-(methylsulfonyl)-4-biphenylyl)methyl)-N-((5-(trifluoromethyl)-2-furanyl)methyl)benzenesulfonamide	2010-05-13	DateIntroduced	1	
3905	C532254	2-cyclopentyl-4-(5-phenyl-1H-pyrrolo(2,3-b)pyridin-3-yl)-benzoic acid	2008-10-11	DateIntroduced	1	
3906	C000593030	GSK-J4	2014-11-19	DateIntroduced	2	date
3907	C530602	N-(1-((4-(2-(((2,4-dichlorophenyl)sulfonyl)amino)-3-hydroxypropanoyl)-1-piperazinyl)carbonyl)-3-methylbutyl)-1-benzothiophene-2-carboxamide	2008-08-10	DateIntroduced	1	
3908	C577920	GSK-2816126	2013-02-02	DateIntroduced	2	date
3909	C000604998	N-(2-chloro-3-(trifluoromethyl)benzyl)-N-methyl-5-oxopyrrolidine-2-carboxamide	2016-02-17	DateIntroduced	2	date
3910	C000625977	GSK2018682	2018-01-18	DateIntroduced	2	date
3911	C000628859	GSK2193874	2018-11-13	DateIntroduced	2	date
3912	C576403	7-methyl-5-(1-((3-(trifluoromethyl)phenyl)acetyl)-2,3-dihydro-1H-indol-5-yl)-7H-pyrrolo(2,3-d)pyrimidin-4-amine	2012-11-25	DateIntroduced	1	
3913	C000597302	GSK2656157	2015-04-26	DateIntroduced	2	date
3914	C000607558	GSK2795039	2016-05-15	DateIntroduced	2	date
3915	C000708951	GSK2982772	2020-07-22	DateIntroduced	2	date
3916	C586265	GSK343	2014-02-09	DateIntroduced	2	date
3917	C572356	GSK4112	2012-05-23	DateIntroduced	1	
3918	C545235	GSK 4716	2009-12-02	DateIntroduced	1	
3919	C000730139	GSK484	2024-02-01	DateIntroduced	2	date
3920	C528328	GSK690693	2008-04-24	DateIntroduced	1	
3921	C000633405	GSK872	2019-08-12	DateIntroduced	2	date
3922	C411249	MTx4 protein, Grammostola spatulata	2000-07-27	DateIntroduced	1	
3923	C077393	rice nuclear protein GT-2	1992-11-17	DateIntroduced	1	
3924	C113848	glucosyltransferase D	1998-08-24	DateIntroduced	1	
3925	C088936	3-(2,4-dimethoxybenzylidene)anabaseine	1994-09-19	DateIntroduced	1	
3926	C121048	guaiacol peroxidase	1999-10-07	DateIntroduced	1	
3927	C421026	guaiane	2001-03-05	DateIntroduced	1	
3928	C004451	guaiazulene	1969-01-01	DateIntroduced	1	
3929	C000618354	guanxin shutong	2017-05-07	DateIntroduced	2	date
3930	C072685	guanylin	1992-03-07	DateIntroduced	1	
3931	C029280	guanidine carboxamide	1981-05-14	DateIntroduced	1	
3932	C091715	atrial natriuretic factor receptor A	1995-02-27	DateIntroduced	1	
3933	C020842	guanylyltransferase	1977-01-01	DateIntroduced	1	
3934	C012343	guazatine	1976-01-01	DateIntroduced	1	
3935	C000625810	guhong	2018-01-04	DateIntroduced	2	date
3936	C000611222	guibi-tang	2016-09-29	DateIntroduced	2	date
3937	C578965	guipi	2013-03-16	DateIntroduced	2	date
3938	C528663	guizhi decoction	2008-05-08	DateIntroduced	1	
3939	C007896	guluronic acid	1974-01-01	DateIntroduced	1	
3940	C528586	gushukang	2008-05-05	DateIntroduced	1	
3941	C075192	gustducin	1992-07-20	DateIntroduced	1	
3942	C515718	GuttaFlow	2006-12-24	DateIntroduced	1	
3943	C000710388	GV-971	2020-09-10	DateIntroduced	2	date
3944	C457499	2-chloro-5-nitrobenzanilide	2002-06-24	DateIntroduced	1	
3945	C479979	(4-(((2-(3-fluoro-4-(trifluoromethyl)phenyl)-4-methyl-1,3-thiazol-5-yl)methyl)sulfanyl)-2-methylphenoxy)acetic acid	2003-12-31	DateIntroduced	1	
3946	C000722503	GW117	2022-06-07	DateIntroduced	2	date
3947	C120099	GW 1929	1999-07-20	DateIntroduced	1	
3948	C506269	5-(3-methoxy-4-((4-methoxybenzyl)oxy)benzyl)pyrimidine-2,4-diamine	2005-12-18	DateIntroduced	1	
3949	C492546	GW280264X	2004-10-21	DateIntroduced	1	
3950	C473027	GW 3965	2003-04-12	DateIntroduced	1	
3951	C468773	GW 4869	2002-12-04	DateIntroduced	1	
3952	C489251	5-iodo-3-((3,5-dibromo-4-hydroxyphenyl)methylene)-2-indolinone	2004-09-07	DateIntroduced	1	
3953	C449302	GW 6471	2002-03-14	DateIntroduced	1	
3954	C453899	GW 7647	2002-05-08	DateIntroduced	1	
3955	C515630	GW9508	2006-12-20	DateIntroduced	1	
3956	C474918	gypenoside	2003-08-08	DateIntroduced	1	
3957	C517623	3-((O-6-deoxymannopyranosyl-1-2-O-(xylopyranosyl-1-3)arabinopyranosyl)oxy)-21-glucopyranosyloxy-20-hydroxydammar-24-en-19-al	2007-03-04	DateIntroduced	1	
3958	C000717558	gypenoside XVII	2021-05-26	DateIntroduced	2	date
3959	C120727	gyrophoric acid	1999-09-21	DateIntroduced	1	
3960	C529376	GYY 4137	2008-06-08	DateIntroduced	1	
3961	C579813	olverembatinib	2013-04-17	DateIntroduced	2	date
3962	C063509	N-(2-(4-bromocinnamylamino)ethyl)-5-isoquinolinesulfonamide	1990-05-01	DateIntroduced	1	
3963	C086651	H 179	1994-05-06	DateIntroduced	1	
3964	C519880	12-tungstophosphoric acid	2007-05-29	DateIntroduced	1	
3965	C000717882	SU 3327	2021-06-25	DateIntroduced	2	date
3966	C010176	halofuginone	1975-01-01	DateIntroduced	1	
3967	C000626638	Halogranum	2018-03-26	DateIntroduced	2	date
3968	C430848	halohydrin dehalogenase	2001-07-17	DateIntroduced	1	
3969	C036518	halometasone	1982-12-27	DateIntroduced	1	
3970	C000650280	Halomonas mongoliensis	2020-01-01	DateIntroduced	2	date
3971	C033563	haloperidol decanoate	1982-03-08	DateIntroduced	1	
3972	C054176	haloxyfop	1987-12-24	DateIntroduced	1	
3973	C000727032	haloxyfop-p-methyl	2023-03-01	DateIntroduced	2	date
3974	C053046	handelin	1987-08-19	DateIntroduced	1	
3975	C000673842	Hanseniaspora opuntiae	2021-01-01	DateIntroduced	2	date
3976	C007904	harmalol	1969-01-01	DateIntroduced	1	
3977	C062500	harringtonin	1990-02-21	DateIntroduced	1	
3978	C535841	Hashimoto's encephalitis	2010-08-25	DateIntroduced	1	
3979	C056510	2-hydroxylamine-5-ethyl-5-sec-pentylbarbituric acid	1988-08-10	DateIntroduced	1	
3980	C030448	hemoglobin Bart's	1981-07-17	DateIntroduced	1	
3981	C035541	Hemoglobin Constant Spring	1982-09-21	DateIntroduced	1	
3982	C032001	hemoglobin D	1981-10-22	DateIntroduced	1	
3983	C036602	hemoglobin P	1983-01-07	DateIntroduced	1	
3984	C099132	hemoglobin Pakse	1996-06-03	DateIntroduced	1	
3985	C000620913	Hemoglobin Rush	2017-06-28	DateIntroduced	2	date
3986	C064921	hemoglobin Sogn	1990-08-14	DateIntroduced	1	
3987	C037740	N,N'-bis(2-hydroxybenzyl)ethylenediamine-N,N'-diacetic acid	1983-05-13	DateIntroduced	1	
3988	C075313	N,N'-bis(2-hydroxy-5-(ethylene-beta-carboxy)benzyl)ethylenediamine N,N'-diacetic acid	1992-07-26	DateIntroduced	1	
3989	C558473	sulcardine sulfate	2011-05-31	DateIntroduced	1	
3990	C000620801	HBK-15	2017-06-22	DateIntroduced	2	date
3991	C073062	4-(2-(4-hydroxybenzyl)-phenoxy)-N-methylbutylamine	1992-03-24	DateIntroduced	1	
3992	C057694	4-trimethylamino-1-butanol	1988-12-19	DateIntroduced	1	
3993	C057628	hepatitis B virus X protein	1988-12-08	DateIntroduced	1	
3994	C546441	HBX 41,108	2010-01-17	DateIntroduced	1	
3995	C573308	HC-067047	2012-07-07	DateIntroduced	1	
3996	C027935	3-hydroxycholest-7-ene-14-carbaldehyde	1981-01-27	DateIntroduced	1	
3997	C075274	hippocampal cholinergic neurostimulating peptide	1992-07-23	DateIntroduced	1	
3998	C120029	homocamptothecin	1999-07-16	DateIntroduced	1	
3999	C007957	homocysteine thiolactone	1975-01-01	DateIntroduced	1	
4000	C000654196	siremadlin	2019-10-07	DateIntroduced	2	date
4001	C537907	Barakat syndrome	2010-08-25	DateIntroduced	1	
4002	C026061	HDTA	1980-08-27	DateIntroduced	1	
4003	C032522	head activator peptide	1981-12-17	DateIntroduced	1	
4004	C007908	hecogenin	1969-01-01	DateIntroduced	1	
4005	C505698	hecogenin acetate	2005-11-30	DateIntroduced	1	
4006	C013547	hectorite	1977-01-01	DateIntroduced	1	
4007	C482302	hederacoside C	2004-03-05	DateIntroduced	1	
4008	C535994	Deafness enamel hypoplasia nail defects	2010-08-25	DateIntroduced	1	
4009	C000649892	Helcococcus kunzii	2020-01-01	DateIntroduced	2	date
4010	C000649879	Helicobacter bilis	2020-01-01	DateIntroduced	2	date
4011	C000649870	Helicobacter cinaedi	2020-01-01	DateIntroduced	2	date
4012	C000649850	Helicobacter rodentium	2020-01-01	DateIntroduced	2	date
4013	C059908	Helioseal	1989-07-06	DateIntroduced	1	
4014	C000730394	Helsmoortel-Van der Aa syndrome	2024-03-13	DateIntroduced	2	date
4015	C102102	hematopoietic progenitor kinase 1	1996-12-11	DateIntroduced	1	
4016	C494379	hematoporphyrin monomethyl ether	2004-12-23	DateIntroduced	1	
4017	C027728	heme a	1981-01-22	DateIntroduced	1	
4018	C029400	heme d1	1981-05-15	DateIntroduced	1	
4019	C000601156	tetramethylene hemicyanine	2015-09-11	DateIntroduced	2	date
4020	C066846	hemolin	1991-02-19	DateIntroduced	1	
4021	C581750	hemospray	2013-06-19	DateIntroduced	2	date
4022	C421864	hen egg lysozyme	2001-03-16	DateIntroduced	1	
4023	C000611095	henagliflozin	2016-09-26	DateIntroduced	2	date
4024	C049203	hentriacontane	1986-06-24	DateIntroduced	1	
4025	C560363	heparosan	2011-08-17	DateIntroduced	1	
4026	C081092	HGF activator	1993-06-07	DateIntroduced	1	
4027	C096164	hepatocyte growth factor-regulated tyrosine kinase substrate	1995-11-20	DateIntroduced	1	
4028	C051610	hepatoma-derived growth factor	1987-04-07	DateIntroduced	1	
4029	C016486	heptadecane	1978-01-01	DateIntroduced	1	
4030	C000711386	heptamethine cyanine dye	2020-11-17	DateIntroduced	2	date
4031	C046204	heptanal	1985-08-30	DateIntroduced	1	
4032	C507296	heptazine	2006-01-25	DateIntroduced	1	
4033	C027285	heptelidic acid	1980-12-18	DateIntroduced	1	
4034	C581534	herbacetin	2013-06-07	DateIntroduced	2	date
4035	C000649814	Herbaspirillum huttiense	2020-01-01	DateIntroduced	2	date
4036	C027099	herbicolin A	1980-11-28	DateIntroduced	1	
4037	C000715748	Hereditary alpha-tryptasemia syndrome	2022-01-01	DateIntroduced	2	date
4038	C538137	Hyperferritinemia, hereditary, with congenital cataracts	2010-08-25	DateIntroduced	1	
4039	C535516	Hereditary leiomyomatosis and renal cell cancer	2010-08-25	DateIntroduced	1	
4040	C566343	Hereditary Myopathy with Early Respiratory Failure	2012-11-05	DateIntroduced	1	
4041	C532216	hericenone C	2008-10-10	DateIntroduced	1	
4042	C000685154	Hericium coralloides	2021-01-01	DateIntroduced	2	date
4043	C000731876	zongertinib	2026-01-20	DateIntroduced	2	date
4044	C474723	hesperadin	2003-06-17	DateIntroduced	1	
4045	C000608358	heterophyllin B	2016-06-16	DateIntroduced	2	date
4046	C000618147	heterophyllin J	2017-05-03	DateIntroduced	2	date
4047	C000614661	hetrombopag	2017-03-02	DateIntroduced	2	date
4048	C063764	hevamine	1990-05-23	DateIntroduced	1	
4049	C031584	hexammineruthenium	1981-09-23	DateIntroduced	1	
4050	C547330	hexaazatrinaphthylene	2010-02-25	DateIntroduced	1	
4051	C001335	hexachlorobutadiene	1971-01-01	DateIntroduced	1	
4052	C022601	hexachlorocyclotriphosphazene	1980-01-01	DateIntroduced	1	
4053	C409722	hexaconazole	2000-06-21	DateIntroduced	1	
4054	C001647	hexadecanal	1972-01-01	DateIntroduced	1	
4055	C014025	hexadecanamide	1977-01-01	DateIntroduced	1	
4056	C012346	hexadecanedioic acid	1976-01-01	DateIntroduced	1	
4057	C013553	hexadecylamine	1969-01-01	DateIntroduced	1	
4058	C518705	hexafluoroacetylacetonate	2007-04-10	DateIntroduced	1	
4059	C003005	hexafluorobenzene	1973-01-01	DateIntroduced	1	
4060	C015917	hexamethyldisiloxane	1978-01-01	DateIntroduced	1	
4061	C018961	hexamidine	1979-01-01	DateIntroduced	1	
4062	C060775	methyl caproate	1989-09-26	DateIntroduced	1	
4063	C061301	hexanoylcarnitine	1989-11-03	DateIntroduced	1	
4064	C024571	N-caproylglycine	1980-06-05	DateIntroduced	1	
4065	C000731146	hexaphyrin	2025-01-17	DateIntroduced	2	date
4066	C086184	hexarelin	1994-04-08	DateIntroduced	1	
4067	C526535	hexyl acrylate	2008-02-14	DateIntroduced	1	
4068	C583328	5-(4-chlorophenyl)-N-cyclohexyl-4-methyl-2-oxothiazolidine-3 carboxamide	2013-09-08	DateIntroduced	2	date
4069	C064157	high fluorescent intermediate II	1990-06-18	DateIntroduced	1	
4070	C063229	hydroxyethyl methacrylate-methacrylic acid-ethyl methacrylate copolymer	1990-04-03	DateIntroduced	1	
4071	C077108	4-(2-hydroxyphenyl)-2-carboxy-3-pyrrolidineacetic acid	1992-11-03	DateIntroduced	1	
4072	C577044	HG-9-91-01	2012-12-30	DateIntroduced	1	
4073	C574708	N-(12-cyanoindolizino(2,3-b)quinoxalin-2-yl)thiophene-2-carboxamide	2012-09-02	DateIntroduced	1	
4074	C535833	Pulmonary edema of mountaineers	2010-11-13	DateIntroduced	1	
4075	C412292	himachalene	2000-08-21	DateIntroduced	1	
4076	C475934	hinokinin	2003-07-29	DateIntroduced	1	
4077	C009479	beta-thujaplicin	1973-01-01	DateIntroduced	1	
4078	C538253	Amyotrophy, monomelic	2010-08-25	DateIntroduced	1	
4079	C000727430	Hirudo verbana	2023-03-16	DateIntroduced	2	date
4080	C028983	histidylhistidine	1981-04-24	DateIntroduced	1	
4081	C020357	histidylleucine	1979-01-01	DateIntroduced	1	
4082	C022144	histidylphenylalanine	1980-01-01	DateIntroduced	1	
4083	C035699	histidylproline	1982-10-15	DateIntroduced	1	
4084	C021358	histidinol dehydrogenase	1974-01-01	DateIntroduced	1	
4085	C077020	histone H2A.F-Z	1992-10-29	DateIntroduced	1	
4086	C000727514	Monostroma nitidum	2023-03-22	DateIntroduced	2	date
4087	C514801	p31 integrase protein, Human immunodeficiency virus 1	2007-08-13	DateIntroduced	1	
4088	C084715	HIV hyperimmune globulin	1994-01-07	DateIntroduced	1	
4089	C558471	Hizentra	2011-05-31	DateIntroduced	1	
4090	C000605453	huanglian-jie-du decoction	2016-03-02	DateIntroduced	2	date
4091	C109756	HLA-DQ8 antigen	1998-01-20	DateIntroduced	1	
4092	C438506	HLA-A*24:02 antigen	2001-11-05	DateIntroduced	1	
4093	C035524	HLA-A29 antigen	1982-09-16	DateIntroduced	1	
4094	C425023	HLA-B*07 antigen	2001-05-03	DateIntroduced	1	
4095	C501279	HLA-B*52:01 antigen	2005-06-17	DateIntroduced	1	
4096	C103707	HLA-B57 antigen	1997-02-10	DateIntroduced	1	
4097	C528994	HLA-C*06 antigen	2008-05-20	DateIntroduced	1	
4098	C084245	HLA-DM antigens	1993-12-15	DateIntroduced	1	
4099	C071172	HLA-DPA1 antigen	1991-11-01	DateIntroduced	1	
4100	C071170	HLA-DPB1 antigen	1991-11-01	DateIntroduced	1	
4101	C410042	HLA-DQ5 antigen	2000-06-28	DateIntroduced	1	
4102	C103596	HLA-DQA2 antigen	1997-02-07	DateIntroduced	1	
4103	C106559	HLA-DR15 antigen	1997-07-10	DateIntroduced	1	
4104	C553502	HLA-DRB1*03:01 antigen	2011-06-24	DateIntroduced	1	
4105	C553505	HLA-DRB1*04:01 antigen	2011-06-24	DateIntroduced	1	
4106	C553506	HLA-DRB1*04:02 antigen	2011-06-24	DateIntroduced	1	
4107	C045607	huang-lien-chieh-tu-tang	1985-07-05	DateIntroduced	1	
4108	C014026	hexamethylene bisacetamide	1977-01-01	DateIntroduced	1	
4109	C041637	3-hydroxy-7-methylcholanoic acid	1984-07-12	DateIntroduced	1	
4110	C064709	trestolone	1990-07-31	DateIntroduced	1	
4111	C567784	3-Hydroxy-3-Methylglutaryl-CoA Synthase 2 Deficiency	2012-11-05	DateIntroduced	1	
4112	C005434	atrolactic acid	1970-01-01	DateIntroduced	1	
4113	C406413	human neutrophil peptide 1	2000-07-31	DateIntroduced	1	
4114	C010981	homarine	1976-01-01	DateIntroduced	1	
4115	C028143	homocitric acid	1981-02-09	DateIntroduced	1	
4116	C001352	homocitrulline	1971-01-01	DateIntroduced	1	
4117	C018725	O-acetylhomoserine (thiol)-lyase	1970-01-01	DateIntroduced	1	
4118	C503231	homoeriodictyol	2005-08-30	DateIntroduced	1	
4119	C057912	homoorientin	1989-01-10	DateIntroduced	1	
4120	C014328	2-amino-4-phenylbutyric acid	1977-01-01	DateIntroduced	1	
4121	C403862	6-methoxy-4',5-dihydroxyflavone-7-O-glucoside	2000-02-14	DateIntroduced	1	
4122	C551041	homopropargylglycine	2010-07-27	DateIntroduced	1	
4123	C000718376	hongjingtian	2021-07-27	DateIntroduced	2	date
4124	C005499	honokiol	1973-01-01	DateIntroduced	1	
4125	C025206	hopane	1980-07-02	DateIntroduced	1	
4126	C016030	pantogab	1978-01-01	DateIntroduced	1	
4127	C028765	diploptene	1981-04-03	DateIntroduced	1	
4128	C442781	Houttuynia cordata extract	2002-01-04	DateIntroduced	1	
4129	C000614971	hyperpolarized Xe-129	2018-01-01	DateIntroduced	2	date
4130	C081732	iloperidone	1993-07-15	DateIntroduced	1	
4131	C516855	HP-136	2007-02-05	DateIntroduced	1	
4132	C544520	10-(2-hydroxypropyl)-1,4,7-tetraazacyclododecane-1,4,7-triacetic acid	2009-10-30	DateIntroduced	1	
4133	C060424	hydralazine 4-anisaldehyde hydrazone	1989-08-23	DateIntroduced	1	
4134	C036100	human pituitary glycopeptide	1982-11-09	DateIntroduced	1	
4135	C080419	1,1-dimethyl-4-acetylpiperazinium	1993-04-23	DateIntroduced	1	
4136	C048331	hydroxypropylmethylcellulose acetate succinate	1986-05-13	DateIntroduced	1	
4137	C019427	3-hydroxypregnan-3-one 3-sulfate	1979-01-01	DateIntroduced	1	
4138	C083998	2-(1-hexyloxyethyl)-2-devinyl pyropheophorbide-a	1993-12-02	DateIntroduced	1	
4139	C017730	N-succinimidyl-3-(4-hydroxyphenyl)propionate	1978-01-01	DateIntroduced	1	
4140	C563273	Hyperparathyroidism 2	2012-11-05	DateIntroduced	1	
4141	C000721728	Alphapapillomavirus 2	2023-01-01	DateIntroduced	2	date
4142	C000721768	human papillomavirus 35	2023-01-01	DateIntroduced	2	date
4143	C000721707	human papillomavirus 39	2022-03-18	DateIntroduced	2	date
4144	C000721770	human papillomavirus 51	2023-01-01	DateIntroduced	2	date
4145	C000721771	human papillomavirus 52	2023-01-01	DateIntroduced	2	date
4146	C000721772	human papillomavirus 56	2023-01-01	DateIntroduced	2	date
4147	C000721774	human papillomavirus 58	2023-01-01	DateIntroduced	2	date
4148	C000721709	human papillomavirus 59	2022-03-18	DateIntroduced	2	date
4149	C000721775	human papillomavirus 66	2023-01-01	DateIntroduced	2	date
4150	C000721710	human papillomavirus 68	2022-03-18	DateIntroduced	2	date
4151	C544547	MIRN1 microRNA, human	2009-10-30	DateIntroduced	1	
4152	C544266	MIRN100 microRNA, human	2009-10-15	DateIntroduced	1	
4153	C549045	MIRN107 microRNA, human	2010-05-02	DateIntroduced	1	
4154	C000627191	MIRN1229 microRNA, human	2018-06-04	DateIntroduced	2	date
4155	C509207	MIRN124 microRNA, human	2006-04-04	DateIntroduced	1	
4156	C000605548	MIRN1247 microRNA, human	2016-03-03	DateIntroduced	2	date
4157	C547276	MIRN127 microRNA, human	2010-02-23	DateIntroduced	1	
4158	C000614942	MIRN-1276 microRNA, human	2017-03-10	DateIntroduced	2	date
4159	C000589719	MIRN1293 microRNA, human	2014-07-20	DateIntroduced	2	date
4160	C547077	MIRN132 microRNA, human	2010-02-15	DateIntroduced	1	
4161	C548234	MIRN133 microRNA, human	2010-03-31	DateIntroduced	1	
4162	C544965	MIRN135 microRNA, human	2009-11-20	DateIntroduced	1	
4163	C546110	MIRN138 microRNA, human	2010-01-06	DateIntroduced	1	
4164	C555098	MIRN139 microRNA, human	2011-01-19	DateIntroduced	1	
4165	C544302	MIR140, human	2009-10-16	DateIntroduced	1	
4166	C555159	MIR142, human	2011-01-20	DateIntroduced	1	
4167	C542359	MIRN143 microRNA, human	2009-07-28	DateIntroduced	1	
4168	C554293	MIRN144 microRNA, human	2010-12-18	DateIntroduced	1	
4169	C551557	MIRN149 microRNA, human	2010-08-19	DateIntroduced	1	
4170	C533097	MIR150, human	2008-11-23	DateIntroduced	1	
4171	C540193	MIrn181 microRNA, human	2009-04-27	DateIntroduced	1	
4172	C552431	MIRN185 microRNA, human	2010-10-03	DateIntroduced	1	
4173	C533096	MIRN186 microRNA, human	2008-11-23	DateIntroduced	1	
4174	C546783	MIRN192 microRNA, human	2010-01-30	DateIntroduced	1	
4175	C554846	MIRN194 microRNA, human	2011-01-09	DateIntroduced	1	
4176	C552722	MIR195, human	2010-10-12	DateIntroduced	1	
4177	C549404	MIR204, human	2010-05-16	DateIntroduced	1	
4178	C543800	MIRN210 microRNA, human	2009-09-24	DateIntroduced	1	
4179	C543845	MIRN24 microRNA, human	2009-09-25	DateIntroduced	1	
4180	C532045	MIRN29a microRNA, human	2008-10-04	DateIntroduced	1	
4181	C000717747	MIRN29B1 microRNA, human	2021-06-11	DateIntroduced	2	date
4182	C568529	MIRN32 microRNA, human	2011-12-12	DateIntroduced	1	
4183	C000599310	MIRN324 microRNA, human	2015-07-09	DateIntroduced	2	date
4184	C548170	MIRN328 microRNA, human	2010-03-28	DateIntroduced	1	
4185	C556347	MIRN335 microRNA, human	2011-03-08	DateIntroduced	1	
4186	C543820	MIRN339 microRNA, human	2009-09-24	DateIntroduced	1	
4187	C570046	MIRN340 microRNA, human	2012-02-16	DateIntroduced	1	
4188	C546176	MIRN342 microRNA, human	2010-01-08	DateIntroduced	1	
4189	C575475	MIRN361 microRNA, human	2012-10-09	DateIntroduced	1	
4190	C568527	MIRN410 microRNA, human	2011-12-12	DateIntroduced	1	
4191	C548900	MIRN423 microRNA, human	2010-04-25	DateIntroduced	1	
4192	C000612722	microRNA-4262 microRNA, human	2016-12-08	DateIntroduced	2	date
4193	C560945	MIRN486 microRNA, human	2011-09-12	DateIntroduced	1	
4194	C545473	MIRN503 microRNA, human	2009-12-10	DateIntroduced	1	
4195	C558811	MIRN574 microRNA, human	2011-06-20	DateIntroduced	1	
4196	C000629167	MIRN607 microRNA, human	2018-12-04	DateIntroduced	2	date
4197	C000594137	MIRN620 microRNA, human	2015-01-02	DateIntroduced	2	date
4198	C543810	MIRN661 microRNA, human	2009-09-24	DateIntroduced	1	
4199	C549242	MIRN7-1 microRNA, human	2010-05-09	DateIntroduced	1	
4200	C000729965	MIRN9 microRNA, human	2024-01-01	DateIntroduced	2	date
4201	C029534	hydroxysuccinimidyl-4-azidobenzoate	1981-06-01	DateIntroduced	1	
4202	C533068	3 beta-hydroxysteroid dehydrogenase type II	2008-11-21	DateIntroduced	1	
4203	C564296	Neuropathy, Hereditary Sensory And Autonomic, Type I, With Cough And Gastroesophageal Reflux	2012-11-05	DateIntroduced	1	
4204	C055755	2'-(2-hydroxyphenyl)-2'-thiazoline-4'-carboxylic acid	1988-06-03	DateIntroduced	1	
4205	C062732	N-homocysteine thiolactonyl retinamido cobalamin	1990-03-04	DateIntroduced	1	
4206	C402416	HU 308	2000-01-04	DateIntroduced	1	
4207	C573862	HU-910	2012-07-26	DateIntroduced	1	
4208	C000718263	naxitamab	2021-07-21	DateIntroduced	2	date
4209	C000629291	magrolimab	2018-12-14	DateIntroduced	2	date
4210	C000621679	huaier	2017-08-03	DateIntroduced	2	date
4211	C000593291	huai qi huang	2014-12-02	DateIntroduced	2	date
4212	C061676	oren gedoku to	1989-12-13	DateIntroduced	1	
4213	C528424	huangbai	2008-04-28	DateIntroduced	1	
4214	C000722504	Huangkui	2022-06-07	DateIntroduced	2	date
4215	C494417	huanglian	2004-12-26	DateIntroduced	1	
4216	C000709690	huashi baidu	2020-08-12	DateIntroduced	2	date
4217	C000710169	huatan huoxue	2020-09-01	DateIntroduced	2	date
4218	C000623728	Rhinovirus C	2018-01-01	DateIntroduced	2	date
4219	C000686287	Humicola insolens	2021-01-01	DateIntroduced	2	date
4220	C083624	huwentoxin I	1993-11-08	DateIntroduced	1	
4221	C098946	hyaluronan-mediated motility receptor	1996-05-13	DateIntroduced	1	
4222	C514345	Hybrid Bond	2006-10-25	DateIntroduced	1	
4223	C000728867	Hydractinia	2023-07-06	DateIntroduced	2	date
4224	C000709750	hydrazinecarbothioamide	2020-08-13	DateIntroduced	2	date
4225	C488231	hydrindacene	2004-08-03	DateIntroduced	1	
4226	C005057	isocyanic acid	1969-01-01	DateIntroduced	1	
4227	C000642180	Hydrogenovibrio marinus	2020-01-01	DateIntroduced	2	date
4228	C117197	imidazolone	1999-02-18	DateIntroduced	1	
4229	C000621986	hydronidone	2017-08-20	DateIntroduced	2	date
4230	C006481	ethyl-3,7,11-trimethyl-2,4-dodecadienoate	1974-01-01	DateIntroduced	1	
4231	C540250	trisodium 3-hydroxy-4-((2Z)-2-(2-oxo-4-sulfonatonaphthalen-1-ylidene)hydrazinyl)naphthalene-2,7-disulfonate	2009-04-30	DateIntroduced	1	
4232	C580748	hydroxybupropion	2013-04-28	DateIntroduced	2	date
4233	C000626207	hydroxybutyl chitosan	2018-02-09	DateIntroduced	2	date
4234	C513202	hydroxybutyrylcarnitine	2006-09-06	DateIntroduced	1	
4235	C527042	hydroxycamptothecinum	2008-03-05	DateIntroduced	1	
4236	C051268	2-hydroxychavicol	1987-02-26	DateIntroduced	1	
4237	C117045	p-hydroxycinnamaldehyde	1999-02-10	DateIntroduced	1	
4238	C051414	hydroxygenkwanin	1987-03-14	DateIntroduced	1	
4239	C092244	hydroxyisohexyl 3-cyclohexene carboxaldehyde	1995-03-27	DateIntroduced	1	
4240	C084794	hydroxyitraconazole	1994-01-12	DateIntroduced	1	
4241	C021401	hydroxylamine dehydrogenase	1979-01-01	DateIntroduced	1	
4242	C032973	tartronic acid	1982-01-12	DateIntroduced	1	
4243	C100398	hydroxymycotrienin A	1996-08-19	DateIntroduced	1	
4244	C021541	mandelonitrile lyase	1978-01-01	DateIntroduced	1	
4245	C495366	hydroxyoctadecadienoic acid	2005-01-21	DateIntroduced	1	
4246	C576941	hydroxypropyltrimethyl ammonium chloride chitosan	2012-12-20	DateIntroduced	1	
4247	C085278	hydroxysafflor yellow A	1994-02-12	DateIntroduced	1	
4248	C417308	hydrozincite	2000-12-27	DateIntroduced	1	
4249	C080586	hymenoptaecin protein, Apis mellifera	1993-05-04	DateIntroduced	1	
4250	C010471	hyodeoxycholic acid	1975-01-01	DateIntroduced	1	
4251	C575137	hydroxyprolyl-glycine	2012-09-25	DateIntroduced	1	
4252	C058309	hypaconitine	1989-02-21	DateIntroduced	1	
4253	C001529	lenticin	1972-01-01	DateIntroduced	1	
4254	C021304	hyperoside	1980-01-01	DateIntroduced	1	
4255	C028426	hyperoncotic albumin	1981-03-13	DateIntroduced	1	
4256	C566870	Tumoral Calcinosis, Hyperphosphatemic, Familial	2012-11-05	DateIntroduced	1	
4257	C537236	Sarcosinemia	2010-08-25	DateIntroduced	1	
4258	C563161	Hypertensive Nephropathy	2012-11-05	DateIntroduced	1	
4259	C048388	hypocrellin A	1986-06-17	DateIntroduced	1	
4260	C064522	hypocrellin B	1990-07-16	DateIntroduced	1	
4261	C025117	hyponitrite	1980-07-01	DateIntroduced	1	
4262	C512682	hypophyllanthin	2006-08-23	DateIntroduced	1	
4263	C535682	Right ventricle hypoplasia	2010-08-25	DateIntroduced	1	
4264	C003949	hypotaurine	1973-01-01	DateIntroduced	1	
4265	C517667	hypothiocyanous acid	2007-03-05	DateIntroduced	1	
4266	C000684574	Hypsizygus marmoreus	2021-01-01	DateIntroduced	2	date
4267	C100028	hypusine	1982-10-21	DateIntroduced	1	
4268	C568713	GSK1210151A	2011-12-19	DateIntroduced	1	
4269	C554645	molibresib	2011-01-03	DateIntroduced	1	
4270	C061750	7-(3-(3-hydroxy-4-(4'-iodophenoxy)-1-butenyl)-7-oxabicyclo(2.2.1)heptan-2-yl)-5-heptenoic acid	1989-12-19	DateIntroduced	1	
4271	C006009	IA 3	1974-01-01	DateIntroduced	1	
4272	C000710313	IACS-010759	2020-09-08	DateIntroduced	2	date
4273	C537217	Hereditary spastic paralysis, infantile onset ascending	2010-08-25	DateIntroduced	1	
4274	C501944	chondroitin sulfate, sodium hyaluronate drug combination	2005-07-11	DateIntroduced	1	
4275	C000656267	ianalumab	2019-12-30	DateIntroduced	2	date
4276	C084956	N(6)-(3-iodobenzyl)-5'-N-methylcarboxamidoadenosine	1994-01-24	DateIntroduced	1	
4277	C481504	ibalizumab	2004-02-13	DateIntroduced	1	
4278	C064719	iberiotoxin	1990-07-31	DateIntroduced	1	
4279	C000723907	Ibezapolstat	2022-10-24	DateIntroduced	2	date
4280	C000620229	IBI302	2017-06-11	DateIntroduced	2	date
4281	C000608118	venglustat	2016-06-05	DateIntroduced	2	date
4282	C569626	ibipinabant	2012-02-01	DateIntroduced	1	
4283	C569338	ibrexafungerp	2012-01-17	DateIntroduced	1	
4284	C106674	ibuprofen arginine	1997-07-16	DateIntroduced	1	
4285	C526898	icariside I	2008-02-28	DateIntroduced	1	
4286	C499403	icaritin	2005-04-13	DateIntroduced	1	
4287	C063113	ice nucleation protein	1990-03-21	DateIntroduced	1	
4288	C000722274	icenticaftor	2022-05-17	DateIntroduced	2	date
4289	C492448	ICG 001	2004-10-16	DateIntroduced	1	
4290	C026777	ICI 118551	1980-10-28	DateIntroduced	1	
4291	C490483	icilin	2004-09-22	DateIntroduced	1	
4292	C531470	icotinib	2008-09-18	DateIntroduced	1	
4293	C000732017	icotrokinra	2026-05-14	DateIntroduced	2	date
4294	C050926	inositol 1,2-cyclic 4-bisphosphate	1987-02-17	DateIntroduced	1	
4295	C586849	RG7388	2014-03-06	DateIntroduced	2	date
4296	C000715380	idecabtagene vicleucel	2021-03-17	DateIntroduced	2	date
4297	C000613158	IDegLira	2016-12-29	DateIntroduced	2	date
4298	C000641791	Ideonella sakaiensis	2020-01-01	DateIntroduced	2	date
4299	C082913	iditol	1993-09-28	DateIntroduced	1	
4300	C010997	idose	1976-01-01	DateIntroduced	1	
4301	C549067	IDR 1002	2010-05-02	DateIntroduced	1	
4302	C555052	innate defense regulating peptide 1018	2011-01-16	DateIntroduced	1	
4303	C034331	N(2)-(gamma-D-glutamyl)-meso-2,2'-diaminopimelic acid	1982-05-20	DateIntroduced	1	
4304	C010739	ifenprodil	1975-01-01	DateIntroduced	1	
4305	C078904	ifetroban	1993-01-27	DateIntroduced	1	
4306	C102529	insulin-like growth factor binding protein-related protein 1	1997-01-03	DateIntroduced	1	
4307	C562704	Isolated Growth Hormone Deficiency, Type II	2012-11-05	DateIntroduced	1	
4308	C000641761	Ignatzschineria indica	2020-01-01	DateIntroduced	2	date
4309	C000641760	Ignatzschineria larvae	2020-01-01	DateIntroduced	2	date
4310	C519076	iguratimod	2007-04-25	DateIntroduced	1	
4311	C000722810	rVSV-deltaG-spike COVID-19 vaccine	2022-07-11	DateIntroduced	2	date
4312	C422042	interleukin 20	2001-03-20	DateIntroduced	1	
4313	C492510	interleukin-20 receptor	2004-10-19	DateIntroduced	1	
4314	C119615	ilaprazole	1999-06-25	DateIntroduced	1	
4315	C574790	ilaprazole sulfone	2012-09-09	DateIntroduced	1	
4316	C041115	isoleucylvaline	1984-05-22	DateIntroduced	1	
4317	C037547	ilepcimide	1983-04-28	DateIntroduced	1	
4318	C119203	ilomastat	1999-06-07	DateIntroduced	1	
4319	C000598434	tildrakizumab	2015-06-07	DateIntroduced	2	date
4320	C058320	7-iodo-8-hydroxy-3-methyl-1-(4-azidophenyl)-2,3,4,5-tetrahydro-1H-3-benzazepine	1989-02-22	DateIntroduced	1	
4321	C585662	zolbetuximab	2014-01-16	DateIntroduced	2	date
4322	C564543	Intrauterine Growth Retardation, Metaphyseal Dysplasia, Adrenal Hypoplasia Congenita, And Genital Anomalies	2012-11-05	DateIntroduced	1	
4323	C078626	perflexane	1993-01-08	DateIntroduced	1	
4324	C494197	imazamox	2004-12-20	DateIntroduced	1	
4325	C433346	1-(2-chloroimidazo(1,2-a)pyridin-3-ylsulfonyl)-3-(4,6-dimethoxypyrimidin-2-yl)urea	2001-08-22	DateIntroduced	1	
4326	C000626505	IMB5043	2018-03-13	DateIntroduced	2	date
4327	C575881	imeglimin	2012-10-29	DateIntroduced	1	
4328	C550087	imidaclothiz	2010-06-16	DateIntroduced	1	
4329	C000705694	imidazole ketone erastin	2020-04-27	DateIntroduced	2	date
4330	C018976	5-imidazolepropionic acid	1979-01-01	DateIntroduced	1	
4331	C514490	imidazolidine-2,4-dione	2006-11-01	DateIntroduced	1	
4332	C000619660	imidazopyridine	2017-06-01	DateIntroduced	2	date
4333	C031719	imidocarb dipropionate	1981-10-02	DateIntroduced	1	
4334	C000719756	Imlunestrant	2021-10-26	DateIntroduced	2	date
4335	C000608132	sacituzumab govitecan	2016-06-05	DateIntroduced	2	date
4336	C016512	IgY	1978-01-01	DateIntroduced	1	
4337	C031534	imperatorin	1981-09-08	DateIntroduced	1	
4338	C047331	peiminine	1986-01-09	DateIntroduced	1	
4339	C000971	2,3-dihydro-1H-imidazo(1,2-b)pyrazole	1972-01-01	DateIntroduced	1	
4340	C488833	Imrecoxib	2004-08-30	DateIntroduced	1	
4341	C082585	iberin	1993-09-10	DateIntroduced	1	
4342	C514285	IMT504	2006-10-23	DateIntroduced	1	
4343	C080035	thymohexin	1993-04-04	DateIntroduced	1	
4344	C530781	indium bromide	2008-08-19	DateIntroduced	1	
4345	C585830	ALN-PCS	2014-01-22	DateIntroduced	2	date
4346	C114843	incomplete Freund's adjuvant	1998-10-19	DateIntroduced	1	
4347	C093582	indan	1995-06-16	DateIntroduced	1	
4348	C013352	indacrinone	1977-01-01	DateIntroduced	1	
4349	C439829	N-(3-chloro-7-indolyl)-1,4-benzenedisulphonamide	2001-11-28	DateIntroduced	1	
4350	C089767	indium nitrate	1994-11-04	DateIntroduced	1	
4351	C020371	indobufen	1979-01-01	DateIntroduced	1	
4352	C067042	indolamine	1991-02-28	DateIntroduced	1	
4353	C001655	indole-3-acetaldehyde	1972-01-01	DateIntroduced	1	
4354	C467098	indole-3-acetaldoxime	2002-10-28	DateIntroduced	1	
4355	C016516	indole-3-acetonitrile	1978-01-01	DateIntroduced	1	
4356	C012381	indole-3-carbaldehyde	1976-01-01	DateIntroduced	1	
4357	C005949	tryptophol	1969-01-01	DateIntroduced	1	
4358	C024139	indole-3-lactic acid	1980-01-01	DateIntroduced	1	
4359	C008122	indol-3-yl pyruvic acid	1975-01-01	DateIntroduced	1	
4360	C001446	indoleacrylic acid	1972-01-01	DateIntroduced	1	
4361	C073143	indolicidin	1992-03-28	DateIntroduced	1	
4362	C456900	indolin-2-one	2002-06-19	DateIntroduced	1	
4363	C035094	indolizine	1982-08-10	DateIntroduced	1	
4364	C401104	indoxacarb	1999-12-09	DateIntroduced	1	
4365	C080813	emt protein-tyrosine kinase	1993-05-17	DateIntroduced	1	
4366	C000609745	inebilizumab	2016-08-11	DateIntroduced	2	date
4367	C000623738	Infectious spleen and kidney necrosis virus	2018-01-01	DateIntroduced	2	date
4368	C530110	ingenane	2008-07-17	DateIntroduced	1	
4369	C548028	Inherited Peripheral Neuropathy	2010-08-25	DateIntroduced	1	
4370	C572449	sapanisertib	2012-05-30	DateIntroduced	1	
4371	C000720267	INNA-051	2021-12-03	DateIntroduced	2	date
4372	C082196	Innovin	1993-08-16	DateIntroduced	1	
4373	C021822	myo-inositol-1 (or 4)-monophosphatase	1979-01-01	DateIntroduced	1	
4374	C434257	inositol polyphosphate multikinase	2001-09-07	DateIntroduced	1	
4375	C000629536	Inotersen	2019-01-16	DateIntroduced	2	date
4376	C513095	inotilone	2006-09-05	DateIntroduced	1	
4377	C575681	sotagliflozin	2012-10-17	DateIntroduced	1	
4378	C084797	Leydig insulin-like protein	1994-01-12	DateIntroduced	1	
4379	C402123	inositol heptakisphosphate	1999-12-23	DateIntroduced	1	
4380	C066542	insulin receptor-related receptor	1991-01-15	DateIntroduced	1	
4381	C464660	obeticholic acid	2002-08-31	DateIntroduced	1	
4382	C011877	inter-alpha-inhibitor	1976-01-01	DateIntroduced	1	
4383	C000597572	intermedine	2015-05-08	DateIntroduced	2	date
4384	C115919	intersectin 1	1998-12-14	DateIntroduced	1	
4385	C000641482	Intestinibacter bartlettii	2020-01-01	DateIntroduced	2	date
4386	C000641481	Intestinimonas butyriciproducens	2020-01-01	DateIntroduced	2	date
4387	C458886	inuviscolide	2002-07-03	DateIntroduced	1	
4388	C032253	involucrin	1981-12-02	DateIntroduced	1	
4389	C093233	iobitridol	1995-05-24	DateIntroduced	1	
4390	C037276	iodosobenzene	1983-03-21	DateIntroduced	1	
4391	C057937	iomeprol	1989-01-11	DateIntroduced	1	
4392	C093696	Ionoseal	1995-06-23	DateIntroduced	1	
4393	C038192	iopromide	1983-07-11	DateIntroduced	1	
4394	C001478	N(6)-(delta(2)-isopentenyl)adenine	1972-01-01	DateIntroduced	1	
4395	C079213	RTI 121	1993-02-11	DateIntroduced	1	
4396	C543394	IGF-I-IGFBP-3 complex	2009-09-09	DateIntroduced	1	
4397	C001469	ipomeamarone	1971-01-01	DateIntroduced	1	
4398	C572941	ipragliflozin	2012-06-24	DateIntroduced	1	
4399	C000730766	iptacopan	2024-06-24	DateIntroduced	2	date
4400	C101203	IQ motif containing GTPase activating protein 1	1996-10-08	DateIntroduced	1	
4401	C000709760	IR1061	2020-08-13	DateIntroduced	2	date
4402	C548458	2-(2-(2-chloro-3-((1,3-dihydro-3,3-dimethyl-1-propyl-2H-indol-2-ylidene)ethylidene)-1-cyclohexen-1-yl)ethenyl)-3,3-dimethyl-1-propylindolium	2010-04-06	DateIntroduced	1	
4403	C000730525	1-(5-carboxypentyl)-2-(2-(3-(2-(1-(5-carboxypentyl)-3,3-dimethylindolin-2-ylidene)ethylidene)-2-chlorocyclohex-1-en-1-yl)vinyl)-3,3-dimethyl-3H-indol-1-ium bromide	2024-03-27	DateIntroduced	2	date
4404	C498383	psymberin	2005-03-31	DateIntroduced	1	
4405	C427728	IRDye800	2001-06-08	DateIntroduced	1	
4406	C562366	IRDye 800CW	2011-11-13	DateIntroduced	1	
4407	C045762	Irganox 1010	1985-08-21	DateIntroduced	1	
4408	C569656	N-end cysteine peptide tumor-homing peptide	2012-02-01	DateIntroduced	1	
4409	C473636	iridal	2003-05-05	DateIntroduced	1	
4410	C509874	irigenin	2006-04-27	DateIntroduced	1	
4411	C423902	irisolidone	2001-04-18	DateIntroduced	1	
4412	C512711	zinc benzenedicarboxylate	2006-08-24	DateIntroduced	1	
4413	C000597194	zinc 2-amino-1,4-benzenedicarboxylic	2015-04-23	DateIntroduced	2	date
4414	C446505	iron chlorin e(6)	2002-02-12	DateIntroduced	1	
4415	C557707	iron isomaltoside 1000	2011-04-24	DateIntroduced	1	
4416	C493990	iron phthalocyanine	2004-12-14	DateIntroduced	1	
4417	C055066	iron protein succinylate	1988-04-05	DateIntroduced	1	
4418	C032547	iron tetraphenylporphyrin	1981-12-24	DateIntroduced	1	
4419	C000600177	iRoot BP Plus	2015-08-09	DateIntroduced	2	date
4420	C000621519	iRoot SP	2017-07-27	DateIntroduced	2	date
4421	C000694432	Irpex lacteus	2021-01-01	DateIntroduced	2	date
4422	C000613032	IRX4204	2016-12-20	DateIntroduced	2	date
4423	C000592937	ISA-2011B	2014-11-10	DateIntroduced	2	date
4424	C440668	isaindigotone	2001-12-10	DateIntroduced	1	
4425	C037902	isatoic anhydride	1983-05-11	DateIntroduced	1	
4426	C000599209	isatuximab	2015-07-06	DateIntroduced	2	date
4427	C508735	isavuconazole	2006-03-17	DateIntroduced	1	
4428	C000626035	iscalimab	2018-01-21	DateIntroduced	2	date
4429	C032787	isoalantolactone	1982-05-03	DateIntroduced	1	
4430	C000721093	isoallolithocholic acid	2022-01-26	DateIntroduced	2	date
4431	C043913	isoamyl 2-cyanoacrylate	1985-01-17	DateIntroduced	1	
4432	C468753	isobavachin	2002-12-04	DateIntroduced	1	
4433	C587045	isobornyl acrylate	2014-03-16	DateIntroduced	2	date
4434	C038989	isobutyl acetate	1983-11-21	DateIntroduced	1	
4435	C018086	isobutyl nitrite	1979-01-01	DateIntroduced	1	
4436	C000718227	thiamidol	2021-07-20	DateIntroduced	2	date
4437	C020381	isobutyryl-1-carnitine	1979-01-01	DateIntroduced	1	
4438	C549713	isocarbophos	2010-06-02	DateIntroduced	1	
4439	C469310	isochlorogenic acid	2002-12-13	DateIntroduced	1	
4440	C064012	isochorismatase	1990-06-07	DateIntroduced	1	
4441	C052985	isochorismic acid	1987-08-24	DateIntroduced	1	
4442	C030168	isocorydine	1981-07-06	DateIntroduced	1	
4443	C000631411	isocostic acid	2019-05-30	DateIntroduced	2	date
4444	C000708869	isofetamid	2020-07-20	DateIntroduced	2	date
4445	C048489	isoflavone synthase	1986-05-09	DateIntroduced	1	
4446	C008182	isofraxidin	1974-01-01	DateIntroduced	1	
4447	C452984	isoginkgetin	2002-04-29	DateIntroduced	1	
4448	C008183	isoguanine	1974-01-01	DateIntroduced	1	
4449	C015300	isoguvacine	1977-01-01	DateIntroduced	1	
4450	C055542	isoimperatorin	1988-05-18	DateIntroduced	1	
4451	C000622733	isoindoline-1,3-dione	2017-09-22	DateIntroduced	2	date
4452	C037432	phthalimidine	1983-04-07	DateIntroduced	1	
4453	C110621	Isoindol-1-one	1998-03-04	DateIntroduced	1	
4454	C000629758	isolevuglandin	2019-02-07	DateIntroduced	2	date
4455	C499779	isoliensinine	2005-04-20	DateIntroduced	1	
4456	C477965	linderalactone	2003-10-17	DateIntroduced	1	
4457	C098467	neoisoliquiritin	1996-04-05	DateIntroduced	1	
4458	C575995	isomenthone	2012-11-01	DateIntroduced	1	
4459	C027681	isonicotinamide	1981-01-08	DateIntroduced	1	
4460	C008195	isopelletierine	1969-01-01	DateIntroduced	1	
4461	C006414	penicillin N	1973-01-01	DateIntroduced	1	
4462	C056744	isopentenol	1988-09-07	DateIntroduced	1	
4463	C461523	isoperezone	2002-08-02	DateIntroduced	1	
4464	C015301	isophorone diisocyanate	1979-01-01	DateIntroduced	1	
4465	C015304	isopimpinellin	1977-01-01	DateIntroduced	1	
4466	C093854	isoprene synthase	1995-06-30	DateIntroduced	1	
4467	C056501	protein-S-isoprenylcysteine O-methyltransferase	1988-08-09	DateIntroduced	1	
4468	C065256	isoprocarb	1990-09-11	DateIntroduced	1	
4469	C062935	propoxate	1990-03-14	DateIntroduced	1	
4470	C000614741	isopropylphenylbutanal	2017-03-05	DateIntroduced	2	date
4471	C023889	isoprothiolane	1980-05-14	DateIntroduced	1	
4472	C558633	3-(difluoromethyl)-1-methyl-N-(1,2,3,4-tetrahydro-9-isopropyl-1,4-methanonaphthalen-5-yl)pyrazole-4-carboxamide	2011-06-08	DateIntroduced	1	
4473	C455260	kosinostatin	2002-05-28	DateIntroduced	1	
4474	C432307	isorhapontigenin	2001-08-10	DateIntroduced	1	
4475	C538973	isosakuranetin	2009-03-09	DateIntroduced	1	
4476	C515113	isoschaftoside	2006-11-29	DateIntroduced	1	
4477	C072421	isoserine	1992-02-24	DateIntroduced	1	
4478	C523198	isosilybin A	2007-10-01	DateIntroduced	1	
4479	C515747	isosteviol	2006-12-26	DateIntroduced	1	
4480	C025484	iso-sulfan blue	1980-08-07	DateIntroduced	1	
4481	C000710769	isotonitazene	2020-09-30	DateIntroduced	2	date
4482	C000621704	isourolithin A	2017-08-06	DateIntroduced	2	date
4483	C027333	3-methylbutyrylcarnitine	1980-12-17	DateIntroduced	1	
4484	C045317	isovanillic acid	1985-06-17	DateIntroduced	1	
4485	C093382	isovanillin	1995-06-02	DateIntroduced	1	
4486	C000628639	isoviolanthin	2018-10-22	DateIntroduced	2	date
4487	C049772	isovitexin	1986-09-05	DateIntroduced	1	
4488	C415327	isoxaflutole	2000-11-07	DateIntroduced	1	
4489	C017039	azastene	1978-01-01	DateIntroduced	1	
4490	C111599	istradefylline	1998-04-28	DateIntroduced	1	
4491	C000720033	itepekimab	2021-11-16	DateIntroduced	2	date
4492	C082908	integrin alpha7beta1	1993-09-27	DateIntroduced	1	
4493	C000625407	ITI-214	2017-12-10	DateIntroduced	2	date
4494	C102254	itopride	1996-12-19	DateIntroduced	1	
4495	C581932	IUB288	2013-06-26	DateIntroduced	2	date
4496	C000619516	lanifibranor	2017-05-28	DateIntroduced	2	date
4497	C000615713	ivarmacitinib	2017-03-17	DateIntroduced	2	date
4498	C532883	jasmonoyl-isoleucine	2008-11-12	DateIntroduced	1	
4499	C043696	jacalin	1985-01-14	DateIntroduced	1	
4500	C000624232	jacareubin	2017-10-24	DateIntroduced	2	date
4501	C548020	jaceidin	2010-03-23	DateIntroduced	1	
4502	C477508	jaceosidin	2003-09-27	DateIntroduced	1	
4503	C117438	japonilure	1999-03-02	DateIntroduced	1	
4504	C057531	jasplakinolide	1988-12-01	DateIntroduced	1	
4505	C006386	jatrophone	1974-01-01	DateIntroduced	1	
4506	C055785	jatrorrhizine	1988-06-08	DateIntroduced	1	
4507	C000605298	JBIR-141	2016-02-26	DateIntroduced	2	date
4508	C577200	JD5037	2013-01-08	DateIntroduced	1	
4509	C103734	jelonet	1997-02-11	DateIntroduced	1	
4510	C000596495	pimitespib	2015-04-02	DateIntroduced	2	date
4511	C038003	juvenile hormone esterase	1983-06-01	DateIntroduced	1	
4512	C000705828	JHU083	2020-05-04	DateIntroduced	2	date
4513	C000596357	jianpi jiedu	2015-03-29	DateIntroduced	2	date
4514	C585278	JIB-04	2013-12-26	DateIntroduced	2	date
4515	C000604362	jieduquyuziyin	2016-01-26	DateIntroduced	2	date
4516	C000731133	Jiegeng	2025-01-16	DateIntroduced	2	date
4517	C030790	validamycin A	1981-08-11	DateIntroduced	1	
4518	C527191	jinhong	2008-03-10	DateIntroduced	1	
4519	C000601818	jinlida	2015-10-04	DateIntroduced	2	date
4520	C588038	lonicerae flos	2014-04-25	DateIntroduced	2	date
4521	C539273	RWJ 800088	2009-03-22	DateIntroduced	1	
4522	C547250	JNJ-31020028	2010-02-22	DateIntroduced	1	
4523	C000594993	1-butyl-3-chloro-4-(4-phenyl-1-piperidinyl)-(1H)-pyridone	2015-02-04	DateIntroduced	2	date
4524	C577930	3-cyclopropylmethyl-7-(4-phenylpiperidin-1-yl)-8-trifluoromethyl(1,2,4)triazolo(4,3-a)pyridine	2013-02-02	DateIntroduced	2	date
4525	C000655226	seltorexant	2019-12-09	DateIntroduced	2	date
4526	C000630474	JNJ-55308942	2019-03-27	DateIntroduced	2	date
4527	C000631033	JNJ-64619178	2019-05-13	DateIntroduced	2	date
4528	C495417	(3,4-dihydro-2H-pyrano(2,3)b-quinolin-7-yl)-(cis-4-methoxycyclohexyl) methanone	2005-01-21	DateIntroduced	1	
4529	C000717533	JNK-IN-8	2021-05-25	DateIntroduced	2	date
4530	C057914	jolkinolide B	1989-01-10	DateIntroduced	1	
4531	C000731184	suzetrigine	2025-02-03	DateIntroduced	2	date
4532	C544775	JP4-039	2009-11-12	DateIntroduced	1	
4533	C548172	2-amino-3-(4-((5-amino-2-phenylbenzo(d)oxazol-7-yl)methoxy)-3,5-dichlorophenyl)propanoic acid	2010-03-28	DateIntroduced	1	
4534	C072665	2-propyl-5-(3,4,5-trimethoxyphenyl)tetrahydrofuran	1992-03-05	DateIntroduced	1	
4535	C471998	JTE 013	2003-03-12	DateIntroduced	1	
4536	C400159	jujubogenin	1999-11-18	DateIntroduced	1	
4537	C087808	jujuboside A	1994-07-15	DateIntroduced	1	
4538	C412507	junctophilin	2000-08-28	DateIntroduced	1	
4539	C049719	justicidins	1980-01-01	DateIntroduced	1	
4540	C036585	juvenile hormone III	1983-01-07	DateIntroduced	1	
4541	C537702	Juvenile polyposis syndrome	2010-08-25	DateIntroduced	1	
4542	C527044	Juvéderm	2008-03-05	DateIntroduced	1	
4543	C063587	juzentaihoto	1990-05-10	DateIntroduced	1	
4544	C552597	1-pentyl-3-(1-naphthoyl)indole	2010-10-06	DateIntroduced	1	
4545	C432747	1,1-dimethylbutyl-1-deoxy-Delta(9)-THC	2001-08-15	DateIntroduced	1	
4546	C000720167	dimorpholinethiuram disulfide	2021-11-26	DateIntroduced	2	date
4547	C030659	K antigens	1981-07-31	DateIntroduced	1	
4548	C584679	K-115	2013-12-01	DateIntroduced	2	date
4549	C049985	staurosporine aglycone	1986-11-05	DateIntroduced	1	
4550	C044384	potassium ferrate	1985-04-09	DateIntroduced	1	
4551	C009007	potassium persulfate	1974-01-01	DateIntroduced	1	
4552	C537705	Kabuki syndrome	2010-08-25	DateIntroduced	1	
4553	C449720	kaempferide	2002-03-18	DateIntroduced	1	
4554	C042728	lespenefril	1984-10-17	DateIntroduced	1	
4555	C066407	kaempferol-3-O-galactoside	1990-12-19	DateIntroduced	1	
4556	C511963	kaempferol-3-O-glucoside	2006-07-24	DateIntroduced	1	
4557	C492687	kaempferol-3-O-rutinoside	2004-10-27	DateIntroduced	2	closure
4558	C000605449	Kai-Xin-San	2016-03-02	DateIntroduced	2	date
4559	C051324	kallistatin	1987-03-12	DateIntroduced	1	
4560	C000622956	kangfuxin	2017-09-28	DateIntroduced	2	date
4561	C499781	kang-lai-te	2005-04-20	DateIntroduced	1	
4562	C537007	Kaposiform Hemangioendothelioma	2010-08-25	DateIntroduced	1	
4563	C052068	karanjin	1987-06-02	DateIntroduced	1	
4564	C488803	3-methyl-2H-furo(2,3-c)pyran-2-one	2004-08-27	DateIntroduced	1	
4565	C572342	kartogenin	2012-05-23	DateIntroduced	1	
4566	C100305	kasugamycin	1987-08-07	DateIntroduced	1	
4567	C537013	Kaufman oculocerebrofacial syndrome	2010-08-25	DateIntroduced	1	
4568	C000729318	Kaur-16-ene	2023-09-13	DateIntroduced	2	date
4569	C002627	kaurene	1974-01-01	DateIntroduced	1	
4570	C051436	kaurenoic acid	1987-03-20	DateIntroduced	1	
4571	C000674979	Kazachstania pintolopesii	2021-01-01	DateIntroduced	2	date
4572	C101670	2-(2-(4-(4-nitrobenzyloxy)phenyl)ethyl)isothiourea methanesulfonate	1996-11-05	DateIntroduced	1	
4573	C000710968	lenzilumab	2020-10-20	DateIntroduced	2	date
4574	C537015	KBG syndrome	2010-08-25	DateIntroduced	1	
4575	C000629408	KBU2046	2018-12-21	DateIntroduced	2	date
4576	C000619755	KD025	2017-06-02	DateIntroduced	2	date
4577	C064459	KDEL receptor	1990-07-10	DateIntroduced	1	
4578	C506188	Kdo2-lipid A	2005-12-14	DateIntroduced	1	
4579	C050180	kefir grain polysaccharide	1986-11-17	DateIntroduced	1	
4580	C035855	keratinase	1982-10-28	DateIntroduced	1	
4581	C512998	tavaborole	2006-08-30	DateIntroduced	1	
4582	C000731850	ketofol	2026-01-13	DateIntroduced	2	date
4583	C005135	kethoxal	1970-01-01	DateIntroduced	1	
4584	C021475	ketohexokinase	1974-01-01	DateIntroduced	1	
4585	C017492	methacryloxypropyltrimethoxysilane	1978-01-01	DateIntroduced	1	
4586	C553183	KHS101	2010-11-02	DateIntroduced	1	
4587	C065629	kifunensine	1990-10-09	DateIntroduced	1	
4588	C000719808	tebentafusp	2021-10-28	DateIntroduced	2	date
4589	C097199	KSR-1 protein kinase	1996-01-22	DateIntroduced	1	
4590	C422363	3-glucopyranosyloxybutanolide	2001-03-22	DateIntroduced	1	
4591	C106628	KISS1 protein, human	1997-07-14	DateIntroduced	1	
4592	C063652	1-benzyl-5-(2,6-dimethyl-1,5-heptadienyl)imidazole	1990-05-15	DateIntroduced	1	
4593	C000626611	KKL-35	2018-03-23	DateIntroduced	2	date
4594	C046874	KL 3	1985-12-04	DateIntroduced	1	
4595	C574808	KL001	2012-09-10	DateIntroduced	1	
4596	C535058	KLA peptide	2009-02-12	DateIntroduced	1	
4597	C000646276	Klebsiella grimontii	2020-01-01	DateIntroduced	2	date
4598	C000646274	Klebsiella michiganensis	2020-01-01	DateIntroduced	2	date
4599	C000646271	Klebsiella pneumoniae subsp. pneumoniae	2020-01-01	DateIntroduced	2	date
4600	C000646270	Klebsiella quasipneumoniae	2020-01-01	DateIntroduced	2	date
4601	C000646268	Klebsiella quasipneumoniae subsp. similipneumoniae	2020-01-01	DateIntroduced	2	date
4602	C000646264	Klebsiella variicola	2020-01-01	DateIntroduced	2	date
4603	C000646253	Kluyvera cryocrescens	2020-01-01	DateIntroduced	2	date
4604	C000646251	Kluyvera georgiana	2020-01-01	DateIntroduced	2	date
4605	C529399	amyloid beta-protein (16-20)	2008-06-09	DateIntroduced	1	
4606	C000715067	Kunming mice	2022-01-01	DateIntroduced	2	date
4607	C000634265	KM-819	2019-09-16	DateIntroduced	2	date
4608	C439304	KMUP 1	2001-11-16	DateIntroduced	1	
4609	C072105	KN 93	1992-02-05	DateIntroduced	1	
4610	C537207	Kniest dysplasia	2010-08-25	DateIntroduced	1	
4611	C000731960	ziftomenib	2026-03-17	DateIntroduced	2	date
4612	C024835	potassium cyanate	1980-06-23	DateIntroduced	1	
4613	C000646224	Kocuria rhizophila	2020-01-01	DateIntroduced	2	date
4614	C000646223	Kocuria rosea	2020-01-01	DateIntroduced	2	date
4615	C000686278	Kodamaea ohmeri	2021-01-01	DateIntroduced	2	date
4616	C008237	kojibiose	1974-01-01	DateIntroduced	1	
4617	C000646210	Komagataeibacter europaeus	2020-01-01	DateIntroduced	2	date
4618	C000646208	Komagataeibacter intermedius	2020-01-01	DateIntroduced	2	date
4619	C000646201	Komagataeibacter rhaeticus	2020-01-01	DateIntroduced	2	date
4620	C000694571	Komagataella phaffii	2021-01-01	DateIntroduced	2	date
4621	C000715207	Amorphophallus konjac root extract	2022-01-01	DateIntroduced	2	date
4622	C000645864	Kosakonia oryzendophytica	2020-01-01	DateIntroduced	2	date
4623	C000638116	Yokenella regensburgei	2020-01-01	DateIntroduced	2	date
4624	C515085	koumine	2006-11-28	DateIntroduced	1	
4625	C499292	indazolium trans-(tetrachlorobis(1H-indazole)ruthenate (III))	2005-04-12	DateIntroduced	1	
4626	C000593855	verdinexor	2014-12-21	DateIntroduced	2	date
4627	C000622300	KPT-9274	2017-09-03	DateIntroduced	2	date
4628	C000617862	KR-36996	2017-04-27	DateIntroduced	2	date
4629	C000723088	KRASG12D inhibitor MRTX1133	2022-08-10	DateIntroduced	2	date
4630	C000732079	marnetegragene autotemcel	2026-07-01	DateIntroduced	2	date
4631	C000620331	KRM-II-81	2017-06-13	DateIntroduced	2	date
4632	C501899	KRP-203	2005-07-11	DateIntroduced	1	
4633	C560536	SuHeXiang Wan	2011-08-25	DateIntroduced	1	
4634	C000629986	KT203	2019-02-22	DateIntroduced	2	date
4635	C057416	KT 5720	1988-11-18	DateIntroduced	1	
4636	C516825	potassium tantalate oxide	2007-02-05	DateIntroduced	1	
4637	C064806	potassium titanylphosphate	1990-08-06	DateIntroduced	1	
4638	C495818	2-morpholin-4-yl-6-thianthren-1-yl-pyran-4-one	2005-02-02	DateIntroduced	1	
4639	C546193	2-(2,6-dimethylmorpholin-4-yl)-N-(5-(6-morpholin-4-yl-4-oxo-4H-pyran-2-yl)-9H-thioxanthen-2-yl)acetamide	2010-01-09	DateIntroduced	1	
4640	C537177	Kufor-Rakeb syndrome	2010-08-25	DateIntroduced	1	
4641	C000620717	kuntai capsule	2017-06-20	DateIntroduced	2	date
4642	C000645811	Kurthia gibsonii	2020-01-01	DateIntroduced	2	date
4643	C494416	kushen	2004-12-26	DateIntroduced	1	
4644	C556512	kusunokinin	2011-03-13	DateIntroduced	1	
4645	C000729910	kuwanon A	2023-12-14	DateIntroduced	2	date
4646	C000713668	tirbanibulin	2021-02-22	DateIntroduced	2	date
4647	C524142	mipomersen	2007-11-07	DateIntroduced	1	
4648	C086206	L 368899	1994-04-08	DateIntroduced	1	
4649	C049389	dextran - saline drug combination	1986-07-28	DateIntroduced	1	
4650	C099630	3-((4-(4-chlorophenyl)piperazin-1-yl)methyl)-1H-pyrrolo(2,3-b)pyridine	1996-07-16	DateIntroduced	1	
4651	C019715	L-arabinose isomerase	1974-01-01	DateIntroduced	1	
4652	C014634	lactaldehyde	1977-01-01	DateIntroduced	1	
4653	C035766	leucinal	1982-10-19	DateIntroduced	1	
4654	C038361	leucylleucine	1983-08-05	DateIntroduced	1	
4655	C002939	ornithylaspartate	1973-01-01	DateIntroduced	1	
4656	C023159	L-threonine 3-dehydrogenase	1970-01-01	DateIntroduced	1	
4657	C477353	1-(3'-methoxy-4'-hydroxy-phenyl)-6,7-dihydroxyisochroman	2003-09-22	DateIntroduced	1	
4658	C519316	La2CuO4	2007-05-03	DateIntroduced	1	
4659	C440220	Labrasol	2001-12-05	DateIntroduced	1	
4660	C009765	lac dye	1975-01-01	DateIntroduced	1	
4661	C000723769	N-lactoyl-phenylalanine	2022-10-17	DateIntroduced	2	date
4662	C093701	N-acetylgalactosaminyl-1-4-N-acetylglucosamine	1995-06-23	DateIntroduced	1	
4663	C000676914	Lachancea fermentati	2021-01-01	DateIntroduced	2	date
4664	C000694649	Lachancea thermotolerans	2021-01-01	DateIntroduced	2	date
4665	C005089	lachesine	1969-01-01	DateIntroduced	1	
4666	C067713	lactacystin	1991-04-09	DateIntroduced	1	
4667	C409667	lactate dehydrogenase 1	2000-08-25	DateIntroduced	1	
4668	C409673	lactate dehydrogenase C4	2000-08-25	DateIntroduced	1	
4669	C000644732	Lacticaseibacillus paracasei subsp. paracasei	2020-01-01	DateIntroduced	2	date
4670	C494902	lactiflorin	2005-01-09	DateIntroduced	1	
4671	C495512	lactisole	2005-01-25	DateIntroduced	1	
4672	C041762	lacto-N-fucopentaose II	1984-07-27	DateIntroduced	1	
4673	C434666	lacto-N-fucopentaose III	2001-09-14	DateIntroduced	1	
4674	C098555	lacto-N-triose II	1996-04-12	DateIntroduced	1	
4675	C000645426	Lactobacillus acetotolerans	2020-01-01	DateIntroduced	2	date
4676	C000645423	Lactobacillus agilis	2020-01-01	DateIntroduced	2	date
4677	C000645417	Lactobacillus amylolyticus	2020-01-01	DateIntroduced	2	date
4678	C000645082	Lactobacillus farciminis	2020-01-01	DateIntroduced	2	date
4679	C000645042	Lactobacillus intestinalis	2020-01-01	DateIntroduced	2	date
4680	C000645033	Lactobacillus kefiri	2020-01-01	DateIntroduced	2	date
4681	C000644755	Lactobacillus mucosae	2020-01-01	DateIntroduced	2	date
4682	C000644753	Lactobacillus murinus	2020-01-01	DateIntroduced	2	date
4683	C000644728	Lactobacillus paragasseri	2020-01-01	DateIntroduced	2	date
4684	C000644379	Lactococcus garvieae	2020-01-01	DateIntroduced	2	date
4685	C000644370	Lactococcus petauri	2020-01-01	DateIntroduced	2	date
4686	C000644367	Lactococcus raffinolactis	2020-01-01	DateIntroduced	2	date
4687	C062934	lactophenol cotton blue	1990-03-14	DateIntroduced	1	
4688	C032233	lactosamine	1981-11-30	DateIntroduced	1	
4689	C009744	CDw17 antigen	1975-01-01	DateIntroduced	1	
4690	C001458	intybin	1972-01-01	DateIntroduced	1	
4691	C047009	lactoyl-coenzyme A	1985-11-26	DateIntroduced	1	
4692	C535755	Congenital disorder of glycosylation, type 2C	2010-08-25	DateIntroduced	1	
4693	C511776	2'-((4'-trifluoromethanesulfonyloxy)phenyl)-N-methanesulfonylpropionamide	2006-07-17	DateIntroduced	1	
4694	C518665	lanthanum iron oxide	2007-04-08	DateIntroduced	1	
4695	C016532	maltoporins	1978-01-01	DateIntroduced	1	
4696	C440308	lamin C	2002-08-05	DateIntroduced	1	
4697	C014637	laminaribiose	1977-01-01	DateIntroduced	1	
4698	C000596550	lanadelumab	2015-04-05	DateIntroduced	2	date
4699	C533150	lancemaside A	2008-11-25	DateIntroduced	1	
4700	C077049	landiolol	1992-10-29	DateIntroduced	1	
4701	C537267	Langer mesomelic dysplasia	2010-08-25	DateIntroduced	1	
4702	C000723490	Langya virus	2022-09-12	DateIntroduced	2	date
4703	C000730588	lanmodulin	2024-04-05	DateIntroduced	2	date
4704	C021924	lanosterol synthase	1976-01-01	DateIntroduced	1	
4705	C028521	lanthanum chloride	1981-03-19	DateIntroduced	1	
4706	C033562	lanthanum hydroxide	1982-03-08	DateIntroduced	1	
4707	C001520	lanthionine	1974-01-01	DateIntroduced	1	
4708	C022150	lappaconitine	1980-01-01	DateIntroduced	1	
4709	C527895	largazole	2008-04-07	DateIntroduced	1	
4710	C580241	Larsen Syndrome	2013-10-24	DateIntroduced	2	date
4711	C000626327	lascufloxacin	2018-02-23	DateIntroduced	2	date
4712	C000695035	Lasiodiplodia brasiliensis	2021-01-01	DateIntroduced	2	date
4713	C554777	lasmiditan	2011-01-06	DateIntroduced	1	
4714	C111332	Lasofoxifene	1998-04-13	DateIntroduced	1	
4715	C037067	latrunculin A	1983-02-16	DateIntroduced	1	
4716	C568859	BOL 303259-X	2011-12-25	DateIntroduced	1	
4717	C000723354	limbic-predominant age-related TDP-43 encephalopathy	2022-08-30	DateIntroduced	2	date
4718	C109540	latency-associated nuclear antigen	1998-01-08	DateIntroduced	1	
4719	C001521	lathosterol	1971-01-01	DateIntroduced	1	
4720	C532810	laurinterol	2008-11-09	DateIntroduced	1	
4721	C109133	laurolitsine	1997-12-05	DateIntroduced	1	
4722	C008256	laurotetanine	1969-01-01	DateIntroduced	1	
4723	C115846	dodecyl methacrylate	1998-12-10	DateIntroduced	1	
4724	C000644332	Lautropia mirabilis	2020-01-01	DateIntroduced	2	date
4725	C029887	2,4-bis(4-methoxyphenyl)-1,3,2,4-dithiadiphosphetane-2,4-disulfide	1981-06-16	DateIntroduced	1	
4726	C000644331	Lawsonella clevelandensis	2020-01-01	DateIntroduced	2	date
4727	C410957	laxogenin	2000-07-21	DateIntroduced	1	
4728	C000707992	lazertinib	2020-06-30	DateIntroduced	2	date
4729	C000708580	LB100	2020-07-09	DateIntroduced	2	date
4730	C514652	LB42708	2006-11-08	DateIntroduced	1	
4731	C046671	leucyl-3-carboxy-4-hydroxyanilide	1985-11-13	DateIntroduced	1	
4732	C566945	Trifunctional Protein Deficiency With Myopathy And Neuropathy	2012-11-05	DateIntroduced	1	
4733	C553306	Osilodrostat	2010-11-09	DateIntroduced	1	
4734	C574246	LCL161	2012-08-13	DateIntroduced	1	
4735	C000626357	LCS1269	2018-02-26	DateIntroduced	2	date
4736	C561435	sonidegib	2011-09-30	DateIntroduced	1	
4737	C095024	leiomyoma-derived growth factor	1995-09-08	DateIntroduced	1	
4738	C554430	LDN 193189	2010-12-26	DateIntroduced	1	
4739	C525086	LDN 57444	2007-12-19	DateIntroduced	1	
4740	C036682	lead phosphate	1983-03-29	DateIntroduced	1	
4741	C481719	lead titanate	2004-02-20	DateIntroduced	1	
4742	C000615125	Lead-212	2018-01-01	DateIntroduced	2	date
4743	C000677425	Lecanicillium aphanocladii	2021-01-01	DateIntroduced	2	date
4744	C008263	lecanoric acid	1975-01-01	DateIntroduced	1	
4745	C533053	lecirelin	2008-11-21	DateIntroduced	1	
4746	C000644316	Leclercia adecarboxylata	2020-01-01	DateIntroduced	2	date
4747	C000730816	ledene	2024-08-06	DateIntroduced	2	date
4748	C001527	Ledermix	1972-01-01	DateIntroduced	1	
4749	C000591018	lefamulin	2014-08-24	DateIntroduced	2	date
4750	C537001	Left-sided gallbladder	2010-08-25	DateIntroduced	1	
4751	C110570	5,7-diacetamido-8-O-acetyl-3,5,7,9-tetradeoxy-glycero-talo-nonulosonic acid	1998-02-27	DateIntroduced	1	
4752	C000695242	Leiotrametes lactinea	2021-01-01	DateIntroduced	2	date
4753	C000625376	leniolisib	2017-12-08	DateIntroduced	2	date
4754	C000674751	Lentinus polychrous	2021-01-01	DateIntroduced	2	date
4755	C000680490	Pleurotus tuber-regium	2021-01-01	DateIntroduced	2	date
4756	C000677739	Lenzites betulinus	2021-01-01	DateIntroduced	2	date
4757	C013587	leonurine	1977-01-01	DateIntroduced	1	
4758	C000643263	Leptospira borgpetersenii	2020-01-01	DateIntroduced	2	date
4759	C000643218	Leptospira santarosai	2020-01-01	DateIntroduced	2	date
4760	C060343	lercanidipine	1989-08-18	DateIntroduced	1	
4761	C000731963	lerodalcibep	2026-03-17	DateIntroduced	2	date
4762	C000727516	Lessonia brown algae	2023-03-22	DateIntroduced	2	date
4763	C000588473	letermovir	2014-05-21	DateIntroduced	2	date
4764	C036671	leucyl-leucyl-leucine	1983-03-17	DateIntroduced	1	
4765	C000600949	leucyl-lysine	2015-09-03	DateIntroduced	2	date
4766	C043937	leucylproline	1985-01-25	DateIntroduced	1	
4767	C080057	leucyltyrosine	1993-04-05	DateIntroduced	1	
4768	C000719615	Leucas aspera	2021-10-13	DateIntroduced	2	date
4769	C000602884	leucettamine B	2015-11-22	DateIntroduced	2	date
4770	C030365	leucine methyl ester	1981-07-16	DateIntroduced	1	
4771	C067432	leucine-rich amelogenin peptide	1991-03-22	DateIntroduced	1	
4772	C008268	leucinostatin A	1974-01-01	DateIntroduced	1	
4773	C001176	Leyk	1971-01-01	DateIntroduced	1	
4774	C000642876	Leuconostoc citreum	2020-01-01	DateIntroduced	2	date
4775	C000642866	Leuconostoc lactis	2020-01-01	DateIntroduced	2	date
4776	C000642858	Leuconostoc pseudomesenteroides	2020-01-01	DateIntroduced	2	date
4777	C581355	leucoside	2013-05-31	DateIntroduced	2	date
4778	C043134	leukotriene A4 hydrolase	1984-11-28	DateIntroduced	1	
4779	C000731246	levacetylleucine	2025-03-06	DateIntroduced	2	date
4780	C542574	levamlodipine	2009-08-04	DateIntroduced	1	
4781	C021513	levansucrase	1974-01-01	DateIntroduced	1	
4782	C000620911	levistilide A	2017-06-28	DateIntroduced	2	date
4783	C523615	levistolide A	2007-10-18	DateIntroduced	1	
4784	C014215	tetrahydropalmatine	1976-01-01	DateIntroduced	1	
4785	C035916	dipropizine	1982-11-15	DateIntroduced	1	
4786	C014989	1,6-anhydro-beta-glucopyranose	1977-01-01	DateIntroduced	1	
4787	C000634527	levornidazole	2019-09-30	DateIntroduced	2	date
4788	C078143	levosulpiride	1992-12-16	DateIntroduced	1	
4789	C000719041	anti-leucine-rich glioma-inactivated 1 autoantibody	2021-09-03	DateIntroduced	2	date
4790	C009955	LH 1	1975-01-01	DateIntroduced	1	
4791	C443901	like heterochromatin protein 1	2002-01-15	DateIntroduced	1	
4792	C106635	Liberase	1997-07-15	DateIntroduced	1	
4793	C535892	Lichen planus follicularis	2010-08-25	DateIntroduced	1	
4794	C015968	lichenin	1978-01-01	DateIntroduced	1	
4795	C028020	licheninase	1981-02-05	DateIntroduced	1	
4796	C000695619	Lichtheimia ramosa	2021-01-01	DateIntroduced	2	date
4797	C054684	lithium perchlorate	1988-03-03	DateIntroduced	1	
4798	C541528	licochalcone B	2009-06-24	DateIntroduced	1	
4799	C000600260	licochalcone C	2015-08-12	DateIntroduced	2	date
4800	C541529	licochalcone D	2009-06-24	DateIntroduced	1	
4801	C520147	licochalcone E	2007-06-07	DateIntroduced	1	
4802	C446243	licoisoflavone A	2002-02-08	DateIntroduced	1	
4803	C446244	licoisoflavone B	2002-02-08	DateIntroduced	1	
4804	C080095	liensinine	1993-04-06	DateIntroduced	1	
4805	C000598891	ligelizumab	2015-06-25	DateIntroduced	2	date
4806	C042858	lignin peroxidase	1984-12-03	DateIntroduced	1	
4807	C010210	lignoceric acid	1969-01-01	DateIntroduced	1	
4808	C027820	ligustilide	1981-02-03	DateIntroduced	1	
4809	C405585	ligustroflavone	2000-03-24	DateIntroduced	1	
4810	C038018	lilial	1983-06-02	DateIntroduced	1	
4811	C059238	limaprost	1989-05-23	DateIntroduced	1	
4812	C000642812	Limnospira fusiformis	2020-01-01	DateIntroduced	2	date
4813	C028940	limonene-1,2-epoxide	1981-04-20	DateIntroduced	1	
4814	C040265	pinene cyclase I	1984-02-29	DateIntroduced	1	
4815	C000593345	linalool oxide	2014-12-05	DateIntroduced	2	date
4816	C008282	linarin	1975-01-01	DateIntroduced	1	
4817	C000723789	SRK-181	2022-10-18	DateIntroduced	2	date
4818	C030641	alkylbenzyl sulfonic acid	1981-07-29	DateIntroduced	1	
4819	C000732018	linerixibat	2026-05-14	DateIntroduced	2	date
4820	C457640	ling-gui-zhu-gan decoction	2002-06-25	DateIntroduced	1	
4821	C005575	methyl linoleate	1975-01-01	DateIntroduced	1	
4822	C047376	methyl linolenate	1986-02-07	DateIntroduced	1	
4823	C109347	linoleoyl ethanolamide	1997-12-22	DateIntroduced	1	
4824	C037735	linoleoylcarnitine	1983-05-11	DateIntroduced	1	
4825	C061017	linopirdine	1989-10-16	DateIntroduced	1	
4826	C551528	3-(8-amino-1-(2-phenylquinolin-7-yl)imidazo(1,5-a)pyrazin-3-yl)-1-methylcyclobutanol	2010-08-18	DateIntroduced	1	
4827	C000731817	linvoseltamab	2026-01-15	DateIntroduced	2	date
4828	C000716911	linzagolix	2021-05-04	DateIntroduced	2	date
4829	C040142	lipid A precursors, bacterial	1984-01-30	DateIntroduced	1	
4830	C013091	lipoamide	1976-01-01	DateIntroduced	1	
4831	C050016	lipoarabinomannan	1986-10-15	DateIntroduced	1	
4832	C000604698	5'-bromo-5-phenyl-spiro(3H-1,3,4-thiadiazole-2,3'-indoline)-2'-one	2016-02-05	DateIntroduced	2	date
4833	C116435	lipoic acid synthase	1999-01-13	DateIntroduced	1	
4834	C537027	Lipoid congenital adrenal hyperplasia	2010-08-25	DateIntroduced	1	
4835	C064351	lipomannan	1990-06-29	DateIntroduced	1	
4836	C032830	lipophorin	1981-12-30	DateIntroduced	1	
4837	C432945	lipophorin receptor	2001-08-17	DateIntroduced	1	
4838	C567089	Lipoprotein Glomerulopathy	2012-11-05	DateIntroduced	1	
4839	C042651	lipoxin B4	1984-10-23	DateIntroduced	1	
4840	C093666	Lipozyme	1995-06-22	DateIntroduced	1	
4841	C083152	liquiritigenin	1993-10-11	DateIntroduced	1	
4842	C512196	liquiritin	2006-08-02	DateIntroduced	1	
4843	C026980	liriodenine	1980-11-25	DateIntroduced	1	
4844	C000642801	Listeria aquatica	2020-01-01	DateIntroduced	2	date
4845	C000642507	Listeria ivanovii	2020-01-01	DateIntroduced	2	date
4846	C038705	hlyA protein, Listeria monocytogenes	1983-08-22	DateIntroduced	1	
4847	C000639666	Vibrio anguillarum	2020-01-01	DateIntroduced	2	date
4848	C473347	lithium tantalate oxide	2003-04-25	DateIntroduced	1	
4849	C586113	lithium bis(fluorosulfonyl)imide	2014-02-03	DateIntroduced	2	date
4850	C021051	lithium borate	1980-01-01	DateIntroduced	1	
4851	C546776	phenyl-2,4,6-trimethylbenzoylphosphinate	2010-01-30	DateIntroduced	1	
4852	C061091	lithospermate B	1989-10-19	DateIntroduced	1	
4853	C000591843	litronesib	2014-09-24	DateIntroduced	2	date
4854	C537031	Littoral cell angioma of the spleen	2010-08-25	DateIntroduced	1	
4855	C084136	liu-jun-zi-tang	1993-12-09	DateIntroduced	1	
4856	C521739	liujunzi	2007-08-06	DateIntroduced	1	
4857	C002614	Liv 52	1968-01-01	DateIntroduced	1	
4858	C000600304	LLY-507	2015-08-16	DateIntroduced	2	date
4859	C575077	LM11A-31	2012-09-23	DateIntroduced	1	
4860	C066228	lobaplatin	1990-11-28	DateIntroduced	1	
4861	C000675357	Lobaria retigera	2021-01-01	DateIntroduced	2	date
4862	C104417	lobaric acid	1997-03-11	DateIntroduced	1	
4863	C546215	lobeglitazone	2010-01-09	DateIntroduced	1	
4864	C521561	lobetyolin	2007-08-01	DateIntroduced	1	
4865	C566076	Teeth, Odd Shapes Of	2012-11-05	DateIntroduced	1	
4866	C000729438	LOC14	2023-09-25	DateIntroduced	2	date
4867	C025655	lofexidine	1980-08-12	DateIntroduced	1	
4868	C030425	loliolide	1981-07-17	DateIntroduced	1	
4869	C000656924	scedosporiosis	2020-02-10	DateIntroduced	2	date
4870	C052424	lomerizine	1987-06-11	DateIntroduced	1	
4871	C000592793	lomibuvir	2014-11-02	DateIntroduced	2	date
4872	C473731	BMS201038	2003-05-08	DateIntroduced	1	
4873	C000723007	lonapegsomatropin	2022-08-03	DateIntroduced	2	date
4874	C000710749	loncastuximab tesirine	2020-09-29	DateIntroduced	2	date
4875	C009652	veronicastroside	1975-01-01	DateIntroduced	1	
4876	C016371	lonidamine	1978-01-01	DateIntroduced	1	
4877	C107378	lophine	1997-08-25	DateIntroduced	1	
4878	C000656314	toripalimab	2020-01-06	DateIntroduced	2	date
4879	C059451	lornoxicam	1989-06-08	DateIntroduced	1	
4880	C543534	6-(5-((cyclopropylamino)carbonyl)-3-fluoro-2-methylphenyl)-N-(2,2-dimethylprpyl)-3-pyridinecarboxamide	2009-09-15	DateIntroduced	1	
4881	C524582	lotrafilcon B	2007-11-29	DateIntroduced	1	
4882	C505764	loureirin B	2005-12-01	DateIntroduced	1	
4883	C000729928	lyfgenia	2025-01-01	DateIntroduced	2	date
4884	C000656166	selpercatinib	2019-12-23	DateIntroduced	2	date
4885	C068562	loxoribine	1991-05-26	DateIntroduced	1	
4886	C034099	pyrrolidonyl-beta-naphthylamide	1982-08-18	DateIntroduced	1	
4887	C058892	2-amino-5-chloro-4-methylbenzenesulfonic acid	1989-04-27	DateIntroduced	1	
4888	C000711028	fibrinolytic agent LTI-01	2020-10-23	DateIntroduced	2	date
4889	C000609766	LTX-315	2016-08-14	DateIntroduced	2	date
4890	C039315	lucidin	1983-10-26	DateIntroduced	1	
4891	C502722	lucinactant	2005-08-10	DateIntroduced	1	
4892	C040291	Lucitone	1984-03-09	DateIntroduced	1	
4893	C000609985	lugdunin	2016-08-23	DateIntroduced	2	date
4894	C112528	luliconazole	1998-06-19	DateIntroduced	1	
4895	C000716350	lumasiran	2021-04-20	DateIntroduced	2	date
4896	C000705749	lumateperone	2020-04-28	DateIntroduced	2	date
4897	C001922	lumiflavin	1973-01-01	DateIntroduced	1	
4898	C000732095	lunsotogene parvec	2026-07-21	DateIntroduced	2	date
4899	C121619	lunularin	1999-11-09	DateIntroduced	1	
4900	C000599967	lupalbigenin	2015-08-02	DateIntroduced	2	date
4901	C480546	lupane	2004-01-14	DateIntroduced	1	
4902	C008298	lupanine	1975-01-01	DateIntroduced	1	
4903	C470592	lupenone	2003-01-27	DateIntroduced	1	
4904	C448459	lupinifolin	2002-03-04	DateIntroduced	1	
4905	C000602100	lupiwighteone	2015-10-15	DateIntroduced	2	date
4906	C568606	PM 01183	2011-12-15	DateIntroduced	1	
4907	C549343	1,5-anhydro-1-(5-(4-ethoxybenzyl)-2-methoxy-4-methylphenyl)-1-thioglucitol	2010-05-12	DateIntroduced	1	
4908	C000611387	lusutrombopag	2016-10-06	DateIntroduced	2	date
4909	C518537	luteolinidin	2007-04-03	DateIntroduced	1	
4910	C477682	lutetium orthosilicate	2003-10-02	DateIntroduced	1	
4911	C018588	Luxol Fast Blue MBS	1979-01-01	DateIntroduced	1	
4912	C057154	luzindole	1988-10-20	DateIntroduced	1	
4913	C074309	LVV-hemorphin-7	1992-06-01	DateIntroduced	1	
4914	C000592493	telotristat	2014-10-19	DateIntroduced	2	date
4915	C000723373	naporafenib	2022-08-31	DateIntroduced	2	date
4916	C085911	2-(4-morpholinyl)-8-phenyl-4H-1-benzopyran-4-one	1994-03-21	DateIntroduced	1	
4917	C118218	LY 379268	1999-04-09	DateIntroduced	1	
4918	C114624	LY 341495	1998-10-06	DateIntroduced	1	
4919	C000595455	LY2510924	2015-02-22	DateIntroduced	2	date
4920	C000608121	prexasertib	2016-06-05	DateIntroduced	2	date
4921	C000717387	CB2 receptor agonist LY2828360	2021-05-20	DateIntroduced	2	date
4922	C107473	LY 295427	1997-08-28	DateIntroduced	1	
4923	C000601502	LY3000328	2015-09-24	DateIntroduced	2	date
4924	C000708834	Ly93	2020-07-17	DateIntroduced	2	date
4925	C000722611	olanzapine, samidorphan drug combination	2022-06-21	DateIntroduced	2	date
4926	C500223	lycium barbarum polysaccharide	2005-05-06	DateIntroduced	1	
4927	C070925	lycopene cyclase-isomerase	1991-10-16	DateIntroduced	1	
4928	C537131	Orbital lymphoma	2010-08-25	DateIntroduced	1	
4929	C502379	lyoniresinol	2005-07-27	DateIntroduced	1	
4930	C000679132	Lyophyllum decastes	2021-01-01	DateIntroduced	2	date
4931	C415909	lysylglutamic acid	2000-11-20	DateIntroduced	1	
4932	C024575	lysyllysine	1980-06-05	DateIntroduced	1	
4933	C573930	Lys01	2012-07-29	DateIntroduced	1	
4934	C069090	lysicamine	1991-07-04	DateIntroduced	1	
4935	C000720954	Lysimachia foenum-graecum	2023-01-01	DateIntroduced	2	date
4936	C000642052	Lysinibacillus fusiformis	2020-01-01	DateIntroduced	2	date
4937	C000642048	Lysinibacillus macroides	2020-01-01	DateIntroduced	2	date
4938	C562687	Lysinuric Protein Intolerance	2012-11-05	DateIntroduced	1	
4939	C006065	We 201	1974-01-01	DateIntroduced	1	
4940	C000641727	Lysobacter enzymogenes	2020-01-01	DateIntroduced	2	date
4941	C008301	lysophosphatidylethanolamine	1968-01-01	DateIntroduced	1	
4942	C026223	lysophosphatidylglycerol	1980-09-08	DateIntroduced	1	
4943	C025449	lysophosphatidylinositol	1980-07-31	DateIntroduced	1	
4944	C025059	lysophosphatidylserine	1980-07-08	DateIntroduced	1	
4945	C005356	sphingosine phosphorylcholine	1974-01-01	DateIntroduced	1	
4946	C002285	lysylphosphatidylglycerol	1973-01-01	DateIntroduced	1	
4947	C043333	lyxose	1984-11-30	DateIntroduced	1	
4948	C114583	m-AAA proteases	1998-10-05	DateIntroduced	1	
4949	C079049	volinanserin	1993-02-03	DateIntroduced	1	
4950	C000716216	peposertib	2021-04-13	DateIntroduced	2	date
4951	C072271	m(5)C rRNA methyltransferase	1992-02-15	DateIntroduced	1	
4952	C001449	inermin	1972-01-01	DateIntroduced	1	
4953	C000630234	Macaca thibetana	2019-01-01	DateIntroduced	2	date
4954	C502026	macelignan	2005-07-14	DateIntroduced	1	
4955	C582727	macimorelin	2013-08-07	DateIntroduced	2	date
4956	C533860	macitentan	2008-12-21	DateIntroduced	1	
4957	C034551	maclurin	1982-06-14	DateIntroduced	1	
4958	C000641675	Macrococcus caseolyticus	2020-01-01	DateIntroduced	2	date
4959	C562546	Megalodactyly	2012-11-05	DateIntroduced	1	
4960	C120756	macroH2A histone	1999-09-21	DateIntroduced	1	
4961	C453562	macrolactin A	2002-05-06	DateIntroduced	1	
4962	C000627641	macrolactin F	2018-07-17	DateIntroduced	2	date
4963	C535968	Hereditary macular coloboma	2010-08-25	DateIntroduced	1	
4964	C085319	maculosin	1994-02-15	DateIntroduced	1	
4965	C057909	monoaminocarboxydihydroborane	1989-01-09	DateIntroduced	1	
4966	C018965	monoacetyldapsone	1974-01-01	DateIntroduced	1	
4967	C001669	madecassic acid	1972-01-01	DateIntroduced	1	
4968	C093443	madecassoside	1995-06-06	DateIntroduced	1	
4969	C562398	Madelung Deformity	2012-11-05	DateIntroduced	1	
4970	C018091	maduramicin	1979-01-01	DateIntroduced	1	
4971	C000677671	Magnaporthiopsis maydis	2021-01-01	DateIntroduced	2	date
4972	C086788	magnesium chelatase	1994-05-13	DateIntroduced	1	
4973	C016546	magnesium ferrite	1978-01-01	DateIntroduced	1	
4974	C521270	18alpha,20beta-hydroxy-11-oxo-norolean-12-en-3beta-yl-2-O-beta-D-glucopyranurosyl-alpha-D-glucopyranosiduronate magnesium tetrahydrate	2007-07-20	DateIntroduced	1	
4975	C511603	magnesium titanate	2006-07-09	DateIntroduced	1	
4976	C000641658	Magnetospirillum gryphiswaldense	2020-01-01	DateIntroduced	2	date
4977	C000641657	Magnetospirillum magneticum	2020-01-01	DateIntroduced	2	date
4978	C005498	magnolol	1973-01-01	DateIntroduced	1	
4979	C000686194	Magnusiomyces capitatus	2021-01-01	DateIntroduced	2	date
4980	C534919	mailuoning	2009-02-05	DateIntroduced	1	
4981	C535463	Mainzer-Saldino Disease	2010-08-25	DateIntroduced	1	
4982	C000610643	majoon ushba	2016-09-13	DateIntroduced	2	date
4983	C000597811	malabaricane	2015-05-19	DateIntroduced	2	date
4984	C100082	malaoxon	1983-08-08	DateIntroduced	1	
4985	C000676672	Malassezia slooffiae	2021-01-01	DateIntroduced	2	date
4986	C436511	malassezin	2001-10-09	DateIntroduced	1	
4987	C030574	malate dehydrogenase (decarboxylating)	1981-07-29	DateIntroduced	1	
4988	C535700	Malignant mesenchymal tumor	2010-08-25	DateIntroduced	1	
4989	C037731	malolactic enzyme	1983-05-11	DateIntroduced	1	
4990	C031146	maltoheptaose	1981-08-20	DateIntroduced	1	
4991	C016549	maltohexaose	1978-01-01	DateIntroduced	1	
4992	C021705	maltooligosaccharides	1980-01-01	DateIntroduced	1	
4993	C009819	maltotetraose	1975-01-01	DateIntroduced	1	
4994	C458419	malvidin-3-glucoside	2002-08-05	DateIntroduced	1	
4995	C000706890	oenin	2020-06-09	DateIntroduced	2	date
4996	C010413	mandelamide	1975-01-01	DateIntroduced	1	
4997	C550943	mandipropamid	2010-07-21	DateIntroduced	1	
4998	C551151	manganese ferrite	2010-08-01	DateIntroduced	1	
4999	C051129	manganese peroxidase	1987-02-03	DateIntroduced	1	
5000	C041368	manganese sulfide	1984-06-29	DateIntroduced	1	
5001	C054218	manidipine	1987-12-30	DateIntroduced	1	
5002	C064233	polyactin A	1990-06-25	DateIntroduced	1	
5003	C030070	mannitol-1-phosphate	1981-07-21	DateIntroduced	1	
5004	C014647	mannobiose	1977-01-01	DateIntroduced	1	
5005	C048068	mannopentaose	1986-04-03	DateIntroduced	1	
5006	C046090	mannosyl-oligosaccharide 1,2-alpha-mannosidase	1985-08-27	DateIntroduced	1	
5007	C023872	mannotriose	1980-05-08	DateIntroduced	1	
5008	C008324	mannuronic acid	1974-01-01	DateIntroduced	1	
5009	C496164	mansonone E	2005-02-10	DateIntroduced	1	
5010	C045473	3'-O-(N-methylanthraniloyl) ATP	1985-06-28	DateIntroduced	1	
5011	C054474	manumycin	1988-02-05	DateIntroduced	1	
5012	C493483	Mao-to	2004-11-30	DateIntroduced	1	
5013	C053276	15-methyl-8-aza-16-oxagona-1,3,5(10),13-tetraen-17-one	1987-12-01	DateIntroduced	1	
5014	C085284	microtubule-associated protein 1B	1994-02-14	DateIntroduced	1	
5015	C098416	MAP-kinase-activated kinase 3	1996-04-03	DateIntroduced	1	
5016	C400723	MAPTAC	1999-12-03	DateIntroduced	1	
5017	C000722912	maralixibat	2022-07-22	DateIntroduced	2	date
5018	C080260	marbofloxacin	1993-04-13	DateIntroduced	1	
5019	C550306	marein	2010-06-25	DateIntroduced	1	
5020	C535211	7,14-dihydroxydocosa-4,8,10,12,16,19-hexaenoic acid	2009-02-20	DateIntroduced	1	
5021	C077910	margatoxin	1992-12-07	DateIntroduced	1	
5022	C400401	maribavir	1999-11-24	DateIntroduced	1	
5023	C100342	marimastat	1996-08-14	DateIntroduced	1	
5024	C000646499	Marinovum algicola	2020-01-01	DateIntroduced	2	date
5025	C000629393	marmelosin	2018-12-20	DateIntroduced	2	date
5026	C001684	marmesin	1972-01-01	DateIntroduced	1	
5027	C000656192	marstacimab	2019-12-23	DateIntroduced	2	date
5028	C526575	masitinib	2008-02-15	DateIntroduced	1	
5029	C085344	SERPIN-B5	1994-02-17	DateIntroduced	1	
5030	C000607503	massa medicata fermentata	2016-05-14	DateIntroduced	2	date
5031	C563600	Masticatory Muscles, Hypertrophy of	2012-11-05	DateIntroduced	1	
5032	C000718667	mastiha	2021-08-12	DateIntroduced	2	date
5033	C068935	matairesinol	1991-06-28	DateIntroduced	1	
5034	C536246	Noninsulin-dependent diabetes mellitus with deafness	2010-11-13	DateIntroduced	1	
5035	C532298	matriderm	2008-10-15	DateIntroduced	1	
5036	C485595	matriptase	2004-08-06	DateIntroduced	1	
5037	C467801	matriptase 2	2002-11-13	DateIntroduced	1	
5038	C108362	matrix metalloproteinase 19	1997-10-15	DateIntroduced	1	
5039	C000625666	Matrix-M	2017-12-24	DateIntroduced	2	date
5040	C520777	matuzumab	2007-06-28	DateIntroduced	1	
5041	C555097	4-(5-(4-fluorophenyl)-3-(trifluoromethyl)-1H-pyrazol-1-yl)benzenesulfonamide	2011-01-19	DateIntroduced	1	
5042	C067850	Myc associated factor X	1991-04-17	DateIntroduced	1	
5043	C515955	Maxcem	2007-01-07	DateIntroduced	1	
5044	C000593120	maxresorb	2014-11-23	DateIntroduced	2	date
5045	C577194	Maxxion	2013-01-08	DateIntroduced	1	
5046	C000721057	mayenite	2022-01-25	DateIntroduced	2	date
5047	C000719829	mazdutide	2022-01-01	DateIntroduced	2	date
5048	C079573	3-methoxybutylcyanoacrylate	1993-03-08	DateIntroduced	1	
5049	C000626548	methyl 2-(-5-fluoro-2-hydroxyphenyl)-1 H-benzo(d)imidazole-5-carboxylate	2018-03-19	DateIntroduced	2	date
5050	C047755	N-methyl-N-(1-phenylethyl)-2-propynylamine	1986-03-18	DateIntroduced	1	
5051	C107908	myelin basic protein 85-99	1997-09-17	DateIntroduced	1	
5052	C029180	methylated bovine serum albumin	1981-05-11	DateIntroduced	1	
5053	C000608114	MBX-2982	2016-06-04	DateIntroduced	2	date
5054	C577554	MC1568	2013-01-19	DateIntroduced	1	
5055	C536038	Medium chain acyl CoA dehydrogenase deficiency	2010-08-25	DateIntroduced	1	
5056	C434457	MCC 135	2001-09-11	DateIntroduced	1	
5057	C020411	microcin	1979-01-01	DateIntroduced	1	
5058	C054923	6-methyl-1,3,8-trichlorodibenzofuran	1988-03-23	DateIntroduced	1	
5059	C062307	10-N-methylcarbamoyl-3,7-dimethylamino-10H-phenothiazine	1990-02-09	DateIntroduced	1	
5060	C092274	melanin-concentrating hormone receptor	1995-03-28	DateIntroduced	1	
5061	C000622746	zenocutuzumab	2017-09-22	DateIntroduced	2	date
5062	C059255	3-methyl-10b-carbethoxy-1,2,3,4,4a,5,6,10b-octahydrobenzo(f)isoquinoline	1989-05-24	DateIntroduced	1	
5063	C008418	2-methyl-4-chlorophenoxy gamma-butyric acid	1974-01-01	DateIntroduced	1	
5064	C058618	S-(N-monomethoxytritylaminoethyl)-O-(2-chlorophenyl)phosphorothioate	1989-03-24	DateIntroduced	1	
5065	C066678	5,6-methylenedioxy-2-aminoindane	1991-01-29	DateIntroduced	1	
5066	C549041	3-(2,4-dichloro-5-methoxyphenyl)-2-sulfanyl-4(3H)-quinazolinone	2010-05-02	DateIntroduced	1	
5067	C000712978	MDL-800	2021-02-04	DateIntroduced	2	date
5068	C000713090	MDMB-4en-PINACA	2021-02-09	DateIntroduced	2	date
5069	C067454	2-methyl-1,1-diphenyl-3-(1-pyrrolidyl)-1-propanol	1991-03-23	DateIntroduced	1	
5070	C095122	multidrug resistance protein 3	1995-09-14	DateIntroduced	1	
5071	C053510	monodansylthiacadaverine	1987-09-29	DateIntroduced	1	
5072	C016571	methyl diethyldithiocarbamate	1978-01-01	DateIntroduced	1	
5073	C010944	mead acid	1976-01-01	DateIntroduced	1	
5074	C041080	enkephalin-Met, 4'-bromo-Phe(4)-	1984-06-07	DateIntroduced	1	
5075	C423652	pegylated granulocyte colony-stimulating factor	2001-04-16	DateIntroduced	1	
5076	C000604197	mecasermin	2016-01-15	DateIntroduced	2	date
5077	C020602	meclonazepam	1979-01-01	DateIntroduced	1	
5078	C064380	4-dimethylcaffeoylmussatioside	1990-07-03	DateIntroduced	1	
5079	C537723	Lubs X-linked mental retardation syndrome	2010-08-25	DateIntroduced	1	
5080	C078327	2-methyl-5,6-cyclopentapyrimidine	1992-12-23	DateIntroduced	1	
5081	C000696070	Medicopsis romeroi	2021-01-01	DateIntroduced	2	date
5082	C084562	Medpor	1994-01-03	DateIntroduced	1	
5083	C000654324	mefentrifluconazole	2019-10-16	DateIntroduced	2	date
5084	C063162	MEGA 11	1990-03-27	DateIntroduced	1	
5085	C536141	Megalencephalic leukoencephalopathy with subcortical cysts	2010-08-25	DateIntroduced	1	
5086	C562829	Megalocornea	2012-11-05	DateIntroduced	1	
5087	C000646110	Megamonas funiformis	2020-01-01	DateIntroduced	2	date
5088	C413264	megastigmane	2000-09-18	DateIntroduced	1	
5089	C520682	poly(2-methoxy-5-(2'-ethylhexyloxy)-p-phenylenevinylene)	2007-06-26	DateIntroduced	1	
5090	C071913	melamine cyanurate	1992-01-07	DateIntroduced	1	
5091	C050147	3-(2,2,2-trimethylhydrazine)propionate	1986-11-07	DateIntroduced	1	
5092	C076489	Meldrum's acid	1992-10-05	DateIntroduced	1	
5093	C571854	melem	2012-05-04	DateIntroduced	1	
5094	C585069	melphalan-flufenamide	2013-12-15	DateIntroduced	2	date
5095	C023885	menadiol	1980-05-12	DateIntroduced	1	
5096	C042455	menaquinone 6	1984-09-25	DateIntroduced	1	
5097	C054487	menthofuran	1988-02-08	DateIntroduced	1	
5098	C049449	mepiquat	1986-07-18	DateIntroduced	1	
5099	C114834	mepitel	1998-10-16	DateIntroduced	1	
5100	C508407	meranzin	2006-03-06	DateIntroduced	1	
5101	C508408	meranzin hydrate	2006-03-06	DateIntroduced	1	
5102	C001702	mercaptoalbumin	1972-01-01	DateIntroduced	1	
5103	C046062	2-thiomalic acid	1985-08-22	DateIntroduced	1	
5104	C407002	N-3-(3-(3-methoxy-4-oxazol-5-ylphenyl)ureido)benzylcarbamic acid tetrahydrofuran-3-yl ester	2000-04-28	DateIntroduced	1	
5105	C027490	polyvinyl alcohol formaldehyde foam	1981-01-12	DateIntroduced	1	
5106	C003954	merocyanine dye	1974-01-01	DateIntroduced	1	
5107	C095039	Merrifield resin	1995-09-08	DateIntroduced	1	
5108	C074696	6-mercapto-7-methylguanosine	1992-06-23	DateIntroduced	1	
5109	C010219	mesitylene	1974-01-01	DateIntroduced	1	
5110	C031468	mesoporphyrin IX	1981-09-22	DateIntroduced	1	
5111	C000645727	Mesorhizobium ciceri	2020-01-01	DateIntroduced	2	date
5112	C000645720	Mesorhizobium huakuii	2020-01-01	DateIntroduced	2	date
5113	C000645718	Mesorhizobium japonicum	2020-01-01	DateIntroduced	2	date
5114	C000645400	Mesorhizobium tianshanense	2020-01-01	DateIntroduced	2	date
5115	C521745	mesosulfuron-methyl	2007-08-06	DateIntroduced	1	
5116	C026452	messenger ribonucleoprotein	1980-10-09	DateIntroduced	1	
5117	C098230	methionylglycine	1996-03-22	DateIntroduced	1	
5118	C034758	methionylmethionine	1982-07-27	DateIntroduced	1	
5119	C525085	N-methyl-2-pyridone-5-carboxamide	2007-12-18	DateIntroduced	1	
5120	C108822	metabotropic glutamate receptor 2	1997-11-17	DateIntroduced	1	
5121	C102718	metabotropic glutamate receptor 3	1997-01-11	DateIntroduced	1	
5122	C113897	metabotropic glutamate receptor 6	1998-08-27	DateIntroduced	1	
5123	C111435	metabotropic glutamate receptor 8	1998-04-17	DateIntroduced	1	
5124	C104077	metabotropic glutamate receptor type 1	1997-02-25	DateIntroduced	1	
5125	C098402	metacycloprodigiosin	1996-04-02	DateIntroduced	1	
5126	C528570	metaflumizone	2008-05-05	DateIntroduced	1	
5127	C100646	Metal Primer	1996-08-29	DateIntroduced	1	
5128	C522766	2-(4-(6-chloro-1,3-benzoxazol-2-yloxy)phenoxy)-2'-fluoro-N-methylpropionanilide	2007-09-16	DateIntroduced	1	
5129	C498115	Metapex	2005-03-24	DateIntroduced	1	
5130	C000676343	Metarhizium acridum	2021-01-01	DateIntroduced	2	date
5131	C000684922	Metarhizium pinghaense	2021-01-01	DateIntroduced	2	date
5132	C000680708	Metarhizium robertsii	2021-01-01	DateIntroduced	2	date
5133	C521990	metazachlor	2007-08-14	DateIntroduced	1	
5134	C000627121	metconazole	2018-05-25	DateIntroduced	2	date
5135	C035495	methacetin	1982-09-16	DateIntroduced	1	
5136	C039175	methacrylaldehyde	1983-10-05	DateIntroduced	1	
5137	C008493	methylselenic acid	1974-01-01	DateIntroduced	1	
5138	C036871	methanesulfonamide	1983-01-27	DateIntroduced	1	
5139	C491147	methanobactin	2004-09-29	DateIntroduced	1	
5140	C019641	alcohol dehydrogenase (acceptor)	1977-01-01	DateIntroduced	1	
5141	C047806	monomethylpropion	1986-02-27	DateIntroduced	1	
5142	C021558	L-methionine gamma-lyase	1974-01-01	DateIntroduced	1	
5143	C018332	methionine sulfone	1979-01-01	DateIntroduced	1	
5144	C014085	methotrexate polyglutamate	1977-01-01	DateIntroduced	1	
5145	C005514	N,N'-monomethylenebis(pyridiniumaldoxime)	1973-01-01	DateIntroduced	1	
5146	C005214	methoxyamine	1974-01-01	DateIntroduced	1	
5147	C406712	methoxyfenozide	2000-04-21	DateIntroduced	1	
5148	C042405	methyl caffeate	1984-09-11	DateIntroduced	1	
5149	C028444	methyl lactate	1981-03-17	DateIntroduced	1	
5150	C093850	methylphenylsulfide	1995-06-30	DateIntroduced	1	
5151	C417240	methyl phenyl sulfoxide	2000-12-26	DateIntroduced	1	
5152	C033522	methyl sulfate	1982-02-24	DateIntroduced	1	
5153	C506133	methyl syringate	2005-12-12	DateIntroduced	1	
5154	C028129	tryptophan methyl ester	1981-02-06	DateIntroduced	1	
5155	C000729587	methyl-lysine	2023-10-24	DateIntroduced	2	date
5156	C030667	methylazoxymethanol	1981-08-03	DateIntroduced	1	
5157	C060547	methylene violet	1989-08-31	DateIntroduced	1	
5158	C002950	methylformamide	1973-01-01	DateIntroduced	1	
5159	C027744	S-methylisothiopseudouronium	1981-01-23	DateIntroduced	1	
5160	C054634	methyllycaconitine	1988-02-29	DateIntroduced	1	
5161	C400939	methylone	1999-12-07	DateIntroduced	1	
5162	C032627	methylphosphonic acid	1981-12-21	DateIntroduced	1	
5163	C002979	selenomethylselenocysteine	1973-01-01	DateIntroduced	1	
5164	C027142	vinyltoluene	1980-12-03	DateIntroduced	1	
5165	C039138	methylsuccinic acid	1983-09-29	DateIntroduced	1	
5166	C023894	methylcobalamin-coenzyme M methyltransferase	1980-05-16	DateIntroduced	1	
5167	C071718	methyltrimethoxysilane	1991-12-22	DateIntroduced	1	
5168	C002352	methylurea	1972-01-01	DateIntroduced	1	
5169	C003702	metochalcone	1972-01-01	DateIntroduced	1	
5170	C492600	(2,3,5,6-tetrafluoro-4-methoxymethylphenyl)methyl-2,2-dimethyl-3-(1-propenyl)cyclopropanecarboxylate	2004-10-23	DateIntroduced	1	
5171	C084586	metomidate	1994-10-13	DateIntroduced	1	
5172	C000722656	metonitazene	2022-06-24	DateIntroduced	2	date
5173	C511340	metrafenone	2006-06-28	DateIntroduced	1	
5174	C415771	metreleptin	2000-11-16	DateIntroduced	1	
5175	C000678055	Metschnikowia bicuspidata	2021-01-01	DateIntroduced	2	date
5176	C050296	metsulfuron methyl	1987-01-06	DateIntroduced	1	
5177	C021796	mevalonate kinase	1974-01-01	DateIntroduced	1	
5178	C000671850	Meyerozyma caribbica	2021-01-01	DateIntroduced	2	date
5179	C000721067	MF-094	2022-01-25	DateIntroduced	2	date
5180	C072368	modified FAD	1992-02-20	DateIntroduced	1	
5181	C082691	moulting fluid protease 1	1993-09-15	DateIntroduced	1	
5182	C074250	4-(2-methoxyphenyl)-2-carboxy-3-pyrrolidineacetic acid	1992-05-27	DateIntroduced	1	
5183	C033434	protoporphyrin IX monomethyl ester	1982-02-22	DateIntroduced	1	
5184	C057056	methylglyoxal bis(3-aminopropylamidinohydrazone)	1988-10-11	DateIntroduced	1	
5185	C047167	methylglyoxal bis(butylamidinohydrazone)	1986-03-12	DateIntroduced	1	
5186	C054653	methylglyoxal bis(cyclohexylamidinohydrazone)	1988-03-01	DateIntroduced	1	
5187	C523184	mocetinostat	2007-10-01	DateIntroduced	1	
5188	C588408	resmetirom	2014-05-15	DateIntroduced	2	date
5189	C000631565	gedivumab	2019-06-11	DateIntroduced	2	date
5190	C038836	1-hydroxy-5,8-bis(2-((2-hydroxyethyl)amino)ethylamino)-9,10-anthracenedione	1983-08-31	DateIntroduced	1	
5191	C577756	4,6-dimorpholino-N-(4-nitrophenyl)-1,3,5-triazin-2-amine	2013-01-26	DateIntroduced	1	
5192	C585780	(Z)-5-(2,4-dihydroxybenzylidene)thiazolidine-2,4-dione	2014-01-22	DateIntroduced	2	date
5193	C018090	macromolecular insoluble cold globulin	1979-01-01	DateIntroduced	1	
5194	C577928	micheliolide	2013-02-02	DateIntroduced	2	date
5195	C014682	Michler's ketone	1977-01-01	DateIntroduced	1	
5196	C567466	Mental Retardation And Microcephaly With Pontine And Cerebellar Hypoplasia	2012-11-05	DateIntroduced	1	
5197	C536681	Warburg Sjo Fledelius syndrome	2010-08-25	DateIntroduced	1	
5198	C000644621	Microbacterium foliorum	2020-01-01	DateIntroduced	2	date
5199	C000644292	Microbacterium paraoxydans	2020-01-01	DateIntroduced	2	date
5200	C000644263	Microbacterium testaceum	2020-01-01	DateIntroduced	2	date
5201	C081378	solysime	1993-06-24	DateIntroduced	1	
5202	C009779	micrococcin	1970-01-01	DateIntroduced	1	
5203	C000643900	Micrococcus yunnanensis	2020-01-01	DateIntroduced	2	date
5204	C562563	Microcolon	2012-11-05	DateIntroduced	1	
5205	C000632664	Microcystic adnexal carcinoma	2019-08-02	DateIntroduced	2	date
5206	C000658176	Microdochium bolleyi	2021-01-01	DateIntroduced	2	date
5207	C016598	microfibrillar protein	1978-01-01	DateIntroduced	1	
5208	C536649	Penis agenesis	2010-08-25	DateIntroduced	1	
5209	C000594049	MIRN27 microRNA, rat	2014-12-31	DateIntroduced	2	date
5210	C122107	microsomal glutathione S-transferase-I	1999-11-04	DateIntroduced	1	
5211	C537470	Microvillus inclusion disease	2010-08-25	DateIntroduced	1	
5212	C549824	Mid1ip1	2010-06-06	DateIntroduced	1	
5213	C026483	midecamycin	1980-10-15	DateIntroduced	1	
5214	C414730	midnolin	2000-10-27	DateIntroduced	1	
5215	C118616	perfluorohexyloctane	1999-05-03	DateIntroduced	1	
5216	C045621	miglitol	1985-07-10	DateIntroduced	1	
5217	C000589635	MIL-101	2014-07-17	DateIntroduced	2	date
5218	C484831	miliusol	2004-05-07	DateIntroduced	1	
5219	C573600	miltiradiene	2012-07-18	DateIntroduced	1	
5220	C068880	miltirone	1991-06-22	DateIntroduced	1	
5221	C000720754	milvexian	2022-01-10	DateIntroduced	2	date
5222	C560237	mimetite	2011-08-12	DateIntroduced	1	
5223	C000728490	Ranitomeya imitator	2024-01-01	DateIntroduced	2	date
5224	C121491	mindin	1999-10-14	DateIntroduced	1	
5225	C579022	14-O-phosphonooxymethyltriptolide disodium salt	2013-03-19	DateIntroduced	2	date
5226	C039516	minoxidil sulfate ester	1983-11-16	DateIntroduced	1	
5227	C110309	quercetin 3-O-glucopyranoside	1998-02-17	DateIntroduced	1	
5228	C547014	MIRN29 microRNA, mouse	2010-02-10	DateIntroduced	1	
5229	C000718202	MIRN376A1 microRNA, human	2021-07-16	DateIntroduced	2	date
5230	C000708407	mirikizumab	2020-07-07	DateIntroduced	2	date
5231	C000598618	mirogabalin	2015-06-15	DateIntroduced	2	date
5232	C000718087	adult multisystem inflammatory disease, COVID-19 related	2021-07-08	DateIntroduced	2	date
5233	C402142	mamba intestinal toxin 1	1999-12-27	DateIntroduced	1	
5234	C000602878	mitazalimab	2015-11-22	DateIntroduced	2	date
5235	C567570	Mitchell-Riley Syndrome	2012-11-05	DateIntroduced	1	
5236	C066851	mithramycin A	1991-02-20	DateIntroduced	1	
5237	C000709526	mitocurcumin	2020-08-06	DateIntroduced	2	date
5238	C565128	Mitochondrial Complex III Deficiency	2012-11-05	DateIntroduced	1	
5239	C422562	mitochondrial transcription factor A	2001-03-27	DateIntroduced	1	
5240	C117780	mitochondrial K(ATP) channel	1999-03-18	DateIntroduced	1	
5241	C429015	mitoquinol	2001-06-20	DateIntroduced	1	
5242	C521281	5-(6'-triphenylphosphoniumhexyl)-5,6-dihydro-6-phenyl-3,8-phenanthridinediammine	2007-07-23	DateIntroduced	1	
5243	C000597839	MitoSox Red	2015-05-20	DateIntroduced	2	date
5244	C555916	MitoTEMPO	2011-02-16	DateIntroduced	1	
5245	C111472	mitotracker green FM	1998-04-17	DateIntroduced	1	
5246	C000643119	Mixta calida	2020-01-01	DateIntroduced	2	date
5247	C000624546	mizagliflozin	2017-11-13	DateIntroduced	2	date
5248	C076170	mizolastine	1992-09-17	DateIntroduced	1	
5249	C010052	mizoribine	1975-01-01	DateIntroduced	1	
5250	C587715	MJN110	2014-04-10	DateIntroduced	2	date
5251	C000728674	MK-0616	2023-06-13	DateIntroduced	2	date
5252	C554093	3-(4-((4-chlorophenyl)sulfonyl)-4-(2,5-difluorophenyl)cyclohexyl)propanoic acid	2010-12-11	DateIntroduced	1	
5253	C548887	MK 2206	2010-04-24	DateIntroduced	1	
5254	C000618291	MK-6240	2017-05-05	DateIntroduced	2	date
5255	C000732089	MK-7602	2026-07-14	DateIntroduced	2	date
5256	C000729358	MK-8189	2023-09-20	DateIntroduced	2	date
5257	C561635	(5-(3-(4-(2-bromo-5-fluorophenoxy)piperidin-1-yl)isoxazol-5-yl)-2H-tetrazol-2-yl)acetic acid	2011-10-09	DateIntroduced	1	
5258	C000625840	MK-8722	2018-01-07	DateIntroduced	2	date
5259	C060893	MK-886	1989-10-05	DateIntroduced	1	
5260	C532496	MK 0873	2008-10-26	DateIntroduced	1	
5261	C000727720	mKate	2024-01-01	DateIntroduced	2	date
5262	C000728723	ML-162	2023-06-15	DateIntroduced	2	date
5263	C000718731	(4-(bis(4-chlorophenyl)methyl)-1-piperazinyl)(5-methyl-4-nitro-1,2-oxazol-3-yl)methanone	2021-08-17	DateIntroduced	2	date
5264	C000730419	ML385	2024-03-18	DateIntroduced	2	date
5265	C000716071	ML-792	2021-04-06	DateIntroduced	2	date
5266	C578927	4-oxo-6-((pyrimidin-2-ylthio)methyl)-4H-pyran-3-yl 4-nitrobenzoate	2013-03-15	DateIntroduced	2	date
5267	C546417	Neuroaid	2010-01-15	DateIntroduced	1	
5268	C000622638	TAK-243	2017-09-17	DateIntroduced	2	date
5269	C539933	pevonedistat	2009-04-17	DateIntroduced	1	
5270	C000589319	seribantumab	2014-07-06	DateIntroduced	2	date
5271	C476987	methylmethacrylate-tributylborane resin	2003-09-06	DateIntroduced	1	
5272	C042790	mitomycin C-dextran	1984-11-01	DateIntroduced	1	
5273	C066998	methoxy-morpholinyl-doxorubicin	1991-02-26	DateIntroduced	1	
5274	C403928	matrix metalloproteinase 25	2000-02-15	DateIntroduced	1	
5275	C062208	10-methoxy-2-methyl-7H-pyrido(4,3-c)carbazolium	1990-01-30	DateIntroduced	1	
5276	C062996	1-(methacryloyloxymethyl)propyl hydrogen maleate	1990-03-16	DateIntroduced	1	
5277	C044731	magnesium monoperoxyphthalate	1985-04-19	DateIntroduced	1	
5278	C000629097	MIRN664 microRNA, mouse	2018-11-29	DateIntroduced	2	date
5279	C474139	manganese(III)-tetra(4-carboxyphenyl)porphine	2003-05-22	DateIntroduced	1	
5280	C010233	methyl-4-nitrobenzenesulfonate	1975-01-01	DateIntroduced	1	
5281	C027772	N(delta)-(N-methyl-N-nitrosocarbamoyl)-L-ornithine	1981-01-29	DateIntroduced	1	
5282	C065238	4-(6-methoxynaphthalen-2-yl)-4-oxo-2-butenoic acid	1990-09-10	DateIntroduced	1	
5283	C043857	3-nitrophenyl 3-piperidinecarboxylate	1985-01-28	DateIntroduced	1	
5284	C065429	1-methyl-3-(2-nitrophenyl)triazene N-oxide	1990-09-24	DateIntroduced	1	
5285	C434645	hexacarbonylmolybdenum	2001-09-13	DateIntroduced	1	
5286	C437387	dimolybdenum tetraacetate	2001-10-21	DateIntroduced	1	
5287	C039246	Mobilisin	1983-10-20	DateIntroduced	1	
5288	C000720862	mobocertinib	2022-01-18	DateIntroduced	2	date
5289	C085192	molybdenum chloride	1994-02-07	DateIntroduced	1	
5290	C563933	Maturity-Onset Diabetes of the Young, Type 3	2012-11-05	DateIntroduced	1	
5291	C565231	MODY, Type 6	2012-11-05	DateIntroduced	1	
5292	C000677793	Moesziomyces aphidis	2021-01-01	DateIntroduced	2	date
5293	C549035	mogamulizumab	2010-05-01	DateIntroduced	1	
5294	C000722229	mogrol	2022-05-12	DateIntroduced	2	date
5295	C041740	mogroside V	1984-07-18	DateIntroduced	1	
5296	C000726694	Moina macrocopa	2023-01-26	DateIntroduced	2	date
5297	C472006	moist exposed burn ointment	2003-03-12	DateIntroduced	1	
5298	C082430	molgramostim	1993-08-30	DateIntroduced	1	
5299	C000603972	molidustat	2016-01-03	DateIntroduced	2	date
5300	C020964	MDX 4-4210	1980-01-01	DateIntroduced	1	
5301	C046245	rubimaillin	1985-09-12	DateIntroduced	1	
5302	C574181	molybdenum carbide	2012-08-09	DateIntroduced	1	
5303	C546012	momelotinib	2010-01-02	DateIntroduced	1	
5304	C506900	momordicine I	2006-01-11	DateIntroduced	1	
5305	C548297	momordin	2010-04-01	DateIntroduced	1	
5306	C000709515	monalizumab	2020-08-06	DateIntroduced	2	date
5307	C522768	monascorubrin	2007-09-16	DateIntroduced	1	
5308	C479069	mono(2-ethyl-5-hydroxyhexyl) phthalate	2003-11-26	DateIntroduced	1	
5309	C080276	mono(2-ethyl-5-oxohexyl)phthalate	1993-04-14	DateIntroduced	1	
5310	C103325	mono-benzyl phthalate	1997-01-30	DateIntroduced	1	
5311	C053434	Talaporfin	1987-09-28	DateIntroduced	1	
5312	C009909	monogalactosyldiacylglycerol	1975-01-01	DateIntroduced	1	
5313	C522803	7-monohydroxyethylrutoside	2007-09-17	DateIntroduced	1	
5314	C067188	monolysocardiolipin	1991-03-09	DateIntroduced	1	
5315	C495575	monomethyl auristatin E	2005-01-26	DateIntroduced	1	
5316	C513576	monomethylauristatin F	2006-09-20	DateIntroduced	1	
5317	C509058	monomethyl fumarate	2006-03-29	DateIntroduced	1	
5318	C048436	monophosphoryl lipid A	1986-04-30	DateIntroduced	1	
5319	C035359	monorden	1982-09-21	DateIntroduced	1	
5320	C049599	S,S'-(2-(dimethylamino)-1,3-propanediyl)thiosulfuric acid ester	1986-08-22	DateIntroduced	1	
5321	C507582	monotropein	2006-02-03	DateIntroduced	1	
5322	C468277	monteplase	2002-11-23	DateIntroduced	1	
5323	C537577	Microcephalic osteodysplastic primordial dwarfism, type 1	2010-08-25	DateIntroduced	1	
5324	C568020	moracin M	2011-11-18	DateIntroduced	1	
5325	C000642795	Moraxella bovoculi	2020-01-01	DateIntroduced	2	date
5326	C000642784	Moraxella osloensis	2020-01-01	DateIntroduced	2	date
5327	C000689193	Morchella eximia	2021-01-01	DateIntroduced	2	date
5328	C000682241	Morchella importuna	2021-01-01	DateIntroduced	2	date
5329	C000682244	Morchella sextelata	2021-01-01	DateIntroduced	2	date
5330	C000614007	moringin	2017-02-06	DateIntroduced	2	date
5331	C035349	morphine-6-glucuronide	1982-09-09	DateIntroduced	1	
5332	C488401	morroniside	2004-08-09	DateIntroduced	1	
5333	C057451	morusin	1988-11-22	DateIntroduced	1	
5334	C538027	Chromosome 9, tetrasomy 9p	2010-08-25	DateIntroduced	1	
5335	C000731929	mosunetuzumab	2026-03-13	DateIntroduced	2	date
5336	C038881	moutan cortex	1983-09-09	DateIntroduced	1	
5337	C536990	Mowat-Wilson syndrome	2010-08-25	DateIntroduced	1	
5338	C076251	mozavaptan	1992-09-21	DateIntroduced	1	
5339	C024666	MP-15	1980-06-12	DateIntroduced	1	
5340	C034815	N-methyl-4-piperidyl 4-azidobenzilate	1982-07-01	DateIntroduced	1	
5341	C062576	3-(2-methoxyphenyl)-1H-2-benzopyran-1-one	1990-02-25	DateIntroduced	1	
5342	C522974	verubulin	2007-09-24	DateIntroduced	1	
5343	C473805	propeptide convertase 5, mouse	2003-08-08	DateIntroduced	1	
5344	C056728	3-(2'-pyridyldithio)benzyldiazoacetate	1988-09-06	DateIntroduced	1	
5345	C000728352	monomethoxy poly(ethylene glycol)-b-poly(caprolactone)	2023-05-10	DateIntroduced	2	date
5346	C439611	methoxy poly(ethylene glycol-co-epsilon-caprolactone)	2001-11-23	DateIntroduced	1	
5347	C492425	methoxy poly(ethylene glycol)-poly(lactide)	2004-10-15	DateIntroduced	1	
5348	C558447	methoxypolyethyleneglycol-poly(lactic-co-glycolic acid)	2011-05-29	DateIntroduced	1	
5349	C083299	1-methyl-1-piperidinomethane sulfonate	1993-10-19	DateIntroduced	1	
5350	C562864	Myeloperoxidase Deficiency	2012-11-05	DateIntroduced	1	
5351	C052305	methylprednisolone suleptanate	1987-05-26	DateIntroduced	1	
5352	C008313	4-(N-maleimido)benzyltrimethylammonium	1974-01-01	DateIntroduced	1	
5353	C000606673	N-Me-Tyr1,D-Ala2,Asn8,Arg29-NHCH3-JI-38	2016-04-14	DateIntroduced	2	date
5354	C000722747	mRNA-1010 influenza vaccine	2022-07-05	DateIntroduced	2	date
5355	C000722749	mRNA-1345 respiratory syncytial virus vaccine	2022-07-05	DateIntroduced	2	date
5356	C000722750	mRNA-1647 cytomegalovirus vaccine	2022-07-05	DateIntroduced	2	date
5357	C061494	4-methoxy-8-(ribofuranosylamino)pyrimido(5,4-d)pyrimidine	1989-11-27	DateIntroduced	1	
5358	C067945	10-methyl spiro(4.5)dec-6-en-6-carboxylic acid	1991-04-22	DateIntroduced	1	
5359	C057430	2'-carbomethoxyphenyl 4-guanidinobenzoate	1988-11-21	DateIntroduced	1	
5360	C093828	pexiganan	1995-06-30	DateIntroduced	1	
5361	C568788	N,N-dicyclohexyl-isoborneol-10-sulfonamide	2011-12-21	DateIntroduced	1	
5362	C475480	MTA-Angelus	2003-07-11	DateIntroduced	1	
5363	C038114	1-methyl-1,2,3,4-tetrahydro-beta-carboline-3-carboxylic acid	1983-06-15	DateIntroduced	1	
5364	C537357	Methylenetetrahydrofolate reductase deficiency	2010-08-25	DateIntroduced	1	
5365	C038567	O(4)-methylthymidine triphosphate	1983-07-29	DateIntroduced	1	
5366	C070243	monooxyethylene trimethylolpropane tristearate	1991-09-10	DateIntroduced	1	
5367	C000623377	Mucoderm	2017-10-15	DateIntroduced	2	date
5368	C005939	muconic acid	1973-01-01	DateIntroduced	1	
5369	C000678912	Mucor hiemalis	2021-01-01	DateIntroduced	2	date
5370	C000676887	Mucor racemosus	2021-01-01	DateIntroduced	2	date
5371	C000717368	mucoricin	2021-05-20	DateIntroduced	2	date
5372	C000629744	Mulberrin	2019-02-06	DateIntroduced	2	date
5373	C420606	mulberroside A	2001-02-27	DateIntroduced	1	
5374	C000732076	multifidus dysfunction	2026-06-30	DateIntroduced	2	date
5375	C069282	multimerin	1991-07-15	DateIntroduced	1	
5376	C000623948	Mungbean yellow mosaic India virus	2018-01-01	DateIntroduced	2	date
5377	C120158	phosphomannopentaose sulfate	1999-10-04	DateIntroduced	1	
5378	C000642700	Muribaculum intestinale	2020-01-01	DateIntroduced	2	date
5379	C037403	adhesive protein, mussel	1983-03-28	DateIntroduced	1	
5380	C000722234	mutanobactin D	2022-05-12	DateIntroduced	2	date
5381	C061946	MVT 101	1990-01-08	DateIntroduced	1	
5382	C000634366	MW01-18-150SRM	2019-09-23	DateIntroduced	2	date
5383	C000642376	Mycobacterium avium subsp. hominissuis	2020-01-01	DateIntroduced	2	date
5384	C000641651	Mycolicibacterium brisbanense	2020-01-01	DateIntroduced	2	date
5385	C000642358	Mycobacterium colombiense	2020-01-01	DateIntroduced	2	date
5386	C000639881	Rhodococcus erythropolis	2020-01-01	DateIntroduced	2	date
5387	C000641973	Mycobacteroides immunogenum	2020-01-01	DateIntroduced	2	date
5388	C000642321	Mycobacterium lepromatosis	2020-01-01	DateIntroduced	2	date
5389	C000641615	Mycolicibacterium mageritense	2020-01-01	DateIntroduced	2	date
5390	C000641613	Mycolicibacterium monacense	2020-01-01	DateIntroduced	2	date
5391	C000641608	Mycolicibacterium neoaurum	2020-01-01	DateIntroduced	2	date
5392	C000642016	Mycobacterium orygis	2020-01-01	DateIntroduced	2	date
5393	C000642002	Mycobacterium riyadhense	2020-01-01	DateIntroduced	2	date
5394	C000641994	Mycobacterium shinjukuense	2020-01-01	DateIntroduced	2	date
5395	C000641983	Mycobacterium tilburgii	2020-01-01	DateIntroduced	2	date
5396	C000641322	Mycolicibacterium wolinskyi	2020-01-01	DateIntroduced	2	date
5397	C018608	mycobactins	1979-01-01	DateIntroduced	1	
5398	C000641607	Mycolicibacterium neworleansense	2020-01-01	DateIntroduced	2	date
5399	C000641298	Mycoplasma capricolum subsp. capripneumoniae	2020-01-01	DateIntroduced	2	date
5400	C000641272	Mycoplasma felis	2020-01-01	DateIntroduced	2	date
5401	C000641263	Mycoplasma haemocanis	2020-01-01	DateIntroduced	2	date
5402	C000641238	Mycoplasma mycoides subsp. capri	2020-01-01	DateIntroduced	2	date
5403	C000641237	Mycoplasma mycoides subsp. mycoides	2020-01-01	DateIntroduced	2	date
5404	C000647211	Mycoplasma ovis	2020-01-01	DateIntroduced	2	date
5405	C014692	mycosamine	1977-01-01	DateIntroduced	1	
5406	C565988	hyperzincemia and hypercalprotectinemia	2012-11-05	DateIntroduced	1	
5407	C518064	N1,N8-bis(2,5-dihydroxybenzoyl)spermidine	2007-03-17	DateIntroduced	1	
5408	C536096	Myoclonic dystonia	2010-08-25	DateIntroduced	1	
5409	C580316	Myofibrillar Myopathy	2013-10-24	DateIntroduced	2	date
5410	C563922	Myopia 5	2012-11-05	DateIntroduced	1	
5411	C536105	Myopia 6	2010-08-25	DateIntroduced	1	
5412	C107184	myosin light chain 2	1997-08-15	DateIntroduced	1	
5413	C002398	myosmine	1972-01-01	DateIntroduced	1	
5414	C538353	Potassium aggravated myotonia	2010-08-25	DateIntroduced	1	
5415	C099588	myotubularin	1996-07-11	DateIntroduced	1	
5416	C041794	myricanol	1984-08-13	DateIntroduced	1	
5417	C041795	myricanone	1984-08-13	DateIntroduced	1	
5418	C008577	myricitrin	1974-01-01	DateIntroduced	1	
5419	C000727691	Myrmecodia	2024-01-01	DateIntroduced	2	date
5420	C000647176	Myroides odoratimimus	2020-01-01	DateIntroduced	2	date
5421	C576296	Myrtacine	2012-11-19	DateIntroduced	1	
5422	C061545	myrtenal	1989-11-29	DateIntroduced	1	
5423	C058735	myxochelin A	1989-04-10	DateIntroduced	1	
5424	C000647168	Myxococcus fulvus	2020-01-01	DateIntroduced	2	date
5425	C030517	myxothiazol	1981-07-22	DateIntroduced	1	
5426	C007772	N'-formylkynurenine	1974-01-01	DateIntroduced	1	
5427	C008655	N'-nitrosonornicotine	1975-01-01	DateIntroduced	1	
5428	C044387	N,N,N',N'-tetrakis(2-pyridylmethyl)ethylenediamine	1985-04-09	DateIntroduced	1	
5429	C099046	N,N-dimethylacrylamide	1996-05-23	DateIntroduced	1	
5430	C015157	N,N-dimethylaniline	1978-01-01	DateIntroduced	1	
5431	C061800	N,N-dimethylsphingosine	1989-12-26	DateIntroduced	1	
5432	C008588	N-(1-naphthyl)ethylenediamine	1974-01-01	DateIntroduced	1	
5433	C032976	N-(2-hydroxypropyl)methacrylamide	1982-01-12	DateIntroduced	1	
5434	C569779	1-(3-dimethylaminopropyl)-dimethylaminopropyl-ethylcarbodiimide hydrochloride	2012-02-06	DateIntroduced	1	
5435	C002022	N-acetylmannosamine	1973-01-01	DateIntroduced	1	
5436	C032007	aceglutamide	1981-10-28	DateIntroduced	1	
5437	C487056	N-Acetylcysteinamide	2004-06-17	DateIntroduced	1	
5438	C006374	N-acetyldopamine	1974-01-01	DateIntroduced	1	
5439	C023226	UDPacetylglucosamine pyrophosphorylase	1974-01-01	DateIntroduced	1	
5440	C016195	N-acetylglutamic acid	1978-01-01	DateIntroduced	1	
5441	C060785	N-acetylglutaminylglutamine amide	1989-09-26	DateIntroduced	1	
5442	C021606	N-acetylhistamine	1980-01-01	DateIntroduced	1	
5443	C000458	N-acetyllactosamine	1972-01-01	DateIntroduced	1	
5444	C018765	N-acylmannosamine kinase	1969-01-01	DateIntroduced	1	
5445	C018728	N-acetylneuraminate lyase	1972-01-01	DateIntroduced	1	
5446	C018730	N-acetylneuraminate synthase	1970-01-01	DateIntroduced	1	
5447	C021951	N(delta)-acetylornithine	1980-01-01	DateIntroduced	1	
5448	C010005	N-acetylpenicillamine	1968-01-01	DateIntroduced	1	
5449	C089384	N-acetyltransferase 1	1994-10-11	DateIntroduced	1	
5450	C043464	N-acetyltryptamine	1984-12-19	DateIntroduced	1	
5451	C054479	N-acetyltyramine	1988-02-05	DateIntroduced	1	
5452	C405953	N-azidoacetylmannosamine	2000-03-31	DateIntroduced	1	
5453	C043410	N-chlorotaurine	1984-12-11	DateIntroduced	1	
5454	C051673	N-cyanoimidazole	1987-05-04	DateIntroduced	1	
5455	C544393	SU 12662	2009-10-20	DateIntroduced	1	
5456	C000608435	N-desmethylacetamiprid	2016-06-19	DateIntroduced	2	date
5457	C000628804	synaptamide	2018-11-07	DateIntroduced	2	date
5458	C523711	N-fluorobenzenesulfonimide	2007-10-23	DateIntroduced	1	
5459	C000629066	N-halamine	2018-11-27	DateIntroduced	2	date
5460	C037437	N-hydroxyphthalimide	1983-04-08	DateIntroduced	1	
5461	C000631908	N-hydroxypipecolic acid	2019-06-24	DateIntroduced	2	date
5462	C008155	N-iodosuccinimide	1972-01-01	DateIntroduced	1	
5463	C025231	sarkosyl	1971-01-01	DateIntroduced	1	
5464	C018595	N-methylacetamide	1979-01-01	DateIntroduced	1	
5465	C034245	N-methylcytisine	1982-05-14	DateIntroduced	1	
5466	C038816	4-methylmorpholine	1983-08-25	DateIntroduced	1	
5467	C067960	4-methylmorpholine N-oxide	1991-04-23	DateIntroduced	1	
5468	C096654	N-methylpyrrole	1995-12-12	DateIntroduced	1	
5469	C050480	glycylpeptide N-tetradecanoyltransferase	1987-03-03	DateIntroduced	1	
5470	C012279	dibutylnitrosamine	1976-01-01	DateIntroduced	1	
5471	C002741	N-nitrosomorpholine	1972-01-01	DateIntroduced	1	
5472	C002743	N-nitrosopiperidine	1972-01-01	DateIntroduced	1	
5473	C001411	N-(4-hydroxy-beta-phenethyl)-4-hydroxycinnamide	1972-01-01	DateIntroduced	1	
5474	C005958	palmidrol	1974-01-01	DateIntroduced	1	
5475	C037430	N-phenylphthalimide	1983-04-07	DateIntroduced	1	
5476	C440369	N-propargyl	2001-12-06	DateIntroduced	1	
5477	C026498	propyl acetate	1980-10-17	DateIntroduced	1	
5478	C008940	N(2),N(2)-dimethylguanosine	1975-01-01	DateIntroduced	1	
5479	C528186	N6-(2-hydroxyethyl)adenosine	2008-04-20	DateIntroduced	1	
5480	C003268	N(6)-(N-threonylcarbonyl)adenosine	1973-01-01	DateIntroduced	1	
5481	C571360	N6022	2012-04-15	DateIntroduced	1	
5482	C024687	sodium molybdate(VI)	1980-06-23	DateIntroduced	1	
5483	C000608518	nacubactam	2016-06-22	DateIntroduced	2	date
5484	C021844	NAD kinase	1976-01-01	DateIntroduced	1	
5485	C058017	6-hydroxy-1,4,5,6-tetrahydronicotinamide adenine dinucleotide	1989-01-25	DateIntroduced	1	
5486	C000731690	nadofaragene firadenovec	2025-06-11	DateIntroduced	2	date
5487	C024778	NADX	1980-06-17	DateIntroduced	1	
5488	C000696935	Naematelia aurantialba	2021-01-01	DateIntroduced	2	date
5489	C032855	nafamostat	1982-01-04	DateIntroduced	1	
5490	C038671	nafimidone	1983-08-16	DateIntroduced	1	
5491	C000627038	nafithromycin	2018-05-17	DateIntroduced	2	date
5492	C064357	naftopidil	1990-07-02	DateIntroduced	1	
5493	C000656715	NaGdF4	2020-02-03	DateIntroduced	2	date
5494	C535580	Najjar syndrome	2010-08-25	DateIntroduced	1	
5495	C000620491	naldemedine	2017-06-15	DateIntroduced	2	date
5496	C111212	TRK 820	1998-04-07	DateIntroduced	1	
5497	C000589308	naloxegol	2014-07-06	DateIntroduced	2	date
5498	C041269	N-methylnaloxone	1984-06-15	DateIntroduced	1	
5499	C010410	6 beta-hydroxynaltrexone	1975-01-01	DateIntroduced	1	
5500	C055382	naltrindole	1988-05-02	DateIntroduced	1	
5501	C113661	imidazolium-bis(imidazole)dimethylsulfoxideimidazotetrachlororuthenate(III)	1998-08-14	DateIntroduced	1	
5502	C000624713	namilumab	2017-11-19	DateIntroduced	2	date
5503	C559961	sodium niobate	2011-08-02	DateIntroduced	1	
5504	C538336	Nance-Horan syndrome	2010-08-25	DateIntroduced	1	
5505	C000730654	nanocurcumin	2024-04-30	DateIntroduced	2	date
5506	C588013	Nanoseal	2014-04-24	DateIntroduced	2	date
5507	C571443	naoxintong	2012-04-18	DateIntroduced	1	
5508	C008584	naphthol AS	1974-01-01	DateIntroduced	1	
5509	C010252	naphthomycin	1975-01-01	DateIntroduced	1	
5510	C000731119	naphthoxazine	2025-01-14	DateIntroduced	2	date
5511	C010909	devrinol	1975-01-01	DateIntroduced	1	
5512	C013612	narasin	1977-01-01	DateIntroduced	1	
5513	C010753	narciclasine	1975-01-01	DateIntroduced	1	
5514	C031062	narcissin flavonol	1981-08-18	DateIntroduced	1	
5515	C087976	nardilysin	1994-07-25	DateIntroduced	1	
5516	C034624	nargenicin A1	1982-06-22	DateIntroduced	1	
5517	C027329	naringenin chalcone	1980-12-16	DateIntroduced	1	
5518	C529068	naringenin-7-O-glucoside	2008-05-22	DateIntroduced	1	
5519	C039827	naringinase	1983-12-21	DateIntroduced	1	
5520	C500601	narirutin	2005-05-22	DateIntroduced	1	
5521	C537396	Neuropathy ataxia and retinitis pigmentosa	2010-08-25	DateIntroduced	1	
5522	C024553	sodium thiocyanate	1980-06-02	DateIntroduced	1	
5523	C536329	Polycystic lipomembranous osteodysplasia with sclerosing leukoencephalopathy	2010-08-25	DateIntroduced	1	
5524	C404416	sodium tantalate	2000-02-26	DateIntroduced	1	
5525	C534467	NaTi2(PO4)3	2009-01-19	DateIntroduced	1	
5526	C000626656	Natrinema	2018-03-26	DateIntroduced	2	date
5527	C000626660	Natronorubrum	2018-03-26	DateIntroduced	2	date
5528	C000717668	natterin	2021-06-08	DateIntroduced	2	date
5529	C000730055	navarixin	2024-01-24	DateIntroduced	2	date
5530	C000732015	navepegritide	2026-05-14	DateIntroduced	2	date
5531	C065565	N-butylbenzenesulfonamide	1990-10-03	DateIntroduced	1	
5532	C000729361	7-nitrobenzo-2-oxa-1,3-diazole chloride	2023-09-20	DateIntroduced	2	date
5533	C045855	3-N-butyl-4,5-dihydrophthalide	1985-08-06	DateIntroduced	1	
5534	C058838	N-bromosaccharin	1989-04-25	DateIntroduced	1	
5535	C528374	N-(5,7-dimethyl-1,8-naphthyridin-2-yl)-1,4,7,10-tetraazacyclododecane-1,4,7-triacetic acid-10-acetamide	2008-04-26	DateIntroduced	1	
5536	C074185	N-(3,5-dichloro-4-hydroxyphenyl)succinimide	1992-05-22	DateIntroduced	1	
5537	C042425	1-nitroso-5,6-dihydrothymine	1984-09-14	DateIntroduced	1	
5538	C027722	naphthalene-1,5-dimaleimide	1981-01-22	DateIntroduced	1	
5539	C021225	4-nitro-3-dimethylaminopropiophenone	1980-01-01	DateIntroduced	1	
5540	C055436	N,N-di-n-propylserotonin	1988-05-06	DateIntroduced	1	
5541	C000722308	NDV-HXP-S COVID-19 vaccine	2022-05-20	DateIntroduced	2	date
5542	C083832	N,N-dipropyl-2-(4-methoxy-3-(2-phenylethoxy)phenyl)ethylamine monohydrochloride	1993-11-23	DateIntroduced	1	
5543	C488396	neamine	2004-08-09	DateIntroduced	1	
5544	C035620	nebulin	1982-09-28	DateIntroduced	1	
5545	C028818	neburon	1981-04-03	DateIntroduced	1	
5546	C527969	necitumumab	2008-04-10	DateIntroduced	1	
5547	C570695	N-(4-(N-(3-methoxypyrazin-2-yl)sulfamoyl)phenyl)-3-(5-nitrothiophene-2-yl)acrylamide	2012-03-14	DateIntroduced	1	
5548	C539827	1-(3-((4-(2-fluorophenyl)piperazin-1-yl)methyl)-4-methoxyphenyl)-2,3,4,9-tetrahydro-1H-pyrido(3,4-b)indole-3-carboxylic acid	2009-04-13	DateIntroduced	1	
5549	C053989	nedaplatin	1987-12-04	DateIntroduced	1	
5550	C057222	neferine	1988-10-26	DateIntroduced	1	
5551	C100200	negamycin	1985-07-18	DateIntroduced	1	
5552	C118437	negative elongation factor	1999-04-23	DateIntroduced	1	
5553	C000646790	Neisseria subflava	2020-01-01	DateIntroduced	2	date
5554	C104457	nelarabine	1997-03-13	DateIntroduced	1	
5555	C000681644	Nematocida parisii	2021-01-01	DateIntroduced	2	date
5556	C000612881	nemolizumab	2016-12-13	DateIntroduced	2	date
5557	C543520	nemonoxacin	2009-09-14	DateIntroduced	1	
5558	C000717732	NEO2734	2021-06-10	DateIntroduced	2	date
5559	C068544	neoagarobiose	1991-05-24	DateIntroduced	1	
5560	C081798	neoagarotetraose	1993-07-20	DateIntroduced	1	
5561	C082497	neoandrographolide	1993-09-03	DateIntroduced	1	
5562	C549830	neobavaisoflavone	2010-06-06	DateIntroduced	1	
5563	C087913	neocnidilide	1994-07-22	DateIntroduced	1	
5564	C414982	neocryptolepine	2000-11-01	DateIntroduced	1	
5565	C000729316	neocryptotanshinone	2023-09-13	DateIntroduced	2	date
5566	C533575	neodolabellane	2008-12-11	DateIntroduced	1	
5567	C091279	neogenin	1995-01-30	DateIntroduced	1	
5568	C555404	neoglucobrassicin	2011-01-30	DateIntroduced	1	
5569	C013613	neohesperidin dihydrochalcone	1977-01-01	DateIntroduced	1	
5570	C100688	Fc receptor, neonatal	1996-09-02	DateIntroduced	1	
5571	C536398	Neonatal-onset citrullinemia type 2	2010-08-25	DateIntroduced	1	
5572	C000674503	Neopestalotiopsis clavispora	2021-01-01	DateIntroduced	2	date
5573	C012452	neoruscogenin	1976-01-01	DateIntroduced	1	
5574	C000681579	Neoscytalidium dimidiatum	2021-01-01	DateIntroduced	2	date
5575	C000627678	neovestitol	2018-07-19	DateIntroduced	2	date
5576	C414203	nepafenac	2000-10-11	DateIntroduced	1	
5577	C497341	nepetalactol	2005-03-09	DateIntroduced	1	
5578	C025633	nereistoxin	1980-08-07	DateIntroduced	1	
5579	C053389	6-amino-1-hydroxyhexane-1,1-diphosphonate	1987-09-17	DateIntroduced	1	
5580	C000731677	nerinetide	2025-06-05	DateIntroduced	2	date
5581	C555442	tumor-cells apoptosis factor, human	2011-01-31	DateIntroduced	1	
5582	C013147	nervonic acid	1976-01-01	DateIntroduced	1	
5583	C000603944	netarsudil	2015-12-31	DateIntroduced	2	date
5584	C119569	netrin-3	1999-06-25	DateIntroduced	1	
5585	C508854	netupitant	2006-03-21	DateIntroduced	1	
5586	C581609	N-(2-(5-methoxy-indol-3-yl)-ethyl)-4-oxo-4H-pyran-2-carboxamide	2013-06-12	DateIntroduced	2	date
5587	C483503	neurexan	2004-04-10	DateIntroduced	1	
5588	C112162	neurexophilin	1998-05-29	DateIntroduced	1	
5589	C537387	Neurocutaneous melanosis	2010-08-25	DateIntroduced	1	
5590	C538421	Neurodegeneration with brain iron accumulation (NBIA)	2010-08-25	DateIntroduced	1	
5591	C051774	neurofilament protein H	1987-05-04	DateIntroduced	1	
5592	C044882	neurofilament protein L	1985-05-07	DateIntroduced	1	
5593	C093438	neuroligin 1	1995-06-06	DateIntroduced	1	
5594	C098003	neuroligin 2	1996-03-07	DateIntroduced	1	
5595	C062316	neurolysin	1990-02-10	DateIntroduced	1	
5596	C056900	neuromedin U	1988-09-22	DateIntroduced	1	
5597	C082444	neuromedin U receptor	1993-08-31	DateIntroduced	1	
5598	C537395	Neuronal intranuclear inclusion disease	2010-08-25	DateIntroduced	1	
5599	C107687	neuronal pentraxin receptor	1997-09-08	DateIntroduced	1	
5600	C021859	neurotoxic esterase	1979-01-01	DateIntroduced	1	
5601	C083929	neuropeptide FF receptor	1993-11-29	DateIntroduced	1	
5602	C095889	neuropeptide Y2 receptor	1995-11-01	DateIntroduced	1	
5603	C109491	neuropeptide Y4 receptor	1998-01-05	DateIntroduced	1	
5604	C000677886	Neurospora intermedia	2021-01-01	DateIntroduced	2	date
5605	C092530	neurotrimin	1995-04-14	DateIntroduced	1	
5606	C073922	neurotrophin 4	1992-05-03	DateIntroduced	1	
5607	C565192	Neutral Lipid Storage Disease with Myopathy	2012-11-05	DateIntroduced	1	
5608	C000707919	nevanimibe	2020-06-29	DateIntroduced	2	date
5609	C035184	new methylene blue	1982-09-08	DateIntroduced	1	
5610	C110258	4,4,',4'',4'''-(carbonylbis(imino-5,1,3-benzenetriylbis(carbonylimino)))tetrakis(benzene-1,3-disulfonate)	1998-02-13	DateIntroduced	1	
5611	C445503	transcription factor NF-AT c3	2002-01-31	DateIntroduced	1	
5612	C021062	niaprazine	1980-01-01	DateIntroduced	1	
5613	C000726653	NiCoFe2O4	2023-01-20	DateIntroduced	2	date
5614	C416723	nicosulfuron	2000-12-11	DateIntroduced	1	
5615	C513882	nicotiflorin	2006-10-03	DateIntroduced	1	
5616	C002953	nicotinate mononucleotide	1973-01-01	DateIntroduced	1	
5617	C000710171	nido-carboranes	2020-09-01	DateIntroduced	2	date
5618	C076259	nifekalant	1992-09-21	DateIntroduced	1	
5619	C515562	nifene	2006-12-16	DateIntroduced	1	
5620	C000677200	Nigrospora sphaerica	2021-01-01	DateIntroduced	2	date
5621	C011952	nikkomycin	1976-01-01	DateIntroduced	1	
5622	C501466	nimotuzumab	2005-06-23	DateIntroduced	1	
5623	C000594254	ningnanmycin	2015-01-06	DateIntroduced	2	date
5624	C000709707	ninjin'yoeito	2020-08-12	DateIntroduced	2	date
5625	C000731839	nipocalimab	2026-01-15	DateIntroduced	2	date
5626	C550722	nirogacestat	2010-07-11	DateIntroduced	1	
5627	C000723975	NIS-793	2022-10-27	DateIntroduced	2	date
5628	C071364	nisin Z	1991-11-22	DateIntroduced	1	
5629	C000731856	nitazene	2026-01-12	DateIntroduced	2	date
5630	C013615	nitidine	1977-01-01	DateIntroduced	1	
5631	C114415	nitric oxide dioxygenase	1998-09-25	DateIntroduced	1	
5632	C034747	nitric-oxide reductase	1982-07-07	DateIntroduced	1	
5633	C048831	nitrile hydratase	1986-08-12	DateIntroduced	1	
5634	C000646398	Nitrobacter winogradskyi	2020-01-01	DateIntroduced	2	date
5635	C000714367	nitronyl nitroxide	2021-03-02	DateIntroduced	2	date
5636	C012456	nitrosobenzene	1976-01-01	DateIntroduced	1	
5637	C022763	nitrous oxide reductase	1980-01-01	DateIntroduced	1	
5638	C570000	niuhuang	2012-02-15	DateIntroduced	1	
5639	C000729737	nivolumab, relatlimab drug combination	2025-01-01	DateIntroduced	2	date
5640	C093238	NK-lysin	1995-05-25	DateIntroduced	1	
5641	C120864	NK lytic-associated molecule	1999-09-16	DateIntroduced	1	
5642	C036324	norlaudanosoline-1-carboxylic acid	1982-12-06	DateIntroduced	1	
5643	C000626065	1-cyclohexyl-2-(5H-imidazo(5,1-a)isoindol-5-yl)ethanol	2018-01-26	DateIntroduced	2	date
5644	C051293	N-lignocerylgalactosylsphingosine	1987-03-04	DateIntroduced	1	
5645	C036363	paragloboside	1982-08-20	DateIntroduced	1	
5646	C033361	N-(3-methylphenyl)-N'-cyanobenzamidine	1982-02-11	DateIntroduced	1	
5647	C036243	N-nitroso-N-methyltyramine	1982-12-02	DateIntroduced	1	
5648	C540261	cyclo-L-glycyl-L-2-allylproline	2009-04-30	DateIntroduced	1	
5649	C488176	N-acetyl-S-(alpha-methyl-4-(2-methylpropyl)benzeneacetyl)cysteine 4-(nitrooxy)butyl ester	2004-07-31	DateIntroduced	1	
5650	C079584	nitrosocobalamin	1993-03-08	DateIntroduced	1	
5651	C033516	deferrioxamine E	1982-02-22	DateIntroduced	1	
5652	C000646063	Nocardia asiatica	2020-01-01	DateIntroduced	2	date
5653	C000646062	Nocardia beijingensis	2020-01-01	DateIntroduced	2	date
5654	C000646058	Nocardia brasiliensis	2020-01-01	DateIntroduced	2	date
5655	C000646042	Nocardia cyriacigeorgica	2020-01-01	DateIntroduced	2	date
5656	C000646036	Nocardia farcinica	2020-01-01	DateIntroduced	2	date
5657	C000646001	Nocardia otitidiscaviarum	2020-01-01	DateIntroduced	2	date
5658	C000646000	Nocardia paucivorans	2020-01-01	DateIntroduced	2	date
5659	C000645998	Nocardia pneumoniae	2020-01-01	DateIntroduced	2	date
5660	C000639569	Rhodococcus ruber	2020-01-01	DateIntroduced	2	date
5661	C000645686	Nocardia seriolae	2020-01-01	DateIntroduced	2	date
5662	C000645669	Nocardia transvalensis	2020-01-01	DateIntroduced	2	date
5663	C572723	1-(1,3-carboxypropyl)-4,7-carboxymethyl-1,4,7-triazacyclononane	2012-06-14	DateIntroduced	1	
5664	C471579	nodakenin	2003-03-01	DateIntroduced	1	
5665	C045625	nodulin	1985-07-10	DateIntroduced	1	
5666	C061580	nonadecane	1989-12-05	DateIntroduced	1	
5667	C517969	nonadecanoic acid	2007-03-14	DateIntroduced	1	
5668	C008776	pelargonic acid	1974-01-01	DateIntroduced	1	
5669	C040937	nonivamide	1984-05-09	DateIntroduced	1	
5670	C000644897	Nonomuraea gerenzanensis	2020-01-01	DateIntroduced	2	date
5671	C537844	Nonseminomatous germ cell tumor	2010-08-25	DateIntroduced	1	
5672	C537845	Nonsyndromic sensorineural hearing loss	2010-08-25	DateIntroduced	1	
5673	C051844	norbinaltorphimine	1987-04-20	DateIntroduced	1	
5674	C081331	24-norursodeoxycholic acid	1993-06-21	DateIntroduced	1	
5675	C069053	norathyriol	1991-07-03	DateIntroduced	1	
5676	C099823	norbixin	1996-07-29	DateIntroduced	1	
5677	C069741	norcantharidin	1991-08-08	DateIntroduced	1	
5678	C024319	norethindrone enanthate	1980-06-05	DateIntroduced	1	
5679	C080127	norfentanyl	1993-04-07	DateIntroduced	1	
5680	C438020	norjuziphine	2001-10-27	DateIntroduced	1	
5681	C005311	nornicotine	1973-01-01	DateIntroduced	1	
5682	C002753	nornuciferine	1972-01-01	DateIntroduced	1	
5683	C526569	noroxymorphone	2008-02-15	DateIntroduced	1	
5684	C014134	nosiheptide	1977-01-01	DateIntroduced	1	
5685	C000644568	Nostoc linckia	2020-01-01	DateIntroduced	2	date
5686	C000644557	Nostoc sphaeroides	2020-01-01	DateIntroduced	2	date
5687	C005082	notexin	1973-01-01	DateIntroduced	1	
5688	C575719	notoginsenoside Ft1	2012-10-18	DateIntroduced	1	
5689	C072936	notoginsenoside R1	1992-03-18	DateIntroduced	1	
5690	C082412	notopterol	1993-08-28	DateIntroduced	1	
5691	C510984	NovaMin	2006-06-15	DateIntroduced	1	
5692	C543065	NovoSorb	2009-08-24	DateIntroduced	1	
5693	C000644532	Novosphingobium aromaticivorans	2020-01-01	DateIntroduced	2	date
5694	C093667	Novozyme 435	1995-06-22	DateIntroduced	1	
5695	C587878	NOX-A12	2014-04-17	DateIntroduced	2	date
5696	C404762	polyoxyethylene(10)nonylphenyl ether	2000-03-06	DateIntroduced	1	
5697	C000729918	NP-G2-044	2023-12-14	DateIntroduced	2	date
5698	C000729862	netrin-1 inhibitor NP137	2023-12-11	DateIntroduced	2	date
5699	C436740	N-(2-hydroxy-3-(2-cyano-3-chlorophenoxy)propyl)-1,1-dimethyl-2-(2-nephthyl)ethylamine	2001-10-14	DateIntroduced	1	
5700	C086491	NS 1619	1994-04-26	DateIntroduced	1	
5701	C487513	NSC 23766	2004-07-03	DateIntroduced	1	
5702	C000604167	2-((4-methylphenyl)sulfonyl)-5-nitrofuran	2016-01-13	DateIntroduced	2	date
5703	C520337	NSC 74859	2007-06-13	DateIntroduced	1	
5704	C114520	nervous system involved sulfotransferase	1998-10-01	DateIntroduced	1	
5705	C068951	methyl(arginyl)-lysyl-prolyl-tryptophyl-tert-leucyl-leucine	1991-06-28	DateIntroduced	1	
5706	C000623155	NTproCNP	2017-10-06	DateIntroduced	2	date
5707	C000632381	NU172	2019-07-16	DateIntroduced	2	date
5708	C402244	nuclear factor Y	1999-12-29	DateIntroduced	1	
5709	C087950	nuclear matrix protein 2	1994-07-25	DateIntroduced	1	
5710	C105231	nucleoredoxin	1997-04-22	DateIntroduced	1	
5711	C067995	nucleoside phosphorylase	1991-04-25	DateIntroduced	1	
5712	C083178	nuezhenide	1993-10-12	DateIntroduced	1	
5713	C119239	nuclear pore complex protein 96	1999-06-08	DateIntroduced	1	
5714	C093350	nuclear pore complex protein 98	1995-06-01	DateIntroduced	1	
5715	C074808	NuPro	1992-06-30	DateIntroduced	1	
5716	C482205	nutlin 3	2004-03-02	DateIntroduced	1	
5717	C000729439	NV848	2023-09-25	DateIntroduced	2	date
5718	C000729440	NV914	2023-09-25	DateIntroduced	2	date
5719	C000729441	NV930	2023-09-25	DateIntroduced	2	date
5720	C570862	2-amino-7-(4-fluoro-2-(6-methoxypyridin-2-yl)phenyl)-4-methyl-7,8-dihydropyrido(4,3-d)pyrimidin-5(6H)-one	2012-03-22	DateIntroduced	1	
5721	C043600	fungitetraose	1984-12-26	DateIntroduced	1	
5722	C000632586	NYX-2925	2019-07-29	DateIntroduced	2	date
5723	C016340	o,p'-DDT	1978-01-01	DateIntroduced	1	
5724	C568537	O-1602 compound	2011-12-12	DateIntroduced	1	
5725	C043943	O-acetylserine	1985-01-28	DateIntroduced	1	
5726	C504164	O-carboxymethylchitosan	2005-09-28	DateIntroduced	1	
5727	C050052	O-desmethylangolensin	1986-10-22	DateIntroduced	1	
5728	C449880	O-GlcNAc transferase	2002-03-20	DateIntroduced	1	
5729	C043584	2-hydroxyphenylethanol	1985-01-02	DateIntroduced	1	
5730	C014196	O-succinylhomoserine	1977-01-01	DateIntroduced	1	
5731	C060843	2-vanillin	1989-10-02	DateIntroduced	1	
5732	C546709	obtusifolin	2010-01-27	DateIntroduced	1	
5733	C045354	ochratoxin B	1985-07-22	DateIntroduced	1	
5734	C000643816	Ochrobactrum intermedium	2020-01-01	DateIntroduced	2	date
5735	C067908	O(6)-codeine methyl ether	1991-04-19	DateIntroduced	1	
5736	C524540	ocotillol	2007-11-28	DateIntroduced	1	
5737	C448619	octaarginine	2002-03-05	DateIntroduced	1	
5738	C022883	octadecane	1980-01-01	DateIntroduced	1	
5739	C024779	octadecylsilane	1980-06-24	DateIntroduced	1	
5740	C061189	octadecyltrichlorosilane	1989-10-25	DateIntroduced	1	
5741	C488938	octaethylporphyrin	2004-09-01	DateIntroduced	1	
5742	C523241	octafluoronaphthalene	2007-10-02	DateIntroduced	1	
5743	C024064	octamethylcyclotetrasiloxane	1980-01-01	DateIntroduced	1	
5744	C031639	caprylic aldehyde	1981-10-01	DateIntroduced	1	
5745	C008698	octanoylcarnitine	1974-01-01	DateIntroduced	1	
5746	C055568	5,7,11,13-octadecatrayne-1,18-diol	1988-05-19	DateIntroduced	1	
5747	C000718682	octenidine and phenoxyethanol drug combination	2021-08-12	DateIntroduced	2	date
5748	C551966	octenyl succinic anhydride-modified starch	2010-09-08	DateIntroduced	1	
5749	C000716353	octominin	2021-04-20	DateIntroduced	2	date
5750	C027604	norsynephrine receptor	1980-12-29	DateIntroduced	1	
5751	C016627	octyl gallate	1978-01-01	DateIntroduced	1	
5752	C514699	octyltriethoxysilane	2006-11-09	DateIntroduced	1	
5753	C537423	Apraxia, oculomotor, Cogan type	2010-08-25	DateIntroduced	1	
5754	C563508	Oculopharyngodistal Myopathy	2012-11-05	DateIntroduced	1	
5755	C000713258	odevixibat	2021-02-17	DateIntroduced	2	date
5756	C000626952	iCpG-ODN	2018-05-04	DateIntroduced	2	date
5757	C564146	Odontohypophosphatasia	2012-11-05	DateIntroduced	1	
5758	C045648	odorant-binding protein	1985-07-16	DateIntroduced	1	
5759	C080077	oenothein B	1993-04-06	DateIntroduced	1	
5760	C000722757	Oestrus ovis	2022-07-05	DateIntroduced	2	date
5761	C527517	ofatumumab	2008-03-24	DateIntroduced	1	
5762	C000686832	Ogataea parapolymorpha	2021-01-01	DateIntroduced	2	date
5763	C000731137	OSMI-1	2025-01-16	DateIntroduced	2	date
5764	C537743	Oguchi disease	2010-08-25	DateIntroduced	1	
5765	C550307	okanin	2010-06-25	DateIntroduced	1	
5766	C578055	oleacein	2013-02-05	DateIntroduced	2	date
5767	C413246	oleanane	2000-09-18	DateIntroduced	1	
5768	C450739	oleanonic acid	2002-03-29	DateIntroduced	1	
5769	C016021	oleogels	1978-01-01	DateIntroduced	1	
5770	C017585	oleoyl-coenzyme A	1978-01-01	DateIntroduced	1	
5771	C488250	oleoylethanolamide	2004-08-03	DateIntroduced	1	
5772	C000731151	olezarsen	2025-01-17	DateIntroduced	2	date
5773	C015462	polyarginine	1978-01-01	DateIntroduced	1	
5774	C031004	oligomycin A	1981-06-23	DateIntroduced	1	
5775	C025620	dolichyl-diphosphooligosaccharide - protein glycotransferase	1980-08-04	DateIntroduced	1	
5776	C000608782	olipudase alfa	2016-07-03	DateIntroduced	2	date
5777	C564931	Oliver Syndrome	2012-11-05	DateIntroduced	1	
5778	C536554	Oliver-McFarlane syndrome	2010-08-25	DateIntroduced	1	
5779	C016630	olivetol	1978-01-01	DateIntroduced	1	
5780	C476392	olivil	2003-08-14	DateIntroduced	1	
5781	C025047	olivomycin A	1980-07-02	DateIntroduced	1	
5782	C000592400	olokizumab	2014-10-15	DateIntroduced	2	date
5783	C000723009	olpasiran	2022-08-03	DateIntroduced	2	date
5784	C000710173	olutasidenib	2020-09-01	DateIntroduced	2	date
5785	C050501	OM 89	1986-11-19	DateIntroduced	1	
5786	C000716691	OM-LV20	2021-04-28	DateIntroduced	2	date
5787	C000591640	omadacycline	2014-09-18	DateIntroduced	2	date
5788	C587539	2-(2,5-difluorophenyl)-5-(2-(methylsulfonyl)-2,6-dihydropyrrolo(3,4-c)pyrazol-5(4H)-yl)tetrahydro-2H-pyran-3-amine	2014-04-02	DateIntroduced	2	date
5789	C000589490	omaveloxolone	2014-07-13	DateIntroduced	2	date
5790	C547293	omecamtiv mecarbil	2010-02-24	DateIntroduced	1	
5791	C078565	omega-3 fatty acid desaturase	1993-01-06	DateIntroduced	1	
5792	C000632951	omidenepag isopropyl	2019-08-06	DateIntroduced	2	date
5793	C000732030	omidubicel	2026-05-18	DateIntroduced	2	date
5794	C000625752	Omiganan	2017-12-29	DateIntroduced	2	date
5795	C561454	omipalisib	2011-09-30	DateIntroduced	1	
5796	C078167	OMPA outer membrane proteins	1992-12-17	DateIntroduced	1	
5797	C113724	OmpC protein	1998-08-19	DateIntroduced	1	
5798	C000721056	ON101	2022-01-25	DateIntroduced	2	date
5799	C000728669	ONC206	2023-06-13	DateIntroduced	2	date
5800	C000728668	ONC212	2023-06-13	DateIntroduced	2	date
5801	C551620	oncocin	2010-08-24	DateIntroduced	1	
5802	C034733	oncomodulin	1982-07-06	DateIntroduced	1	
5803	C000716473	ONL1204	2021-04-23	DateIntroduced	2	date
5804	C059648	onnamide	1989-06-21	DateIntroduced	1	
5805	C522201	remimazolam	2007-08-23	DateIntroduced	1	
5806	C000607300	ONO-2952	2016-05-06	DateIntroduced	2	date
5807	C000608238	tirabrutinib	2016-06-12	DateIntroduced	2	date
5808	C526426	calycosin-7-O-beta-D-glucoside	2008-02-11	DateIntroduced	1	
5809	C000606954	patisiran	2016-04-22	DateIntroduced	2	date
5810	C000597368	ontamalimab	2015-04-29	DateIntroduced	2	date
5811	C000706408	onvansertib	2020-05-21	DateIntroduced	2	date
5812	C068170	oleyloxyethylphosphorylcholine	1991-05-06	DateIntroduced	1	
5813	C008706	oosporein	1974-01-01	DateIntroduced	1	
5814	C061977	polyethylene glycol alkylphenyl ether	1990-01-09	DateIntroduced	1	
5815	C561044	OP-1118	2011-09-15	DateIntroduced	1	
5816	C000613954	Opallis	2017-02-05	DateIntroduced	2	date
5817	C056727	2-(2'-pyridyldithio)benzyldiazoacetate	1988-09-06	DateIntroduced	1	
5818	C040764	ophiobolin A	1984-04-19	DateIntroduced	1	
5819	C046996	ophiopogonin D	1985-12-10	DateIntroduced	1	
5820	C554738	ONX 0912	2011-01-05	DateIntroduced	1	
5821	C092987	Optibond	1995-05-11	DateIntroduced	1	
5822	C469607	OptiBond FL	2002-12-19	DateIntroduced	1	
5823	C535970	Coloboma of optic nerve	2010-08-25	DateIntroduced	1	
5824	C100209	phenethicillin	1985-07-17	DateIntroduced	1	
5825	C075736	Optisol	1992-08-18	DateIntroduced	1	
5826	C519456	opuntiol	2007-05-08	DateIntroduced	1	
5827	C414222	N-(4-(4-methyl-6-oxo-1,4,5,6-tetrahydropyridazin-3-yl)phenyl)acetamide	2000-10-11	DateIntroduced	1	
5828	C000715549	OR-2100	2021-03-23	DateIntroduced	2	date
5829	C000729508	orelabrutinib	2023-10-11	DateIntroduced	2	date
5830	C585331	orfamide A	2013-12-29	DateIntroduced	2	date
5831	C011959	oridonin	1976-01-01	DateIntroduced	1	
5832	C029292	origanum oil	1981-05-15	DateIntroduced	1	
5833	C005283	oripavine	1973-01-01	DateIntroduced	1	
5834	C019511	orlandin	1979-01-01	DateIntroduced	1	
5835	C508548	ormeloxifene	2006-03-12	DateIntroduced	1	
5836	C077209	oroidin	1992-11-09	DateIntroduced	1	
5837	C000608364	oroxin A	2016-06-16	DateIntroduced	2	date
5838	C000604116	oroxin B	2016-01-10	DateIntroduced	2	date
5839	C484966	oroxindin	2004-05-12	DateIntroduced	1	
5840	C080669	5,7-dihydroxy-6-methoxy-2-phenylchromen-4-one	1993-05-10	DateIntroduced	1	
5841	C000596749	oroxylin A-7-O-glucuronide	2015-04-11	DateIntroduced	2	date
5842	C501612	orsellinic acid	2005-06-29	DateIntroduced	1	
5843	C012465	oryzalin	1976-01-01	DateIntroduced	1	
5844	C487471	OSI-420	2004-07-01	DateIntroduced	1	
5845	C512681	Ostene	2006-08-23	DateIntroduced	1	
5846	C586522	osteobiol	2014-02-23	DateIntroduced	2	date
5847	C563276	Osteofibrous Dysplasia	2012-11-05	DateIntroduced	1	
5848	C074533	osteogenic growth peptide	1992-06-13	DateIntroduced	1	
5849	C408994	osteoclast stimulating factor	2000-06-09	DateIntroduced	1	
5850	C046627	osthol	1985-10-30	DateIntroduced	1	
5851	C000623741	Ostreid herpesvirus 1	2018-01-01	DateIntroduced	2	date
5852	C106408	OSW 1	1997-07-01	DateIntroduced	1	
5853	C550701	otelixizumab	2010-07-11	DateIntroduced	1	
5854	C489337	potassium oxonate	2004-09-08	DateIntroduced	1	
5855	C000599187	VT-1161	2015-07-05	DateIntroduced	2	date
5856	C013934	octylonium	1977-01-01	DateIntroduced	1	
5857	C449659	otolin-1	2002-03-15	DateIntroduced	1	
5858	C000622337	OTS964	2017-09-06	DateIntroduced	2	date
5859	C530377	compound 0118	2008-07-29	DateIntroduced	1	
5860	C000605331	OTX015	2016-02-28	DateIntroduced	2	date
5861	C000681919	Hymenopellis raphanipes	2021-01-01	DateIntroduced	2	date
5862	C446402	ovalbumin-alum	2002-02-12	DateIntroduced	1	
5863	C432447	ovatodiolide	2001-08-12	DateIntroduced	1	
5864	C000697895	Ovavesicula popilliae	2021-01-01	DateIntroduced	2	date
5865	C005285	ovex	1974-01-01	DateIntroduced	1	
5866	C539466	Oviductus Ranae	2009-03-30	DateIntroduced	1	
5867	C000623730	Ovine gammaherpesvirus 2	2018-01-01	DateIntroduced	2	date
5868	C050085	ovothiol C	1986-10-29	DateIntroduced	1	
5869	C055187	beta-lactamase PSE-2	1988-04-14	DateIntroduced	1	
5870	C108449	oxacillinase	1997-10-20	DateIntroduced	1	
5871	C490207	oxaline	2004-09-20	DateIntroduced	1	
5872	C005865	troxerutin	1973-01-01	DateIntroduced	1	
5873	C520393	oxidosqualene	2007-06-15	DateIntroduced	1	
5874	C048813	potassium peroxymonosulfuric acid	1986-06-25	DateIntroduced	1	
5875	C043804	diamminedichlorodihydroxyplatinum IV	1985-01-10	DateIntroduced	1	
5876	C015428	perrhenate	1977-01-01	DateIntroduced	1	
5877	C055431	2-oxopropanal-1-oxime	1988-05-06	DateIntroduced	1	
5878	C472349	oxidized-L-alpha-1-palmitoyl-2-arachidonoyl-sn-glycero-3-phosphorylcholine	2003-03-21	DateIntroduced	1	
5879	C017607	oxytocin, 1-penicillamyl-Leu(2)-	1978-01-01	DateIntroduced	1	
5880	C092646	oxyacanthine	1995-04-21	DateIntroduced	1	
5881	C008743	oxychlordane	1974-01-01	DateIntroduced	1	
5882	C045419	oxyma	1985-06-18	DateIntroduced	1	
5883	C047593	oxypaeoniflora	1986-02-11	DateIntroduced	1	
5884	C031535	oxypeucadanin	1981-09-08	DateIntroduced	1	
5885	C034912	puag-haad	1982-07-19	DateIntroduced	1	
5886	C000607776	ozanimod	2016-05-20	DateIntroduced	2	date
5887	C000592413	ozenoxacin	2014-10-15	DateIntroduced	2	date
5888	C000706629	Ozoile	2020-06-02	DateIntroduced	2	date
5889	C068056	poly(3-hydroxybutyrate-co-4-hydroxybutyrate)	1991-04-29	DateIntroduced	1	
5890	C062968	lactide-caprolactone copolymer	1990-03-15	DateIntroduced	1	
5891	C545920	poly(vinylidene fluoride-co-hexafluoro propylene)	2009-12-28	DateIntroduced	1	
5892	C407062	cell-binding peptide P-15	2000-05-01	DateIntroduced	1	
5893	C488060	4-benzoylphenylalanine	2004-07-28	DateIntroduced	1	
5894	C412892	4-fluorofentanyl	2000-09-08	DateIntroduced	1	
5895	C033342	perillaldehyde	1982-02-05	DateIntroduced	1	
5896	C008642	4-nitrophenyl acetate	1974-01-01	DateIntroduced	1	
5897	C084882	P-selectin ligand protein	1994-01-17	DateIntroduced	1	
5898	C000731974	pTau217	2026-04-03	DateIntroduced	2	date
5899	C570895	1-(5-((2,4-difluorophenyl)thio)-4-nitrothiophen-2-yl)ethanone	2012-03-24	DateIntroduced	1	
5900	C099845	purinoceptor P2Y6	1996-07-30	DateIntroduced	1	
5901	C000588862	poly(3-hexylthiophene-2,5-diyl)	2014-06-12	DateIntroduced	2	date
5902	C419399	acetyl-phenylalanyl-threonyl-leucyl-aspartyl-alanyl-aspartyl-phenylalanine	2001-02-03	DateIntroduced	1	
5903	C448901	ribosomal protein S6 kinase, 70kD, polypeptide 1	2002-08-05	DateIntroduced	1	
5904	C000728047	P7C3-A20	2023-04-19	DateIntroduced	2	date
5905	C054885	cytoplasmic protein A	1988-03-21	DateIntroduced	1	
5906	C561234	pacritinib	2011-09-22	DateIntroduced	1	
5907	C035869	phenylacetic dipalmitate	1982-11-03	DateIntroduced	1	
5908	C000708857	padsevonil	2020-07-20	DateIntroduced	2	date
5909	C013222	procaine amide ethobromide	1977-01-01	DateIntroduced	1	
5910	C000670243	Purpureocillium lilacinum	2021-01-01	DateIntroduced	2	date
5911	C000643017	Paenibacillus barengoltzii	2020-01-01	DateIntroduced	2	date
5912	C000642982	Paenibacillus dendritiformis	2020-01-01	DateIntroduced	2	date
5913	C042713	paeoniflorigenone	1984-10-12	DateIntroduced	1	
5914	C013638	paeonol	1977-01-01	DateIntroduced	1	
5915	C464577	toceranib phosphate	2002-08-28	DateIntroduced	1	
5916	C095299	palmitoyl-protein thioesterase	1995-09-25	DateIntroduced	1	
5917	C578782	palmostatin B	2013-03-10	DateIntroduced	2	date
5918	C000731747	Palopegteriparatide	2025-07-14	DateIntroduced	2	date
5919	C000731874	Paltusotine	2026-01-20	DateIntroduced	2	date
5920	C000629004	pegvaliase	2018-11-19	DateIntroduced	2	date
5921	C000711848	PAM2-CSK4	2020-12-16	DateIntroduced	2	date
5922	C061108	N-palmitoyl-S-(2,3-bis(palmitoyloxy)propyl)cysteinyl-seryl-lysyl-lysyl-lysyl-lysine	1989-10-20	DateIntroduced	1	
5923	C024500	pamamycin	1980-05-19	DateIntroduced	1	
5924	C000707927	pamiparib	2020-06-29	DateIntroduced	2	date
5925	C108283	proadrenomedullin (9-20)	1997-10-09	DateIntroduced	1	
5926	C004564	panaxadiol	1973-01-01	DateIntroduced	1	
5927	C050836	pancreastatin	1987-01-08	DateIntroduced	1	
5928	C537162	Pancreatoblastoma	2010-08-25	DateIntroduced	1	
5929	C000641882	Pandoraea sputorum	2020-01-01	DateIntroduced	2	date
5930	C482694	pantocin A	2004-03-18	DateIntroduced	1	
5931	C000641871	Pantoea ananatis	2020-01-01	DateIntroduced	2	date
5932	C000641862	Pantoea dispersa	2020-01-01	DateIntroduced	2	date
5933	C000641851	Pantoea stewartii	2020-01-01	DateIntroduced	2	date
5934	C000641587	Pantoea vagans	2020-01-01	DateIntroduced	2	date
5935	C509557	Papacarie	2006-04-17	DateIntroduced	1	
5936	C064420	polyaminopropylbiguanide	1990-07-06	DateIntroduced	1	
5937	C000723609	(S)-5-(4-hydroxy-3,5-dimethyl-phenyl)-indan-1-ol	2022-09-22	DateIntroduced	2	date
5938	C563277	Papillary Thyroid Microcarcinoma	2012-11-05	DateIntroduced	1	
5939	C537168	Papillorenal syndrome	2010-08-25	DateIntroduced	1	
5940	C025417	4-toluenesulfonamide	1980-07-18	DateIntroduced	1	
5941	C000641579	Parabacteroides distasonis	2020-01-01	DateIntroduced	2	date
5942	C000641577	Parabacteroides goldsteinii	2020-01-01	DateIntroduced	2	date
5943	C000641574	Parabacteroides merdae	2020-01-01	DateIntroduced	2	date
5944	C000641524	Paraburkholderia phymatum	2020-01-01	DateIntroduced	2	date
5945	C000647064	Paracoccus marcusii	2020-01-01	DateIntroduced	2	date
5946	C000647038	Paracoccus versutus	2020-01-01	DateIntroduced	2	date
5947	C063985	paraherquamide	1990-06-06	DateIntroduced	1	
5948	C003045	paramylon	1972-01-01	DateIntroduced	1	
5949	C000673031	Paranosema locustae	2021-01-01	DateIntroduced	2	date
5950	C005409	pararosaniline	1974-01-01	DateIntroduced	1	
5951	C412914	parasporin	2000-09-08	DateIntroduced	1	
5952	C000646656	Parasutterella excrementihominis	2020-01-01	DateIntroduced	2	date
5953	C017603	pardaxin	1977-01-01	DateIntroduced	1	
5954	C409945	parecoxib	2000-06-26	DateIntroduced	1	
5955	C000596536	Paris saponin VII	2015-04-05	DateIntroduced	2	date
5956	C000729035	parishin	2023-07-14	DateIntroduced	2	date
5957	C554064	parishin C	2010-12-10	DateIntroduced	2	closure
5958	C111567	parkin protein	1998-04-24	DateIntroduced	1	
5959	C000656179	parsaclisib	2019-12-23	DateIntroduced	2	date
5960	C536112	Partial atrioventricular canal	2010-08-25	DateIntroduced	1	
5961	C000646647	Parvimonas micra	2020-01-01	DateIntroduced	2	date
5962	C000646354	Pasteurella canis	2020-01-01	DateIntroduced	2	date
5963	C000646339	Pasteuria ramosa	2020-01-01	DateIntroduced	2	date
5964	C562830	Patent Ductus Venosus	2012-11-05	DateIntroduced	1	
5965	C045797	N-(4-pyridylcarbonylamino)-1,2,3,6-tetrahydropyridine	1985-08-29	DateIntroduced	1	
5966	C585471	patritumab	2014-01-05	DateIntroduced	2	date
5967	C000710748	patritumab deruxtecan	2020-09-29	DateIntroduced	2	date
5968	C008773	paulownin	1974-01-01	DateIntroduced	1	
5969	C471364	pyromorphite	2003-02-25	DateIntroduced	1	
5970	C062458	3,4,4a,10b-tetrahydro-4-propyl-2H,5H-(1)benzopyrano(4,3-b)-1,4-oxazin-9-ol	1990-02-18	DateIntroduced	1	
5971	C000592783	macozinone	2014-11-02	DateIntroduced	2	date
5972	C098156	polybenzylmethacrylate	1996-03-18	DateIntroduced	1	
5973	C053178	PC 16	1987-08-14	DateIntroduced	1	
5974	C029790	2,2',3',4,4',5-hexachlorobiphenyl	1981-04-09	DateIntroduced	1	
5975	C014024	2,4,5,2',4',5'-hexachlorobiphenyl	1976-01-01	DateIntroduced	1	
5976	C027309	3,4,5,3',4',5'-hexachlorobiphenyl	1980-12-12	DateIntroduced	1	
5977	C541131	2,2',3,3',4,4',5-heptachlorobiphenyl	2009-06-07	DateIntroduced	1	
5978	C043572	1,3,4,5,6-pentachlorocyclohexene-1-oxide	1985-01-02	DateIntroduced	1	
5979	C031108	1-(1-phenylcyclohexyl)-4-hydroxypiperidine	1981-08-14	DateIntroduced	1	
5980	C529435	PCI 34051	2008-06-11	DateIntroduced	1	
5981	C069048	2,4-diamino-5-cyclohexyl-6-methylpyrimidine	1991-07-03	DateIntroduced	1	
5982	C051185	1-(phenoxycarbonyloxymethyl)-5-fluorouracil	1987-02-13	DateIntroduced	1	
5983	C407102	methoxycarbonylphenylcyclopentylacetyl-N,N'-dimethyltropinium methyl sulfate	2000-05-02	DateIntroduced	1	
5984	C000730028	PCN-222	2024-01-23	DateIntroduced	2	date
5985	C086178	pericentrin	1994-04-07	DateIntroduced	1	
5986	C031665	4-carboxyphenylglyoxal	1981-10-07	DateIntroduced	1	
5987	C038218	poly(bis(4-carboxyphenoxy)methane)	1983-06-23	DateIntroduced	1	
5988	C041645	pro-corticotropin releasing hormone	1984-07-17	DateIntroduced	1	
5989	C000631483	PCSO-524	2019-06-03	DateIntroduced	2	date
5990	C516071	palladium(II) acetate	2007-01-10	DateIntroduced	1	
5991	C477501	N-((4-(2-cyanophenyl)-1-piperazinyl)methyl)-3-methylbenzamide	2003-09-26	DateIntroduced	1	
5992	C115711	PD 173074	1999-11-04	DateIntroduced	1	
5993	C073402	PD 123319	1992-04-08	DateIntroduced	1	
5994	C000626495	PD149163	2018-03-12	DateIntroduced	2	date
5995	C100442	PD 150606	1996-08-21	DateIntroduced	1	
5996	C370242	(R)-2-(4'-bromo-biphenyl-4-sulfonyl-amino)-3-methyl-butyric acid	1999-11-09	DateIntroduced	1	
5997	C062372	purpurate-3,3'-diacetic acid	1990-02-15	DateIntroduced	1	
5998	C045610	5-(2'-naphthyl)-7-4-chlorophenyl-(2,3,6,8-tetrahydro)pyrrolo-(3,4-e)(1,4)-diazepine-6-thioxo-8-(1H,7H)one	1985-07-05	DateIntroduced	1	
5999	C041986	4-phenyl-5,5-dicarbethoxy-2-pyrrolidinone	1984-08-16	DateIntroduced	1	
6000	C040789	3'-O-(5'-phosphoryldeoxycytidyl)phosphorothioate	1984-04-20	DateIntroduced	1	
6001	C109846	poly(2-(diethylamino)ethyl methacrylate)	1998-01-23	DateIntroduced	1	
6002	C095477	platelet-derived growth factor AB	1995-10-05	DateIntroduced	1	
6003	C411423	platelet-derived growth factor C	2000-08-01	DateIntroduced	1	
6004	C407037	poly(2-(dimethylamino)ethyl methacrylate)	2000-04-29	DateIntroduced	1	
6005	C057114	phenyl di-n-pentylphosphinate	1988-10-14	DateIntroduced	1	
6006	C044359	3-(2-pyridyl)-5,6-diphenyl-1,2,4-triazine	1985-03-29	DateIntroduced	1	
6007	C048514	propanoldiaminetetracetic acid	1986-05-14	DateIntroduced	1	
6008	C066229	prolinedithiocarbamate	1990-11-28	DateIntroduced	1	
6009	C409022	PDZ-binding kinase	2000-06-09	DateIntroduced	1	
6010	C105175	African swine fever virus structural protein p14.5	1997-04-18	DateIntroduced	1	
6011	C037240	phenylethane boronic acid	1983-03-10	DateIntroduced	1	
6012	C023911	pectate lyase	1975-01-01	DateIntroduced	1	
6013	C027349	pectin lyase	1980-12-18	DateIntroduced	1	
6014	C000646320	Pectobacterium atrosepticum	2020-01-01	DateIntroduced	2	date
6015	C528671	pectolinarigenin	2008-05-08	DateIntroduced	1	
6016	C052786	pectolinarin	1987-07-31	DateIntroduced	1	
6017	C537163	Pediatric Autoimmune Neuropsychiatric Disorders Associated with Streptococcal infections	2010-08-25	DateIntroduced	1	
6018	C533756	poly(3,4-ethylenedioxythiophene)-poly(styrenesulfonate)	2008-12-16	DateIntroduced	1	
6019	C084241	pedunculoside	1993-12-15	DateIntroduced	1	
6020	C000608065	peficitinib	2016-06-02	DateIntroduced	2	date
6021	C000595209	polyethylene glycol 1000	2016-01-01	DateIntroduced	2	date
6022	C000595210	polyethylene glycol 2000	2016-01-01	DateIntroduced	2	date
6023	C042705	pegaspargase	1984-10-10	DateIntroduced	1	
6024	C521904	poly(ethylene glycol)-block-poly(epsilon-caprolactone)	2007-08-13	DateIntroduced	1	
6025	C437167	poly(ethylene glycol)diacrylate	2001-10-18	DateIntroduced	1	
6026	C502908	poly(ethylene glycol)-poly(caprolactone)-poly(ethylene glycol)	2005-08-17	DateIntroduced	1	
6027	C544016	poly(ethylene glycol)-co-poly(ethyleneimine)	2009-10-03	DateIntroduced	1	
6028	C000589473	polyethylene glycol-poly(lactide-co-glycolide)	2014-07-13	DateIntroduced	2	date
6029	C562190	polyethylene glycol-recombinant human growth hormone	2011-11-03	DateIntroduced	1	
6030	C050761	polyethylene glycol bis(succinimidyl succinate)	1986-12-18	DateIntroduced	1	
6031	C000716074	pegcetacoplan	2021-04-06	DateIntroduced	2	date
6032	C421283	poly(ethylene glycol)-dimethacrylate	2001-03-08	DateIntroduced	1	
6033	C000732077	pegzilarginase	2026-07-01	DateIntroduced	2	date
6034	C014242	verticine	1977-01-01	DateIntroduced	1	
6035	C052510	peimisine	1987-06-19	DateIntroduced	1	
6036	C000730804	pelacarsen	2024-08-01	DateIntroduced	2	date
6037	C040375	pelubiprofen	1984-03-21	DateIntroduced	1	
6038	C537373	Multicystic renal dysplasia, bilateral	2010-08-25	DateIntroduced	1	
6039	C540740	(R)-2-(3-((benzoxazol-2-yl-d4 (3-(4-methoxyphenoxy-d7)propyl)amino)methyl)phenoxy) butanoic acid	2009-05-20	DateIntroduced	1	
6040	C000730870	pemgarda	2024-08-27	DateIntroduced	2	date
6041	C000705477	pemigatinib	2020-04-20	DateIntroduced	2	date
6042	C536648	Pendred syndrome	2010-08-25	DateIntroduced	1	
6043	C486140	penehyclidine	2004-06-01	DateIntroduced	1	
6044	C414409	penetratin	2000-10-17	DateIntroduced	1	
6045	C000686555	Talaromyces aculeatus	2021-01-01	DateIntroduced	2	date
6046	C000677177	Penicillium brevicompactum	2021-01-01	DateIntroduced	2	date
6047	C000698383	Penicillium citrinum	2021-01-01	DateIntroduced	2	date
6048	C000684290	Penicillium crustosum	2021-01-01	DateIntroduced	2	date
6049	C000678958	Talaromyces funiculosus	2021-01-01	DateIntroduced	2	date
6050	C000677180	Penicillium janthinellum	2021-01-01	DateIntroduced	2	date
6051	C000681039	Penicillium nalgiovense	2021-01-01	DateIntroduced	2	date
6052	C000698471	Penicillium nordicum	2021-01-01	DateIntroduced	2	date
6053	C000670121	Penicillium polonicum	2021-01-01	DateIntroduced	2	date
6054	C000687286	Talaromyces purpureogenus	2021-01-01	DateIntroduced	2	date
6055	C000688922	Penicillium rubens	2021-01-01	DateIntroduced	2	date
6056	C000672982	Penicillium steckii	2021-01-01	DateIntroduced	2	date
6057	C000681036	Penicillium verrucosum	2021-01-01	DateIntroduced	2	date
6058	C000703135	Talaromyces verruculosus	2021-01-01	DateIntroduced	2	date
6059	C008782	penicilloic acid	1974-01-01	DateIntroduced	1	
6060	C003626	tremortin	1971-01-01	DateIntroduced	1	
6061	C536650	Penoscrotal transposition	2010-08-25	DateIntroduced	1	
6062	C098189	pentabromophenol	1996-03-19	DateIntroduced	1	
6063	C486857	pentafluoropyridine	2004-06-10	DateIntroduced	1	
6064	C435084	pentagalloylglucose	2001-09-20	DateIntroduced	1	
6065	C060166	pentaglobulin	1989-08-07	DateIntroduced	1	
6066	C017996	arenaemycin E	1978-01-01	DateIntroduced	1	
6067	C046012	pentanal	1985-08-14	DateIntroduced	1	
6068	C000654818	PTPD-12	2019-11-25	DateIntroduced	2	date
6069	C426945	Pentavac	2001-05-31	DateIntroduced	1	
6070	C539106	penthiopyrad	2009-03-15	DateIntroduced	1	
6071	C559761	pentoxifylline-tocopherol-clodronate	2011-07-26	DateIntroduced	1	
6072	C062187	pentosidine	1990-01-29	DateIntroduced	1	
6073	C480521	peonidin 3-glucoside	2004-01-14	DateIntroduced	1	
6074	C000623910	Pepino mosaic virus	2018-01-01	DateIntroduced	2	date
6075	C000623922	Pepper mild mottle virus	2018-01-01	DateIntroduced	2	date
6076	C040106	peptidase 7	1984-01-24	DateIntroduced	1	
6077	C056943	peptide B	1988-09-23	DateIntroduced	1	
6078	C084507	peptide deformylase	1993-12-30	DateIntroduced	1	
6079	C441626	peptide P	2001-12-18	DateIntroduced	1	
6080	C118897	peptidoglycan recognition protein	1999-05-19	DateIntroduced	1	
6081	C019674	aminoacyl-tRNA hydrolase	1970-01-01	DateIntroduced	1	
6082	C000645531	Peptostreptococcus anaerobius	2020-01-01	DateIntroduced	2	date
6083	C000645527	Peptostreptococcus stomatis	2020-01-01	DateIntroduced	2	date
6084	C499007	peramine	2005-04-08	DateIntroduced	1	
6085	C053752	perezone	1987-11-20	DateIntroduced	1	
6086	C000720250	perfluoro-2-methoxyacetic acid	2021-12-02	DateIntroduced	2	date
6087	C036567	perfluorodecanoic acid	1983-01-05	DateIntroduced	1	
6088	C101815	perfluoro-n-heptanoic acid	1996-11-15	DateIntroduced	1	
6089	C586085	perfluoroundecanoic acid	2014-02-02	DateIntroduced	2	date
6090	C522391	perfluorododecanoic acid	2007-08-30	DateIntroduced	1	
6091	C528185	perfluoroheptane	2008-04-20	DateIntroduced	1	
6092	C471071	perfluorohexanesulfonic acid	2003-02-12	DateIntroduced	1	
6093	C479228	perfluorohexanoic acid	2003-12-02	DateIntroduced	1	
6094	C063900	perfluorooctanesulfonamide	1990-05-31	DateIntroduced	1	
6095	C000619812	perfluoropentanoic acid	2017-06-02	DateIntroduced	2	date
6096	C078113	perfluoropolyether	1992-12-15	DateIntroduced	1	
6097	C000720348	perfluoropropanesulfonic acid	2021-12-08	DateIntroduced	2	date
6098	C033093	perfluoropropionic acid	1982-01-13	DateIntroduced	1	
6099	C000720111	perfluorotetradecanoic acid	2021-11-23	DateIntroduced	2	date
6100	C000720141	perfluorotridecanoic acid	2021-11-24	DateIntroduced	2	date
6101	C020452	Clostridium perfringens theta-toxin	1979-01-01	DateIntroduced	1	
6102	C541372	perhydropolysilazane	2009-06-18	DateIntroduced	1	
6103	C523077	methyl (3S,4S,5S,6S)-6-chloro-3,4,5-trihydroxy-1-cyclohexene-1-carboxylate	2007-09-27	DateIntroduced	1	
6104	C022049	perimidine	1980-01-01	DateIntroduced	1	
6105	C038036	phenalen-1-one	1983-06-06	DateIntroduced	1	
6106	C502381	periplocin	2005-07-27	DateIntroduced	1	
6107	C000593569	periplocymarin	2014-12-12	DateIntroduced	2	date
6108	C055781	perlolyrine	1988-06-08	DateIntroduced	1	
6109	C065533	perospirone	1990-10-02	DateIntroduced	1	
6110	C022333	peroxygenase	1979-01-01	DateIntroduced	1	
6111	C512862	peroxycarbonic acid	2006-08-28	DateIntroduced	1	
6112	C044622	peroxyoxalate	1985-04-23	DateIntroduced	1	
6113	C566822	Perry Syndrome	2012-11-05	DateIntroduced	1	
6114	C536665	Persistent Mullerian duct syndrome	2010-08-25	DateIntroduced	1	
6115	C051552	persulfides	1987-04-03	DateIntroduced	1	
6116	C000716299	perylene-3,4,9,10-tetracarboxylic diimide	2021-04-16	DateIntroduced	2	date
6117	C455107	petunidin-3-glucoside	2002-05-24	DateIntroduced	1	
6118	C048129	Vialon	1986-04-09	DateIntroduced	1	
6119	C000601947	polyethylene glycol loxenatide	2015-10-08	DateIntroduced	2	date
6120	C542342	pexacerfont	2009-07-27	DateIntroduced	1	
6121	C521108	6-(4-(3-(methylsulfonyl)benzylamino)-5-(trifluoromethyl)pyrimidin-2-ylamino)-3,4-dihydroquinolin-2(1H)-one	2007-07-13	DateIntroduced	1	
6122	C560620	N-pyridazin-3-yl-4-(3-((5-(trifluoromethyl)pyridin-2-yl)oxy)benzylidene)piperidine-1-carboxamide	2011-08-28	DateIntroduced	1	
6123	C583657	PF-04859989	2013-09-26	DateIntroduced	2	date
6124	C000625742	PF-06840003	2017-12-28	DateIntroduced	2	date
6125	C550923	PF 3758309	2010-07-20	DateIntroduced	1	
6126	C570314	PF-429242	2012-02-27	DateIntroduced	1	
6127	C000606714	PF-5190457	2016-04-15	DateIntroduced	2	date
6128	C573330	PF-543	2012-07-08	DateIntroduced	1	
6129	C550725	6-(3-(piperazin-1-yl)propanoyl)benzo(d)oxazol-2(3H)-one	2010-07-11	DateIntroduced	1	
6130	C000712974	PFK158	2021-02-04	DateIntroduced	2	date
6131	C000708459	PFK15	2020-07-08	DateIntroduced	2	date
6132	C055118	pentalenolactone F methyl ester	1988-04-07	DateIntroduced	1	
6133	C497150	N-(4-(4-(2,3-dichlorophenyl)piperazin-1-yl)but-2-enyl)-4-pyridine-2-ylbenzamide	2005-03-06	DateIntroduced	1	
6134	C562350	N-(4-(4-(2,3-dichlorophenyl)piperazin-1-yl)butyl)-4-(pyridin-3-yl)benzamide	2011-11-13	DateIntroduced	1	
6135	C100573	prostaglandin A1	1981-10-30	DateIntroduced	1	
6136	C027005	prostaglandin D3	1980-11-18	DateIntroduced	1	
6137	C100006	prostaglandin F1	1981-09-17	DateIntroduced	1	
6138	C008228	15-keto-13,14-dihydroprostaglandin F2alpha	1975-01-01	DateIntroduced	1	
6139	C037112	9-deoxy-delta-9-prostaglandin D2	1983-02-25	DateIntroduced	1	
6140	C028602	(ortho-nitrophenyl)sulfenyl pentagastrin	1981-03-16	DateIntroduced	1	
6141	C050763	polyglycidoxy propyl methyl siloxane	1986-12-18	DateIntroduced	1	
6142	C000645498	Phaeobacter inhibens	2020-01-01	DateIntroduced	2	date
6143	C000677980	Phaeomoniella chlamydospora	2021-01-01	DateIntroduced	2	date
6144	C000645201	Phascolarctobacterium faecium	2020-01-01	DateIntroduced	2	date
6145	C026914	4-hydroxybenzylcyanide	1980-11-13	DateIntroduced	1	
6146	C039552	phenylalanylalanine	1983-11-30	DateIntroduced	1	
6147	C048251	phenylalanylarginine	1986-04-24	DateIntroduced	1	
6148	C033517	phenylalanylleucine	1982-02-22	DateIntroduced	1	
6149	C026650	phenylalanylphenylalanine	1980-10-30	DateIntroduced	1	
6150	C420709	phenylalanyl-valine	2001-02-28	DateIntroduced	1	
6151	C536801	Telomeric 22q13 Monosomy Syndrome	2010-08-25	DateIntroduced	1	
6152	C000682519	Sanghuangporus baumii	2021-01-01	DateIntroduced	2	date
6153	C000684605	Phellinus igniarius	2021-01-01	DateIntroduced	2	date
6154	C000704029	Tropicoporus linteus	2021-01-01	DateIntroduced	2	date
6155	C104601	phellopterin	1997-03-19	DateIntroduced	1	
6156	C000654180	phenamacril	2019-10-07	DateIntroduced	2	date
6157	C420923	phenazine-1-carboxamide	2001-03-02	DateIntroduced	1	
6158	C037165	1-phenazinecarboxylic acid	1983-03-10	DateIntroduced	1	
6159	C000710336	PhenDC3	2020-09-09	DateIntroduced	2	date
6160	C008842	4-amino-3-phenylbutyric acid	1975-01-01	DateIntroduced	1	
6161	C022336	phenol 2-monooxygenase	1979-01-01	DateIntroduced	1	
6162	C025971	staphylococcal delta toxin	1980-08-28	DateIntroduced	1	
6163	C417714	phenolic acid decarboxylase	2001-01-06	DateIntroduced	1	
6164	C020456	phenoxazinone	1979-01-01	DateIntroduced	1	
6165	C042329	phenoxy radical	1984-08-31	DateIntroduced	1	
6166	C570634	phenyl acetate	2012-03-13	DateIntroduced	1	
6167	C005441	phenylisothiocyanate	1973-01-01	DateIntroduced	1	
6168	C074232	Phenyl-P adhesion promoting monomer	1992-05-27	DateIntroduced	1	
6169	C003089	phenylacetylglutamine	1972-01-01	DateIntroduced	1	
6170	C022050	phenylacetylglycine	1980-01-01	DateIntroduced	1	
6171	C029341	oxophenylarsine	1981-05-20	DateIntroduced	1	
6172	C035822	phenylcyclohexane	1982-10-19	DateIntroduced	1	
6173	C012483	phenylhydrazone	1976-01-01	DateIntroduced	1	
6174	C012484	phenylhydroxylamine	1976-01-01	DateIntroduced	1	
6175	C450681	phenyllithium	2002-03-28	DateIntroduced	1	
6176	C053003	S-phenyl-N-acetylcysteine	1987-08-03	DateIntroduced	1	
6177	C023604	phenylphosphonic acid	1980-04-10	DateIntroduced	1	
6178	C032623	pheophorbide a	1981-12-21	DateIntroduced	1	
6179	C034741	N-phthaloylglutamic acid	1982-07-07	DateIntroduced	1	
6180	C542294	phillygenin	2009-07-24	DateIntroduced	1	
6181	C000598619	trilobatin	2015-06-15	DateIntroduced	2	date
6182	C085059	phloxine	1994-01-28	DateIntroduced	1	
6183	C000705635	phoenixin	2020-04-24	DateIntroduced	2	date
6184	C000679463	Phoma herbarum	2021-01-01	DateIntroduced	2	date
6185	C035753	phomopsin	1982-10-18	DateIntroduced	1	
6186	C000677280	Phomopsis asparagi	2021-01-01	DateIntroduced	2	date
6187	C514153	1,3-bis(bis(pyridin-2-ylmethyl)amino)propan-2-ol	2006-10-18	DateIntroduced	1	
6188	C003117	phosalone	1972-01-01	DateIntroduced	1	
6189	C051521	phosphatidylethanol	1987-03-27	DateIntroduced	1	
6190	C106336	phosphatidylinositol 3,5-diphosphate	1997-06-26	DateIntroduced	1	
6191	C037178	phosphatidylinositol 4-phosphate	1983-03-14	DateIntroduced	1	
6192	C113567	phosphatidylinositol 5-phosphate	1998-08-11	DateIntroduced	1	
6193	C020077	1-phosphatidylinositol-4-phosphate 5-kinase	1970-01-01	DateIntroduced	1	
6194	C022353	phosphatidylserine decarboxylase	1974-01-01	DateIntroduced	1	
6195	C408123	phosphatidylserine receptor	2000-05-22	DateIntroduced	1	
6196	C519090	phosphinine	2007-04-25	DateIntroduced	1	
6197	C014148	phosphocitrate	1977-01-01	DateIntroduced	1	
6198	C013193	phosphoglycolate	1977-01-01	DateIntroduced	1	
6199	C000731025	phosphoglycosyl transferase	2026-01-01	DateIntroduced	2	date
6200	C022367	phosphoketolase	1978-01-01	DateIntroduced	1	
6201	C105606	phospholipase D2	1997-05-16	DateIntroduced	1	
6202	C052799	phosphomannomutase	1987-08-05	DateIntroduced	1	
6203	C113117	tributylmethyl phosphonium chloride	1998-07-21	DateIntroduced	1	
6204	C022390	phosphoribulokinase	1974-01-01	DateIntroduced	1	
6205	C022393	phosphoserine aminotransferase	1970-01-01	DateIntroduced	1	
6206	C000644855	Photobacterium damselae	2020-01-01	DateIntroduced	2	date
6207	C000644854	Photobacterium damselae subsp. damselae	2020-01-01	DateIntroduced	2	date
6208	C000644813	Photorhabdus laumondii	2020-01-01	DateIntroduced	2	date
6209	C003135	phoxim	1972-01-01	DateIntroduced	1	
6210	C043388	phthalazine	1984-12-24	DateIntroduced	1	
6211	C008901	phthiocerol dimycocerosate	1974-01-01	DateIntroduced	1	
6212	C008902	phthiocol	1969-01-01	DateIntroduced	1	
6213	C011069	phycocyanobilin	1976-01-01	DateIntroduced	1	
6214	C011070	phycoerythrobilin	1976-01-01	DateIntroduced	1	
6215	C517985	phyllanthin	2007-03-14	DateIntroduced	1	
6216	C075425	physalin F	1992-08-01	DateIntroduced	1	
6217	C508873	3,7,11,15-tetramethyl-1,2,3-hexadecanetriol	2006-03-22	DateIntroduced	1	
6218	C000644483	Phytobacter diazotrophicus	2020-01-01	DateIntroduced	2	date
6219	C118301	phosphoinositide-3,4-bisphosphate	1999-04-14	DateIntroduced	1	
6220	C118303	phosphoinositide-3,4,5-triphosphate	1999-04-14	DateIntroduced	1	
6221	C000722249	PI-2620	2022-05-13	DateIntroduced	2	date
6222	C000622691	pibrentasvir	2017-09-20	DateIntroduced	2	date
6223	C058229	polydatin	1989-02-16	DateIntroduced	1	
6224	C000685372	Pichia manshurica	2021-01-01	DateIntroduced	2	date
6225	C000686320	Pichia kluyveri	2021-01-01	DateIntroduced	2	date
6226	C003142	picolinamide	1972-01-01	DateIntroduced	1	
6227	C416837	picroside II	2000-12-12	DateIntroduced	1	
6228	C100213	piericidin A	1985-07-18	DateIntroduced	1	
6229	C537185	Pierson syndrome	2010-08-25	DateIntroduced	1	
6230	C057532	polyisohexylcyanoacrylate	1988-12-01	DateIntroduced	1	
6231	C041876	procollagen Type III-N-terminal peptide	1983-10-13	DateIntroduced	1	
6232	C003145	picromycin	1972-01-01	DateIntroduced	1	
6233	C562485	Pili Torti	2012-11-05	DateIntroduced	1	
6234	C042288	pilsicainide	1984-10-11	DateIntroduced	1	
6235	C406031	proto-oncogene proteins pim	2000-04-04	DateIntroduced	1	
6236	C433018	pimarane	2001-08-19	DateIntroduced	1	
6237	C000605010	pimodivir	2016-02-18	DateIntroduced	2	date
6238	C033815	pimonidazole	1982-04-14	DateIntroduced	1	
6239	C000621940	pinacol	2017-08-17	DateIntroduced	2	date
6240	C578864	4,4,5,5-tetramethyl(1,3,2)dioxaborolane	2013-03-13	DateIntroduced	2	date
6241	C108261	pinobanksin	1997-10-08	DateIntroduced	1	
6242	C013200	pinoresinol diglucoside	1976-01-01	DateIntroduced	1	
6243	C522997	pinostilbene	2007-09-24	DateIntroduced	1	
6244	C049032	pinosylvin	1986-07-08	DateIntroduced	1	
6245	C005569	pipamperone	1973-01-01	DateIntroduced	1	
6246	C044956	piperitenone	1985-05-15	DateIntroduced	1	
6247	C496656	piperitone	2005-02-23	DateIntroduced	1	
6248	C027260	pirarubicin	1980-12-12	DateIntroduced	1	
6249	C000679139	Serendipita indica	2021-01-01	DateIntroduced	2	date
6250	C006253	pirinixic acid	1975-01-01	DateIntroduced	1	
6251	C088446	pironetin	1994-08-16	DateIntroduced	1	
6252	C030971	piscidic acid	1981-08-25	DateIntroduced	1	
6253	C000623778	Piscine orthoreovirus	2018-01-01	DateIntroduced	2	date
6254	C086548	pixantrone	1994-05-02	DateIntroduced	1	
6255	C434926	N-(oxo-5,6-dihydrophenanthridin-2-yl)-N,N-dimethylacetamide hydrochloride	2001-09-18	DateIntroduced	1	
6256	C015482	protein kinase modulator	1978-01-01	DateIntroduced	1	
6257	C451241	PKH67	2002-04-04	DateIntroduced	1	
6258	C061479	protein kinase inhibitor peptide	1989-11-24	DateIntroduced	1	
6259	C522342	pladienolide B	2007-08-29	DateIntroduced	1	
6260	C000624031	Plantago asiatica mosaic virus	2018-01-01	DateIntroduced	2	date
6261	C048013	Plasmalyte A	1986-03-20	DateIntroduced	1	
6262	C100637	plasmepsin II	1996-08-28	DateIntroduced	1	
6263	C065181	plasmin receptor	1990-09-06	DateIntroduced	1	
6264	C073412	sulfide quinone reductase	1992-04-09	DateIntroduced	1	
6265	C098341	platelet membrane glycoprotein VI	1996-03-29	DateIntroduced	1	
6266	C008936	platycodin	1974-01-01	DateIntroduced	1	
6267	C108953	platycodin D	1997-11-26	DateIntroduced	1	
6268	C584575	plecanatide	2013-11-24	DateIntroduced	2	date
6269	C000677973	Plectosphaerella cucumerina	2021-01-01	DateIntroduced	2	date
6270	C000676434	Pleurocybella porrigens	2021-01-01	DateIntroduced	2	date
6271	C537516	Pleuropulmonary blastoma	2010-08-25	DateIntroduced	1	
6272	C000684702	Pleurotus citrinopileatus	2021-01-01	DateIntroduced	2	date
6273	C000686309	Pleurotus djamor	2021-01-01	DateIntroduced	2	date
6274	C000678331	Pleurotus pulmonarius	2021-01-01	DateIntroduced	2	date
6275	C091529	plexin	1995-02-15	DateIntroduced	1	
6276	C049901	plipastatin	1986-09-23	DateIntroduced	1	
6277	C000731231	plozasiran	2025-02-18	DateIntroduced	2	date
6278	C046311	periodate-lysine-paraformaldehyde	1985-09-27	DateIntroduced	1	
6279	C083404	bis(agmatine)oxalamide	1993-10-25	DateIntroduced	1	
6280	C068511	plumericin	1991-05-23	DateIntroduced	1	
6281	C000644054	Pluralibacter gergoviae	2020-01-01	DateIntroduced	2	date
6282	C464484	pluronic block copolymer P123	2002-08-27	DateIntroduced	1	
6283	C016678	pluviatolide	1978-01-01	DateIntroduced	1	
6284	C528407	PLX 4720	2008-04-28	DateIntroduced	1	
6285	C000706013	PLX51107	2020-05-11	DateIntroduced	2	date
6286	C000630231	PLX5622	2019-03-15	DateIntroduced	2	date
6287	C504197	pyrromethene 597	2005-09-30	DateIntroduced	1	
6288	C038934	polymyxin B nonapeptide	1983-09-27	DateIntroduced	1	
6289	C064409	2,3-4,5-di-O-isopropylidene-1-O-methyl-beta-fructopyranose	1990-07-05	DateIntroduced	1	
6290	C032000	phosphatidyl-N-monomethylaminoethanol	1981-10-22	DateIntroduced	1	
6291	C504156	hydrocinnamate-cyclo(ornithyl-prolyl-cyclohexylalanyl-tryptophyl-arginyl)	2005-09-28	DateIntroduced	1	
6292	C000657335	pNaKtide	2020-02-19	DateIntroduced	2	date
6293	C079465	pneumocandin B(0)	1993-03-01	DateIntroduced	1	
6294	C051592	pneumococcal surface protein A	1987-04-10	DateIntroduced	1	
6295	C059200	4-nitrophenylgalactoside	1989-05-22	DateIntroduced	1	
6296	C068798	4-aminophenylphosphate	1991-06-10	DateIntroduced	1	
6297	C508388	1-(5-chloro-2,4-dimethoxyphenyl)-3-(5-methylisoxazol-3-yl)urea	2006-03-06	DateIntroduced	1	
6298	C000614931	PNU-142300	2017-03-10	DateIntroduced	2	date
6299	C000614932	PNU-142586	2017-03-10	DateIntroduced	2	date
6300	C502356	3'-deamino-3'',4'-anhydro-(2''-methoxy-3''-oxy-4''-morpholinyl)doxorubicin	2005-07-27	DateIntroduced	1	
6301	C498513	PNU-282987	2005-04-01	DateIntroduced	1	
6302	C000598562	poacic acid	2015-06-11	DateIntroduced	2	date
6303	C000619933	pocapavir	2017-06-04	DateIntroduced	2	date
6304	C000675971	Pochonia chlamydosporia	2021-01-01	DateIntroduced	2	date
6305	C001643	podocalyxin	1972-01-01	DateIntroduced	1	
6306	C000677921	Podosphaera pannosa	2021-01-01	DateIntroduced	2	date
6307	C000671037	Podospora bulbillosa	2021-01-01	DateIntroduced	2	date
6308	C483658	Pogostone	2004-04-14	DateIntroduced	1	
6309	C565820	Poikiloderma with Neutropenia	2012-11-05	DateIntroduced	1	
6310	C102654	Polident	1997-01-09	DateIntroduced	1	
6311	C584242	poliumoside	2013-11-07	DateIntroduced	2	date
6312	C116863	poly(butyl methacrylate)	1999-02-02	DateIntroduced	1	
6313	C511916	poly(2-ethyl-2-oxazoline)	2006-07-21	DateIntroduced	1	
6314	C115766	poly(2-methacryloyloxyethyl-phosphorylcholine)	1998-12-08	DateIntroduced	1	
6315	C413485	poly(2-methoxyethylacrylate)	2000-09-25	DateIntroduced	1	
6316	C117403	poly(2-methyl-2-oxazoline)	1999-03-01	DateIntroduced	1	
6317	C577913	poly(2-oxazoline)	2013-02-01	DateIntroduced	2	date
6318	C058671	poly(2-vinylpyridine)	1989-03-30	DateIntroduced	1	
6319	C077114	styrenesulfonic acid polymer	1992-11-03	DateIntroduced	1	
6320	C019535	poly(4-vinylpyridine)	1979-01-01	DateIntroduced	1	
6321	C431184	poly(acrylamide-co-acrylic acid)	2001-07-23	DateIntroduced	1	
6322	C507253	poly(beta-amino ester)	2006-01-23	DateIntroduced	1	
6323	C089797	bionole	1994-11-07	DateIntroduced	1	
6324	C517178	polycarboxybetaine methacrylate	2007-02-15	DateIntroduced	1	
6325	C505405	poly(ethylene imine)	2005-11-18	DateIntroduced	1	
6326	C469892	poly(glycerol-sebacate)	2002-12-31	DateIntroduced	1	
6327	C502907	polyglycidol	2005-08-17	DateIntroduced	1	
6328	C042535	polyglycidyl methacrylate	1984-10-04	DateIntroduced	1	
6329	C027819	polyleucine	1981-02-03	DateIntroduced	1	
6330	C429790	poly(N,N-dimethylacrylamide)	2001-06-29	DateIntroduced	1	
6331	C086861	poly-N-vinylcaprolactam	1994-05-19	DateIntroduced	1	
6332	C530487	poly(o-phenylenediamine)	2008-08-04	DateIntroduced	1	
6333	C079733	poly-4-dioxan-2-one	1993-03-17	DateIntroduced	1	
6334	C443641	poly(propyleneimine)	2002-01-11	DateIntroduced	1	
6335	C520889	poly(styrene-alt-maleic anhydride)	2007-07-03	DateIntroduced	1	
6336	C521900	poly(styrene-co-maleic anhydride)	2007-08-13	DateIntroduced	1	
6337	C521589	sulfobetaine methacrylate polymer	2007-08-01	DateIntroduced	1	
6338	C059299	polytrimethylene carbonate	1989-05-30	DateIntroduced	1	
6339	C000628261	polyadenine	2018-09-14	DateIntroduced	2	date
6340	C000729641	poly-d-lysine	2023-11-03	DateIntroduced	2	date
6341	C069424	polyadenosine	1991-07-23	DateIntroduced	1	
6342	C513053	polyamic acid	2006-09-01	DateIntroduced	1	
6343	C030312	calcium polycarbophil	1981-07-10	DateIntroduced	1	
6344	C460801	polycarpol	2002-07-26	DateIntroduced	1	
6345	C082361	polydiacetylene	1993-08-26	DateIntroduced	1	
6346	C029449	polyene phosphatidylcholine	1981-05-22	DateIntroduced	1	
6347	C000624694	polyetherketoneketone	2017-11-19	DateIntroduced	2	date
6348	C000595214	polyethylene glycol 4000	2016-01-01	DateIntroduced	2	date
6349	C083094	polyglucosan	1993-10-07	DateIntroduced	1	
6350	C029243	glyceran polyricinoleic acid ester	1981-05-04	DateIntroduced	1	
6351	C011080	polyglycine	1976-01-01	DateIntroduced	1	
6352	C060540	polyhexamethyleneguanidine	1989-08-30	DateIntroduced	1	
6353	C493734	polyHIPE	2004-12-07	DateIntroduced	1	
6354	C034639	polymeric IgA	1982-06-22	DateIntroduced	1	
6355	C402373	poly(methylhydrosiloxane)	2000-01-03	DateIntroduced	1	
6356	C532869	polymethylsilsesquioxane	2008-11-12	DateIntroduced	1	
6357	C022424	polyphosphate kinase	1973-01-01	DateIntroduced	1	
6358	C108974	poly(phosphazene)	1997-11-28	DateIntroduced	1	
6359	C047269	polyphosphoric acid	1986-01-07	DateIntroduced	1	
6360	C000597304	polyphyllin H	2015-04-26	DateIntroduced	2	date
6361	C556217	polyphyllin I	2011-03-02	DateIntroduced	1	
6362	C000626497	polyphyllin II	2018-03-12	DateIntroduced	2	date
6363	C585643	polyphyllin VII	2014-01-15	DateIntroduced	2	date
6364	C011083	polyproline	1976-01-01	DateIntroduced	1	
6365	C039211	polypropylene carbonate	1983-10-13	DateIntroduced	1	
6366	C475673	polyrotaxane	2003-07-18	DateIntroduced	1	
6367	C015475	polysarcosine	1977-01-01	DateIntroduced	1	
6368	C569780	polysilsesquioxane	2012-02-06	DateIntroduced	1	
6369	C025252	poly-DL-succinimide	1980-07-17	DateIntroduced	1	
6370	C000731038	Polyvascular Disease	2024-11-20	DateIntroduced	2	date
6371	C443106	protein O-mannose beta-1,2-N-acetylglucosaminyltransferase	2002-01-08	DateIntroduced	1	
6372	C474837	pomiferin	2003-06-23	DateIntroduced	1	
6373	C115535	pomolic acid	1998-11-27	DateIntroduced	1	
6374	C415002	ponazuril	2000-11-01	DateIntroduced	1	
6375	C119641	poncirin	1999-06-28	DateIntroduced	1	
6376	C550169	ponesimod	2010-06-20	DateIntroduced	1	
6377	C090365	ponicidin	1994-12-08	DateIntroduced	1	
6378	C000623794	Mamastrovirus 3	2018-01-01	DateIntroduced	2	date
6379	C455165	poricoic acid A	2002-05-26	DateIntroduced	1	
6380	C000613206	Poroid hidradenoma	2018-01-01	DateIntroduced	2	date
6381	C421025	porphyra-334	2001-03-05	DateIntroduced	1	
6382	C000643340	Porphyromonas gulae	2020-01-01	DateIntroduced	2	date
6383	C000720850	poseltinib	2022-01-18	DateIntroduced	2	date
6384	C562745	Corneal Dystrophy, Posterior Polymorphous, 1	2012-11-05	DateIntroduced	1	
6385	C033652	postsynaptic density proteins	1982-03-26	DateIntroduced	1	
6386	C033320	potassium fluoride	1982-02-03	DateIntroduced	1	
6387	C056591	potassium phosphite	1988-08-20	DateIntroduced	1	
6388	C000731768	pozelimab	2025-07-24	DateIntroduced	2	date
6389	C059051	purpurin 18	1989-05-09	DateIntroduced	1	
6390	C572919	PP242	2012-06-22	DateIntroduced	1	
6391	C045870	polyterephthalic acid anhydride	1985-08-07	DateIntroduced	1	
6392	C068473	N-(3-phenyl-n-propyl)-1-phenyl-2-aminopropane	1991-05-22	DateIntroduced	1	
6393	C017990	adenosine 3'-diphosphate 5'-diphosphate	1979-01-01	DateIntroduced	1	
6394	C057654	pyridoxal phosphate-6-azophenyl-2'-sulfonic acid	1988-12-14	DateIntroduced	1	
6395	C111264	peroxisome-proliferator-activated receptor-gamma coactivator-1	1998-04-09	DateIntroduced	1	
6396	C032022	phosphoric phenyl ester diamide	1981-10-30	DateIntroduced	1	
6397	C047254	5-phenylpent-4-enyl-1-hydroperoxide	1986-01-02	DateIntroduced	1	
6398	C115103	phorbol 12-pyrenebutyrate 13-(3,3,3-trifloro-2-diazopropioate)	1998-11-02	DateIntroduced	1	
6399	C072212	PR 39	1992-02-12	DateIntroduced	1	
6400	C570894	2,6-diaminopyridine-3,5-bis(thiocyanate)	2012-03-24	DateIntroduced	1	
6401	C000726748	Schaaf-Yang syndrome	2023-02-07	DateIntroduced	2	date
6402	C507250	pradofloxacin	2006-01-23	DateIntroduced	1	
6403	C047681	pranlukast	1986-02-24	DateIntroduced	1	
6404	C043940	pyranoprofen	1985-01-25	DateIntroduced	1	
6405	C071738	2-(4-morpholino)ethyl-1-phenylcyclohexane-1-carboxylate	1991-12-23	DateIntroduced	1	
6406	C021322	prednisolone hemisuccinate	1980-01-01	DateIntroduced	1	
6407	C018370	pregnenolone sulfate	1979-01-01	DateIntroduced	1	
6408	C090764	prelamin A	1995-01-03	DateIntroduced	1	
6409	C000599113	23-ketoundecylprodiginine	2015-07-02	DateIntroduced	2	date
6410	C542732	prenylcysteine	2009-08-12	DateIntroduced	1	
6411	C525272	prenylterphenyllin	2007-12-30	DateIntroduced	1	
6412	C005550	prephenic acid	1973-01-01	DateIntroduced	1	
6413	C033660	preproenkephalin	1982-03-30	DateIntroduced	1	
6414	C013737	preproinsulin	1978-01-01	DateIntroduced	1	
6415	C443100	preptin	2002-01-08	DateIntroduced	1	
6416	C058280	preussin	1989-02-20	DateIntroduced	1	
6417	C000643298	Prevotella bivia	2020-01-01	DateIntroduced	2	date
6418	C000643286	Prevotella denticola	2020-01-01	DateIntroduced	2	date
6419	C000643285	Prevotella disiens	2020-01-01	DateIntroduced	2	date
6420	C000643281	Prevotella histicola	2020-01-01	DateIntroduced	2	date
6421	C000642976	Prevotella oris	2020-01-01	DateIntroduced	2	date
6422	C000642973	Prevotella pallens	2020-01-01	DateIntroduced	2	date
6423	C000642970	Prevotella pleuritidis	2020-01-01	DateIntroduced	2	date
6424	C000642968	Prevotella salivae	2020-01-01	DateIntroduced	2	date
6425	C000642965	Prevotella stercorea	2020-01-01	DateIntroduced	2	date
6426	C000642964	Prevotella timonensis	2020-01-01	DateIntroduced	2	date
6427	C000612974	PRG Barrier Coat	2016-12-18	DateIntroduced	2	date
6428	C009185	pridinol	1969-01-01	DateIntroduced	1	
6429	C483720	pridopidine	2004-04-16	DateIntroduced	1	
6430	C105838	prieurianin	1997-05-30	DateIntroduced	1	
6431	C498945	prim-O-glucosylcimifugin	2005-04-07	DateIntroduced	1	
6432	C562642	Amyloidosis, Primary Cutaneous	2012-11-05	DateIntroduced	1	
6433	C536417	Primary malignant melanoma of the cervix	2010-08-25	DateIntroduced	1	
6434	C536418	Primary orthostatic tremor	2010-08-25	DateIntroduced	1	
6435	C103500	Prime & Bond	1997-02-05	DateIntroduced	1	
6436	C113282	prinomastat	1998-07-27	DateIntroduced	1	
6437	C000718427	celastrol methyl ester	2021-07-29	DateIntroduced	2	date
6438	C000629976	PrNMI	2019-02-21	DateIntroduced	2	date
6439	C501632	Pro Seal	2005-06-29	DateIntroduced	1	
6440	C045406	prolylarginine	1985-06-14	DateIntroduced	1	
6441	C013706	big gastrin	1977-01-01	DateIntroduced	1	
6442	C035645	prolylglutamic acid	1982-10-04	DateIntroduced	1	
6443	C018170	prolylleucine	1979-01-01	DateIntroduced	1	
6444	C448039	prolyl-proline	2002-02-28	DateIntroduced	1	
6445	C074016	prolyl-tyrosine	1992-05-08	DateIntroduced	1	
6446	C034446	prolylvaline	1982-06-08	DateIntroduced	1	
6447	C088633	proadrenomedullin	1994-08-29	DateIntroduced	1	
6448	C000730808	proanthocyanidin B2	2024-08-02	DateIntroduced	2	date
6449	C110664	ProBase	1998-03-06	DateIntroduced	1	
6450	C118659	procathepsin K	1999-05-05	DateIntroduced	1	
6451	C000717530	procizumab	2021-05-25	DateIntroduced	2	date
6452	C000714571	Procollagen Type I	2022-01-01	DateIntroduced	2	date
6453	C520684	procyanidin A1	2007-06-26	DateIntroduced	1	
6454	C542735	procyanidin A2	2009-08-12	DateIntroduced	1	
6455	C479579	procyanidin B1	2004-08-06	DateIntroduced	1	
6456	C479580	procyanidin B2	2004-08-06	DateIntroduced	1	
6457	C000630864	procyanidin trimer C1	2019-05-02	DateIntroduced	2	date
6458	C010307	prodiginine	1975-01-01	DateIntroduced	1	
6459	C024273	profenofos	1980-05-29	DateIntroduced	1	
6460	C425983	profoxydim	2001-05-18	DateIntroduced	1	
6461	C097314	progesterone receptor B	1996-01-26	DateIntroduced	1	
6462	C566113	Progressive Encephalomyelitis with Rigidity	2012-11-05	DateIntroduced	1	
6463	C535933	Cholestasis, progressive familial intrahepatic 1	2010-08-25	DateIntroduced	1	
6464	C087079	pro-gastrin-releasing peptide (31-98)	1994-06-03	DateIntroduced	1	
6465	C000730806	Prohexadione-calcium	2024-08-02	DateIntroduced	2	date
6466	C422904	pro-islet amyloid polypeptide	2001-03-30	DateIntroduced	1	
6467	C003342	stachydrine	1973-01-01	DateIntroduced	1	
6468	C022452	D-proline reductase (dithiol)	1976-01-01	DateIntroduced	1	
6469	C033082	proline transporter	1982-01-12	DateIntroduced	1	
6470	C010509	prolinol	1975-01-01	DateIntroduced	1	
6471	C005598	prolintane	1970-01-01	DateIntroduced	1	
6472	C022448	lysosomal Pro-X carboxypeptidase	1973-01-01	DateIntroduced	1	
6473	C013657	promestriene	1977-01-01	DateIntroduced	1	
6474	C063776	propacetamol	1990-05-24	DateIntroduced	1	
6475	C028255	propargyl alcohol	1981-03-05	DateIntroduced	1	
6476	C009054	propargylamine	1974-01-01	DateIntroduced	1	
6477	C009055	propargylglycine	1974-01-01	DateIntroduced	1	
6478	C032114	propentofylline	1981-11-05	DateIntroduced	1	
6479	C035967	propetamphos	1982-12-15	DateIntroduced	1	
6480	C038451	pro-phenoloxidase	1983-07-20	DateIntroduced	1	
6481	C533957	propidium monoazide	2008-12-23	DateIntroduced	1	
6482	C012509	propineb	1976-01-01	DateIntroduced	1	
6483	C011537	propiolic acid	1976-01-01	DateIntroduced	1	
6484	C000642930	Propionibacterium acidifaciens	2020-01-01	DateIntroduced	2	date
6485	C000642925	Propionibacterium freudenreichii subsp. shermanii	2020-01-01	DateIntroduced	2	date
6486	C096126	propionic anhydride	1995-11-13	DateIntroduced	1	
6487	C000642913	Propionimicrobium lymphophilum	2020-01-01	DateIntroduced	2	date
6488	C015586	propiverine	1978-01-01	DateIntroduced	1	
6489	C544537	proquinazid	2009-10-30	DateIntroduced	1	
6490	C000624565	ProRoot MTA	2017-11-14	DateIntroduced	2	date
6491	C026473	prosapogenin	1980-10-10	DateIntroduced	1	
6492	C038291	prostaglandin G2	1983-07-07	DateIntroduced	1	
6493	C565201	Prostate Cancer, Hereditary, 7	2012-11-05	DateIntroduced	1	
6494	C428439	prostatic acid phosphatase	2001-06-14	DateIntroduced	1	
6495	C422655	prostein	2001-03-27	DateIntroduced	1	
6496	C068621	protamine 2	1991-05-29	DateIntroduced	1	
6497	C112908	protease-activated receptor 4	1999-11-04	DateIntroduced	1	
6498	C000591716	10,17-dihydroxydocosa-4,7,11,13,15,19-hexaenoic acid	2014-09-21	DateIntroduced	2	date
6499	C094880	protegrin-1	1995-08-31	DateIntroduced	1	
6500	C089212	protein kinase D	1994-09-30	DateIntroduced	1	
6501	C080406	protein phosphatase 4	1993-04-22	DateIntroduced	1	
6502	C089641	protein phosphatase 5	1994-10-28	DateIntroduced	1	
6503	C106079	protein phosphatase 6	1997-06-13	DateIntroduced	1	
6504	C026080	plasma protein Z	1980-08-29	DateIntroduced	1	
6505	C039079	protein-tyrosine sulfotransferase	1983-10-13	DateIntroduced	1	
6506	C413548	proteorhodopsin	2000-09-26	DateIntroduced	1	
6507	C550005	prothioconazole	2010-06-13	DateIntroduced	1	
6508	C000656708	prothioconazole-desthio	2020-02-03	DateIntroduced	2	date
6509	C029733	prothrombin fragment 1	1976-01-01	DateIntroduced	1	
6510	C022475	prothrombinase complex	1978-01-01	DateIntroduced	1	
6511	C009090	protoberberine	1974-01-01	DateIntroduced	1	
6512	C459619	protodioscin	2002-07-14	DateIntroduced	1	
6513	C493785	Protollin	2004-12-08	DateIntroduced	1	
6514	C081552	protopanaxatriol	1993-07-06	DateIntroduced	1	
6515	C000642587	Providencia alcalifaciens	2020-01-01	DateIntroduced	2	date
6516	C000642584	Providencia rettgeri	2020-01-01	DateIntroduced	2	date
6517	C000642581	Providencia stuartii	2020-01-01	DateIntroduced	2	date
6518	C000642579	Providencia vermicola	2020-01-01	DateIntroduced	2	date
6519	C083295	prunetin	1993-10-19	DateIntroduced	1	
6520	C506622	prunin	2006-01-03	DateIntroduced	1	
6521	C521881	poly(styrene)-block-poly(2-vinylpyrindine) diblock copolymer	2007-08-10	DateIntroduced	1	
6522	C541965	polystyrene-b-poly(ethylene oxide)	2009-07-13	DateIntroduced	1	
6523	C456319	PS1145	2002-06-12	DateIntroduced	1	
6524	C103469	polysialyl neural cell adhesion molecule	1997-02-04	DateIntroduced	1	
6525	C525433	psammaplysene D	2008-01-03	DateIntroduced	1	
6526	C046357	phenylsaligenin cyclic phosphate	1985-10-16	DateIntroduced	1	
6527	C513444	5,7-diacetamido-3,5,7,9-tetradeoxynonulosonic acid	2006-09-14	DateIntroduced	1	
6528	C000642557	Pseudanabaena galeata	2020-01-01	DateIntroduced	2	date
6529	C535824	Pseudoangiomatous stromal hyperplasia	2010-08-25	DateIntroduced	1	
6530	C060800	psi-baptigenin	1989-09-26	DateIntroduced	1	
6531	C000700302	Pseudocercospora nelumbonicola	2021-01-01	DateIntroduced	2	date
6532	C000636204	Pseudoflavonifractor capillosus	2020-01-01	DateIntroduced	2	date
6533	C413985	pseudoginsenoside F11	2000-10-04	DateIntroduced	1	
6534	C058391	pseudolaric acid B	1989-02-27	DateIntroduced	1	
6535	C000637729	Pseudomonas asiatica	2020-01-01	DateIntroduced	2	date
6536	C000637705	Pseudomonas capeferrum	2020-01-01	DateIntroduced	2	date
6537	C000635908	Pseudomonas fulva	2020-01-01	DateIntroduced	2	date
6538	C000635903	Pseudomonas gessardii	2020-01-01	DateIntroduced	2	date
6539	C000635893	Pseudomonas guguanensis	2020-01-01	DateIntroduced	2	date
6540	C000635885	Pseudomonas hunanensis	2020-01-01	DateIntroduced	2	date
6541	C000635870	Pseudomonas knackmussii	2020-01-01	DateIntroduced	2	date
6542	C000635869	Pseudomonas koreensis	2020-01-01	DateIntroduced	2	date
6543	C000635857	Pseudomonas lundensis	2020-01-01	DateIntroduced	2	date
6544	C000635856	Pseudomonas lurida	2020-01-01	DateIntroduced	2	date
6545	C000635840	Pseudomonas monteilii	2020-01-01	DateIntroduced	2	date
6546	C000635836	Pseudomonas mosselii	2020-01-01	DateIntroduced	2	date
6547	C000635571	Pseudomonas nitroreducens	2020-01-01	DateIntroduced	2	date
6548	C000635564	Pseudomonas oryzihabitans	2020-01-01	DateIntroduced	2	date
6549	C000635563	Pseudomonas otitidis	2020-01-01	DateIntroduced	2	date
6550	C000635558	Pseudomonas parafulva	2020-01-01	DateIntroduced	2	date
6551	C000635551	Pseudomonas plecoglossicida	2020-01-01	DateIntroduced	2	date
6552	C000635545	Pseudomonas protegens	2020-01-01	DateIntroduced	2	date
6553	C000635543	Pseudomonas psychrophila	2020-01-01	DateIntroduced	2	date
6554	C000635515	Pseudomonas simiae	2020-01-01	DateIntroduced	2	date
6555	C000635514	Pseudomonas soli	2020-01-01	DateIntroduced	2	date
6556	C000635510	Pseudomonas synxantha	2020-01-01	DateIntroduced	2	date
6557	C000635507	Pseudomonas taiwanensis	2020-01-01	DateIntroduced	2	date
6558	C000635500	Pseudomonas tolaasii	2020-01-01	DateIntroduced	2	date
6559	C000635493	Pseudomonas umsongensis	2020-01-01	DateIntroduced	2	date
6560	C000635491	Pseudomonas veronii	2020-01-01	DateIntroduced	2	date
6561	C000635489	Pseudomonas viridiflava	2020-01-01	DateIntroduced	2	date
6562	C000635472	Pseudonocardia alni	2020-01-01	DateIntroduced	2	date
6563	C000625030	pseudopaline	2017-11-26	DateIntroduced	2	date
6564	C562401	Pseudopapilledema	2012-11-05	DateIntroduced	1	
6565	C000630206	pseudouridimycin	2019-03-12	DateIntroduced	2	date
6566	C096995	pseudouridine synthases	1996-01-04	DateIntroduced	1	
6567	C022479	pseudouridylate synthetase	1973-01-01	DateIntroduced	1	
6568	C012013	pseurotin	1976-01-01	DateIntroduced	1	
6569	C082668	pregnancy-specific beta-1-glycoprotein 12	1993-09-14	DateIntroduced	1	
6570	C000717991	PSMA I&T	2021-07-02	DateIntroduced	2	date
6571	C000624634	PSMA-1007	2017-11-16	DateIntroduced	2	date
6572	C000602389	PSMA-617	2015-10-29	DateIntroduced	2	date
6573	C000614279	PT2385	2017-02-19	DateIntroduced	2	date
6574	C000730437	Pt@ZIF-8	2024-03-20	DateIntroduced	2	date
6575	C079540	perfluoro-2,2,2',2'-tetramethyl-4,4'-bis(1,3-dioxolane)	1993-03-05	DateIntroduced	1	
6576	C000711752	emvododstat	2020-12-14	DateIntroduced	2	date
6577	C000712133	PTC596	2021-01-05	DateIntroduced	2	date
6578	C049737	ptelatoside A	1986-08-29	DateIntroduced	1	
6579	C085592	pteridine reductase	1994-03-01	DateIntroduced	1	
6580	C019065	pterin deaminase	1979-01-01	DateIntroduced	1	
6581	C019546	pteryxin	1979-01-01	DateIntroduced	1	
6582	C044597	polytetramethylenehexamethylenedicarbamate	1985-04-09	DateIntroduced	1	
6583	C404768	vatalanib	2000-03-06	DateIntroduced	1	
6584	C001420	3-hydroxyphenyltrimethylammonium	1970-01-01	DateIntroduced	1	
6585	C404813	polytetramethyloxide	2000-03-08	DateIntroduced	1	
6586	C031629	phosphoenolpyruvate-glucose phosphotransferase	1981-09-30	DateIntroduced	1	
6587	C000597460	puberulic acid	2015-05-03	DateIntroduced	2	date
6588	C000700719	Puccinia hordei	2021-01-01	DateIntroduced	2	date
6589	C442842	plant extract, Puerariae Radix	2002-01-05	DateIntroduced	1	
6590	C033607	puerarin	1982-03-16	DateIntroduced	1	
6591	C009108	pulcherriminic acid	1974-01-01	DateIntroduced	1	
6592	C562405	Pulmonary Alveolar Microlithiasis	2012-11-05	DateIntroduced	1	
6593	C562404	Pulmonary Arteriovenous Fistulas	2012-11-05	DateIntroduced	1	
6594	C530309	pumiloside	2008-07-24	DateIntroduced	1	
6595	C546681	RADA16-I	2010-01-27	DateIntroduced	1	
6596	C025579	enkephalin degrading enzyme	1980-08-01	DateIntroduced	1	
6597	C492074	poly(vinyl alcohol)-hylauronic acid	2004-10-09	DateIntroduced	1	
6598	C036125	polyvinylacetate phthalate polymer	1982-11-16	DateIntroduced	1	
6599	C063253	sulfated polyvinyl alcohol	1990-04-05	DateIntroduced	1	
6600	C073666	vinylidene fluoride-trifluoroethylene copolymer	1992-04-20	DateIntroduced	1	
6601	C423202	poly(N-p-vinylbenzyl-maltonamide)	2001-04-09	DateIntroduced	1	
6602	C492908	2-amino-3-(4'-N,N-bis(2-chloroethyl)amino)phenylpropionic acid N-oxide	2004-11-07	DateIntroduced	1	
6603	C057091	5'-O-(9-phenylxanthen-9-yl)-2'-deoxynebularine	1988-10-13	DateIntroduced	1	
6604	C582723	pyclen	2013-08-07	DateIntroduced	2	date
6605	C000656527	pydiflumetofen	2020-01-21	DateIntroduced	2	date
6606	C480311	pymetrozine	2004-01-10	DateIntroduced	1	
6607	C025316	pyochelin	1979-01-01	DateIntroduced	1	
6608	C108448	Pyolysin, Arcanobacterium pyogenes	1997-10-20	DateIntroduced	1	
6609	C023793	pyomelanin	1980-04-28	DateIntroduced	1	
6610	C540973	pyrabactin	2009-06-02	DateIntroduced	1	
6611	C490076	pyranopterin	2004-09-17	DateIntroduced	1	
6612	C000628385	pyrazolam	2018-09-27	DateIntroduced	2	date
6613	C038362	pyrazolone	1983-08-05	DateIntroduced	1	
6614	C118531	pyrazolopyridine	1999-04-27	DateIntroduced	1	
6615	C433343	ethyl 5-(4,6-dimethoxypyrimidin-2-ylcarbamoylsulfamoyl)-1-methylpyrazole-4-carboxylate	2001-08-22	DateIntroduced	1	
6616	C062482	pyridazine	1990-02-20	DateIntroduced	1	
6617	C571561	pyridine-2,6-dicarboxamide	2012-04-23	DateIntroduced	1	
6618	C051439	pyridinecarboxaldehyde	1987-03-23	DateIntroduced	1	
6619	C567962	pyridostatin	2011-11-15	DateIntroduced	1	
6620	C536254	Pyridoxine-dependent epilepsy	2010-08-25	DateIntroduced	1	
6621	C108337	pyrimethanil	1997-10-10	DateIntroduced	1	
6622	C000600621	pyroligneous acid	2015-08-26	DateIntroduced	2	date
6623	C045143	pyromellitic diimide	1985-06-05	DateIntroduced	1	
6624	C000712628	pyronaridine tetraphosphate, artesunate drug combination	2021-01-25	DateIntroduced	2	date
6625	C000622954	pyrotinib	2017-09-28	DateIntroduced	2	date
6626	C428024	pyroxamide	2001-06-12	DateIntroduced	1	
6627	C000592472	pyroxasulfone	2014-10-18	DateIntroduced	2	date
6628	C059571	2-formyl-5-(hydroxymethyl)pyrrole-1-norleucine	1989-06-15	DateIntroduced	1	
6629	C051266	pyrrole-2-carboxaldehyde	1987-02-26	DateIntroduced	1	
6630	C002986	2-pyrrolecarboxylic acid	1973-01-01	DateIntroduced	1	
6631	C438462	pyrrolo(2,1-c)(1,4)benzodiazepine	2001-11-04	DateIntroduced	1	
6632	C527741	pyrrolopyrimidine	2008-04-02	DateIntroduced	1	
6633	C410406	pyrroloquinoline	2000-07-10	DateIntroduced	1	
6634	C403287	pyruvate dehydrogenase kinase 4	2000-01-31	DateIntroduced	1	
6635	C584497	telacebec	2013-11-19	DateIntroduced	2	date
6636	C530394	qiangxin	2008-07-29	DateIntroduced	1	
6637	C000604568	qiangzhi	2016-02-01	DateIntroduced	2	date
6638	C572413	qiliqiangxin	2012-05-28	DateIntroduced	1	
6639	C000707138	qingfei paidu decoction	2020-06-16	DateIntroduced	2	date
6640	C546212	qingzhen	2010-01-09	DateIntroduced	1	
6641	C494415	qinpi	2004-12-26	DateIntroduced	1	
6642	C000711350	qishen granule	2020-11-16	DateIntroduced	2	date
6643	C528580	qishen yiqi	2008-05-05	DateIntroduced	1	
6644	C513530	quadricyclane	2006-09-18	DateIntroduced	1	
6645	C056476	quebrachitol	1988-08-08	DateIntroduced	1	
6646	C079163	quercetagetin	1993-02-08	DateIntroduced	1	
6647	C443401	quercetin 3-O-glucuronide	2002-01-10	DateIntroduced	1	
6648	C404204	quercetin-3-O-rutinoside	2000-02-21	DateIntroduced	2	closure
6649	C543211	1,2,5,8-tetrahydroxy anthraquinone	2009-09-01	DateIntroduced	1	
6650	C489048	quinclorac	2004-09-02	DateIntroduced	1	
6651	C068040	quinone methide	1991-04-27	DateIntroduced	1	
6652	C064835	quizalofop-ethyl	1990-08-08	DateIntroduced	1	
6653	C532980	quxie	2008-11-15	DateIntroduced	1	
6654	C012647	QX-314	1976-01-01	DateIntroduced	1	
6655	C402365	resiquimod	2000-01-03	DateIntroduced	1	
6656	C571759	R-CHOP protocol	2012-04-30	DateIntroduced	1	
6657	C512542	thymoglobulin	2006-08-17	DateIntroduced	1	
6658	C583075	rabies virus glycoprotein peptide	2013-08-27	DateIntroduced	2	date
6659	C420866	racemosol	2001-03-01	DateIntroduced	1	
6660	C000590234	racotumomab	2014-08-04	DateIntroduced	2	date
6661	C000627876	RAD140	2018-08-08	DateIntroduced	2	date
6662	C000626801	radiprodil	2018-04-18	DateIntroduced	2	date
6663	C051274	Bupleurum root extract	1987-02-27	DateIntroduced	1	
6664	C000713787	rehmannia root	2022-01-01	DateIntroduced	2	date
6665	C000606751	4-methyl-N-(3-(4-methylimidazol-1-yl)-5-trifluoromethylphenyl)-3-(4-pyrazin-2-ylpyrimidin-2-ylamino)benzamide	2016-04-17	DateIntroduced	2	date
6666	C535282	Raine syndrome	2010-08-25	DateIntroduced	1	
6667	C000621069	ralinepag	2017-07-03	DateIntroduced	2	date
6668	C000640679	Ralstonia insidiosa	2020-01-01	DateIntroduced	2	date
6669	C000640678	Ralstonia mannitolilytica	2020-01-01	DateIntroduced	2	date
6670	C000640677	Ralstonia pseudosolanacearum	2020-01-01	DateIntroduced	2	date
6671	C570208	Ramalin	2012-02-23	DateIntroduced	1	
6672	C094493	ran-binding protein 2	1995-08-08	DateIntroduced	1	
6673	C571901	RAP-103	2012-05-07	DateIntroduced	1	
6674	C000634228	RapaLink-1	2019-09-16	DateIntroduced	2	date
6675	C535289	Rapp-Hodgkin syndrome	2010-08-25	DateIntroduced	1	
6676	C051609	peripheral membrane protein 43K	1987-04-07	DateIntroduced	1	
6677	C534678	RAPTA-T	2009-01-29	DateIntroduced	1	
6678	C000629409	ravulizumab	2018-12-21	DateIntroduced	2	date
6679	C000596355	reduning	2015-03-29	DateIntroduced	2	date
6680	C063421	Remazol black B	1990-04-20	DateIntroduced	1	
6681	C109260	reactive orange	1997-12-15	DateIntroduced	1	
6682	C545303	reactive red 195	2009-12-03	DateIntroduced	1	
6683	C506998	Remazol Red F3B	2006-01-13	DateIntroduced	1	
6684	C000715556	rebacin	2021-03-23	DateIntroduced	2	date
6685	C052785	rebamipide	1987-07-31	DateIntroduced	1	
6686	C000627803	rebastinib	2018-08-01	DateIntroduced	2	date
6687	C586824	rebaudioside D	2014-03-06	DateIntroduced	2	date
6688	C000590692	rebaudioside M	2014-08-14	DateIntroduced	2	date
6689	C414123	reblastatin	2000-10-10	DateIntroduced	1	
6690	C033395	relaxin receptors	1982-02-16	DateIntroduced	1	
6691	C027928	retinol binding protein receptor	1981-01-27	DateIntroduced	1	
6692	C039919	RNA, recombinant	1984-01-10	DateIntroduced	1	
6693	C022059	red pigment-concentrating hormone	1980-01-01	DateIntroduced	1	
6694	C000723170	rehmannioside A	2022-08-15	DateIntroduced	2	date
6695	C000593860	relamorelin	2014-12-21	DateIntroduced	2	date
6696	C000721227	relatlimab	2022-02-07	DateIntroduced	2	date
6697	C082134	relcovaptan	1993-08-11	DateIntroduced	1	
6698	C568736	relebactam	2011-12-20	DateIntroduced	1	
6699	C000718412	relmacabtagene autoleucel	2021-07-28	DateIntroduced	2	date
6700	C427545	RELT	2001-06-07	DateIntroduced	1	
6701	C561634	relugolix	2011-10-09	DateIntroduced	1	
6702	C587242	RelyX U200	2014-03-23	DateIntroduced	2	date
6703	C483701	Rely X Unicem	2004-04-15	DateIntroduced	1	
6704	C000722911	remibrutinib	2022-07-22	DateIntroduced	2	date
6705	C000588556	4-(4-cyanophenyl)-2-(2-cyclopentylidenehydrazinyl)thiazole	2014-05-25	DateIntroduced	2	date
6706	C103794	remorin	1997-02-13	DateIntroduced	1	
6707	C537048	Allanson Pantzar McLeod syndrome	2010-06-25	DateIntroduced	1	
6708	C521557	renalase	2007-07-31	DateIntroduced	1	
6709	C537761	Renpenning syndrome 1	2010-08-25	DateIntroduced	1	
6710	C490707	reparixin	2004-09-25	DateIntroduced	1	
6711	C000732044	vusolimogene oderparepvec	2026-07-06	DateIntroduced	2	date
6712	C000708510	repotrectinib	2020-07-08	DateIntroduced	2	date
6713	C000716728	reproxalap	2021-04-28	DateIntroduced	2	date
6714	C550621	RepSox	2010-07-07	DateIntroduced	1	
6715	C005734	bufogenin	1969-01-01	DateIntroduced	1	
6716	C515492	reslizumab	2006-12-14	DateIntroduced	1	
6717	C518399	resolvin D1	2007-03-28	DateIntroduced	1	
6718	C545423	resolvin D2	2009-12-09	DateIntroduced	1	
6719	C572765	resolvin D5	2012-06-17	DateIntroduced	1	
6720	C466160	resorcinarene	2002-10-07	DateIntroduced	1	
6721	C014180	resorufin	1977-01-01	DateIntroduced	1	
6722	C022709	superoxide-forming enzyme	1979-01-01	DateIntroduced	1	
6723	C003298	reticuline	1972-01-01	DateIntroduced	1	
6724	C078865	reticulocalbin	1993-01-25	DateIntroduced	1	
6725	C538362	Reticuloendotheliosis, X-linked	2010-08-25	DateIntroduced	1	
6726	C000731936	retifanlimab	2026-03-16	DateIntroduced	2	date
6727	C022520	retinol dehydrogenase	1974-01-01	DateIntroduced	1	
6728	C538370	Retroperitoneal liposarcoma	2010-08-25	DateIntroduced	1	
6729	C003300	retrorsine	1972-01-01	DateIntroduced	1	
6730	C021828	Revalor	1976-01-01	DateIntroduced	1	
6731	C060225	desirudin	1989-08-10	DateIntroduced	1	
6732	C543413	reversan	2009-09-09	DateIntroduced	1	
6733	C041813	DNA reverse gyrase	1984-07-24	DateIntroduced	1	
6734	C000721353	Reversed halo sign	2022-02-11	DateIntroduced	2	date
6735	C000728983	revumenib	2023-07-13	DateIntroduced	2	date
6736	C000629634	Rezafungin	2019-01-29	DateIntroduced	2	date
6737	C000728929	rezivertinib	2023-07-12	DateIntroduced	2	date
6738	C503639	RG108	2005-09-13	DateIntroduced	1	
6739	C000590226	RGC100	2014-08-03	DateIntroduced	2	date
6740	C000603861	RGFP966	2015-12-27	DateIntroduced	2	date
6741	C056565	1,2-dibenzoyl-tert-butylhydrazine	1988-08-17	DateIntroduced	1	
6742	C003004	rhabdophane	1973-01-01	DateIntroduced	1	
6743	C065836	rhamnan	1990-10-24	DateIntroduced	1	
6744	C042491	rhamnogalacturonan I	1984-10-09	DateIntroduced	1	
6745	C023538	rhapontin	1980-04-24	DateIntroduced	1	
6746	C431126	rhapontigenin	2001-07-20	DateIntroduced	1	
6747	C000713949	rhesus-theta-defensin-1	2021-02-24	DateIntroduced	2	date
6748	C000623787	Rhinovirus A	2018-01-01	DateIntroduced	2	date
6749	C000640292	Rhizobium laguerreae	2020-01-01	DateIntroduced	2	date
6750	C466066	rhizocarpic acid	2002-10-04	DateIntroduced	1	
6751	C000665889	Ceratobasidium cereale	2021-01-01	DateIntroduced	2	date
6752	C087496	rhizoferrin	1994-07-01	DateIntroduced	1	
6753	C000676885	Rhizomucor miehei	2021-01-01	DateIntroduced	2	date
6754	C000681833	Rhizophagus irregularis	2021-01-01	DateIntroduced	2	date
6755	C000687759	Rhizopus delemar	2021-01-01	DateIntroduced	2	date
6756	C000678090	Rhizopus homothallicus	2021-01-01	DateIntroduced	2	date
6757	C000701381	Rhizopus microsporus	2021-01-01	DateIntroduced	2	date
6758	C068483	rhod-2	1991-05-22	DateIntroduced	1	
6759	C009172	rhodioloside	1974-01-01	DateIntroduced	1	
6760	C000639572	Rhodococcus qingshengii	2020-01-01	DateIntroduced	2	date
6761	C000639872	Rhodococcus jostii	2020-01-01	DateIntroduced	2	date
6762	C000639578	Rhodococcus opacus	2020-01-01	DateIntroduced	2	date
6763	C000639573	Rhodococcus pyridinivorans	2020-01-01	DateIntroduced	2	date
6764	C115945	rhododendrol	1998-12-15	DateIntroduced	1	
6765	C000607488	rhodol	2016-05-13	DateIntroduced	2	date
6766	C003304	rhodoquinone	1973-01-01	DateIntroduced	1	
6767	C000681340	Rhodotorula kratochvilovae	2021-01-01	DateIntroduced	2	date
6768	C000681342	Rhodotorula paludigena	2021-01-01	DateIntroduced	2	date
6769	C586690	rhosin	2014-02-28	DateIntroduced	2	date
6770	C000717167	rhupus syndrome	2021-05-13	DateIntroduced	2	date
6771	C084063	RIBBOND	1993-12-06	DateIntroduced	1	
6772	C022532	riboflavin kinase	1976-01-01	DateIntroduced	1	
6773	C078856	ribonuclease HI	1993-01-25	DateIntroduced	1	
6774	C093713	ribonucleotide reductase M2	1995-06-23	DateIntroduced	1	
6775	C034241	ribophorin	1982-05-13	DateIntroduced	1	
6776	C029742	ribosomal protein L5	1981-06-04	DateIntroduced	1	
6777	C040469	ribosomal protein S30	1984-03-28	DateIntroduced	1	
6778	C030831	ribosomal protein S5	1981-08-04	DateIntroduced	1	
6779	C009699	zeatin riboside	1972-01-01	DateIntroduced	1	
6780	C000623898	Rice dwarf virus	2018-01-01	DateIntroduced	2	date
6781	C017707	Ricinus communis agglutinin-1	1978-01-01	DateIntroduced	1	
6782	C000639171	Rickettsia aeschlimannii	2020-01-01	DateIntroduced	2	date
6783	C000639170	Rickettsia africae	2020-01-01	DateIntroduced	2	date
6784	C000639169	Rickettsia amblyommatis	2020-01-01	DateIntroduced	2	date
6785	C000639164	Rickettsia bellii	2020-01-01	DateIntroduced	2	date
6786	C000639158	Rickettsia conorii subsp. israelensis	2020-01-01	DateIntroduced	2	date
6787	C000639150	Rickettsia hoogstraalii	2020-01-01	DateIntroduced	2	date
6788	C000639142	Rickettsia massiliae	2020-01-01	DateIntroduced	2	date
6789	C000639141	Rickettsia monacensis	2020-01-01	DateIntroduced	2	date
6790	C000639134	Rickettsia raoultii	2020-01-01	DateIntroduced	2	date
6791	C000639133	Rickettsia rhipicephali	2020-01-01	DateIntroduced	2	date
6792	C000639132	Rickettsia sibirica	2020-01-01	DateIntroduced	2	date
6793	C037989	Rieske iron-sulfur protein	1983-05-27	DateIntroduced	1	
6794	C507134	ON 01910	2006-01-18	DateIntroduced	1	
6795	C000731875	rilzabrutinib	2026-01-20	DateIntroduced	2	date
6796	C578443	rimegepant sulfate	2013-02-22	DateIntroduced	2	date
6797	C028570	Ringer's acetate	1981-03-27	DateIntroduced	1	
6798	C000613732	upadacitinib	2017-01-27	DateIntroduced	2	date
6799	C542595	riociguat	2009-08-06	DateIntroduced	1	
6800	C000596368	N-phenethylbenzamide	2015-03-29	DateIntroduced	2	date
6801	C087987	riparin III	1994-07-25	DateIntroduced	1	
6802	C000707850	ripretinib	2020-06-25	DateIntroduced	2	date
6803	C000629884	Risdiplam	2019-02-14	DateIntroduced	2	date
6804	C000732098	risvodetinib	2026-07-27	DateIntroduced	2	date
6805	C000614924	PF-06651600	2017-03-09	DateIntroduced	2	date
6806	C576956	RKI-1447	2012-12-20	DateIntroduced	1	
6807	C000657348	RM-581	2020-02-19	DateIntroduced	2	date
6808	C000731070	RMC-7977	2024-12-19	DateIntroduced	2	date
6809	C410949	RNA polymerase II largest subunit	2000-07-21	DateIntroduced	1	
6810	C091139	ribonuclease HII	1995-01-23	DateIntroduced	1	
6811	C117079	ribonuclease HIII	1999-02-12	DateIntroduced	1	
6812	C080868	ribonuclease R	1993-05-20	DateIntroduced	1	
6813	C110250	RNase Z	1998-02-13	DateIntroduced	1	
6814	C000627108	RNS60	2018-05-24	DateIntroduced	2	date
6815	C512984	RO 3306	2006-08-30	DateIntroduced	1	
6816	C105726	Ro 48-8071	1997-05-23	DateIntroduced	1	
6817	C000655265	CDM-3008	2019-12-10	DateIntroduced	2	date
6818	C551524	robenacoxib	2010-08-18	DateIntroduced	1	
6819	C535687	Roberts Syndrome	2010-08-25	DateIntroduced	1	
6820	C562492	Robinow Syndrome	2012-11-05	DateIntroduced	1	
6821	C000723349	roburic acid	2022-08-30	DateIntroduced	2	date
6822	C107772	rocaglamide	1997-09-11	DateIntroduced	1	
6823	C000723395	Valoctocogene Roxaparvovec	2022-09-01	DateIntroduced	2	date
6824	C000621040	rodatristat	2017-07-02	DateIntroduced	2	date
6825	C030620	flavomycoin	1971-01-01	DateIntroduced	1	
6826	C424423	Roflumilast	2001-04-25	DateIntroduced	1	
6827	C536510	Thiamine responsive megaloblastic anemia syndrome	2010-08-25	DateIntroduced	1	
6828	C578834	rolapitant	2013-03-12	DateIntroduced	2	date
6829	C000638803	Romboutsia ilealis	2020-01-01	DateIntroduced	2	date
6830	C076257	romifidine	1992-09-21	DateIntroduced	1	
6831	C011111	formaldehydesulfoxylate	1975-01-01	DateIntroduced	1	
6832	C000731926	ropeginterferon alfa-2b	2026-03-12	DateIntroduced	2	date
6833	C012536	roquefortine	1976-01-01	DateIntroduced	1	
6834	C060286	rosaramicin	1989-08-18	DateIntroduced	1	
6835	C529149	rosarin	2008-05-27	DateIntroduced	1	
6836	C581370	rose-oxide	2013-06-01	DateIntroduced	2	date
6837	C000638791	Roseburia faecis	2020-01-01	DateIntroduced	2	date
6838	C000638790	Roseburia hominis	2020-01-01	DateIntroduced	2	date
6839	C000638789	Roseburia intestinalis	2020-01-01	DateIntroduced	2	date
6840	C000638788	Roseburia inulinivorans	2020-01-01	DateIntroduced	2	date
6841	C009191	roseoflavin	1974-01-01	DateIntroduced	1	
6842	C009192	roseofungin	1974-01-01	DateIntroduced	1	
6843	C106263	rostafuroxin	1997-06-24	DateIntroduced	1	
6844	C000638374	Rothia aeria	2020-01-01	DateIntroduced	2	date
6845	C000638370	Rothia dentocariosa	2020-01-01	DateIntroduced	2	date
6846	C085746	rottlerin	1994-03-10	DateIntroduced	1	
6847	C018655	Rowachol	1979-01-01	DateIntroduced	1	
6848	C000627812	rozanolixizumab	2018-08-01	DateIntroduced	2	date
6849	C000626164	(1R,2R-diaminocyclohexane)(dihydropyrophosphato)(trans-dihydroxo)platinum(IV)	2018-02-07	DateIntroduced	2	date
6850	C577469	RRx-001	2013-01-16	DateIntroduced	1	
6851	C099495	RS 17053	1996-07-01	DateIntroduced	1	
6852	C086458	RU 58841	1994-04-25	DateIntroduced	1	
6853	C103599	bis(bipyridyl)ruthenium(II)	1997-02-07	DateIntroduced	1	
6854	C000726092	Ru265	2022-12-06	DateIntroduced	2	date
6855	C112020	Ru 360	1998-05-21	DateIntroduced	1	
6856	C056177	rubusoside	1988-07-12	DateIntroduced	1	
6857	C103273	rufigallol	1997-01-28	DateIntroduced	1	
6858	C000633644	rufomycin	2019-08-19	DateIntroduced	2	date
6859	C000638001	Ruminococcus bromii	2020-01-01	DateIntroduced	2	date
6860	C000637996	Ruminococcus gauvreauii	2020-01-01	DateIntroduced	2	date
6861	C000637993	Ruminococcus torques	2020-01-01	DateIntroduced	2	date
6862	C103639	rupatadine	1997-02-08	DateIntroduced	1	
6863	C012541	ruscogenin	1976-01-01	DateIntroduced	1	
6864	C000670832	Russula species	2021-01-01	DateIntroduced	2	date
6865	C028632	rutecarpine	1981-03-18	DateIntroduced	1	
6866	C029017	ruthenium dioxide	1981-04-30	DateIntroduced	1	
6867	C000615522	Ruthenium-106	2018-01-01	DateIntroduced	2	date
6868	C016721	ruthenocene	1978-01-01	DateIntroduced	1	
6869	C000621654	ruzasvir	2017-08-03	DateIntroduced	2	date
6870	C058525	2-methoxyidazoxan	1989-03-15	DateIntroduced	1	
6871	C529594	101.10 peptide	2008-06-18	DateIntroduced	1	
6872	C002206	S-benzylcysteine	1973-01-01	DateIntroduced	1	
6873	C013585	S-lactoylglutathione	1977-01-01	DateIntroduced	1	
6874	C055764	S-layer proteins	1988-06-03	DateIntroduced	1	
6875	C021315	S-nitrosocysteine	1980-01-01	DateIntroduced	1	
6876	C098076	thanatin	1996-03-11	DateIntroduced	1	
6877	C000614727	S63845	2017-03-04	DateIntroduced	2	date
6878	C057941	SAAVE	1989-01-11	DateIntroduced	1	
6879	C000723550	sabatolimab	2022-09-18	DateIntroduced	2	date
6880	C000678456	Saccharomyces paradoxus	2021-01-01	DateIntroduced	2	date
6881	C000676915	Zygosaccharomyces rouxii	2021-01-01	DateIntroduced	2	date
6882	C000683806	Saccharomycodes ludwigii	2021-01-01	DateIntroduced	2	date
6883	C000676912	Saccharomycopsis fibuligera	2021-01-01	DateIntroduced	2	date
6884	C000676310	Saccharomycopsis schoenii	2021-01-01	DateIntroduced	2	date
6885	C100169	saccharopine	1985-06-14	DateIntroduced	1	
6886	C000637604	Saccharothrix yanglingensis	2020-01-01	DateIntroduced	2	date
6887	C537221	Sacral defect and anterior sacral meningocele	2010-08-25	DateIntroduced	1	
6888	C020637	squaric acid dibutyl ester	1979-01-01	DateIntroduced	1	
6889	C033169	3-((4-azidophenyl)dithio)propionic N-hydroxysuccinimide	1982-02-04	DateIntroduced	1	
6890	C000627033	Swine acute diarrhea syndrome coronavirus	2018-05-17	DateIntroduced	2	date
6891	C000727067	SAFit2	2023-03-01	DateIntroduced	2	date
6892	C020635	SAICAR	1979-01-01	DateIntroduced	1	
6893	C025759	saikosaponin D	1980-11-06	DateIntroduced	1	
6894	C080903	sairei-to	1993-05-24	DateIntroduced	1	
6895	C537227	Sakati syndrome	2010-08-25	DateIntroduced	1	
6896	C099724	sakuranetin	1996-07-19	DateIntroduced	1	
6897	C111140	N-(8-(2-hydroxybenzoyl)amino)caprylate	1998-04-02	DateIntroduced	1	
6898	C577623	salecan	2013-01-22	DateIntroduced	1	
6899	C010631	salicyl alcohol	1975-01-01	DateIntroduced	1	
6900	C031060	salicylamide	1981-08-18	DateIntroduced	1	
6901	C034596	salicylanilide	1982-06-18	DateIntroduced	1	
6902	C510217	salicylideneaniline	2006-05-15	DateIntroduced	1	
6903	C000630262	salmochelin	2019-03-18	DateIntroduced	2	date
6904	C036617	salsolinol	1983-01-24	DateIntroduced	1	
6905	C496827	salubrinal	2005-02-27	DateIntroduced	1	
6906	C561960	salvianolate	2011-10-24	DateIntroduced	1	
6907	C568740	salvianolic acid	2011-12-20	DateIntroduced	1	
6908	C066201	salvianolic acid A	1990-11-26	DateIntroduced	1	
6909	C076944	salvianolic acid B	1992-10-26	DateIntroduced	1	
6910	C000597819	salvianolic acid C	2015-05-19	DateIntroduced	2	date
6911	C014049	salvigenin	1977-01-01	DateIntroduced	1	
6912	C082408	4-amidinoindan-1-one 2'-amidinohydrazone	1993-08-28	DateIntroduced	1	
6913	C000606131	samidorphan	2016-03-27	DateIntroduced	2	date
6914	C000687475	Sanghuangporus sanghuang	2021-01-01	DateIntroduced	2	date
6915	C000672655	Sanghuangporus vaninii	2021-01-01	DateIntroduced	2	date
6916	C537157	Hypoparathyroidism-retardation-dysmorphism syndrome	2010-08-25	DateIntroduced	1	
6917	C117959	sapacitabine	1999-03-26	DateIntroduced	1	
6918	C548875	AZD 8931	2010-04-24	DateIntroduced	1	
6919	C000616260	SAPO-34	2017-03-26	DateIntroduced	2	date
6920	C457771	saponarin	2002-06-25	DateIntroduced	1	
6921	C044363	sappanchalcone	1985-03-29	DateIntroduced	1	
6922	C000601074	sappanone A	2015-09-08	DateIntroduced	2	date
6923	C569879	streptococcal preparation 722	2012-02-09	DateIntroduced	1	
6924	C576806	SAR131675	2012-12-16	DateIntroduced	1	
6925	C000594652	SAR405	2015-01-20	DateIntroduced	2	date
6926	C000607554	SAR7334	2016-05-15	DateIntroduced	2	date
6927	C000649243	Clostridium ventriculi	2020-01-01	DateIntroduced	2	date
6928	C077258	sarcolipin	1992-11-11	DateIntroduced	1	
6929	C014804	sarcophine	1977-01-01	DateIntroduced	1	
6930	C442582	saringosterol	2002-01-02	DateIntroduced	1	
6931	C000672204	Sarocladium spinificis	2021-01-01	DateIntroduced	2	date
6932	C000588741	saroglitazar	2014-06-04	DateIntroduced	2	date
6933	C475809	sarpagine	2003-07-24	DateIntroduced	1	
6934	C000706267	papain-like protease, SARS-CoV-2	2021-01-01	DateIntroduced	2	date
6935	C046297	sarsasapogenin	1985-09-30	DateIntroduced	1	
6936	C536616	Satoyoshi syndrome	2010-08-25	DateIntroduced	1	
6937	C000655944	satralizumab	2019-12-16	DateIntroduced	2	date
6938	C034473	satranidazole	1982-06-16	DateIntroduced	1	
6939	C561428	saucerneol D	2011-09-29	DateIntroduced	1	
6940	C032923	microbial serine proteinases	1982-01-05	DateIntroduced	1	
6941	C000593259	1-(1-(imidazo(1,2-a)pyridin-6-yl)ethyl)-6-(1-methyl-1H-pyrazol-4-yl)-1H-(1,2,3)triazolo(4,5-b)pyrazine	2014-11-30	DateIntroduced	2	date
6942	C090942	4-(4-fluorophenyl)-2-(4-hydroxyphenyl)-5-(4-pyridyl)imidazole	1995-01-13	DateIntroduced	1	
6943	C093642	SB 203580	1995-06-21	DateIntroduced	1	
6944	C404922	SB 269970	2000-03-10	DateIntroduced	1	
6945	C521813	6-(2-tert-butyl-5-(6-methylpyridin-2-yl)-1H-imidazol-4-yl)quinoxaline	2007-08-08	DateIntroduced	1	
6946	C108518	SB 22489G	1997-10-24	DateIntroduced	1	
6947	C112019	SB 225002	1998-05-21	DateIntroduced	1	
6948	C420062	1-(2-methylbenzoxazol-6-yl)-3-(1,5)naphthyridin-4-yl urea	2001-02-16	DateIntroduced	1	
6949	C429533	SB 3CT compound	2001-06-26	DateIntroduced	1	
6950	C459179	4-(5-benzo(1,3)dioxol-5-yl-4-pyridin-2-yl-1H-imidazol-2-yl)benzamide	2002-07-10	DateIntroduced	1	
6951	C519132	2-(5-benzo(1,3)dioxol-5-yl-2-tert-butyl-3H-imidazol-4-yl)-6-methylpyridine hydrochloride	2007-04-26	DateIntroduced	1	
6952	C417521	SB 216763	2001-01-03	DateIntroduced	1	
6953	C509969	SBA-15	2006-05-03	DateIntroduced	1	
6954	C000600619	SBA-16	2015-08-26	DateIntroduced	2	date
6955	C000729947	SBI-553	2023-12-27	DateIntroduced	2	date
6956	C026588	sperm basic nuclear proteins	1980-10-14	DateIntroduced	1	
6957	C436603	scandium triflate	2001-10-10	DateIntroduced	1	
6958	C115461	SC 560	1998-11-23	DateIntroduced	1	
6959	C046254	scandium oxide	1985-09-12	DateIntroduced	1	
6960	C000720762	SC75741	2022-01-10	DateIntroduced	2	date
6961	C000629817	SC83288	2019-02-11	DateIntroduced	2	date
6962	C566874	Spinocerebellar Ataxia 10	2012-11-05	DateIntroduced	1	
6963	C000615359	Scandium-47	2018-01-01	DateIntroduced	2	date
6964	C000635770	Scardovia wiggsiae	2020-01-01	DateIntroduced	2	date
6965	C051072	squamous cell carcinoma-related antigen	1987-02-05	DateIntroduced	1	
6966	C534628	SCH 23390	2009-01-26	DateIntroduced	1	
6967	C098657	5-amino-7-(2-phenylethyl)-2-(2-furyl)pyrazolo(4,3-e)-1,2,4-triazolo(1,5-c)pyrimidine	1996-04-19	DateIntroduced	1	
6968	C530605	8-(bis(2-methylphenyl)methyl)-3-phenyl-8-azabicyclo(3.2.1)octan-3-ol	2008-08-10	DateIntroduced	1	
6969	C415424	N3-cyclopropyl-7-((4-(1-methylethyl)phenyl)methyl)-7H-pyrrolo(3, 2-f)quinazoline-1,3-diamine	2000-11-09	DateIntroduced	1	
6970	C587178	SCH772984	2014-03-19	DateIntroduced	2	date
6971	C000635762	Schaalia odontolytica	2020-01-01	DateIntroduced	2	date
6972	C515112	schaftoside	2006-11-29	DateIntroduced	1	
6973	C536629	Schimke immunoosseous dysplasia	2010-08-25	DateIntroduced	1	
6974	C034734	schizandrin A	1982-07-06	DateIntroduced	1	
6975	C031409	schizandrin C	1981-09-01	DateIntroduced	1	
6976	C520474	schisandrol A	2007-06-18	DateIntroduced	1	
6977	C045309	schisanhenol	1985-06-14	DateIntroduced	1	
6978	C034557	schizandrer A	1982-06-15	DateIntroduced	1	
6979	C000702003	Schizosaccharomyces japonicus	2021-01-01	DateIntroduced	2	date
6980	C511969	schwertmannite	2006-07-24	DateIntroduced	1	
6981	C086243	sciadopitysin	1994-04-12	DateIntroduced	1	
6982	C070760	sclareol	1991-10-04	DateIntroduced	1	
6983	C045938	scleroglucan	1985-08-23	DateIntroduced	1	
6984	C537525	Sclerosteosis	2010-08-25	DateIntroduced	1	
6985	C000720127	N-(((3S)-6-((4-carbamimidamidobenzoyl)oxy)-2,3-dihydro-1-benzofuran-3-yl)acetyl)-L-aspartic acid hydrate	2021-11-24	DateIntroduced	2	date
6986	C108402	SCO-spondin	1997-10-17	DateIntroduced	1	
6987	C000727443	Scolopendra mutilans	2023-03-17	DateIntroduced	2	date
6988	C118048	SCP 1	1999-03-30	DateIntroduced	1	
6989	C045659	small cardioactive peptide A	1985-07-18	DateIntroduced	1	
6990	C041307	small cardioactive peptide B	1984-06-08	DateIntroduced	1	
6991	C410733	scriptaid	2000-07-17	DateIntroduced	1	
6992	C484876	scutellarin	2004-05-08	DateIntroduced	1	
6993	C499814	Scutellaria baicalensis extract	2005-04-21	DateIntroduced	1	
6994	C000730029	Scy-hepc	2024-01-23	DateIntroduced	2	date
6995	C009217	scyllitol	1975-01-01	DateIntroduced	1	
6996	C083368	scytonemin	1993-10-22	DateIntroduced	1	
6997	C013740	3-methyl-N,N-diethyl-p-phenylenediamine	1972-01-01	DateIntroduced	1	
6998	C430918	SEA 0400	2001-07-17	DateIntroduced	1	
6999	C016724	secnidazole	1978-01-01	DateIntroduced	1	
7000	C021086	secologanin	1980-01-01	DateIntroduced	1	
7001	C029937	secretin receptor	1981-06-22	DateIntroduced	1	
7002	C081159	secretoneurin	1993-06-09	DateIntroduced	1	
7003	C583365	N-(2-(1,1'-bicyclopropyl)-2-ylphenyl)-3-(difluoromethyl)-1-methyl-1H-pyrazole-4-carboxamide	2013-09-10	DateIntroduced	2	date
7004	C033638	23-seleno-25-homotaurocholic acid	1982-03-24	DateIntroduced	1	
7005	C000713688	seladelpar	2021-02-22	DateIntroduced	2	date
7006	C408750	selectfluor	2000-06-05	DateIntroduced	1	
7007	C034278	selenocysteine lyase	1982-05-21	DateIntroduced	1	
7008	C442270	selenol	2001-12-27	DateIntroduced	1	
7009	C000635394	Selenomonas noxia	2020-01-01	DateIntroduced	2	date
7010	C000635391	Selenomonas sputigena	2020-01-01	DateIntroduced	2	date
7011	C550322	selenoneine	2010-06-27	DateIntroduced	1	
7012	C081959	selenourea	1993-07-29	DateIntroduced	1	
7013	C000711074	selenoxide	2020-10-26	DateIntroduced	2	date
7014	C518915	Seletracetam	2007-04-19	DateIntroduced	1	
7015	C518149	selicrelumab	2007-03-20	DateIntroduced	1	
7016	C093224	CD100 antigen	1995-05-24	DateIntroduced	1	
7017	C048487	ACTH (4-7), Pro-Gly-Pro-	1986-05-08	DateIntroduced	1	
7018	C116890	Semaxinib	1999-02-03	DateIntroduced	1	
7019	C072941	semduramicin	1992-03-18	DateIntroduced	1	
7020	C010059	carbamylhydrazine	1969-01-01	DateIntroduced	1	
7021	C519041	semipinacol	2007-04-24	DateIntroduced	1	
7022	C000729920	senaparib	2023-12-14	DateIntroduced	2	date
7023	C493220	tenuigenin	2004-11-23	DateIntroduced	1	
7024	C472774	senicapoc	2003-04-04	DateIntroduced	1	
7025	C576743	senkyunolide I	2012-12-12	DateIntroduced	1	
7026	C013946	dihydroxydianthrone	1977-01-01	DateIntroduced	1	
7027	C523196	senofilcon A	2007-10-01	DateIntroduced	1	
7028	C059702	sulfoenolpyruvate	1989-06-23	DateIntroduced	1	
7029	C000705647	SEP-363856	2020-04-24	DateIntroduced	2	date
7030	C523798	sepantronium	2007-10-25	DateIntroduced	1	
7031	C000597020	sephin1	2015-04-20	DateIntroduced	2	date
7032	C022629	sepiapterin deaminase	1977-01-01	DateIntroduced	1	
7033	C118198	Seprafilm	1999-04-09	DateIntroduced	1	
7034	C034472	Septodont	1982-06-15	DateIntroduced	1	
7035	C422849	seryl-histidine	2001-03-29	DateIntroduced	1	
7036	C568210	JNJ 26854165	2011-11-29	DateIntroduced	1	
7037	C075430	serglycin	1992-08-01	DateIntroduced	1	
7038	C026340	Oraconal	1980-09-19	DateIntroduced	1	
7039	C022633	serine carboxypeptidase	1976-01-01	DateIntroduced	1	
7040	C000732065	serplulimab	2026-06-23	DateIntroduced	2	date
7041	C000635113	Serratia fonticola	2020-01-01	DateIntroduced	2	date
7042	C000635108	Serratia nematodiphila	2020-01-01	DateIntroduced	2	date
7043	C000635105	Serratia plymuthica	2020-01-01	DateIntroduced	2	date
7044	C000635103	Serratia proteamaculans	2020-01-01	DateIntroduced	2	date
7045	C000635100	Serratia symbiotica	2020-01-01	DateIntroduced	2	date
7046	C000635099	Serratia ureilytica	2020-01-01	DateIntroduced	2	date
7047	C061131	sertaconazole	1989-10-20	DateIntroduced	1	
7048	C557674	SeSAME syndrome	2011-06-24	DateIntroduced	1	
7049	C066016	sesaminol	1990-11-09	DateIntroduced	1	
7050	C054124	sesamolin	1987-12-18	DateIntroduced	1	
7051	C099471	sesamoside	1996-06-27	DateIntroduced	1	
7052	C579663	setmelanotide	2013-04-10	DateIntroduced	2	date
7053	C000622723	setrusumab	2017-09-21	DateIntroduced	2	date
7054	C001784	SF 6847	1972-01-01	DateIntroduced	1	
7055	C069226	N-succinimidyl 8-((4'-fluorobenzyl)amino)suberate	1991-07-11	DateIntroduced	1	
7056	C082835	thrombin receptor peptide (42-47)	1993-09-23	DateIntroduced	1	
7057	C545188	SGI 1776	2009-11-30	DateIntroduced	1	
7058	C058987	5-oxo-pro-his-trp-ser-tyr-gly-trp-leu-pro-glynh2	1989-05-03	DateIntroduced	1	
7059	C000728623	SH-1028	2023-06-12	DateIntroduced	2	date
7060	C038462	shakuyaku-kanzoh-toh	1983-07-22	DateIntroduced	1	
7061	C529850	Shao-Fu-Zhu-Yu	2008-07-07	DateIntroduced	1	
7062	C000714787	shaoyao gancao decoction	2021-03-04	DateIntroduced	2	date
7063	C537594	Shapiro syndrome	2010-08-25	DateIntroduced	1	
7064	C425287	sharpin	2001-05-08	DateIntroduced	1	
7065	C049487	4-(1'-heptylnonyl)benzenesulfonate	1986-08-13	DateIntroduced	1	
7066	C040614	Shengji ointment	1984-04-23	DateIntroduced	1	
7067	C000717148	shenling baizhu san	2021-05-12	DateIntroduced	2	date
7068	C585913	shenqi	2014-01-26	DateIntroduced	2	date
7069	C521737	shenqi fuzheng	2007-08-06	DateIntroduced	2	closure
7070	C559219	shentong zhuyu	2011-07-07	DateIntroduced	1	
7071	C503112	shepherdin	2005-08-25	DateIntroduced	1	
7072	C000635088	Shewanella baltica	2020-01-01	DateIntroduced	2	date
7073	C526712	shexiang baoxin	2008-02-21	DateIntroduced	1	
7074	C000600920	shexiang tongxin	2015-09-02	DateIntroduced	2	date
7075	C565647	Split-Hand-Foot Malformation With Sensorineural Hearing Loss	2012-11-05	DateIntroduced	1	
7076	C022641	Shikimate dehydrogenase	1969-01-01	DateIntroduced	1	
7077	C022642	shikimate kinase	1969-01-01	DateIntroduced	1	
7078	C537327	SHORT syndrome	2010-08-25	DateIntroduced	1	
7079	C000609471	SHP099	2016-07-31	DateIntroduced	2	date
7080	C000723862	SHR-1701	2022-10-20	DateIntroduced	2	date
7081	C103272	SHU 9119	1997-01-28	DateIntroduced	1	
7082	C000722512	Shuangshen	2022-06-07	DateIntroduced	2	date
7083	C000612830	shufeng jiedu	2016-12-09	DateIntroduced	2	date
7084	C578963	shuxuening	2013-03-16	DateIntroduced	2	date
7085	C532053	shuxuetong	2008-10-04	DateIntroduced	1	
7086	C000707067	si-miao-yong-an decoction	2020-06-15	DateIntroduced	2	date
7087	C510945	shigyaku-san	2006-06-14	DateIntroduced	1	
7088	C403258	si-wu-tang	2000-01-28	DateIntroduced	1	
7089	C078238	N-succinimidyl-4-((iodoacetyl)amino)benzoate	1992-12-21	DateIntroduced	1	
7090	C000020	N-acetylneuraminoyllactose	1971-01-01	DateIntroduced	1	
7091	C000731962	sibeprenlimab	2026-03-17	DateIntroduced	2	date
7092	C035902	siderophore receptors	1982-11-02	DateIntroduced	1	
7093	C106107	sigma-2 receptor	1997-06-13	DateIntroduced	1	
7094	C460085	signal peptide peptidase	2002-07-19	DateIntroduced	1	
7095	C036318	signal peptide receptor	1982-12-03	DateIntroduced	1	
7096	C000629046	Sijunzi decoction	2018-11-21	DateIntroduced	2	date
7097	C067246	interleukin-2, succinyl-	1991-03-12	DateIntroduced	1	
7098	C015503	silatrane	1977-01-01	DateIntroduced	1	
7099	C082854	silicon phthalocyanine	1993-09-24	DateIntroduced	1	
7100	C021746	silicotungstic acid	1980-01-01	DateIntroduced	1	
7101	C540376	silole	2009-05-05	DateIntroduced	1	
7102	C504234	siltuximab	2005-10-02	DateIntroduced	1	
7103	C077954	silver diammine	1992-12-09	DateIntroduced	1	
7104	C039072	silver phosphate	1983-10-12	DateIntroduced	1	
7105	C000710061	silver selenide	2020-08-25	DateIntroduced	2	date
7106	C000723274	SIM0417	2022-08-23	DateIntroduced	2	date
7107	C000723129	simoctocog alfa (Nuwiq)	2022-08-11	DateIntroduced	2	date
7108	C000719508	Simufilam	2021-10-05	DateIntroduced	2	date
7109	C063287	simvastatin acid	1990-04-06	DateIntroduced	1	
7110	C075386	sinapaldehyde	1992-07-29	DateIntroduced	1	
7111	C005685	sinapine	1969-01-01	DateIntroduced	1	
7112	C496130	sinapyl alcohol	2005-02-09	DateIntroduced	1	
7113	C476104	sinbaglustat	2003-08-05	DateIntroduced	1	
7114	C059295	sinensetin	1989-05-26	DateIntroduced	1	
7115	C064636	sinistrin	1990-07-30	DateIntroduced	1	
7116	C009271	sinomenine	1974-01-01	DateIntroduced	1	
7117	C000634659	Sinorhizobium medicae	2020-01-01	DateIntroduced	2	date
7118	C000632826	sintilimab	2019-08-05	DateIntroduced	2	date
7119	C000604661	Sinus Tarsi Syndrome	2017-01-01	DateIntroduced	2	date
7120	C109644	Lu 28-179	1998-01-13	DateIntroduced	1	
7121	C009272	siroheme	1974-01-01	DateIntroduced	1	
7122	C439060	sirtinol	2001-11-13	DateIntroduced	1	
7123	C000717948	sisunatovir	2021-07-01	DateIntroduced	2	date
7124	C000611865	sitravatinib	2016-10-30	DateIntroduced	2	date
7125	C069195	sivelestat	1991-07-11	DateIntroduced	1	
7126	C000720866	sivopixant	2022-01-18	DateIntroduced	2	date
7127	C535212	naphtho(1,2-d)thiazol-2-ylamine	2009-02-20	DateIntroduced	1	
7128	C071262	SK&F 82958	1991-11-14	DateIntroduced	1	
7129	C067113	SK&F 81297	1991-03-05	DateIntroduced	1	
7130	C063159	1-(2-(3-(4-methoxyphenyl)propoxy)-4-methoxyphenylethyl)-1H-imidazole	1990-03-26	DateIntroduced	1	
7131	C035932	skimmianine	1982-11-16	DateIntroduced	1	
7132	C571720	5-furan-2yl-isoxazole-3-carboxylic acid (3-imidazol-1yl-propyl)-amide	2012-04-29	DateIntroduced	1	
7133	C047405	skullcapflavone II	1986-01-08	DateIntroduced	1	
7134	C557621	3-(2-(4-quinolin-3-yl)benzyl-1-oxoisoindolin-6-yl)-N-hydroxy-acrylamide	2011-04-20	DateIntroduced	1	
7135	C000601362	SL25.1188	2015-09-20	DateIntroduced	2	date
7136	C000625353	SLC-0111	2017-12-08	DateIntroduced	2	date
7137	C000728935	SLU-2633	2023-07-12	DateIntroduced	2	date
7138	C000712867	1-octylnonyl 8-((2-hydroxyethyl)(6-oxo-6-(undecyloxy)hexyl)amino)octanoate	2021-02-01	DateIntroduced	2	date
7139	C516832	22pi smaragdyrin	2007-02-05	DateIntroduced	1	
7140	C536880	Spinal muscular atrophy with respiratory distress 1	2010-08-25	DateIntroduced	1	
7141	C000625830	Smart Dentin Replacement	2018-01-07	DateIntroduced	2	date
7142	C080380	sperm motility inhibitor 2	1993-04-21	DateIntroduced	1	
7143	C537342	Single upper central incisor	2010-08-25	DateIntroduced	1	
7144	C468918	SAG compound	2002-12-07	DateIntroduced	1	
7145	C042424	succinimidyl 4-(4-maleimidophenyl)butyrate	1984-09-13	DateIntroduced	1	
7146	C058151	4-succinimidyloxycarbonyl-alpha-methyl-alpha(2-pyridyldithio)toluene	1989-02-06	DateIntroduced	1	
7147	C052965	SMR 2	1987-08-20	DateIntroduced	1	
7148	C114685	7-ethyl-10-hydroxycamptothecin beta-glucuronide	1998-10-09	DateIntroduced	1	
7149	C051547	protein-bound SN-C polysaccharide	1987-04-03	DateIntroduced	1	
7150	C000623838	Snakehead novirhabdovirus	2018-01-01	DateIntroduced	2	date
7151	C088464	4-(alpha-(4-allyl-2,5-dimethyl-1-piperazinyl)-3-methoxybenzyl)-N,N-diethylbenzamide	1994-08-17	DateIntroduced	1	
7152	C000640950	Sneathia sanguinegens	2020-01-01	DateIntroduced	2	date
7153	C071570	SNF1-related protein kinases	1991-12-12	DateIntroduced	1	
7154	C000729467	Snijders Blok-Campeau syndrome	2023-10-06	DateIntroduced	2	date
7155	C115521	SNX 482	1998-11-25	DateIntroduced	1	
7156	C536678	Snyder Robinson syndrome	2010-08-25	DateIntroduced	1	
7157	C584713	sodium aescinate	2013-12-04	DateIntroduced	2	date
7158	C556396	lauroyl-alpha-hydroxyethyl sulfonic acid	2011-03-09	DateIntroduced	1	
7159	C538809	sodium pentaborate	2009-02-28	DateIntroduced	1	
7160	C005690	rhodizonic acid	1975-01-01	DateIntroduced	1	
7161	C024894	tanshinone II A sodium sulfonate	1980-01-01	DateIntroduced	1	
7162	C471701	sodium titanate	2003-03-05	DateIntroduced	1	
7163	C000731748	Sofpironium	2025-07-15	DateIntroduced	2	date
7164	C026609	beta-solamarine	1980-10-17	DateIntroduced	1	
7165	C063778	solanesyl pyrophosphate	1990-05-24	DateIntroduced	1	
7166	C013255	solanidine	1977-01-01	DateIntroduced	1	
7167	C012037	solasodine	1976-01-01	DateIntroduced	1	
7168	C026608	alpha-solamargine	1980-10-17	DateIntroduced	1	
7169	C000640918	Solobacterium moorei	2020-01-01	DateIntroduced	2	date
7170	C000623308	solriamfetol	2017-10-12	DateIntroduced	2	date
7171	C572167	polyvinyl caprolactam-polyvinyl acetate-polyethylene glycol graft copolymer	2012-05-16	DateIntroduced	1	
7172	C000718308	somapacitan	2021-07-23	DateIntroduced	2	date
7173	C098681	somatostatin receptor subtype-4	1996-04-19	DateIntroduced	1	
7174	C000634267	somatrogon	2019-09-16	DateIntroduced	2	date
7175	C000607367	3-methylphenyl-2,3,4,5-tetrahydro-1H-benzo(d)azepin-7-ol	2016-05-08	DateIntroduced	2	date
7176	C000720946	sonelokimab	2022-01-20	DateIntroduced	2	date
7177	C057217	songorine	1988-10-26	DateIntroduced	1	
7178	C000613185	SonicFill	2016-12-31	DateIntroduced	2	date
7179	C420843	contrast agent BR1	2001-03-01	DateIntroduced	1	
7180	C035933	sophocarpine	1982-11-16	DateIntroduced	1	
7181	C064849	vexibinol	1990-08-09	DateIntroduced	1	
7182	C120642	sophoricoside	1999-09-21	DateIntroduced	1	
7183	C000627985	sophorolipid	2018-08-16	DateIntroduced	2	date
7184	C003328	sophorose	1972-01-01	DateIntroduced	1	
7185	C542017	sotatercept	2009-07-14	DateIntroduced	1	
7186	C000712808	soticlestat	2021-02-01	DateIntroduced	2	date
7187	C000723517	sotigalimab	2022-09-14	DateIntroduced	2	date
7188	C000623916	Southern rice black-streaked dwarf virus	2018-01-01	DateIntroduced	2	date
7189	C000728355	Souvenaid	2023-05-10	DateIntroduced	2	date
7190	C074308	sovateltide	1992-06-01	DateIntroduced	1	
7191	C000722495	spaceflight-induced visual impairment	2022-06-07	DateIntroduced	2	date
7192	C406634	spermatogenesis associated factor	2000-04-19	DateIntroduced	1	
7193	C000677074	Sparassis crispa	2021-01-01	DateIntroduced	2	date
7194	C000702424	Sparassis latifolia	2021-01-01	DateIntroduced	2	date
7195	C000634424	sparsentan	2019-09-23	DateIntroduced	2	date
7196	C075054	glutamic acid-specific endopeptidase, Staphylococcus aureus	1992-07-11	DateIntroduced	1	
7197	C451060	spasmolytic polypeptide	2002-04-03	DateIntroduced	1	
7198	C564815	Spastic Ataxia	2012-11-05	DateIntroduced	1	
7199	C000673088	Spathaspora passalidarum	2021-01-01	DateIntroduced	2	date
7200	C013258	spathulenol	1976-01-01	DateIntroduced	1	
7201	C000591235	spautin-1	2014-08-31	DateIntroduced	2	date
7202	C508401	spectinabilin	2006-03-06	DateIntroduced	1	
7203	C564307	Combined Immunodeficiency with Autoimmunity and Spondylometaphyseal Dysplasia	2012-11-05	DateIntroduced	1	
7204	C425042	spermadhesin	2001-09-05	DateIntroduced	1	
7205	C000712973	spesolimab	2021-02-04	DateIntroduced	2	date
7206	C567159	Spherocytosis, Type 1	2012-11-05	DateIntroduced	1	
7207	C518876	sphaerophorin	2007-04-18	DateIntroduced	1	
7208	C005637	spheroidene	1974-01-01	DateIntroduced	1	
7209	C000640534	Sphingobium baderi	2020-01-01	DateIntroduced	2	date
7210	C000640219	Sphingobium wenxiniae	2020-01-01	DateIntroduced	2	date
7211	C000640216	Sphingobium yanoikuyae	2020-01-01	DateIntroduced	2	date
7212	C070186	phosphatidylcholine-ceramide phosphocholine transferase	1991-09-06	DateIntroduced	1	
7213	C022649	sphingosine 1-phosphate lyase (aldolase)	1975-01-01	DateIntroduced	1	
7214	C086597	lambda Spi-1	1994-05-04	DateIntroduced	1	
7215	C429543	spiggin	2001-06-26	DateIntroduced	1	
7216	C000724160	spinacetin	2022-11-15	DateIntroduced	2	date
7217	C548262	spinetoram	2010-04-01	DateIntroduced	1	
7218	C055669	spinosin	1988-05-27	DateIntroduced	1	
7219	C080613	spiraeoside	1993-05-06	DateIntroduced	1	
7220	C417935	spirobrassinin	2001-01-10	DateIntroduced	1	
7221	C508135	spirodiclofen	2006-02-26	DateIntroduced	1	
7222	C520774	spiroketal	2007-06-28	DateIntroduced	1	
7223	C000728951	spirooxindole	2023-07-13	DateIntroduced	2	date
7224	C000639436	Spiroplasma ixodetis	2020-01-01	DateIntroduced	2	date
7225	C000639429	Spiroplasma melliferum	2020-01-01	DateIntroduced	2	date
7226	C000722215	S-benzyl-L-cysteine p-nitroanilide	2022-05-11	DateIntroduced	2	date
7227	C000624033	Spodoptera frugiperda multiple nucleopolyhedrovirus	2018-01-01	DateIntroduced	2	date
7228	C535782	Spondyloenchondrodysplasia	2010-08-25	DateIntroduced	1	
7229	C000720890	spongin	2022-01-19	DateIntroduced	2	date
7230	C001873	sporidesmin	1973-01-01	DateIntroduced	1	
7231	C000702519	Sporisorium scitamineum	2021-01-01	DateIntroduced	2	date
7232	C000684614	Sporobolomyces roseus	2021-01-01	DateIntroduced	2	date
7233	C000639032	Sporomusa ovata	2020-01-01	DateIntroduced	2	date
7234	C000683544	Sporothrix brasiliensis	2021-01-01	DateIntroduced	2	date
7235	C000683545	Sporothrix globosa	2021-01-01	DateIntroduced	2	date
7236	C000603606	fobrepodacin	2015-12-17	DateIntroduced	2	date
7237	C000623756	Carp sprivivirus	2018-01-01	DateIntroduced	2	date
7238	C017759	9-(tetrahydro-2-furyl)-adenine	1979-01-01	DateIntroduced	1	
7239	C059660	squamocin	1989-06-21	DateIntroduced	1	
7240	C480596	squaraine	2004-01-16	DateIntroduced	1	
7241	C000609819	squaramide	2016-08-16	DateIntroduced	2	date
7242	C000719430	sr-17018	2021-10-01	DateIntroduced	2	date
7243	C559087	SR 1078	2011-06-30	DateIntroduced	1	
7244	C110630	SR 144528	1998-03-04	DateIntroduced	1	
7245	C079087	SR 48692	1993-02-04	DateIntroduced	1	
7246	C097869	3-(2-ethylphenoxy)-1-(1,2,3,4-tetrahydronaphth-1-ylamino)-2-propanol oxalate	1996-02-28	DateIntroduced	1	
7247	C558456	SR 8278	2011-05-29	DateIntroduced	1	
7248	C572451	SR9009	2012-05-30	DateIntroduced	1	
7249	C572450	SR9011	2012-05-30	DateIntroduced	1	
7250	C000626414	SRA737	2018-03-05	DateIntroduced	2	date
7251	C102196	SREBP cleavage-activating protein	1996-12-13	DateIntroduced	1	
7252	C000623998	Sri Lankan cassava mosaic virus	2018-01-01	DateIntroduced	2	date
7253	C525422	SRT1720	2008-01-03	DateIntroduced	1	
7254	C584666	SRT2104	2013-12-01	DateIntroduced	2	date
7255	C001707	6-thioinosine-5'-triphosphate	1971-01-01	DateIntroduced	1	
7256	C101130	somatostatin receptor type 1	1996-10-04	DateIntroduced	1	
7257	C087769	sialosyl-T antigen	1994-07-15	DateIntroduced	1	
7258	C518184	ST 1976	2007-03-21	DateIntroduced	1	
7259	C086531	ST 271	1994-04-29	DateIntroduced	1	
7260	C400189	brain-specific GD1alpha synthase, ST6GalNAc V	1999-11-19	DateIntroduced	1	
7261	C034490	ST 71	1982-06-18	DateIntroduced	1	
7262	C046778	CMP-N-acetylneuraminate-poly-alpha-2,8-sialosyl sialyltransferase	1985-11-13	DateIntroduced	1	
7263	C034491	ST 90	1982-06-18	DateIntroduced	1	
7264	C000628246	Stafib-2	2018-09-13	DateIntroduced	2	date
7265	C031525	stannane	1981-09-04	DateIntroduced	1	
7266	C051795	teleocalcin	1987-05-12	DateIntroduced	1	
7267	C000638995	Staphylococcus argenteus	2020-01-01	DateIntroduced	2	date
7268	C000638994	Staphylococcus arlettae	2020-01-01	DateIntroduced	2	date
7269	C000638708	Staphylococcus caprae	2020-01-01	DateIntroduced	2	date
7270	C000638707	Staphylococcus carnosus	2020-01-01	DateIntroduced	2	date
7271	C000638704	Staphylococcus chromogenes	2020-01-01	DateIntroduced	2	date
7272	C000638695	Staphylococcus equorum	2020-01-01	DateIntroduced	2	date
7273	C000638684	Staphylococcus lentus	2020-01-01	DateIntroduced	2	date
7274	C000638678	Staphylococcus nepalensis	2020-01-01	DateIntroduced	2	date
7275	C000638669	Staphylococcus pseudintermedius	2020-01-01	DateIntroduced	2	date
7276	C000638652	Staphylococcus succinus	2020-01-01	DateIntroduced	2	date
7277	C000638648	Staphylococcus warneri	2020-01-01	DateIntroduced	2	date
7278	C000702631	Starmerella bacillaris	2021-01-01	DateIntroduced	2	date
7279	C000702642	Starmerella riodocensis	2021-01-01	DateIntroduced	2	date
7280	C000625861	C188-9 compound	2018-01-11	DateIntroduced	2	date
7281	C517409	stattic	2007-02-24	DateIntroduced	1	
7282	C000731810	METTL3 inhibitor STC-15	2026-01-15	DateIntroduced	2	date
7283	C017725	stearoyl-coenzyme A	1978-01-01	DateIntroduced	1	
7284	C452212	stellettin B	2002-04-21	DateIntroduced	1	
7285	C002102	stendomycin	1973-01-01	DateIntroduced	1	
7286	C531821	Stenotrophomonas maltophilia bacteremia	2010-08-25	DateIntroduced	1	
7287	C000638324	Stenotrophomonas rhizophila	2020-01-01	DateIntroduced	2	date
7288	C000684613	Stereum hirsutum	2021-01-01	DateIntroduced	2	date
7289	C118085	superoxidized water	1999-04-01	DateIntroduced	1	
7290	C033208	3-hydroxy-17-methyl-18-norandrost-13(17)-ene-16-one	1982-01-15	DateIntroduced	1	
7291	C000599307	STF-31	2015-07-09	DateIntroduced	2	date
7292	C522101	stictic acid	2007-08-17	DateIntroduced	1	
7293	C464587	stigmasterol glucoside	2002-08-29	DateIntroduced	1	
7294	C022674	stilbene synthase	1980-01-01	DateIntroduced	1	
7295	C458525	STO 609	2002-06-29	DateIntroduced	1	
7296	C100106	dicarbine	1984-08-10	DateIntroduced	1	
7297	C566108	Stormorken Syndrome	2012-11-05	DateIntroduced	1	
7298	C568444	strattice	2011-12-08	DateIntroduced	1	
7299	C000638267	Streptobacillus moniliformis	2020-01-01	DateIntroduced	2	date
7300	C014689	streptococcal M protein	1977-01-01	DateIntroduced	1	
7301	C000638264	Streptococcus acidominimus	2020-01-01	DateIntroduced	2	date
7302	C000638253	Streptococcus canis	2020-01-01	DateIntroduced	2	date
7303	C000637964	Streptococcus cristatus	2020-01-01	DateIntroduced	2	date
7304	C000637951	Streptococcus dysgalactiae subsp. equisimilis	2020-01-01	DateIntroduced	2	date
7305	C000637948	Streptococcus equi subsp. equi	2020-01-01	DateIntroduced	2	date
7306	C000637925	Streptococcus macedonicus	2020-01-01	DateIntroduced	2	date
7307	C000637902	Streptococcus pasteurianus	2020-01-01	DateIntroduced	2	date
7308	C000637927	Streptococcus lutetiensis	2020-01-01	DateIntroduced	2	date
7309	C000637906	Streptococcus parasanguinis	2020-01-01	DateIntroduced	2	date
7310	C000637905	Streptococcus parasuis	2020-01-01	DateIntroduced	2	date
7311	C000637904	Streptococcus parauberis	2020-01-01	DateIntroduced	2	date
7312	C000637895	Streptococcus pluranimalium	2020-01-01	DateIntroduced	2	date
7313	C000637590	Streptococcus vestibularis	2020-01-01	DateIntroduced	2	date
7314	C026050	streptolysin S	1980-08-26	DateIntroduced	1	
7315	C000637543	Streptomyces albidoflavus	2020-01-01	DateIntroduced	2	date
7316	C000637524	Streptomyces noursei	2020-01-01	DateIntroduced	2	date
7317	C000637523	Streptomyces albus	2020-01-01	DateIntroduced	2	date
7318	C000640078	Streptomyces puniceus	2020-01-01	DateIntroduced	2	date
7319	C000635367	Streptomyces clavuligerus	2020-01-01	DateIntroduced	2	date
7320	C000634628	Streptomyces griseorubens	2020-01-01	DateIntroduced	2	date
7321	C000640847	Streptomyces lydicus	2020-01-01	DateIntroduced	2	date
7322	C000640802	Streptomyces mobaraensis	2020-01-01	DateIntroduced	2	date
7323	C000640514	Streptomyces murinus	2020-01-01	DateIntroduced	2	date
7324	C000639754	Streptomyces rochei	2020-01-01	DateIntroduced	2	date
7325	C000638943	Streptomyces venezuelae	2020-01-01	DateIntroduced	2	date
7326	C000638932	Streptomyces violaceoruber	2020-01-01	DateIntroduced	2	date
7327	C000638922	Streptomyces virginiae	2020-01-01	DateIntroduced	2	date
7328	C558998	strevertene A	2011-06-29	DateIntroduced	1	
7329	C539462	strictosamide	2009-03-30	DateIntroduced	1	
7330	C021093	strictosidine	1980-01-01	DateIntroduced	1	
7331	C000591191	GR24 strigolactone	2014-08-29	DateIntroduced	2	date
7332	C565460	Jejunal Atresia with Microcephaly and Ocular Anomalies	2012-11-05	DateIntroduced	1	
7333	C081587	strontium ranelate	1993-07-08	DateIntroduced	1	
7334	C537502	Stuve-Wiedemann syndrome	2010-11-13	DateIntroduced	1	
7335	C445404	SU(VAR)3-9	2002-01-30	DateIntroduced	1	
7336	C537503	Subcutaneous panniculitis-like T-cell lymphoma	2010-08-25	DateIntroduced	1	
7337	C005738	suberic acid	1972-01-01	DateIntroduced	1	
7338	C114602	sublancin 168	1998-10-06	DateIntroduced	1	
7339	C000627685	Sublocade	2018-07-20	DateIntroduced	2	date
7340	C056779	succinoglycan	1988-09-13	DateIntroduced	1	
7341	C010337	succinonitrile	1975-01-01	DateIntroduced	1	
7342	C020804	succinylacetone	1979-01-01	DateIntroduced	1	
7343	C043565	succinyladenosine	1984-12-26	DateIntroduced	1	
7344	C060085	succinylated gelatin	1989-07-25	DateIntroduced	1	
7345	C000723010	suchilactone	2022-08-03	DateIntroduced	2	date
7346	C018152	sucrose monolaurate	1979-01-01	DateIntroduced	1	
7347	C018153	sucrose monostearate	1979-01-01	DateIntroduced	1	
7348	C025901	sucrose phosphorylase	1980-08-11	DateIntroduced	1	
7349	C000718012	sucrosomial iron	2021-07-06	DateIntroduced	2	date
7350	C033003	sudan red	1982-01-07	DateIntroduced	1	
7351	C000723535	sudapyridine	2022-09-15	DateIntroduced	2	date
7352	C000723018	sugemalimab	2022-08-03	DateIntroduced	2	date
7353	C104760	suilysin	1997-03-26	DateIntroduced	1	
7354	C000714947	sulbactam, durlobactam drug combination	2021-03-08	DateIntroduced	2	date
7355	C031331	sulbutiamine	1981-09-21	DateIntroduced	1	
7356	C033308	sulconazole	1982-02-02	DateIntroduced	1	
7357	C001910	carzenide	1973-01-01	DateIntroduced	1	
7358	C000712687	sulfur-32	2021-01-27	DateIntroduced	2	date
7359	C069025	sulfate radical	1991-07-01	DateIntroduced	1	
7360	C471392	sulfenamide	2003-02-26	DateIntroduced	1	
7361	C475571	N-(2,4-dichloro-5-(4-(difluoromethyl)-4,5-dihydro-3-methyl-5-oxo-1H-1,2,4-triazol-1-yl)phenyl)methanesulfonamide	2003-07-15	DateIntroduced	1	
7362	C586946	sulfilimine	2014-03-11	DateIntroduced	2	date
7363	C465543	N-hydroxysulfosuccimide	2002-09-24	DateIntroduced	1	
7364	C000638210	Sulfobacillus thermosulfidooxidans	2020-01-01	DateIntroduced	2	date
7365	C483727	sulfobetaine	2004-04-16	DateIntroduced	1	
7366	C015518	sulfolipids	1977-01-01	DateIntroduced	1	
7367	C009358	sulfoquinovose	1974-01-01	DateIntroduced	1	
7368	C050829	sulforhodamine 101	1987-01-08	DateIntroduced	1	
7369	C439268	sulfosulfuron	2001-11-16	DateIntroduced	1	
7370	C005662	tyrosine O-sulfate	1974-01-01	DateIntroduced	1	
7371	C000726232	sulfoxonium	2022-12-14	DateIntroduced	2	date
7372	C054989	sulfuretin	1988-03-29	DateIntroduced	1	
7373	C007858	glucuronyl glucosamine glycan sulfate	1974-01-01	DateIntroduced	1	
7374	C057923	sulperazone	1989-01-11	DateIntroduced	1	
7375	C016767	sulprostone	1978-01-01	DateIntroduced	1	
7376	C084593	sulthiame	1994-10-05	DateIntroduced	1	
7377	C505028	sumanene	2005-11-01	DateIntroduced	1	
7378	C584014	4-((4-(((4-amino-2,3,5,6-tetramethylanilino)acetyl)(methyl)amino)-1-piperidinyl)methyl)benzamide	2013-10-27	DateIntroduced	2	date
7379	C000731668	sunvozertinib	2025-06-04	DateIntroduced	2	date
7380	C527789	poly(lactide-co-trimethylenecarbonate-co-epsilon-caprolactone)	2008-04-03	DateIntroduced	1	
7381	C580477	Surfactant Dysfunction	2013-10-24	DateIntroduced	2	date
7382	C013695	Surgicel	1977-01-01	DateIntroduced	1	
7383	C000629581	Surgiflo	2019-01-24	DateIntroduced	2	date
7384	C000717729	surufatinib	2021-06-10	DateIntroduced	2	date
7385	C543015	PNU-100480	2009-08-21	DateIntroduced	1	
7386	C000634098	sutimlimab	2019-09-09	DateIntroduced	2	date
7387	C000638155	Sutterella wadsworthensis	2020-01-01	DateIntroduced	2	date
7388	C000599192	SW033291	2015-07-05	DateIntroduced	2	date
7389	C049412	sweroside	1986-07-11	DateIntroduced	1	
7390	C013270	swertiamarin	1976-01-01	DateIntroduced	1	
7391	C556941	swertisin	2011-03-28	DateIntroduced	1	
7392	C546524	swietenine	2010-01-21	DateIntroduced	1	
7393	C098798	SYBR Green II	1996-04-30	DateIntroduced	1	
7394	C093207	SYBR-14	1995-05-23	DateIntroduced	1	
7395	C000656468	trastuzumab duocarmazine	2020-01-14	DateIntroduced	2	date
7396	C000654124	tezacaftor, ivacaftor drug combination	2019-10-04	DateIntroduced	2	date
7397	C097702	synaptojanin	1996-02-19	DateIntroduced	1	
7398	C000637852	Synechococcus elongatus	2020-01-01	DateIntroduced	2	date
7399	C430456	desmuslin	2001-07-10	DateIntroduced	1	
7400	C091824	syntrophin	1995-03-03	DateIntroduced	1	
7401	C000637818	Syntrophomonas wolfei	2020-01-01	DateIntroduced	2	date
7402	C000722279	SynVesT-1	2022-05-18	DateIntroduced	2	date
7403	C042192	syringaresinol	1984-11-20	DateIntroduced	1	
7404	C546494	syringetin	2010-01-20	DateIntroduced	1	
7405	C001945	syringic acid	1973-01-01	DateIntroduced	1	
7406	C407267	syringolin A	2000-05-04	DateIntroduced	1	
7407	C069036	syringotoxin B	1985-11-12	DateIntroduced	1	
7408	C084824	syrosingopine	1994-10-05	DateIntroduced	1	
7409	C000629413	SyrSpend	2018-12-21	DateIntroduced	2	date
7410	C568912	3-(5-(4-(cyclopentyloxy)-2-hydroxybenzoyl)-2-((3-hydroxy-1,2-benzisoxazol-6-yl)methoxy)phenyl)propionic acid	2011-12-29	DateIntroduced	1	
7411	C572961	4-(4-(3-(4-trifluoromethoxy-phenyl)ureido)cyclohexyloxy)benzoic acid	2012-06-25	DateIntroduced	1	
7412	C423915	T0901317	2001-04-18	DateIntroduced	1	
7413	C000591612	tumstatin (74-98)	2014-09-17	DateIntroduced	2	date
7414	C011126	tetraiodothyroacetic acid	1976-01-01	DateIntroduced	1	
7415	C009373	tabersonine	1974-01-01	DateIntroduced	1	
7416	C518955	TachoSil	2007-04-20	DateIntroduced	1	
7417	C057636	tachyplesin peptide, Tachypleus tridentatus	1988-12-12	DateIntroduced	1	
7418	C524632	TAE226	2007-11-30	DateIntroduced	1	
7419	C000613469	tafasitamab	2017-01-15	DateIntroduced	2	date
7420	C485333	tafluprost	2004-05-21	DateIntroduced	1	
7421	C012565	tagitinin	1976-01-01	DateIntroduced	1	
7422	C000592123	tagraxofusp	2014-10-04	DateIntroduced	2	date
7423	C000723826	TAK-418	2022-10-19	DateIntroduced	2	date
7424	C578072	TAK-683	2013-02-05	DateIntroduced	2	date
7425	C583854	TAK-901	2013-10-20	DateIntroduced	2	date
7426	C000730454	TAK-981	2024-03-21	DateIntroduced	2	date
7427	C000623135	takinib	2017-10-05	DateIntroduced	2	date
7428	C000678959	Talaromyces islandicus	2021-01-01	DateIntroduced	2	date
7429	C000688590	Talaromyces cellulolyticus	2021-01-01	DateIntroduced	2	date
7430	C000678954	Talaromyces stipitatus	2021-01-01	DateIntroduced	2	date
7431	C011550	talinolol	1976-01-01	DateIntroduced	1	
7432	C000633704	Talisia	2019-08-20	DateIntroduced	2	date
7433	C000730985	talquetamab	2024-10-28	DateIntroduced	2	date
7434	C055267	tandospirone	1988-04-21	DateIntroduced	1	
7435	C464670	tandutinib	2002-08-31	DateIntroduced	1	
7436	C000707821	taniborbactam	2020-06-24	DateIntroduced	2	date
7437	C540817	tanreqing	2009-05-25	DateIntroduced	1	
7438	C519463	Taohong Siwu decoction II	2007-05-08	DateIntroduced	1	
7439	C107762	tapasin	1997-09-11	DateIntroduced	1	
7440	C074442	1,3-bis(4-amidinophenoxy)-2-(4-amidinophenoxymethyl)ethylpropane	1992-06-08	DateIntroduced	1	
7441	C465023	VNP 20009	2002-09-10	DateIntroduced	1	
7442	C092152	N-((2-(hydroxyaminocarbonyl)methyl)-4-methylpentanoyl)-3-(2'-naphthyl)alanylalanine, 2-aminoethylamide	1995-03-23	DateIntroduced	1	
7443	C536940	Absent radii and thrombocytopenia	2010-06-25	DateIntroduced	1	
7444	C000732088	TAR-0520	2026-07-14	DateIntroduced	2	date
7445	C038612	tara gum	1983-08-08	DateIntroduced	1	
7446	C005802	taraxerol	1974-01-01	DateIntroduced	1	
7447	C009379	taraxerone	1974-01-01	DateIntroduced	1	
7448	C000718831	tartrolon E	2021-08-23	DateIntroduced	2	date
7449	C000590217	4-(2-fluoro-4-((((2-phenylacetyl)amino)thioxomethyl)amino)phenoxy)-7-methoxy-N-methyl-6-quinolinecarboxamide	2014-08-03	DateIntroduced	2	date
7450	C000593616	3-amino-1-methyl-3-(4-(3-phenyl-5H- imidazo(1,2-c)pyrido(3,4-e)(1,3)oxazin-2-yl)phenyl)cyclobutanol	2014-12-14	DateIntroduced	2	date
7451	C000655404	TAS4464	2019-12-16	DateIntroduced	2	date
7452	C000709247	zipalertinib	2020-08-03	DateIntroduced	2	date
7453	C478745	tasimelteon	2003-11-14	DateIntroduced	1	
7454	C534068	N-((5-bromo-2-thienyl)sulfonyl)-2,4-dichlorobenzamide	2008-12-29	DateIntroduced	1	
7455	C516109	tasquinimod	2007-01-11	DateIntroduced	1	
7456	C083510	taurohyodeoxycholic acid	1993-11-01	DateIntroduced	1	
7457	C012566	taurolidine	1976-01-01	DateIntroduced	1	
7458	C095926	taxa-4(5),11(12)-diene synthase	1995-11-03	DateIntroduced	1	
7459	C093125	taxa-4(5),11(12)diene	1995-05-18	DateIntroduced	1	
7460	C011361	tazettine	1976-01-01	DateIntroduced	1	
7461	C015230	funiferine N-oxide	1977-01-01	DateIntroduced	1	
7462	C000708656	tetrabromobisphenol S	2020-07-10	DateIntroduced	2	date
7463	C047984	titanocene bis(hydrogenmaleinate)	1986-04-02	DateIntroduced	1	
7464	C063145	N-tert-butyldimethylsilylimidazole	1990-03-25	DateIntroduced	1	
7465	C559038	8-(trifluoromethyl)-1,2,3,4,5-benzopentathiepin-6-amine	2011-06-30	DateIntroduced	1	
7466	C013279	3,4,3',4'-tetrachloroazobenzene	1977-01-01	DateIntroduced	1	
7467	C040203	2,3,6-trichloroindophenol	1984-02-13	DateIntroduced	1	
7468	C019567	tetrachloronitrobenzene	1979-01-01	DateIntroduced	1	
7469	C026956	taribavirin	1980-11-20	DateIntroduced	1	
7470	C003390	3,3',4',5-tetrachlorosalicylanilide	1972-01-01	DateIntroduced	1	
7471	C067718	2,2,8-trimethyl-4H-1-3-dioxino(4,5-c)pyridin-5-ylmethanol	1991-04-09	DateIntroduced	1	
7472	C000727722	tdTomato	2024-01-01	DateIntroduced	2	date
7473	C041737	triethylammonium bicarbonate	1984-07-18	DateIntroduced	1	
7474	C500135	tebipenem	2005-05-04	DateIntroduced	1	
7475	C120999	L 084	1999-10-05	DateIntroduced	1	
7476	C082026	tebufenozide	1993-08-04	DateIntroduced	1	
7477	C056708	Technegas	1988-09-01	DateIntroduced	1	
7478	C000731928	teclistamab	2026-03-13	DateIntroduced	2	date
7479	C062725	Tecoflex	1990-03-04	DateIntroduced	1	
7480	C402729	tectochrysin	2000-01-12	DateIntroduced	1	
7481	C120039	tectorigenin	1999-07-16	DateIntroduced	1	
7482	C494910	teduglutide	2005-01-10	DateIntroduced	1	
7483	C052595	teflubenzuron	1987-07-30	DateIntroduced	1	
7484	C489827	2,3,5,6-tetrafluoro-4-methylbenzyl (Z)-(1RS)-cis-3-(2-chloro-3,3,3-trifluoroprop-1-enyl)-2,2-dimethylcyclopropanecarboxylate	2004-09-14	DateIntroduced	1	
7485	C586502	tegafur-gimeracil-oteracil	2014-02-20	DateIntroduced	2	date
7486	C020946	triethylene glycol dimethacrylate	1979-01-01	DateIntroduced	1	
7487	C000732064	tegileridine	2026-06-23	DateIntroduced	2	date
7488	C000631239	tegoprazan	2019-05-20	DateIntroduced	2	date
7489	C548773	tehranolide	2010-04-20	DateIntroduced	1	
7490	C044103	tektins	1985-02-12	DateIntroduced	1	
7491	C533371	telatinib	2008-12-04	DateIntroduced	1	
7492	C000722462	telitacicept	2022-06-03	DateIntroduced	2	date
7493	C473299	tellimagrandin II	2003-04-23	DateIntroduced	1	
7494	C000621725	telotristat ethyl	2017-08-06	DateIntroduced	2	date
7495	C031367	temocillin	1981-10-10	DateIntroduced	1	
7496	C000726750	Temple syndrome	2023-02-08	DateIntroduced	2	date
7497	C536957	Temporomandibular ankylosis	2010-08-25	DateIntroduced	1	
7498	C536959	Temtamy syndrome	2010-08-25	DateIntroduced	1	
7499	C000637475	Tenacibaculum maritimum	2020-01-01	DateIntroduced	2	date
7500	C000599417	tenapanor	2015-07-16	DateIntroduced	2	date
7501	C579035	3-(4-(4-(3-methyl-1-phenyl-1H-pyrazol-5-yl)piperazin-1-yl)pyrrolidin-2-ylcarbonyl)thiazolidine	2013-03-19	DateIntroduced	2	date
7502	C003384	tentoxin	1973-01-01	DateIntroduced	1	
7503	C000707607	tepotinib	2020-06-18	DateIntroduced	2	date
7504	C005799	tetraethyl pyrophosphate	1974-01-01	DateIntroduced	1	
7505	C000711471	ML-265	2020-11-24	DateIntroduced	2	date
7506	C000615038	Terbium-161	2018-01-01	DateIntroduced	2	date
7507	C000676407	Terfezia claveryi	2021-01-01	DateIntroduced	2	date
7508	C030894	terminase	1981-08-13	DateIntroduced	1	
7509	C080890	terpestacin	1993-05-24	DateIntroduced	1	
7510	C019564	terpinyl acetate	1979-01-01	DateIntroduced	1	
7511	C439087	terrein	2001-11-14	DateIntroduced	1	
7512	C528989	terrylene	2008-05-20	DateIntroduced	1	
7513	C052893	tert-butoxy	1987-07-23	DateIntroduced	1	
7514	C019101	alpha-terthienyl	1979-01-01	DateIntroduced	1	
7515	C029738	tertiapin	1981-06-04	DateIntroduced	1	
7516	C563236	Testicular Germ Cell Tumor	2012-11-05	DateIntroduced	1	
7517	C566478	Testicular Microlithiasis	2012-11-05	DateIntroduced	1	
7518	C000654730	tetrabromopyrrole	2019-11-18	DateIntroduced	2	date
7519	C050172	tetrabutylphosphonium	1986-11-14	DateIntroduced	1	
7520	C041181	tetrachlorodian	1984-06-12	DateIntroduced	1	
7521	C016134	tetrachloroethane	1978-01-01	DateIntroduced	1	
7522	C003393	tetracyanoethylene	1972-01-01	DateIntroduced	1	
7523	C047503	tetracyanonickelate	1986-01-15	DateIntroduced	1	
7524	C009410	tetradecyltrimethylammonium	1974-01-01	DateIntroduced	1	
7525	C409925	1,2,3,4-tetrahydrocarbazole	2000-06-26	DateIntroduced	1	
7526	C003676	tetrahydrocorticosterone	1973-01-01	DateIntroduced	1	
7527	C011552	tetrahydropterin	1976-01-01	DateIntroduced	1	
7528	C000731835	 tetrahydropyrimidine	2026-01-15	DateIntroduced	2	date
7529	C014787	Pyroset TKP	1977-01-01	DateIntroduced	1	
7530	C014849	tetramethyllead	1978-01-01	DateIntroduced	1	
7531	C009435	tetramic acid	1974-01-01	DateIntroduced	1	
7532	C048648	tetranectin	1986-06-03	DateIntroduced	1	
7533	C000655017	tetraniliprole	2019-12-05	DateIntroduced	2	date
7534	C520892	tetraoctylammonium bromide	2007-07-03	DateIntroduced	1	
7535	C000617116	tetraphenylethylene	2017-04-13	DateIntroduced	2	date
7536	C013289	tetraphenylphosphonium	1976-01-01	DateIntroduced	1	
7537	C000728733	Tetraponera	2023-06-15	DateIntroduced	2	date
7538	C052377	tetrapropylammonium	1987-07-01	DateIntroduced	1	
7539	C538306	Chromosome 18, tetrasomy 18p	2010-08-25	DateIntroduced	1	
7540	C536502	Tetrasomy X	2010-08-25	DateIntroduced	1	
7541	C063887	tetrathiafulvalene	1990-05-31	DateIntroduced	1	
7542	C090969	Tetric	1995-01-13	DateIntroduced	1	
7543	C501891	Tetric EvoCeram	2005-07-11	DateIntroduced	1	
7544	C084350	antarelix	1993-12-21	DateIntroduced	1	
7545	C413544	textilinin	2000-09-26	DateIntroduced	1	
7546	C000625213	tezacaftor	2017-12-03	DateIntroduced	2	date
7547	C082309	tezampanel	1993-08-23	DateIntroduced	1	
7548	C000622721	tezepelumab	2017-09-21	DateIntroduced	2	date
7549	C056604	transcription factor TFIIF	1988-08-22	DateIntroduced	1	
7550	C018406	1-(3-trifluoromethylphenyl)piperazine	1979-01-01	DateIntroduced	1	
7551	C021240	tissue-factor-pathway inhibitor 2	1980-01-01	DateIntroduced	1	
7552	C570909	14-methyl-20-oxa-5,7,14,26-tetraazatetracyclo(19.3.1.1(2,6).1(8,12))heptacosa-1(25),2(26),3,5,8(27),9,11,16,21,23-decaene	2012-03-24	DateIntroduced	1	
7553	C522865	TG101209	2007-09-20	DateIntroduced	1	
7554	C518275	TG4010	2007-03-23	DateIntroduced	1	
7555	C558003	2-(nicotinamide)-1,3,4-thiadiazole	2011-05-08	DateIntroduced	1	
7556	C089808	thyroglobulin peptide (2495-2511)	1994-11-07	DateIntroduced	1	
7557	C076626	tyrosyl-glutamyl-tyrosyl-glutamic acid	1992-10-09	DateIntroduced	1	
7558	C405269	TH 1177	2000-03-17	DateIntroduced	1	
7559	C000712208	TH5487	2021-01-07	DateIntroduced	2	date
7560	C059470	tetrahydrobenzo-4,6-dimethylangelicin	1989-06-08	DateIntroduced	1	
7561	C068233	testosterone-3-(n-hexyl)cyclobutane carboxylate	1991-05-09	DateIntroduced	1	
7562	C569455	theabrownin	2012-01-23	DateIntroduced	1	
7563	C585473	theaflavin-3,3'-digallate	2014-01-05	DateIntroduced	2	date
7564	C481298	theasinensin A	2004-02-09	DateIntroduced	1	
7565	C000632580	TheraCal	2019-07-29	DateIntroduced	2	date
7566	C000588659	theranekron	2014-05-29	DateIntroduced	2	date
7567	C000635281	Thermoanaerobacterium saccharolyticum	2020-01-01	DateIntroduced	2	date
7568	C000677537	Thermomyces lanuginosus	2021-01-01	DateIntroduced	2	date
7569	C021097	thermospermine	1980-01-01	DateIntroduced	1	
7570	C068489	thermostable direct hemolysin	1991-05-22	DateIntroduced	1	
7571	C000634898	Thermosynechococcus elongatus	2020-01-01	DateIntroduced	2	date
7572	C000634857	Thermus scotoductus	2020-01-01	DateIntroduced	2	date
7573	C450142	theta-defensin	2002-03-22	DateIntroduced	1	
7574	C009449	thianthrene	1974-01-01	DateIntroduced	1	
7575	C051000	thiazole orange	1987-01-15	DateIntroduced	1	
7576	C003438	thiazolidine-4-carboxylic acid	1971-01-01	DateIntroduced	1	
7577	C446540	thienopyridine	2002-02-13	DateIntroduced	1	
7578	C476003	thienopyrimidine	2003-07-31	DateIntroduced	1	
7579	C000726771	thienopyrimidinone	2023-02-09	DateIntroduced	2	date
7580	C414314	thifensulfuron methyl	2000-10-13	DateIntroduced	1	
7581	C494892	thifluzamide	2005-01-09	DateIntroduced	1	
7582	C013523	ethylene sulfide	1977-01-01	DateIntroduced	1	
7583	C004280	thiocolchicoside	1973-01-01	DateIntroduced	1	
7584	C000730442	thiodiazole-copper	2024-03-20	DateIntroduced	2	date
7585	C010518	thiodiacetic acid	1975-01-01	DateIntroduced	1	
7586	C013298	thiodipropionic acid	1976-01-01	DateIntroduced	1	
7587	C000728635	thiol-maleimide	2023-06-12	DateIntroduced	2	date
7588	C006361	acetopyrrothine	1969-01-01	DateIntroduced	1	
7589	C020522	thiomuscimol	1979-01-01	DateIntroduced	1	
7590	C052075	thioperamide	1987-06-12	DateIntroduced	1	
7591	C514237	thiotaurine	2006-10-22	DateIntroduced	1	
7592	C484911	thioxanthone	2004-05-10	DateIntroduced	1	
7593	C000628091	THJ-2201	2018-08-27	DateIntroduced	2	date
7594	C026804	4,5,6,7-tetrahydroisoxazolo(4,5-c)pyridin-3-ol	1980-10-30	DateIntroduced	1	
7595	C532652	threoninol	2008-11-02	DateIntroduced	1	
7596	C000730798	threose nucleic acid	2024-07-31	DateIntroduced	2	date
7597	C046193	antithrombin III-protease complex	1985-09-27	DateIntroduced	1	
7598	C536332	Polydactyly preaxial type 1	2010-08-25	DateIntroduced	1	
7599	C536905	Thymic epithelial tumor	2010-08-25	DateIntroduced	1	
7600	C092717	thymidine kinase 1	1995-04-26	DateIntroduced	1	
7601	C105339	thymidine kinase 2	1997-04-29	DateIntroduced	1	
7602	C013713	thymol blue	1977-01-01	DateIntroduced	1	
7603	C458339	thyrostimulin	2002-06-28	DateIntroduced	1	
7604	C525450	titanium molybdenum alloy	2008-01-03	DateIntroduced	1	
7605	C000599177	Ti-Zr alloy	2015-07-05	DateIntroduced	2	date
7606	C472586	Ti3SiC2	2003-03-31	DateIntroduced	1	
7607	C110989	6-chloro-5-(2-propenyl)-uracil	1998-03-24	DateIntroduced	1	
7608	C039460	titanium trichloride	1983-11-16	DateIntroduced	1	
7609	C093517	transcriptional intermediary factor 1	1995-06-12	DateIntroduced	1	
7610	C032240	titanium tetrafluoride	1981-12-01	DateIntroduced	1	
7611	C576258	20,23-dipiperidinyl-mycaminosyl-tylonolide	2012-11-16	DateIntroduced	1	
7612	C000598346	tiliacorinine	2015-06-03	DateIntroduced	2	date
7613	C426884	tilianin	2001-05-31	DateIntroduced	1	
7614	C000706649	tilimycin	2020-06-03	DateIntroduced	2	date
7615	C093067	tilivalline	1995-05-16	DateIntroduced	1	
7616	C000679625	Tilletia laevis	2021-01-01	DateIntroduced	2	date
7617	C052319	tilmicosin	1987-06-02	DateIntroduced	1	
7618	C000723013	tilsotolimod	2022-08-03	DateIntroduced	2	date
7619	C543146	timosaponin AIII	2009-08-27	DateIntroduced	1	
7620	C536962	Timothy syndrome	2010-08-25	DateIntroduced	1	
7621	C032628	tin protoporphyrin IX	1981-12-21	DateIntroduced	1	
7622	C009492	tingenone	1974-01-01	DateIntroduced	1	
7623	C062507	tinosporide	1990-02-21	DateIntroduced	1	
7624	C536922	Tubulointerstitial nephritis and uveitis	2010-08-25	DateIntroduced	1	
7625	C016151	tinuvin	1978-01-01	DateIntroduced	1	
7626	C507641	TiO2-SiO2	2006-02-06	DateIntroduced	1	
7627	C028458	tipepidine	1981-03-19	DateIntroduced	1	
7628	C044140	tyrosyl-isoleucyl-phenylalanyl-valine	1985-02-22	DateIntroduced	1	
7629	C000730814	Tiragolumab	2024-08-02	DateIntroduced	2	date
7630	C514393	tirucallane	2006-10-26	DateIntroduced	1	
7631	C000707142	tisotumab vedotin	2020-06-16	DateIntroduced	2	date
7632	C036532	titanium phosphate	1982-12-28	DateIntroduced	1	
7633	C551661	ARQ 197	2010-08-25	DateIntroduced	1	
7634	C553176	tivozanib	2010-11-01	DateIntroduced	1	
7635	C000714167	tixagevimab	2021-03-01	DateIntroduced	2	date
7636	C000607343	5-(3-(4-(4-benzylpiperazin-1-yl)-N-(4-phenylthiazol-2-yl))propanamide	2016-05-06	DateIntroduced	2	date
7637	C545190	TLN 05220	2009-11-30	DateIntroduced	1	
7638	C000623364	TM5441	2017-10-13	DateIntroduced	2	date
7639	C523829	RECS1 protein, mouse	2007-10-26	DateIntroduced	1	
7640	C575713	27-cyclohexyl-12,13,16,17-tetrahydro-22-methoxy-11,17-dimethyl-10,10-dioxide-2,19-methano-3,7:4,1-dimetheno-1H,11H-14,10,2,9,11,17-benzoxathiatetraazacyclo docosine-8,18(9H,15H)-dione	2012-10-18	DateIntroduced	1	
7641	C049158	1,4-thiomorpholine-3,5-dicarboxylic acid	1985-12-27	DateIntroduced	1	
7642	C053572	1-methyl-4-(methylpyrrol-2-yl)-1,2,3,6-tetrahydropyridine	1987-10-22	DateIntroduced	1	
7643	C065612	Peptide oostatic hormone	1990-10-05	DateIntroduced	1	
7644	C065261	N(2)-(3-trifluoromethylphenyl)guanine	1990-09-11	DateIntroduced	1	
7645	C027993	trimethylolpropane triacrylate	1981-02-03	DateIntroduced	1	
7646	C067502	tetramethylreductic acid	1991-03-26	DateIntroduced	1	
7647	C096222	tmRNA	1995-11-22	DateIntroduced	1	
7648	C058010	trimethylsilyl cyanide	1989-01-25	DateIntroduced	1	
7649	C036591	tetramethylsuccinonitrile	1983-01-11	DateIntroduced	1	
7650	C040286	Tn antigen	1984-03-09	DateIntroduced	1	
7651	C473503	Tn5 transposase	2003-08-08	DateIntroduced	1	
7652	C104096	TNK-tissue plasminogen activator	1997-02-26	DateIntroduced	1	
7653	C572520	tocol	2012-06-05	DateIntroduced	1	
7654	C570135	Tocomin	2012-02-21	DateIntroduced	1	
7655	C103397	tocopherol cyclase	1997-01-31	DateIntroduced	1	
7656	C025541	tri-o-cresyl phosphate	1980-07-25	DateIntroduced	1	
7657	C575086	6-((4-ethylphenyl)methyl)-3',4',5',6'-tetrahydro-6'-(hydroxymethyl)spiro(isobenzofuran-1(3H),2'-(2H)pyran)-3',4',5'-triol	2012-09-23	DateIntroduced	1	
7658	C413220	toki-shakuyaku-san	2000-09-15	DateIntroduced	1	
7659	C556693	tolfenpyrad	2011-03-21	DateIntroduced	1	
7660	C037318	toluidine red	1983-03-18	DateIntroduced	1	
7661	C070021	N-dichlorofluoromethylthio-N',N'-dimethyl-N-p-tolylsulfamide	1991-08-22	DateIntroduced	1	
7662	C000623967	Tomato chlorosis virus	2018-01-01	DateIntroduced	2	date
7663	C000623926	Tomato leaf curl New Delhi virus	2018-01-01	DateIntroduced	2	date
7664	C000623932	Tomato leaf curl virus	2018-01-01	DateIntroduced	2	date
7665	C454646	tomentosin	2002-05-17	DateIntroduced	1	
7666	C000718631	tominersen	2021-08-10	DateIntroduced	2	date
7667	C118706	tonabersat	1999-05-07	DateIntroduced	1	
7668	C033116	acetyl methyl tetramethyl tetralin	1982-01-20	DateIntroduced	1	
7669	C527174	tongluo	2008-03-10	DateIntroduced	1	
7670	C000714407	tongmai formula	2021-03-02	DateIntroduced	2	date
7671	C513941	tongxinluo	2006-10-04	DateIntroduced	1	
7672	C036454	toosendanin	1982-12-28	DateIntroduced	1	
7673	C504882	FYX-051	2005-10-26	DateIntroduced	1	
7674	C483909	torcetrapib	2004-04-21	DateIntroduced	1	
7675	C000707859	tormentic acid	2020-06-25	DateIntroduced	2	date
7676	C078923	torularhodin	1993-01-28	DateIntroduced	1	
7677	C078922	torulene	1993-01-28	DateIntroduced	1	
7678	C034367	trioctyl trimellitate	1982-05-26	DateIntroduced	1	
7679	C536974	Townes-Brocks syndrome	2010-08-25	DateIntroduced	1	
7680	C000604732	tozuleristide	2016-02-07	DateIntroduced	2	date
7681	C499326	2-((aminocarbonyl)amino)-5-(4-fluorophenyl)-3-thiophenecarboxamide	2005-04-12	DateIntroduced	1	
7682	C090573	47-kDa immunogen, Treponema pallidum	1994-12-23	DateIntroduced	1	
7683	C099499	2,7,12,17-tetraphenylporphycene	1996-07-01	DateIntroduced	1	
7684	C016136	tetraphenylporphine sulfonate	1978-01-01	DateIntroduced	1	
7685	C068420	thymidylyl(3'-5')-5'-thio-5'-deoxythymidine	1991-05-21	DateIntroduced	1	
7686	C536977	Tracheobronchopathia osteoplastica	2010-08-25	DateIntroduced	1	
7687	C000630281	Trachypithecus francoisi	2019-01-01	DateIntroduced	2	date
7688	C000630283	Trachypithecus leucocephalus	2019-01-01	DateIntroduced	2	date
7689	C114444	trafermin	1998-09-25	DateIntroduced	1	
7690	C574065	tralokinumab	2012-08-03	DateIntroduced	1	
7691	C000595640	4-bromo-2-(4-chlorophenyl)-5-(trifluoromethyl)-1H-pyrrole-3-carbonitrile	2015-03-01	DateIntroduced	2	date
7692	C000677233	Trametes hirsuta	2021-01-01	DateIntroduced	2	date
7693	C000674104	Trametes polyzona	2021-01-01	DateIntroduced	2	date
7694	C000682687	Trametes robiniophila	2021-01-01	DateIntroduced	2	date
7695	C012293	tranilast	1976-01-01	DateIntroduced	1	
7696	C000716210	trans-4-hydroxy-L-proline	2021-04-13	DateIntroduced	2	date
7697	C069715	trans-sialidase	1991-08-07	DateIntroduced	1	
7698	C563207	Transaldolase Deficiency	2012-11-05	DateIntroduced	1	
7699	C065742	Transbond	1990-10-18	DateIntroduced	1	
7700	C477790	Transbond XT	2003-10-07	DateIntroduced	1	
7701	C028176	transcobalamin receptor	1981-02-12	DateIntroduced	1	
7702	C560613	transfluthrin	2011-08-27	DateIntroduced	1	
7703	C051615	transgelin	1987-04-13	DateIntroduced	1	
7704	C105804	transglutaminase 1	1997-05-28	DateIntroduced	1	
7705	C509089	traumatic acid	2006-03-29	DateIntroduced	1	
7706	C559000	1-(2-(morpholin-4-yl)ethyl)-3-(4-(-3-(6-(morpholin-4-yl)pyridin- 2-yl)prop-2-enoyl)phenyl)urea dihydrochloride	2011-06-29	DateIntroduced	1	
7707	C466027	trehalosamine	2002-10-03	DateIntroduced	1	
7708	C021099	trehalose monomycolate	1979-01-01	DateIntroduced	1	
7709	C023178	trehalose-phosphatase	1976-01-01	DateIntroduced	1	
7710	C042003	trehalulose	1984-08-14	DateIntroduced	1	
7711	C103742	potassium channel protein TREK-1	1997-02-12	DateIntroduced	1	
7712	C000595449	trelagliptin	2015-02-22	DateIntroduced	2	date
7713	C018404	treosulfan	1979-01-01	DateIntroduced	1	
7714	C000640713	Treponema pallidum subsp. pallidum	2020-01-01	DateIntroduced	2	date
7715	C038229	tri-N-octylamine	1983-06-24	DateIntroduced	1	
7716	C096226	tripropylamine	1995-11-22	DateIntroduced	1	
7717	C030720	triacetic acid lactone	1981-07-29	DateIntroduced	1	
7718	C495284	triacetone triperoxide	2005-01-18	DateIntroduced	1	
7719	C000720507	Triadica cochinchinensis	2021-12-17	DateIntroduced	2	date
7720	C005900	triamcinolone hexacetonide	1974-01-01	DateIntroduced	1	
7721	C078157	3-aminopyridine-2-carboxaldehyde thiosemicarbazone	1992-12-17	DateIntroduced	1	
7722	C482777	triazacyclononane	2004-03-19	DateIntroduced	1	
7723	C583634	triazatruxene	2013-09-25	DateIntroduced	2	date
7724	C539416	riamilovir	2009-03-27	DateIntroduced	1	
7725	C000731879	 triazolopyridine	2026-01-26	DateIntroduced	2	date
7726	C012584	triazophos	1976-01-01	DateIntroduced	1	
7727	C039783	tributyl citrate	1983-12-22	DateIntroduced	1	
7728	C028021	tricarballylic acid	1981-02-05	DateIntroduced	1	
7729	C009528	trichloroacetamide	1974-01-01	DateIntroduced	1	
7730	C029549	trichloroacetonitrile	1981-06-01	DateIntroduced	1	
7731	C005849	2,2,2-trichloroethanol	1969-01-01	DateIntroduced	1	
7732	C000703713	Trichoderma afroharzianum	2021-01-01	DateIntroduced	2	date
7733	C000703723	Trichoderma asperelloides	2021-01-01	DateIntroduced	2	date
7734	C000678888	Trichoderma asperellum	2021-01-01	DateIntroduced	2	date
7735	C000703726	Trichoderma atroviride	2021-01-01	DateIntroduced	2	date
7736	C000678289	Trichoderma citrinoviride	2021-01-01	DateIntroduced	2	date
7737	C000703778	Trichoderma gamsii	2021-01-01	DateIntroduced	2	date
7738	C000703784	Trichoderma guizhouense	2021-01-01	DateIntroduced	2	date
7739	C000684004	Trichoderma koningii	2021-01-01	DateIntroduced	2	date
7740	C000674277	Trichoderma koningiopsis	2021-01-01	DateIntroduced	2	date
7741	C000677539	Trichoderma longibrachiatum	2021-01-01	DateIntroduced	2	date
7742	C012075	trichodiene	1976-01-01	DateIntroduced	1	
7743	C000684582	Tricholoma matsutake	2021-01-01	DateIntroduced	2	date
7744	C000728363	Trichophyton indotineae	2023-05-11	DateIntroduced	2	date
7745	C000686283	Trichophyton tonsurans	2021-01-01	DateIntroduced	2	date
7746	C000678837	Trichophyton verrucosum	2021-01-01	DateIntroduced	2	date
7747	C000677202	Trichosporon asahii	2021-01-01	DateIntroduced	2	date
7748	C000676627	Trichosporon inkin	2021-01-01	DateIntroduced	2	date
7749	C000677131	Trichothecium roseum	2021-01-01	DateIntroduced	2	date
7750	C068166	tricosanoic acid	1991-05-06	DateIntroduced	1	
7751	C533117	tricyanofuran	2008-11-24	DateIntroduced	1	
7752	C052671	vinyltriethoxysilane	1987-07-07	DateIntroduced	1	
7753	C009549	triethyl phosphate	1974-01-01	DateIntroduced	1	
7754	C512918	triethylsilane	2006-08-30	DateIntroduced	1	
7755	C000629420	trifarotene	2018-12-21	DateIntroduced	2	date
7756	C000620847	triflumezopyrim	2017-06-25	DateIntroduced	2	date
7757	C023957	triflumuron	1980-01-01	DateIntroduced	1	
7758	C074585	trifluoroethene	1992-06-17	DateIntroduced	1	
7759	C513519	alpha,alpha,alpha-trifluorotoluene	2006-09-18	DateIntroduced	1	
7760	C526230	trifolirhizin	2008-02-04	DateIntroduced	1	
7761	C531010	triheptanoin	2008-08-30	DateIntroduced	1	
7762	C000633547	trihex	2019-08-13	DateIntroduced	2	date
7763	C000708352	trilaciclib	2020-07-07	DateIntroduced	2	date
7764	C503302	triladyl	2005-08-31	DateIntroduced	1	
7765	C009564	trilinolein	1969-01-01	DateIntroduced	1	
7766	C529208	trimethoxyvinylsilane	2008-05-30	DateIntroduced	1	
7767	C003715	trimethyl phosphate	1973-01-01	DateIntroduced	1	
7768	C009579	trimethyl phosphite	1974-01-01	DateIntroduced	1	
7769	C443643	trimethylene carbonate	2002-01-11	DateIntroduced	1	
7770	C003712	trimethyllysine	1972-01-01	DateIntroduced	1	
7771	C009581	trimethylsulfonium	1975-01-01	DateIntroduced	1	
7772	C046488	trimethyltin	1985-10-16	DateIntroduced	1	
7773	C040533	trimethyltin chloride	1984-04-17	DateIntroduced	1	
7774	C033790	trioxacarcin	1982-04-12	DateIntroduced	1	
7775	C068051	tripchlorolide	1991-04-29	DateIntroduced	1	
7776	C005445	triphenyl phosphate	1969-01-01	DateIntroduced	1	
7777	C009590	triphenylene	1969-01-01	DateIntroduced	1	
7778	C037749	triphenylethylene	1983-05-16	DateIntroduced	1	
7779	C000727489	triphenylphosphonium	2023-03-21	DateIntroduced	2	date
7780	C111044	bis(trichloromethyl) carbonate	1998-03-26	DateIntroduced	1	
7781	C578961	tripropylene glycol	2013-03-16	DateIntroduced	2	date
7782	C001899	triptolide	1973-01-01	DateIntroduced	1	
7783	C084079	triptonide	1993-12-07	DateIntroduced	1	
7784	C035061	triptophenolide	1982-08-05	DateIntroduced	1	
7785	C520712	triptycene	2007-06-27	DateIntroduced	1	
7786	C016805	tris(1,3-dichloro-2-propyl)phosphate	1978-01-01	DateIntroduced	1	
7787	C415768	tris(2,2'-bipyridyl)ruthenium(II)	2000-11-16	DateIntroduced	1	
7788	C541743	tris(2,3-dibromopropyl)isocyanurate	2009-07-02	DateIntroduced	1	
7789	C099539	tris(2-aminoethyl)amine	1996-07-03	DateIntroduced	1	
7790	C013320	tris(2-butoxyethyl) phosphate	1977-01-01	DateIntroduced	1	
7791	C031324	tris(chloroethyl)phosphate	1981-09-10	DateIntroduced	1	
7792	C049232	tris(2-ethylhexyl)phosphate	1986-06-30	DateIntroduced	1	
7793	C547049	tris(pentafluorophenyl)borane	2010-02-12	DateIntroduced	1	
7794	C535488	Chromosome 14 trisomy	2010-08-25	DateIntroduced	1	
7795	C536799	Chromosome 22, trisomy	2010-08-25	DateIntroduced	1	
7796	C538028	Chromosome 9, trisomy	2010-08-25	DateIntroduced	1	
7797	C535454	Chromosome 9, trisomy mosaic	2010-08-25	DateIntroduced	1	
7798	C013321	trithiocarbonic acid	1976-01-01	DateIntroduced	1	
7799	C039408	trithiocyanuric acid	1983-11-03	DateIntroduced	1	
7800	C016811	tyloxapol	1975-01-01	DateIntroduced	1	
7801	C574561	trolline	2012-08-27	DateIntroduced	1	
7802	C013322	tropatepine	1977-01-01	DateIntroduced	1	
7803	C011377	tropic acid	1976-01-01	DateIntroduced	1	
7804	C000630573	tropifexor	2019-04-02	DateIntroduced	2	date
7805	C527336	tropodithietic acid	2008-03-17	DateIntroduced	1	
7806	C003730	tropone	1972-01-01	DateIntroduced	1	
7807	C028936	troxipide	1981-04-20	DateIntroduced	1	
7808	C536858	Spastic paraplegia 20, autosomal recessive	2010-08-25	DateIntroduced	1	
7809	C016810	tryptophylglycine	1978-01-01	DateIntroduced	1	
7810	C113296	tryptophyl-proline	1998-07-28	DateIntroduced	1	
7811	C000606701	tryptophyltryptophan	2016-04-15	DateIntroduced	2	date
7812	C555534	Sar-Arg-Val-Tyr-Ile-His-Pro-Ala-OH	2011-02-02	DateIntroduced	1	
7813	C044809	trypanothione	1985-04-11	DateIntroduced	1	
7814	C049608	trypanothione reductase	1986-08-15	DateIntroduced	1	
7815	C064407	trypanothione synthetase	1990-07-05	DateIntroduced	1	
7816	C114880	trypsin-like serine protease	1998-10-21	DateIntroduced	1	
7817	C046243	tryptanthrine	1985-09-12	DateIntroduced	1	
7818	C069544	tryptophanol	1991-07-31	DateIntroduced	1	
7819	C048192	3-(2-(2,4,6-trimethylphenyl)thioethyl)-4-methylsydnone	1986-04-21	DateIntroduced	1	
7820	C038864	4-(2-(5,6,7,8-tetrahydro-5,5,8,8-tetramethyl-2-naphthalenyl)-1-propenyl)benzoic acid	1983-09-07	DateIntroduced	1	
7821	C000654432	TTP399	2019-10-22	DateIntroduced	2	date
7822	C559645	12,13-dihydro-N-methyl-6,11,13-trioxo-5H-benzo(4,5)cyclohepta(1,2-b)naphthalen-5,12-imine	2011-07-21	DateIntroduced	1	
7823	C474316	tubacin	2003-05-31	DateIntroduced	1	
7824	C553587	tubastatin A	2010-11-20	DateIntroduced	1	
7825	C051084	tubeimoside I	1987-02-09	DateIntroduced	1	
7826	C000686187	Tuber indicum	2021-01-01	DateIntroduced	2	date
7827	C103139	tuberculatin	1997-01-24	DateIntroduced	1	
7828	C034243	tuberostemonine	1982-05-14	DateIntroduced	1	
7829	C048769	tubliseal	1986-06-11	DateIntroduced	1	
7830	C039520	tyrosine-tubulin	1983-11-16	DateIntroduced	1	
7831	C023213	tyrosyltubulin ligase	1976-01-01	DateIntroduced	1	
7832	C000705452	tucatinib	2020-04-17	DateIntroduced	2	date
7833	C536924	Tufted angioma	2010-08-25	DateIntroduced	1	
7834	C000729616	tufuling	2023-10-31	DateIntroduced	2	date
7835	C585065	3-(4-((4-fluoro-4'-methyl-(1,1'-biphenyl)-2-yl)methoxy)phenyl)propanoic acid	2013-12-15	DateIntroduced	2	date
7836	C000623739	Tula hantavirus	2018-01-01	DateIntroduced	2	date
7837	C010809	tulobuterol	1976-01-01	DateIntroduced	1	
7838	C000720047	Tunneling Nanotubes	2021-11-19	DateIntroduced	2	date
7839	C000727535	Turbinaria brown algae	2023-03-22	DateIntroduced	2	date
7840	C000640359	Turicibacter sanguinis	2020-01-01	DateIntroduced	2	date
7841	C560136	turnagainolide B	2011-08-09	DateIntroduced	1	
7842	C000623892	Turnip mosaic virus	2018-01-01	DateIntroduced	2	date
7843	C000720449	tusamitamab ravtansine	2021-12-15	DateIntroduced	2	date
7844	C000717092	TVB-2640	2021-05-11	DateIntroduced	2	date
7845	C547688	TWS 119	2010-03-11	DateIntroduced	1	
7846	C551282	polyethylene glycol monooctylphenyl ether	2010-08-06	DateIntroduced	1	
7847	C013124	methylethylcellulose	1977-01-01	DateIntroduced	1	
7848	C545430	tylvalosin	2009-12-09	DateIntroduced	1	
7849	C081571	tyrosyl-isoleucyl-glycyl-seryl-arginine	1990-11-07	DateIntroduced	1	
7850	C023208	L-tyrosine ammonia-lyase	1970-01-01	DateIntroduced	1	
7851	C537537	Segawa syndrome, autosomal recessive	2010-08-25	DateIntroduced	1	
7852	C122147	tyrosyl-DNA phosphodiesterase	1999-11-09	DateIntroduced	1	
7853	C060229	1-(6-((3-methoxyestra-1,3,5(10)-trien-17-yl)amino)hexyl)-1H-pyrrole-2,5-dione	1989-08-10	DateIntroduced	1	
7854	C113580	U 0126	1998-08-11	DateIntroduced	1	
7855	C405483	U1 small nuclear RNA	2000-07-31	DateIntroduced	1	
7856	C006261	3-beta-(2-(diethylamino)ethoxy)androst-5-en-17-one	1974-01-01	DateIntroduced	1	
7857	C117378	RNA, U3 small nucleolar	1999-11-04	DateIntroduced	1	
7858	C405482	U4 small nuclear RNA	2000-07-31	DateIntroduced	1	
7859	C405487	U7 small nuclear RNA	2000-07-31	DateIntroduced	1	
7860	C432586	ubiquinol oxidase	2001-08-13	DateIntroduced	1	
7861	C000619007	ublituximab	2017-05-17	DateIntroduced	2	date
7862	C000615620	ubrogepant	2017-03-13	DateIntroduced	2	date
7863	C582887	UC2288	2013-08-16	DateIntroduced	2	date
7864	C501517	UCF 101	2005-06-26	DateIntroduced	1	
7865	C043346	sarcoursodeoxycholic acid	1984-12-06	DateIntroduced	1	
7866	C098051	UDP-galactopyranose mutase	1996-03-11	DateIntroduced	1	
7867	C023257	UDPglucuronate decarboxylase	1972-01-01	DateIntroduced	1	
7868	C022183	UDP-rhamnose	1980-01-01	DateIntroduced	1	
7869	C483158	Ufi gel	2004-04-01	DateIntroduced	1	
7870	C479838	(Nphe(1),Arg(14),Lys(15))N-OFQ NH(2)	2003-12-22	DateIntroduced	1	
7871	C428927	UDP-glucuronosyltransferase, UGT2B28	2001-06-19	DateIntroduced	1	
7872	C000711576	UiO-66	2020-12-07	DateIntroduced	2	date
7873	C000629966	UiO-67	2019-02-21	DateIntroduced	2	date
7874	C094854	ulipristal	1995-08-30	DateIntroduced	1	
7875	C555622	ulipristal acetate	2011-02-05	DateIntroduced	1	
7876	C000618314	ulixertinib	2017-05-07	DateIntroduced	2	date
7877	C537521	Scleroatonic muscular dystrophy	2010-08-25	DateIntroduced	1	
7878	C531021	UltraCal XS	2008-08-30	DateIntroduced	1	
7879	C097921	ferumoxtran-10	1996-03-01	DateIntroduced	1	
7880	C571831	ulvan	2012-05-03	DateIntroduced	1	
7881	C000626319	umbralisib	2018-02-23	DateIntroduced	2	date
7882	C573971	GSK573719	2012-07-31	DateIntroduced	1	
7883	C000592878	UMI-77	2014-11-07	DateIntroduced	2	date
7884	C023276	uridine monophosphate kinase	1975-01-01	DateIntroduced	1	
7885	C000621860	UNC0642	2017-08-13	DateIntroduced	2	date
7886	C000589254	UNC569	2014-07-02	DateIntroduced	2	date
7887	C000719567	Uncaria rhynchophylla	2021-10-11	DateIntroduced	2	date
7888	C479548	undecanal	2003-12-11	DateIntroduced	1	
7889	C009621	undecaprenyl phosphate	1975-01-01	DateIntroduced	1	
7890	C088139	undecaprenyl pyrophosphate	1994-08-01	DateIntroduced	1	
7891	C476488	(2E)-undecenal	2003-08-18	DateIntroduced	1	
7892	C528938	undecylprodiginine	2008-05-18	DateIntroduced	1	
7893	C047347	undecylprodigiosin	1986-01-21	DateIntroduced	1	
7894	C000655292	unicuspid aortic valve	2019-12-16	DateIntroduced	2	date
7895	C092705	uniconazole	1995-04-25	DateIntroduced	1	
7896	C078282	G-C Unifast LC	1992-12-22	DateIntroduced	1	
7897	C000721071	upacicalcet	2022-01-25	DateIntroduced	2	date
7898	C000706907	uperin 3.5	2020-06-10	DateIntroduced	2	date
7899	C492079	urotensin II (4-11), Pen(5)-Trp(7)-Orn(8)-	2004-10-09	DateIntroduced	1	
7900	C015568	urapidil	1978-01-01	DateIntroduced	1	
7901	C500528	cyclohexyl carbamic acid 3'-carbamoylbiphenyl-3-yl ester	2005-05-18	DateIntroduced	1	
7902	C000620833	urelumab	2017-06-23	DateIntroduced	2	date
7903	C074526	urethanase	1992-06-12	DateIntroduced	1	
7904	C026423	3,8-dihydroxy-6H-dibenzo(b,d)pyran-6-one	1980-10-07	DateIntroduced	1	
7905	C000595064	urolithin B	2015-02-08	DateIntroduced	2	date
7906	C581747	uromune	2013-06-18	DateIntroduced	2	date
7907	C029677	urotensin II	1981-06-11	DateIntroduced	1	
7908	C000606873	ursane	2016-04-20	DateIntroduced	2	date
7909	C070902	usambarensine	1991-10-15	DateIntroduced	1	
7910	C000658484	Usnea longissima	2021-01-01	DateIntroduced	2	date
7911	C000679892	Ustilago coicis	2021-01-01	DateIntroduced	2	date
7912	C538232	Adenosarcoma of the uterus	2010-06-25	DateIntroduced	1	
7913	C000624167	Utrogestan	2017-10-20	DateIntroduced	2	date
7914	C525131	UVI 3003	2007-12-20	DateIntroduced	1	
7915	C571999	UVI5008	2012-05-10	DateIntroduced	1	
7916	C109522	V 70	1998-01-07	DateIntroduced	1	
7917	C006045	2,4,5,4'-tetrachlorodiphenylsulfoxide	1974-01-01	DateIntroduced	1	
7918	C000624313	vadadustat	2017-10-29	DateIntroduced	2	date
7919	C000710213	vafidemstat	2020-09-02	DateIntroduced	2	date
7920	C000640003	Vagococcus fluvialis	2020-01-01	DateIntroduced	2	date
7921	C041390	valylleucine	1984-07-06	DateIntroduced	1	
7922	C055060	N-valyltryptophan	1988-04-04	DateIntroduced	1	
7923	C034792	valylvaline	1982-07-29	DateIntroduced	1	
7924	C000713891	valerian essential oil	2022-01-01	DateIntroduced	2	date
7925	C030127	valtrate	1981-06-30	DateIntroduced	1	
7926	C584811	vamorolone	2013-12-08	DateIntroduced	2	date
7927	C003754	vanillylamine	1972-01-01	DateIntroduced	1	
7928	C000731979	vanzacaftor	2026-04-24	DateIntroduced	2	date
7929	C103502	Variolink	1997-02-05	DateIntroduced	1	
7930	C036166	argipressin, Asu(1,6)-	1982-11-22	DateIntroduced	1	
7931	C511179	3-benzyl-7-(2-benzoxazolyl)thio-1,2,3-triazolo(4,5-d)pyrimidine	2006-06-21	DateIntroduced	1	
7932	C467484	VEGFA protein, human	2002-11-05	DateIntroduced	1	
7933	C052548	vasicinone	1987-07-09	DateIntroduced	1	
7934	C102106	vasostatin II	1996-12-11	DateIntroduced	1	
7935	C055732	vatinoxan	1988-06-01	DateIntroduced	1	
7936	C000639978	Veillonella atypica	2020-01-01	DateIntroduced	2	date
7937	C000628107	velagliflozin	2018-08-28	DateIntroduced	2	date
7938	C000604171	velpatasvir	2016-01-13	DateIntroduced	2	date
7939	C577620	5,4'-dihydroxy-7,3'-dimethoxyflavone	2013-01-22	DateIntroduced	1	
7940	C429005	venturicidin	2001-06-20	DateIntroduced	1	
7941	C068161	venturicidin A	1991-05-06	DateIntroduced	1	
7942	C550733	VER 155008	2010-07-11	DateIntroduced	1	
7943	C009649	veratramine	1969-01-01	DateIntroduced	1	
7944	C009333	veratric acid	1969-01-01	DateIntroduced	1	
7945	C052979	verazine	1987-08-24	DateIntroduced	1	
7946	C009951	verbenol	1975-01-01	DateIntroduced	1	
7947	C000603960	vericiguat	2015-12-31	DateIntroduced	2	date
7948	C524581	vernakalant	2007-11-29	DateIntroduced	1	
7949	C522755	verticilide	2007-09-14	DateIntroduced	1	
7950	C009654	verticillins	1974-01-01	DateIntroduced	1	
7951	C000685155	Verticillium longisporum	2021-01-01	DateIntroduced	2	date
7952	C000685650	Verticillium nonalfalfae	2021-01-01	DateIntroduced	2	date
7953	C581746	vertise flow	2013-06-18	DateIntroduced	2	date
7954	C000710140	sabizabulin	2020-08-31	DateIntroduced	2	date
7955	C012605	vesiculin	1976-01-01	DateIntroduced	1	
7956	C515147	vestitol	2006-11-30	DateIntroduced	1	
7957	C000630913	veverimer	2019-05-06	DateIntroduced	2	date
7958	C000721467	VEXAS syndrome	2022-02-22	DateIntroduced	2	date
7959	C042635	valyl-glycyl-valyl-alanyl-prolyl-glycine	1984-10-22	DateIntroduced	1	
7960	C508745	vialinin A	2006-03-17	DateIntroduced	1	
7961	C000608232	N-(4-((5-(hydroxy(phenyl)methyl)pyrrolidin-2-yl)methyl)phenyl)-4-oxo-4,6,7,8-tetrahydropyrrolo(1,2-a)pyrimidine-6-carboxamide	2016-06-12	DateIntroduced	2	date
7962	C522315	vibralactone	2007-08-28	DateIntroduced	1	
7963	C000639673	Vibrio aestuarianus	2020-01-01	DateIntroduced	2	date
7964	C000639652	Vibrio campbellii	2020-01-01	DateIntroduced	2	date
7965	C000639643	Vibrio coralliilyticus	2020-01-01	DateIntroduced	2	date
7966	C000639637	Vibrio diabolicus	2020-01-01	DateIntroduced	2	date
7967	C000639633	Vibrio europaeus	2020-01-01	DateIntroduced	2	date
7968	C000639631	Vibrio fluvialis	2020-01-01	DateIntroduced	2	date
7969	C000639594	Vibrio natriegens	2020-01-01	DateIntroduced	2	date
7970	C090126	vibrioferrin	1994-11-23	DateIntroduced	1	
7971	C574646	methyl 2-(2-acetoxy-6,7-dihydrothieno(3,2-c)pyridin-5(4H)-yl)-2-(2-chlorophenyl)acetate	2012-08-29	DateIntroduced	1	
7972	C530449	apigenin-6,8-di-C-glycopyranoside	2008-07-31	DateIntroduced	1	
7973	C535566	Absent corpus callosum cataract immunodeficiency	2010-06-25	DateIntroduced	1	
7974	C015575	vicilin protein, plant	1977-01-01	DateIntroduced	1	
7975	C553728	vidofludimus	2010-11-27	DateIntroduced	1	
7976	C586669	vilaprisan	2014-02-27	DateIntroduced	2	date
7977	C000654848	viltolarsen	2019-11-25	DateIntroduced	2	date
7978	C000731840	vimseltinib	2026-01-15	DateIntroduced	2	date
7979	C044616	vindeburnol	1985-04-18	DateIntroduced	1	
7980	C009667	vindoline	1974-01-01	DateIntroduced	1	
7981	C031134	vinylene carbonate	1981-08-20	DateIntroduced	1	
7982	C007384	1,1-difluoroethylene	1975-01-01	DateIntroduced	1	
7983	C023290	violaxanthin de-epoxidase	1972-01-01	DateIntroduced	1	
7984	C000613977	Viperfav	2017-02-05	DateIntroduced	2	date
7985	C413486	viral interferon regulatory factors	2000-09-25	DateIntroduced	1	
7986	C009673	viridicatin	1975-01-01	DateIntroduced	1	
7987	C552080	viridiflorol	2010-09-14	DateIntroduced	1	
7988	C012097	viridin	1976-01-01	DateIntroduced	1	
7989	C000704644	Vishniacozyma victoriae	2021-01-01	DateIntroduced	2	date
7990	C045140	visinin	1985-05-31	DateIntroduced	1	
7991	C000612641	Visio.link	2016-12-04	DateIntroduced	2	date
7992	C559771	Visiol	2011-07-26	DateIntroduced	1	
7993	C044999	visnagin	1985-05-23	DateIntroduced	1	
7994	C000621297	VITA Enamic	2017-07-17	DateIntroduced	2	date
7995	C000621298	VITA Suprinity	2017-07-17	DateIntroduced	2	date
7996	C010524	vitamin Q	1975-01-01	DateIntroduced	1	
7997	C029584	calcium hydroxide, iodoform, silicone oil drug combination	1981-06-05	DateIntroduced	1	
7998	C030474	vitellogenin receptor	1981-07-22	DateIntroduced	1	
7999	C032731	vitexin	1982-02-24	DateIntroduced	1	
8000	C412469	vitisin A	2000-08-25	DateIntroduced	1	
8001	C480486	malvidin-3-O-glucoside-4 vinyl	2004-01-13	DateIntroduced	1	
8002	C084550	Vitremer	1994-01-01	DateIntroduced	1	
8003	C497413	vittatalactone	2005-03-11	DateIntroduced	1	
8004	C551853	Viusid	2010-09-02	DateIntroduced	1	
8005	C000706151	VK4-116	2020-05-13	DateIntroduced	2	date
8006	C000623193	VLX1570	2017-10-08	DateIntroduced	2	date
8007	C000600334	VO-OHpic	2015-08-18	DateIntroduced	2	date
8008	C012098	voacangine	1976-01-01	DateIntroduced	1	
8009	C000593612	ISIS 304801	2014-12-14	DateIntroduced	2	date
8010	C552956	vonoprazan	2010-10-19	DateIntroduced	1	
8011	C000732022	vornorexant	2026-05-14	DateIntroduced	2	date
8012	C000709220	vorolanib	2020-07-30	DateIntroduced	2	date
8013	C000632572	vosoritide	2019-07-29	DateIntroduced	2	date
8014	C000619503	voxilaprevir	2017-05-28	DateIntroduced	2	date
8015	C576808	XL765	2012-12-16	DateIntroduced	1	
8016	C000705187	VPM1002 recombinant BCG vaccine	2020-04-05	DateIntroduced	2	date
8017	C000593572	1-((2-((2-chloropyridin-4yl)amino)-4'-(cyclopropylmethyl)-(4,5'-bipyrimidin)-2'-yl)amino)-2-methylpropan-2-ol	2014-12-12	DateIntroduced	2	date
8018	C097407	VS 215	1996-02-02	DateIntroduced	1	
8019	C032335	vasectrin III	1981-12-21	DateIntroduced	1	
8020	C000728191	VSA-2	2023-04-25	DateIntroduced	2	date
8021	C000720753	VTP50469	2022-01-10	DateIntroduced	2	date
8022	C585271	N-(1-(4-(5-chloro-2-oxo-2,3-dihydro-1H-benzo(d)imidazol-1-yl)piperidin-1-yl)propan-2-yl)-2-naphthamide	2013-12-26	DateIntroduced	2	date
8023	C581972	N-cyclobutyl-6-((3-fluorophenyl)ethynyl)nicotinamide	2013-06-30	DateIntroduced	2	date
8024	C574617	VU0364572	2012-08-29	DateIntroduced	1	
8025	C000629830	VU0486846	2019-02-11	DateIntroduced	2	date
8026	C517771	VX 702	2007-03-07	DateIntroduced	1	
8027	C056913	glycoprotein E, varicella-zoster virus	1988-09-22	DateIntroduced	1	
8028	C470794	N-((4-dimethylaminophenyl)methyl)-N-(4-isopropylphenyl)-7-methoxy-1,2,3,4-tetrahydronaphthalen-1-carboxamide	2003-02-04	DateIntroduced	1	
8029	C000638884	Waddlia chondrophila	2020-01-01	DateIntroduced	2	date
8030	C536697	WHIM syndrome	2010-08-25	DateIntroduced	1	
8031	C090413	N-(2-(4-(2-methoxyphenyl)-1-piperazinyl)ethyl)-N-(2-pyridinyl)cyclohexanecarboxamide	1994-12-15	DateIntroduced	1	
8032	C051122	wedelolactone	1987-02-02	DateIntroduced	1	
8033	C000708357	weifuchun	2020-07-07	DateIntroduced	2	date
8034	C000638874	Weissella confusa	2020-01-01	DateIntroduced	2	date
8035	C000638861	Weissella paramesenteroides	2020-01-01	DateIntroduced	2	date
8036	C000724002	Wenjing decoction	2022-10-28	DateIntroduced	2	date
8037	C583359	lemairamin	2013-09-10	DateIntroduced	2	date
8038	C068574	OMS 2017	1991-05-27	DateIntroduced	1	
8039	C044142	World Health Organization oral rehydration solution	1985-02-25	DateIntroduced	1	
8040	C536423	Progeroid syndrome, neonatal	2010-08-25	DateIntroduced	1	
8041	C000720129	wikstroelide E	2021-11-24	DateIntroduced	2	date
8042	C535115	wilforine	2009-02-16	DateIntroduced	1	
8043	C070417	(3R)-((2,3-dihydro-5-methyl-3-((4-morpholinyl)methyl)pyrrolo-(1,2,3-de)-1,4-benzoxazin-6-yl)(1-naphthalenyl))methanone	1991-09-17	DateIntroduced	1	
8044	C040129	wisteria lectin	1984-01-30	DateIntroduced	1	
8045	C433551	3-rhamnopyranosyl(1-4)-glucopyranosyl-12-diacetoxy-20-hydroxywitha-5,24-dienolide	2001-08-25	DateIntroduced	1	
8046	C010376	withanolide D	1975-01-01	DateIntroduced	1	
8047	C579131	2-(4-(2-methylpyridin-4-yl)phenyl)-N-(4-(pyridin-3-yl)phenyl)acetamide	2013-03-24	DateIntroduced	2	date
8048	C473995	wogonoside	2003-05-16	DateIntroduced	1	
8049	C000638517	Wohlfahrtiimonas chitiniclastica	2020-01-01	DateIntroduced	2	date
8050	C536739	Wolcott-Rallison syndrome	2010-08-25	DateIntroduced	1	
8051	C536742	Woodhouse Sakati syndrome	2010-08-25	DateIntroduced	1	
8052	C536745	Woolly hair, congenital	2010-08-25	DateIntroduced	1	
8053	C546729	worenine	2010-01-27	DateIntroduced	1	
8054	C519885	WP1066	2007-05-29	DateIntroduced	1	
8055	C476329	2-(2-methoxy-4-nitrophenyl)-3-(4-nitrophenyl)-5-(2,4-disulfophenyl)-2H tetrazolium monosodium salt	2003-08-13	DateIntroduced	1	
8056	C503696	padeliporfin	2005-09-14	DateIntroduced	1	
8057	C000626829	WT161	2018-04-20	DateIntroduced	2	date
8058	C550103	wuhua	2010-06-17	DateIntroduced	1	
8059	C000592638	Wuji pill	2014-10-27	DateIntroduced	2	date
8060	C000654306	wumei	2019-10-16	DateIntroduced	2	date
8061	C576807	WZB117	2012-12-16	DateIntroduced	1	
8062	C564048	Dystonia 3, Torsion, X-Linked	2012-11-05	DateIntroduced	1	
8063	C075257	xanomeline	1992-07-22	DateIntroduced	1	
8064	C462036	xanthomicrol	2002-08-06	DateIntroduced	1	
8065	C002866	xanthommatin	1973-01-01	DateIntroduced	1	
8066	C000638497	Xanthomonas arboricola	2020-01-01	DateIntroduced	2	date
8067	C000638488	Xanthomonas euvesicatoria	2020-01-01	DateIntroduced	2	date
8068	C000638486	Xanthomonas fragariae	2020-01-01	DateIntroduced	2	date
8069	C000638483	Xanthomonas hortorum	2020-01-01	DateIntroduced	2	date
8070	C000638476	Xanthomonas perforans	2020-01-01	DateIntroduced	2	date
8071	C000638475	Xanthomonas phaseoli	2020-01-01	DateIntroduced	2	date
8072	C000638467	Xanthomonas translucens	2020-01-01	DateIntroduced	2	date
8073	C005893	xanthosine	1974-01-01	DateIntroduced	1	
8074	C021768	xanthotoxol	1980-01-01	DateIntroduced	1	
8075	C020814	xanthyletine	1979-01-01	DateIntroduced	1	
8076	C519861	xantphos	2007-05-28	DateIntroduced	1	
8077	C544261	XAV939	2009-10-15	DateIntroduced	1	
8078	C488234	XCT790	2004-08-03	DateIntroduced	1	
8079	C000710655	XEN1101	2020-09-21	DateIntroduced	2	date
8080	C077659	xenin 25	1992-11-27	DateIntroduced	1	
8081	C016832	xenopsin	1978-01-01	DateIntroduced	1	
8082	C588089	xentuzumab	2014-04-27	DateIntroduced	2	date
8083	C068501	xestoquinone	1991-05-23	DateIntroduced	1	
8084	C582113	N-((3,4-dihydro-3-hydroxy-2-methyl-2-(4'-methyl-3'-pentenyl)-2H-1-benzopyran-6-yl)carbonyl)threonine	2013-07-07	DateIntroduced	2	date
8085	C548756	xiangdan	2010-04-20	DateIntroduced	1	
8086	C548754	xiao-xu-ming	2010-04-20	DateIntroduced	1	
8087	C516449	xiaoyao	2007-01-24	DateIntroduced	1	
8088	C550200	xiaochaihu	2010-06-21	DateIntroduced	1	
8089	C000597954	xiaoji	2015-05-24	DateIntroduced	2	date
8090	C000598250	xiaotan sanjie	2015-06-02	DateIntroduced	2	date
8091	C564469	Lymphoproliferative Syndrome, X-Linked, 2	2012-11-05	DateIntroduced	1	
8092	C518364	Xiexin decoction	2007-03-28	DateIntroduced	1	
8093	C000598753	xihuang	2015-06-21	DateIntroduced	2	date
8094	C000599569	xin-ji-er-kang	2015-07-22	DateIntroduced	2	date
8095	C533622	xinfeng	2008-12-11	DateIntroduced	1	
8096	C000612342	Xingren	2016-11-23	DateIntroduced	2	date
8097	C000618382	xinmailong	2017-05-08	DateIntroduced	2	date
8098	C568790	XMD 8-92	2011-12-22	DateIntroduced	1	
8099	C000625617	XMU-MP-1	2017-12-20	DateIntroduced	2	date
8100	C540591	XENP 1595	2009-05-14	DateIntroduced	1	
8101	C000611309	xuanbai chengqi	2016-10-02	DateIntroduced	2	date
8102	C549376	Xuebijing	2010-05-14	DateIntroduced	1	
8103	C509799	xuesetong	2006-04-25	DateIntroduced	1	
8104	C496822	xuezhikang	2005-02-27	DateIntroduced	1	
8105	C000673590	Xylaria grammica	2021-01-01	DateIntroduced	2	date
8106	C062784	xylazole	1990-03-06	DateIntroduced	1	
8107	C016833	xylenol orange	1978-01-01	DateIntroduced	1	
8108	C004173	xylobiose	1973-01-01	DateIntroduced	1	
8109	C473049	xyloglucan - xyloglucosyltransferase	2003-04-14	DateIntroduced	1	
8110	C073693	xyloglucan endotransglycosylase	1992-04-22	DateIntroduced	1	
8111	C072818	xyloglucan endo(1-4)-beta-D-glucanase	1992-03-13	DateIntroduced	1	
8112	C570461	xylomannan	2012-03-05	DateIntroduced	1	
8113	C000630589	xylonic acid	2019-04-03	DateIntroduced	2	date
8114	C570991	xylooligosaccharide	2012-03-27	DateIntroduced	1	
8115	C010807	xylosides	1975-01-01	DateIntroduced	1	
8116	C067906	threo-pentos-2-ulose	1991-04-19	DateIntroduced	1	
8117	C515044	xylotriose	2006-11-26	DateIntroduced	1	
8118	C069705	xymedon	1991-08-07	DateIntroduced	1	
8119	C536297	Male sterility due to Y-chromosome deletions	2010-08-25	DateIntroduced	1	
8120	C000620905	yangxin decoction	2017-06-28	DateIntroduced	2	date
8121	C000730393	Yao syndrome	2024-03-13	DateIntroduced	2	date
8122	C104977	Yariv reagent	1997-04-04	DateIntroduced	1	
8123	C452802	yatein	2002-04-26	DateIntroduced	1	
8124	C518808	ytterbium(III) triflate	2007-04-15	DateIntroduced	1	
8125	C104398	yersiniabactin	1997-03-10	DateIntroduced	1	
8126	C069538	yibeinoside A	1991-07-30	DateIntroduced	1	
8127	C000719271	yinchen	2021-09-23	DateIntroduced	2	date
8128	C562345	YK 4-279	2011-11-13	DateIntroduced	1	
8129	C475455	YM-254890	2003-07-10	DateIntroduced	1	
8130	C079110	N-(3-pyridylmethyl)epidoxorubicin	1993-02-05	DateIntroduced	1	
8131	C079111	N-(3-pyridylmethyl)dihydroepidoxorubicin	1993-02-05	DateIntroduced	1	
8132	C089813	YO-PRO 1	1994-11-07	DateIntroduced	1	
8133	C000708435	yoda-1	2020-07-08	DateIntroduced	2	date
8134	C524644	Yi-Gan San	2007-11-30	DateIntroduced	1	
8135	C000707468	YS-01	2020-06-18	DateIntroduced	2	date
8136	C506362	yu ping feng san	2005-12-20	DateIntroduced	1	
8137	C536719	Yunis Varon syndrome	2010-08-25	DateIntroduced	1	
8138	C532967	yupingfeng	2008-11-15	DateIntroduced	1	
8139	C425776	tyrosyl-valyl-alanyl-aspartic acid fluoromethyl ketone	2001-05-15	DateIntroduced	1	
8140	C000607342	YW3-56	2016-05-06	DateIntroduced	2	date
8141	C110772	benzoylcarbonyl-aspartyl-glutamyl-valyl-aspartyl-fluoromethyl ketone	1998-03-13	DateIntroduced	1	
8142	C096713	benzyloxycarbonylvalyl-alanyl-aspartyl fluoromethyl ketone	1995-12-15	DateIntroduced	1	
8143	C460579	benzyloxycarbonyltyrosyl-valyl-alanyl-aspartic acid fluoromethyl ketone	2002-07-25	DateIntroduced	1	
8144	C055971	zacopride	1988-06-23	DateIntroduced	1	
8145	C000726995	zanidatamab	2023-02-27	DateIntroduced	2	date
8146	C058552	3-((aminoiminomethyl)thio)-2-propenoic acid	1989-03-17	DateIntroduced	1	
8147	C011145	zaprinast	1976-01-01	DateIntroduced	1	
8148	C584752	zavegepant	2013-12-05	DateIntroduced	2	date
8149	C082246	ICI D2788	1993-08-18	DateIntroduced	1	
8150	C476335	Ze 339	2003-08-13	DateIntroduced	1	
8151	C510722	Ze 450	2006-06-06	DateIntroduced	1	
8152	C109854	zeaxanthin dipalmitate	1998-01-26	DateIntroduced	1	
8153	C097153	zeaxanthin epoxidase	1996-01-19	DateIntroduced	1	
8154	C000730057	zeolitic imidazolate framework-67	2024-01-24	DateIntroduced	2	date
8155	C000722364	ZF2001 COVID-19 vaccine	2022-05-26	DateIntroduced	2	date
8156	C000655364	zhenwu decoction	2019-12-16	DateIntroduced	2	date
8157	C526719	zhigancao decoction	2008-02-21	DateIntroduced	1	
8158	C527184	zhuhuang	2008-03-10	DateIntroduced	1	
8159	C000624484	zidebactam	2017-11-06	DateIntroduced	2	date
8160	C000723612	ZIF-90	2022-09-22	DateIntroduced	2	date
8161	C000718191	ziltivekimab	2021-07-16	DateIntroduced	2	date
8162	C000719268	zilucoplan	2021-09-23	DateIntroduced	2	date
8163	C000719848	zimberelimab	2021-11-01	DateIntroduced	2	date
8164	C000730146	zinc borate	2024-02-01	DateIntroduced	2	date
8165	C558702	zinc chlorin	2011-06-14	DateIntroduced	1	
8166	C016838	zinc glycinate	1978-01-01	DateIntroduced	1	
8167	C052159	Zn(II)-phthalocyanine	1987-05-18	DateIntroduced	1	
8168	C017803	zinc protoporphyrin	1978-01-01	DateIntroduced	1	
8169	C000726230	zinc trifluoromethanesulfonate	2022-12-14	DateIntroduced	2	date
8170	C484848	ziyuglycoside I	2004-05-07	DateIntroduced	1	
8171	C097270	ZM 241385	1996-01-25	DateIntroduced	1	
8172	C474722	4-(4-(N-benzoylamino)anilino)-6-methoxy-7-(3-(1-morpholino)propoxy)quinazoline	2003-06-17	DateIntroduced	1	
8173	C402117	ZmMPK5	1999-12-23	DateIntroduced	1	
8174	C067542	zinc(II) tetrakis(4-carboxyphenyl)porphine	1991-03-28	DateIntroduced	1	
8175	C534214	zinc germanate	2009-01-10	DateIntroduced	1	
8176	C060750	zinc deuteroporphyrin IX 2,4-bis(glycol)	1989-09-20	DateIntroduced	1	
8177	C000731232	zodasiran	2025-02-18	DateIntroduced	2	date
8178	C077728	zonula occludens toxin, Vibrio cholerae	1992-12-01	DateIntroduced	1	
8179	C570564	ZSM-5 zeolite	2012-03-08	DateIntroduced	1	
8180	C060342	clopenthixol acetate ester	1989-08-18	DateIntroduced	1	
8181	C552040	zuogui	2010-09-11	DateIntroduced	1	
8182	C000634505	zuranolone	2019-09-30	DateIntroduced	2	date
8183	C000723006	bupivacaine-meloxicam drug combination	2022-08-03	DateIntroduced	2	date
