cosine,distribution_mrr,distribution_recall_at_10,final_loss,initial_loss,mean_abs_hrr_coefficient,mean_effective_log_basis_scale_abs,mean_hrr_correction_norm,mean_log_basis_scale_abs,mean_offset_norm,mean_positive_targets,method,mse,n,parameters,partition,relation,relation_accuracy,seed,split_mode,target_candidates,target_mrr,target_recall_at_10,track
0.3547689914703369,0.2106620967388153,0.3661971688270569,0.5623753666877747,0.7047731876373291,,,,,,1.0704225301742554,offset,0.0016802889294922352,142,5376,test,all,0.30985915660858154,13,node_disjoint,128,0.19356364011764526,0.34507042169570923,contextual_centered
0.2764541506767273,0.12095899134874344,0.4444444477558136,0.5623753666877747,0.7047731876373291,,,,,,1.0,offset,0.0018842341378331184,18,5376,test,hypernym,0.30985915660858154,13,node_disjoint,128,0.12095899134874344,0.4444444477558136,contextual_centered
0.30730903148651123,0.17014425992965698,0.3333333432674408,0.5623753666877747,0.7047731876373291,,,,,,1.1111111640930176,offset,0.001803883002139628,18,5376,test,instance_hypernym,0.30985915660858154,13,node_disjoint,128,0.14489172399044037,0.2777777910232544,contextual_centered
0.25654536485671997,0.25717684626579285,0.30434781312942505,0.5623753666877747,0.7047731876373291,,,,,,1.1739130020141602,offset,0.0019360798178240657,23,5376,test,member_meronym,0.30985915660858154,13,node_disjoint,128,0.2130107879638672,0.260869562625885,contextual_centered
0.42321863770484924,0.24265743792057037,0.35483869910240173,0.5623753666877747,0.7047731876373291,,,,,,1.0645161867141724,offset,0.0015020349528640509,31,5376,test,substance_meronym,0.30985915660858154,13,node_disjoint,128,0.21180188655853271,0.32258063554763794,contextual_centered
0.2914542555809021,0.14392302930355072,0.21052631735801697,0.5623753666877747,0.7047731876373291,,,,,,1.0,offset,0.0018451714422553778,19,5376,test,part_meronym,0.30985915660858154,13,node_disjoint,128,0.14392302930355072,0.21052631735801697,contextual_centered
0.6101111173629761,0.44050756096839905,0.8461538553237915,0.5623753666877747,0.7047731876373291,,,,,,1.0,offset,0.0010153359035030007,13,5376,test,antonym,0.30985915660858154,13,node_disjoint,128,0.44050756096839905,0.8461538553237915,contextual_centered
0.36900338530540466,0.13877874612808228,0.25,0.5623753666877747,0.7047731876373291,,,,,,1.100000023841858,offset,0.00164322042837739,20,5376,test,attribute,0.30985915660858154,13,node_disjoint,128,0.13872413337230682,0.25,contextual_centered
0.26698771119117737,0.25103798508644104,0.3802816867828369,0.6226489543914795,1.0036413669586182,,,,,,1.0704225301742554,hrr,0.0019088861299678683,142,5376,test,all,0.246478870511055,13,node_disjoint,128,0.2360701709985733,0.35211268067359924,contextual_centered
0.25428643822669983,0.2078326940536499,0.4444444477558136,0.6226489543914795,1.0036413669586182,,,,,,1.0,hrr,0.0019419625168666244,18,5376,test,hypernym,0.246478870511055,13,node_disjoint,128,0.2078326940536499,0.4444444477558136,contextual_centered
0.1175265833735466,0.11689434945583344,0.2777777910232544,0.6226489543914795,1.0036413669586182,,,,,,1.1111111640930176,hrr,0.0022981080692261457,18,5376,test,instance_hypernym,0.246478870511055,13,node_disjoint,128,0.11321788281202316,0.2222222238779068,contextual_centered
0.25574439764022827,0.2902235984802246,0.3478260934352875,0.6226489543914795,1.0036413669586182,,,,,,1.1739130020141602,hrr,0.0019381657475605607,23,5376,test,member_meronym,0.246478870511055,13,node_disjoint,128,0.2421460747718811,0.260869562625885,contextual_centered
0.287701815366745,0.2973703444004059,0.35483869910240173,0.6226489543914795,1.0036413669586182,,,,,,1.0645161867141724,hrr,0.0018549433443695307,31,5376,test,substance_meronym,0.246478870511055,13,node_disjoint,128,0.26664838194847107,0.32258063554763794,contextual_centered
0.24323096871376038,0.16350236535072327,0.3684210479259491,0.6226489543914795,1.0036413669586182,,,,,,1.0,hrr,0.001970752840861678,19,5376,test,part_meronym,0.246478870511055,13,node_disjoint,128,0.16350236535072327,0.3684210479259491,contextual_centered
0.6004971861839294,0.5846647024154663,0.7692307829856873,0.6226489543914795,1.0036413669586182,,,,,,1.0,hrr,0.0010403719497844577,13,5376,test,antonym,0.246478870511055,13,node_disjoint,128,0.5846647024154663,0.7692307829856873,contextual_centered
0.1995445340871811,0.16007490456104279,0.25,0.6226489543914795,1.0036413669586182,,,,,,1.100000023841858,hrr,0.0020845194812864065,20,5376,test,attribute,0.246478870511055,13,node_disjoint,128,0.16002050042152405,0.25,contextual_centered
0.2669808268547058,0.25102531909942627,0.3802816867828369,0.6226444840431213,0.7047852873802185,,,,,,1.0704225301742554,hrr_identity,0.0019089041743427515,142,5376,test,all,0.246478870511055,13,node_disjoint,128,0.23605749011039734,0.35211268067359924,contextual_centered
0.2543144226074219,0.2078326940536499,0.4444444477558136,0.6226444840431213,0.7047852873802185,,,,,,1.0,hrr_identity,0.0019418896408751607,18,5376,test,hypernym,0.246478870511055,13,node_disjoint,128,0.2078326940536499,0.4444444477558136,contextual_centered
0.11752283573150635,0.11689434945583344,0.2777777910232544,0.6226444840431213,0.7047852873802185,,,,,,1.1111111640930176,hrr_identity,0.002298117848113179,18,5376,test,instance_hypernym,0.246478870511055,13,node_disjoint,128,0.11321788281202316,0.2222222238779068,contextual_centered
0.2557199001312256,0.2902235984802246,0.3478260934352875,0.6226444840431213,0.7047852873802185,,,,,,1.1739130020141602,hrr_identity,0.0019382296595722437,23,5376,test,member_meronym,0.246478870511055,13,node_disjoint,128,0.2421460747718811,0.260869562625885,contextual_centered
0.28769028186798096,0.29731231927871704,0.35483869910240173,0.6226444840431213,0.7047852873802185,,,,,,1.0645161867141724,hrr_identity,0.0018549734959378839,31,5376,test,substance_meronym,0.246478870511055,13,node_disjoint,128,0.26659032702445984,0.32258063554763794,contextual_centered
0.24321496486663818,0.16350236535072327,0.3684210479259491,0.6226444840431213,0.7047852873802185,,,,,,1.0,hrr_identity,0.001970794517546892,19,5376,test,part_meronym,0.246478870511055,13,node_disjoint,128,0.16350236535072327,0.3684210479259491,contextual_centered
0.6004814505577087,0.5846647024154663,0.7692307829856873,0.6226444840431213,0.7047852873802185,,,,,,1.0,hrr_identity,0.0010404131608083844,13,5376,test,antonym,0.246478870511055,13,node_disjoint,128,0.5846647024154663,0.7692307829856873,contextual_centered
0.19954527914524078,0.16007490456104279,0.25,0.6226444840431213,0.7047852873802185,,,,,,1.100000023841858,hrr_identity,0.0020845173858106136,20,5376,test,attribute,0.246478870511055,13,node_disjoint,128,0.16002050042152405,0.25,contextual_centered
0.35379499197006226,0.22621670365333557,0.3802816867828369,0.5601648688316345,0.7047731876373291,0.1368028074502945,0.005437619984149933,0.1368028074502945,0.02986779250204563,0.9150532484054565,1.0704225301742554,basis_offset_residual_hrr,0.001682825619354844,142,11527,test,all,0.2957746386528015,13,node_disjoint,128,0.20563603937625885,0.35915493965148926,contextual_centered
0.28405678272247314,0.12247734516859055,0.4444444477558136,0.5601648688316345,0.7047731876373291,0.1368028074502945,0.005437619984149933,0.1368028074502945,0.02986779250204563,0.9150532484054565,1.0,basis_offset_residual_hrr,0.0018644355004653335,18,11527,test,hypernym,0.2957746386528015,13,node_disjoint,128,0.12247734516859055,0.4444444477558136,contextual_centered
0.3092896044254303,0.21394889056682587,0.3888888955116272,0.5601648688316345,0.7047731876373291,0.1368028074502945,0.005437619984149933,0.1368028074502945,0.02986779250204563,0.9150532484054565,1.1111111640930176,basis_offset_residual_hrr,0.001798724988475442,18,11527,test,instance_hypernym,0.2957746386528015,13,node_disjoint,128,0.1610388308763504,0.3333333432674408,contextual_centered
0.25982657074928284,0.25602054595947266,0.30434781312942505,0.5601648688316345,0.7047731876373291,0.1368028074502945,0.005437619984149933,0.1368028074502945,0.02986779250204563,0.9150532484054565,1.1739130020141602,basis_offset_residual_hrr,0.0019275351660326123,23,11527,test,member_meronym,0.2957746386528015,13,node_disjoint,128,0.21170535683631897,0.260869562625885,contextual_centered
0.39693400263786316,0.2573651075363159,0.3870967626571655,0.5601648688316345,0.7047731876373291,0.1368028074502945,0.005437619984149933,0.1368028074502945,0.02986779250204563,0.9150532484054565,1.0645161867141724,basis_offset_residual_hrr,0.0015704844845458865,31,11527,test,substance_meronym,0.2957746386528015,13,node_disjoint,128,0.2267199605703354,0.35483869910240173,contextual_centered
0.2980681359767914,0.14594586193561554,0.21052631735801697,0.5601648688316345,0.7047731876373291,0.1368028074502945,0.005437619984149933,0.1368028074502945,0.02986779250204563,0.9150532484054565,1.0,basis_offset_residual_hrr,0.001827947678975761,19,11527,test,part_meronym,0.2957746386528015,13,node_disjoint,128,0.14594586193561554,0.21052631735801697,contextual_centered
0.6385148167610168,0.4726058840751648,0.8461538553237915,0.5601648688316345,0.7047731876373291,0.1368028074502945,0.005437619984149933,0.1368028074502945,0.02986779250204563,0.9150532484054565,1.0,basis_offset_residual_hrr,0.0009413679363206029,13,11527,test,antonym,0.2957746386528015,13,node_disjoint,128,0.4726058840751648,0.8461538553237915,contextual_centered
0.3656849265098572,0.16417303681373596,0.25,0.5601648688316345,0.7047731876373291,0.1368028074502945,0.005437619984149933,0.1368028074502945,0.02986779250204563,0.9150532484054565,1.100000023841858,basis_offset_residual_hrr,0.001651862054131925,20,11527,test,attribute,0.2957746386528015,13,node_disjoint,128,0.1641317456960678,0.25,contextual_centered
0.35567933320999146,0.22995410859584808,0.3802816867828369,0.5609111189842224,0.7047731876373291,0.13551707565784454,0.0036797213833779097,0.13551709055900574,0.0200385432690382,0.9153027534484863,1.0704225301742554,basis_offset_diagonal_control,0.0016779184807091951,142,11527,test,all,0.30281689763069153,13,node_disjoint,128,0.20933839678764343,0.35915493965148926,contextual_centered
0.28570055961608887,0.12745022773742676,0.4444444477558136,0.5609111189842224,0.7047731876373291,0.13551707565784454,0.0036797213833779097,0.13551709055900574,0.0200385432690382,0.9153027534484863,1.0,basis_offset_diagonal_control,0.001860155025497079,18,11527,test,hypernym,0.30281689763069153,13,node_disjoint,128,0.12745022773742676,0.4444444477558136,contextual_centered
0.31243830919265747,0.2139068990945816,0.3888888955116272,0.5609111189842224,0.7047731876373291,0.13551707565784454,0.0036797213833779097,0.13551709055900574,0.0200385432690382,0.9153027534484863,1.1111111640930176,basis_offset_diagonal_control,0.0017905255081132054,18,11527,test,instance_hypernym,0.30281689763069153,13,node_disjoint,128,0.16099685430526733,0.3333333432674408,contextual_centered
0.26338955760002136,0.256926029920578,0.30434781312942505,0.5609111189842224,0.7047731876373291,0.13551707565784454,0.0036797213833779097,0.13551709055900574,0.0200385432690382,0.9153027534484863,1.1739130020141602,basis_offset_diagonal_control,0.0019182565156370401,23,11527,test,member_meronym,0.30281689763069153,13,node_disjoint,128,0.21230889856815338,0.260869562625885,contextual_centered
0.3912132680416107,0.2513240575790405,0.3870967626571655,0.5609111189842224,0.7047731876373291,0.13551707565784454,0.0036797213833779097,0.13551709055900574,0.0200385432690382,0.9153027534484863,1.0645161867141724,basis_offset_diagonal_control,0.0015853821532800794,31,11527,test,substance_meronym,0.30281689763069153,13,node_disjoint,128,0.22076377272605896,0.35483869910240173,contextual_centered
0.3044514060020447,0.14651352167129517,0.21052631735801697,0.5609111189842224,0.7047731876373291,0.13551707565784454,0.0036797213833779097,0.13551709055900574,0.0200385432690382,0.9153027534484863,1.0,basis_offset_diagonal_control,0.0018113242695108056,19,11527,test,part_meronym,0.30281689763069153,13,node_disjoint,128,0.14651352167129517,0.21052631735801697,contextual_centered
0.6406749486923218,0.51530921459198,0.8461538553237915,0.5609111189842224,0.7047731876373291,0.13551707565784454,0.0036797213833779097,0.13551709055900574,0.0200385432690382,0.9153027534484863,1.0,basis_offset_diagonal_control,0.0009357425151392817,13,11527,test,antonym,0.30281689763069153,13,node_disjoint,128,0.51530921459198,0.8461538553237915,contextual_centered
0.3720521926879883,0.16629692912101746,0.25,0.5609111189842224,0.7047731876373291,0.13551707565784454,0.0036797213833779097,0.13551709055900574,0.0200385432690382,0.9153027534484863,1.100000023841858,basis_offset_diagonal_control,0.0016352807870134711,20,11527,test,attribute,0.30281689763069153,13,node_disjoint,128,0.1662222445011139,0.25,contextual_centered
0.3548576533794403,0.22545045614242554,0.3802816867828369,0.5594952702522278,0.7047731876373291,0.13635210692882538,0.005288042593747377,0.13635210692882538,0.029057348147034645,0.913249135017395,1.0704225301742554,basis_offset_rotated_diagonal_control,0.0016800581943243742,142,11527,test,all,0.2957746386528015,13,node_disjoint,128,0.20493502914905548,0.35915493965148926,contextual_centered
0.2852165102958679,0.1229952722787857,0.4444444477558136,0.5594952702522278,0.7047731876373291,0.13635210692882538,0.005288042593747377,0.13635210692882538,0.029057348147034645,0.913249135017395,1.0,basis_offset_rotated_diagonal_control,0.0018614153377711773,18,11527,test,hypernym,0.2957746386528015,13,node_disjoint,128,0.1229952722787857,0.4444444477558136,contextual_centered
0.30831971764564514,0.21235235035419464,0.3888888955116272,0.5594952702522278,0.7047731876373291,0.13635210692882538,0.005288042593747377,0.13635210692882538,0.029057348147034645,0.913249135017395,1.1111111640930176,basis_offset_rotated_diagonal_control,0.0018012509681284428,18,11527,test,instance_hypernym,0.2957746386528015,13,node_disjoint,128,0.15944230556488037,0.3333333432674408,contextual_centered
0.2606029212474823,0.25430697202682495,0.30434781312942505,0.5594952702522278,0.7047731876373291,0.13635210692882538,0.005288042593747377,0.13635210692882538,0.029057348147034645,0.913249135017395,1.1739130020141602,basis_offset_rotated_diagonal_control,0.001925513381138444,23,11527,test,member_meronym,0.2957746386528015,13,node_disjoint,128,0.21027645468711853,0.260869562625885,contextual_centered
0.3991314768791199,0.25731560587882996,0.3870967626571655,0.5594952702522278,0.7047731876373291,0.13635210692882538,0.005288042593747377,0.13635210692882538,0.029057348147034645,0.913249135017395,1.0645161867141724,basis_offset_rotated_diagonal_control,0.0015647619729861617,31,11527,test,substance_meronym,0.2957746386528015,13,node_disjoint,128,0.22675535082817078,0.35483869910240173,contextual_centered
0.2983623743057251,0.1445848047733307,0.21052631735801697,0.5594952702522278,0.7047731876373291,0.13635210692882538,0.005288042593747377,0.13635210692882538,0.029057348147034645,0.913249135017395,1.0,basis_offset_rotated_diagonal_control,0.0018271813169121742,19,11527,test,part_meronym,0.2957746386528015,13,node_disjoint,128,0.1445848047733307,0.21052631735801697,contextual_centered
0.6397871375083923,0.47066009044647217,0.8461538553237915,0.5594952702522278,0.7047731876373291,0.13635210692882538,0.005288042593747377,0.13635210692882538,0.029057348147034645,0.913249135017395,1.0,basis_offset_rotated_diagonal_control,0.0009380545816384256,13,11527,test,antonym,0.2957746386528015,13,node_disjoint,128,0.47066009044647217,0.8461538553237915,contextual_centered
0.36765360832214355,0.16430851817131042,0.25,0.5594952702522278,0.7047731876373291,0.13635210692882538,0.005288042593747377,0.13635210692882538,0.029057348147034645,0.913249135017395,1.100000023841858,basis_offset_rotated_diagonal_control,0.0016467354726046324,20,11527,test,attribute,0.2957746386528015,13,node_disjoint,128,0.1642714887857437,0.25,contextual_centered
0.11866991221904755,0.1178201362490654,0.2112676054239273,0.46889692544937134,0.7047731876373291,,,,,,1.0704225301742554,low_rank_matched,0.0022951306309551,142,10766,test,all,0.26056337356567383,13,node_disjoint,128,0.11362383514642715,0.19014084339141846,contextual_centered
-0.02193474769592285,0.08805335313081741,0.1666666716337204,0.46889692544937134,0.7047731876373291,,,,,,1.0,low_rank_matched,0.0026612882502377033,18,10766,test,hypernym,0.26056337356567383,13,node_disjoint,128,0.08805335313081741,0.1666666716337204,contextual_centered
0.04452919960021973,0.11306282877922058,0.2222222238779068,0.46889692544937134,0.7047731876373291,,,,,,1.1111111640930176,low_rank_matched,0.002488205209374428,18,10766,test,instance_hypernym,0.26056337356567383,13,node_disjoint,128,0.09851258248090744,0.1666666716337204,contextual_centered
0.11833850294351578,0.13881273567676544,0.21739129722118378,0.46889692544937134,0.7047731876373291,,,,,,1.1739130020141602,low_rank_matched,0.0022959932684898376,23,10766,test,member_meronym,0.26056337356567383,13,node_disjoint,128,0.1307050734758377,0.17391304671764374,contextual_centered
0.1901809275150299,0.1253128945827484,0.29032257199287415,0.46889692544937134,0.7047731876373291,,,,,,1.0645161867141724,low_rank_matched,0.0021089038345962763,31,10766,test,substance_meronym,0.26056337356567383,13,node_disjoint,128,0.12085819989442825,0.25806450843811035,contextual_centered
0.03387678787112236,0.1197989359498024,0.15789473056793213,0.46889692544937134,0.7047731876373291,,,,,,1.0,low_rank_matched,0.002515945816412568,19,10766,test,part_meronym,0.26056337356567383,13,node_disjoint,128,0.1197989359498024,0.15789473056793213,contextual_centered
0.1809781938791275,0.09410429745912552,0.1538461595773697,0.46889692544937134,0.7047731876373291,,,,,,1.0,low_rank_matched,0.0021328695584088564,13,10766,test,antonym,0.26056337356567383,13,node_disjoint,128,0.09410429745912552,0.1538461595773697,contextual_centered
0.24153292179107666,0.1266719400882721,0.20000000298023224,0.46889692544937134,0.7047731876373291,,,,,,1.100000023841858,low_rank_matched,0.0019751745276153088,20,10766,test,attribute,0.26056337356567383,13,node_disjoint,128,0.12620201706886292,0.20000000298023224,contextual_centered
0.18476328253746033,0.12478150427341461,0.19014084339141846,0.5808287262916565,0.7047731876373291,,,,,,1.0704225301742554,shuffled_offset,0.0021230122074484825,142,5376,test,all,0.09859155118465424,13,node_disjoint,128,0.12167539447546005,0.17605634033679962,contextual_centered
0.054536785930395126,0.0805889219045639,0.1111111119389534,0.5808287262916565,0.7047731876373291,,,,,,1.0,shuffled_offset,0.002462144009768963,18,5376,test,hypernym,0.09859155118465424,13,node_disjoint,128,0.0805889219045639,0.1111111119389534,contextual_centered
0.1419944018125534,0.04814431443810463,0.1111111119389534,0.5808287262916565,0.7047731876373291,,,,,,1.1111111640930176,shuffled_offset,0.0022343897726386786,18,5376,test,instance_hypernym,0.09859155118465424,13,node_disjoint,128,0.0396675243973732,0.0555555559694767,contextual_centered
0.2621488571166992,0.11185082048177719,0.17391304671764374,0.5808287262916565,0.7047731876373291,,,,,,1.1739130020141602,shuffled_offset,0.0019214875064790249,23,5376,test,member_meronym,0.09859155118465424,13,node_disjoint,128,0.1004427894949913,0.1304347813129425,contextual_centered
0.10184140503406525,0.1463831514120102,0.19354838132858276,0.5808287262916565,0.7047731876373291,,,,,,1.0645161867141724,shuffled_offset,0.0023389544803649187,31,5376,test,substance_meronym,0.09859155118465424,13,node_disjoint,128,0.1455571949481964,0.19354838132858276,contextual_centered
0.2908520996570587,0.15615952014923096,0.3684210479259491,0.5808287262916565,0.7047731876373291,,,,,,1.0,shuffled_offset,0.001846739323809743,19,5376,test,part_meronym,0.09859155118465424,13,node_disjoint,128,0.15615952014923096,0.3684210479259491,contextual_centered
0.24939492344856262,0.18415355682373047,0.1538461595773697,0.5808287262916565,0.7047731876373291,,,,,,1.0,shuffled_offset,0.0019547007977962494,13,5376,test,antonym,0.09859155118465424,13,node_disjoint,128,0.18415355682373047,0.1538461595773697,contextual_centered
0.23719975352287292,0.1465151011943817,0.20000000298023224,0.5808287262916565,0.7047731876373291,,,,,,1.100000023841858,shuffled_offset,0.001986459130421281,20,5376,test,attribute,0.09859155118465424,13,node_disjoint,128,0.14649035036563873,0.20000000298023224,contextual_centered
0.19143125414848328,0.2153976410627365,0.30281689763069153,0.6273072957992554,1.0009866952896118,,,,,,1.0704225301742554,shuffled_hrr,0.0021056479308754206,142,5376,test,all,0.09154929220676422,13,node_disjoint,128,0.21092243492603302,0.2887323796749115,contextual_centered
0.19602450728416443,0.27757740020751953,0.4444444477558136,0.6273072957992554,1.0009866952896118,,,,,,1.0,shuffled_hrr,0.0020936860237270594,18,5376,test,hypernym,0.09154929220676422,13,node_disjoint,128,0.27757740020751953,0.4444444477558136,contextual_centered
0.14110101759433746,0.043035220354795456,0.0555555559694767,0.6273072957992554,1.0009866952896118,,,,,,1.1111111640930176,shuffled_hrr,0.002236716216430068,18,5376,test,instance_hypernym,0.09154929220676422,13,node_disjoint,128,0.040969692170619965,0.0555555559694767,contextual_centered
0.03521048650145531,0.12114281207323074,0.21739129722118378,0.6273072957992554,1.0009866952896118,,,,,,1.1739130020141602,shuffled_hrr,0.0025124726817011833,23,5376,test,member_meronym,0.09154929220676422,13,node_disjoint,128,0.11516126245260239,0.17391304671764374,contextual_centered
0.21141305565834045,0.29128575325012207,0.35483869910240173,0.6273072957992554,1.0009866952896118,,,,,,1.0645161867141724,shuffled_hrr,0.0020536119118332863,31,5376,test,substance_meronym,0.09154929220676422,13,node_disjoint,128,0.276447057723999,0.32258063554763794,contextual_centered
0.2539490759372711,0.1406678408384323,0.21052631735801697,0.6273072957992554,1.0009866952896118,,,,,,1.0,shuffled_hrr,0.0019428411033004522,19,5376,test,part_meronym,0.09154929220676422,13,node_disjoint,128,0.1406678408384323,0.21052631735801697,contextual_centered
0.38663625717163086,0.6214213967323303,0.7692307829856873,0.6273072957992554,1.0009866952896118,,,,,,1.0,shuffled_hrr,0.0015973016852512956,13,5376,test,antonym,0.09154929220676422,13,node_disjoint,128,0.6214213967323303,0.7692307829856873,contextual_centered
0.19500145316123962,0.11240645498037338,0.20000000298023224,0.6273072957992554,1.0009866952896118,,,,,,1.100000023841858,shuffled_hrr,0.0020963503047823906,20,5376,test,attribute,0.09154929220676422,13,node_disjoint,128,0.11237011849880219,0.20000000298023224,contextual_centered
0.20872032642364502,0.15300242602825165,0.2535211145877838,0.5760740041732788,0.7047731876373291,0.13702480494976044,0.005826521199196577,0.13702480494976044,0.031832825392484665,0.8615825176239014,1.0704225301742554,shuffled_basis_offset_residual_hrr,0.0020606243051588535,142,11527,test,all,0.11971831321716309,13,node_disjoint,128,0.1495215743780136,0.23943662643432617,contextual_centered
0.06407708674669266,0.08191891014575958,0.1111111119389534,0.5760740041732788,0.7047731876373291,0.13702480494976044,0.005826521199196577,0.13702480494976044,0.031832825392484665,0.8615825176239014,1.0,shuffled_basis_offset_residual_hrr,0.0024372993502765894,18,11527,test,hypernym,0.11971831321716309,13,node_disjoint,128,0.08191891014575958,0.1111111119389534,contextual_centered
0.14897173643112183,0.05000815540552139,0.1111111119389534,0.5760740041732788,0.7047731876373291,0.13702480494976044,0.005826521199196577,0.13702480494976044,0.031832825392484665,0.8615825176239014,1.1111111640930176,shuffled_basis_offset_residual_hrr,0.0022162196692079306,18,11527,test,instance_hypernym,0.11971831321716309,13,node_disjoint,128,0.04163073003292084,0.0555555559694767,contextual_centered
0.27873730659484863,0.1470738649368286,0.30434781312942505,0.5760740041732788,0.7047731876373291,0.13702480494976044,0.005826521199196577,0.13702480494976044,0.031832825392484665,0.8615825176239014,1.1739130020141602,shuffled_basis_offset_residual_hrr,0.001878288108855486,23,11527,test,member_meronym,0.11971831321716309,13,node_disjoint,128,0.13444554805755615,0.260869562625885,contextual_centered
0.15050043165683746,0.19210249185562134,0.19354838132858276,0.5760740041732788,0.7047731876373291,0.13702480494976044,0.005826521199196577,0.13702480494976044,0.031832825392484665,0.8615825176239014,1.0645161867141724,shuffled_basis_offset_residual_hrr,0.0022122382652014494,31,11527,test,substance_meronym,0.11971831321716309,13,node_disjoint,128,0.19041064381599426,0.19354838132858276,contextual_centered
0.2876092493534088,0.16062034666538239,0.3684210479259491,0.5760740041732788,0.7047731876373291,0.13702480494976044,0.005826521199196577,0.13702480494976044,0.031832825392484665,0.8615825176239014,1.0,shuffled_basis_offset_residual_hrr,0.0018551843240857124,19,11527,test,part_meronym,0.11971831321716309,13,node_disjoint,128,0.16062034666538239,0.3684210479259491,contextual_centered
0.35566070675849915,0.31044071912765503,0.6153846383094788,0.5760740041732788,0.7047731876373291,0.13702480494976044,0.005826521199196577,0.13702480494976044,0.031832825392484665,0.8615825176239014,1.0,shuffled_basis_offset_residual_hrr,0.001677967025898397,13,11527,test,antonym,0.11971831321716309,13,node_disjoint,128,0.31044071912765503,0.6153846383094788,contextual_centered
0.23193851113319397,0.14631323516368866,0.20000000298023224,0.5760740041732788,0.7047731876373291,0.13702480494976044,0.005826521199196577,0.13702480494976044,0.031832825392484665,0.8615825176239014,1.100000023841858,shuffled_basis_offset_residual_hrr,0.0020001602824777365,20,11527,test,attribute,0.11971831321716309,13,node_disjoint,128,0.1462838053703308,0.20000000298023224,contextual_centered
0.2096318006515503,0.14717376232147217,0.26056337356567383,0.5776025652885437,0.7047731876373291,0.1361585259437561,0.00339421140961349,0.1361585259437561,0.018494443967938423,0.8559792637825012,1.0704225301742554,shuffled_basis_offset_diagonal_control,0.0020582505967468023,142,11527,test,all,0.1267605572938919,13,node_disjoint,128,0.14387235045433044,0.246478870511055,contextual_centered
0.06564467400312424,0.08147535473108292,0.1111111119389534,0.5776025652885437,0.7047731876373291,0.1361585259437561,0.00339421140961349,0.1361585259437561,0.018494443967938423,0.8559792637825012,1.0,shuffled_basis_offset_diagonal_control,0.002433217130601406,18,11527,test,hypernym,0.1267605572938919,13,node_disjoint,128,0.08147535473108292,0.1111111119389534,contextual_centered
0.1549118608236313,0.04675409570336342,0.1111111119389534,0.5776025652885437,0.7047731876373291,0.1361585259437561,0.00339421140961349,0.1361585259437561,0.018494443967938423,0.8559792637825012,1.1111111640930176,shuffled_basis_offset_diagonal_control,0.0022007504012435675,18,11527,test,instance_hypernym,0.1267605572938919,13,node_disjoint,128,0.03967229276895523,0.0555555559694767,contextual_centered
0.28369641304016113,0.12810783088207245,0.30434781312942505,0.5776025652885437,0.7047731876373291,0.1361585259437561,0.00339421140961349,0.1361585259437561,0.018494443967938423,0.8559792637825012,1.1739130020141602,shuffled_basis_offset_diagonal_control,0.0018653740407899022,23,11527,test,member_meronym,0.1267605572938919,13,node_disjoint,128,0.11557242274284363,0.260869562625885,contextual_centered
0.15267200767993927,0.19098632037639618,0.22580644488334656,0.5776025652885437,0.7047731876373291,0.1361585259437561,0.00339421140961349,0.1361585259437561,0.018494443967938423,0.8559792637825012,1.0645161867141724,shuffled_basis_offset_diagonal_control,0.002206583274528384,31,11527,test,substance_meronym,0.1267605572938919,13,node_disjoint,128,0.1892944574356079,0.22580644488334656,contextual_centered
0.29308655858039856,0.1609741449356079,0.3684210479259491,0.5776025652885437,0.7047731876373291,0.1361585259437561,0.00339421140961349,0.1361585259437561,0.018494443967938423,0.8559792637825012,1.0,shuffled_basis_offset_diagonal_control,0.0018409205367788672,19,11527,test,part_meronym,0.1267605572938919,13,node_disjoint,128,0.1609741449356079,0.3684210479259491,contextual_centered
0.361754447221756,0.32377761602401733,0.6153846383094788,0.5776025652885437,0.7047731876373291,0.1361585259437561,0.00339421140961349,0.1361585259437561,0.018494443967938423,0.8559792637825012,1.0,shuffled_basis_offset_diagonal_control,0.0016620978713035583,13,11527,test,antonym,0.1267605572938919,13,node_disjoint,128,0.32377761602401733,0.6153846383094788,contextual_centered
0.21341967582702637,0.12279351055622101,0.20000000298023224,0.5776025652885437,0.7047731876373291,0.1361585259437561,0.00339421140961349,0.1361585259437561,0.018494443967938423,0.8559792637825012,1.100000023841858,shuffled_basis_offset_diagonal_control,0.0020483864936977625,20,11527,test,attribute,0.1267605572938919,13,node_disjoint,128,0.1227652058005333,0.20000000298023224,contextual_centered
0.2089633196592331,0.1489269882440567,0.26056337356567383,0.5760650038719177,0.7047731876373291,0.13673755526542664,0.005581624805927277,0.13673757016658783,0.030575761571526527,0.8603997230529785,1.0704225301742554,shuffled_basis_offset_rotated_diagonal_control,0.0020599912386387587,142,11527,test,all,0.11971831321716309,13,node_disjoint,128,0.14525243639945984,0.246478870511055,contextual_centered
0.06660744547843933,0.08192742615938187,0.1111111119389534,0.5760650038719177,0.7047731876373291,0.13673755526542664,0.005581624805927277,0.13673757016658783,0.030575761571526527,0.8603997230529785,1.0,shuffled_basis_offset_rotated_diagonal_control,0.0024307093117386103,18,11527,test,hypernym,0.11971831321716309,13,node_disjoint,128,0.08192742615938187,0.1111111119389534,contextual_centered
0.15097415447235107,0.054046630859375,0.1666666716337204,0.5760650038719177,0.7047731876373291,0.13673755526542664,0.005581624805927277,0.13673757016658783,0.030575761571526527,0.8603997230529785,1.1111111640930176,shuffled_basis_offset_rotated_diagonal_control,0.002211004961282015,18,11527,test,instance_hypernym,0.11971831321716309,13,node_disjoint,128,0.04380358010530472,0.1111111119389534,contextual_centered
0.2798532545566559,0.1460973471403122,0.30434781312942505,0.5760650038719177,0.7047731876373291,0.13673755526542664,0.005581624805927277,0.13673757016658783,0.030575761571526527,0.8603997230529785,1.1739130020141602,shuffled_basis_offset_rotated_diagonal_control,0.001875382149592042,23,11527,test,member_meronym,0.11971831321716309,13,node_disjoint,128,0.13371989130973816,0.260869562625885,contextual_centered
0.15347997844219208,0.1917276233434677,0.19354838132858276,0.5760650038719177,0.7047731876373291,0.13673755526542664,0.005581624805927277,0.13673757016658783,0.030575761571526527,0.8603997230529785,1.0645161867141724,shuffled_basis_offset_rotated_diagonal_control,0.002204479184001684,31,11527,test,substance_meronym,0.11971831321716309,13,node_disjoint,128,0.19003576040267944,0.19354838132858276,contextual_centered
0.28701701760292053,0.15929268300533295,0.3684210479259491,0.5760650038719177,0.7047731876373291,0.13673755526542664,0.005581624805927277,0.13673757016658783,0.030575761571526527,0.8603997230529785,1.0,shuffled_basis_offset_rotated_diagonal_control,0.0018567268270999193,19,11527,test,part_meronym,0.11971831321716309,13,node_disjoint,128,0.15929268300533295,0.3684210479259491,contextual_centered
0.34844154119491577,0.3045360743999481,0.6153846383094788,0.5760650038719177,0.7047731876373291,0.13673755526542664,0.005581624805927277,0.13673757016658783,0.030575761571526527,0.8603997230529785,1.0,shuffled_basis_offset_rotated_diagonal_control,0.0016967671690508723,13,11527,test,antonym,0.11971831321716309,13,node_disjoint,128,0.3045360743999481,0.6153846383094788,contextual_centered
0.22893781960010529,0.12053879350423813,0.20000000298023224,0.5760650038719177,0.7047731876373291,0.13673755526542664,0.005581624805927277,0.13673757016658783,0.030575761571526527,0.8603997230529785,1.100000023841858,shuffled_basis_offset_rotated_diagonal_control,0.002007974311709404,20,11527,test,attribute,0.11971831321716309,13,node_disjoint,128,0.12052451074123383,0.20000000298023224,contextual_centered
0.04970024526119232,0.07145753502845764,0.1690140813589096,0.4870396852493286,0.7047731876373291,,,,,,1.0704225301742554,shuffled_low_rank_matched,0.0024747392162680626,142,10766,test,all,0.17605634033679962,13,node_disjoint,128,0.07053475081920624,0.1619718372821808,contextual_centered
0.11466482281684875,0.2103385627269745,0.4444444477558136,0.4870396852493286,0.7047731876373291,,,,,,1.0,shuffled_low_rank_matched,0.002305560512468219,18,10766,test,hypernym,0.17605634033679962,13,node_disjoint,128,0.2103385627269745,0.4444444477558136,contextual_centered
-0.02564975433051586,0.024854609742760658,0.0555555559694767,0.4870396852493286,0.7047731876373291,,,,,,1.1111111640930176,shuffled_low_rank_matched,0.0026709630619734526,18,10766,test,instance_hypernym,0.17605634033679962,13,node_disjoint,128,0.024687543511390686,0.0555555559694767,contextual_centered
-0.034258872270584106,0.019750993698835373,0.0,0.4870396852493286,0.7047731876373291,,,,,,1.1739130020141602,shuffled_low_rank_matched,0.002693382790312171,23,10766,test,member_meronym,0.17605634033679962,13,node_disjoint,128,0.017266612499952316,0.0,contextual_centered
0.10764208436012268,0.08676518499851227,0.32258063554763794,0.4870396852493286,0.7047731876373291,,,,,,1.0645161867141724,shuffled_low_rank_matched,0.0023238486610352993,31,10766,test,substance_meronym,0.17605634033679962,13,node_disjoint,128,0.08484506607055664,0.29032257199287415,contextual_centered
0.10655321925878525,0.05993339791893959,0.10526315867900848,0.4870396852493286,0.7047731876373291,,,,,,1.0,shuffled_low_rank_matched,0.0023266843054443598,19,10766,test,part_meronym,0.17605634033679962,13,node_disjoint,128,0.05993339791893959,0.10526315867900848,contextual_centered
-0.01957438513636589,0.05422477424144745,0.07692307978868484,0.4870396852493286,0.7047731876373291,,,,,,1.0,shuffled_low_rank_matched,0.002655141521245241,13,10766,test,antonym,0.17605634033679962,13,node_disjoint,128,0.05422477424144745,0.07692307978868484,contextual_centered
0.05680845305323601,0.04629210755228996,0.10000000149011612,0.4870396852493286,0.7047731876373291,,,,,,1.100000023841858,shuffled_low_rank_matched,0.0024562280159443617,20,10766,test,attribute,0.17605634033679962,13,node_disjoint,128,0.04572392627596855,0.10000000149011612,contextual_centered
0.41565388441085815,0.19440773129463196,0.3916083872318268,0.4909728765487671,0.7065126299858093,,,,,,1.0559440851211548,offset,0.001521734637208283,143,5376,test,all,0.37062937021255493,31,node_disjoint,131,0.1935432106256485,0.3916083872318268,contextual_centered
0.34799450635910034,0.20674440264701843,0.3499999940395355,0.4909728765487671,0.7065126299858093,,,,,,1.0,offset,0.0016979309730231762,20,5376,test,hypernym,0.37062937021255493,31,node_disjoint,131,0.20674440264701843,0.3499999940395355,contextual_centered
0.44926491379737854,0.2521533668041229,0.4000000059604645,0.4909728765487671,0.7065126299858093,,,,,,1.100000023841858,offset,0.0014342059148475528,20,5376,test,instance_hypernym,0.37062937021255493,31,node_disjoint,131,0.2500700354576111,0.4000000059604645,contextual_centered
0.2794433832168579,0.18222874402999878,0.1764705926179886,0.4909728765487671,0.7065126299858093,,,,,,1.3529411554336548,offset,0.0018764497945085168,17,5376,test,member_meronym,0.37062937021255493,31,node_disjoint,131,0.17740759253501892,0.1764705926179886,contextual_centered
0.5988216996192932,0.2581333816051483,0.6000000238418579,0.4909728765487671,0.7065126299858093,,,,,,1.0,offset,0.0010447354288771749,15,5376,test,substance_meronym,0.37062937021255493,31,node_disjoint,131,0.2581333816051483,0.6000000238418579,contextual_centered
0.40411412715911865,0.16115152835845947,0.42105263471603394,0.4909728765487671,0.7065126299858093,,,,,,1.0,offset,0.0015517863212153316,19,5376,test,part_meronym,0.37062937021255493,31,node_disjoint,131,0.16115152835845947,0.42105263471603394,contextual_centered
0.5567736625671387,0.22687514126300812,0.5652173757553101,0.4909728765487671,0.7065126299858093,,,,,,1.0,offset,0.001154235447756946,23,5376,test,antonym,0.37062937021255493,31,node_disjoint,131,0.22687514126300812,0.5652173757553101,contextual_centered
0.3198791742324829,0.11629153043031693,0.27586206793785095,0.4909728765487671,0.7065126299858093,,,,,,1.0,offset,0.0017711480613797903,29,5376,test,attribute,0.37062937021255493,31,node_disjoint,131,0.11629153043031693,0.27586206793785095,contextual_centered
0.2828991413116455,0.23425690829753876,0.37062937021255493,0.6049243211746216,0.994829535484314,,,,,,1.0559440851211548,hrr,0.001867450075224042,143,5376,test,all,0.27272728085517883,31,node_disjoint,131,0.2335602045059204,0.37062937021255493,contextual_centered
0.30194807052612305,0.13500824570655823,0.30000001192092896,0.6049243211746216,0.994829535484314,,,,,,1.0,hrr,0.001817843527533114,20,5376,test,hypernym,0.27272728085517883,31,node_disjoint,131,0.13500824570655823,0.30000001192092896,contextual_centered
0.16160273551940918,0.16616033017635345,0.44999998807907104,0.6049243211746216,0.994829535484314,,,,,,1.100000023841858,hrr,0.002183326054364443,20,5376,test,instance_hypernym,0.27272728085517883,31,node_disjoint,131,0.16555646061897278,0.44999998807907104,contextual_centered
0.2552804946899414,0.1507650762796402,0.29411765933036804,0.6049243211746216,0.994829535484314,,,,,,1.3529411554336548,hrr,0.001939373672939837,17,5376,test,member_meronym,0.27272728085517883,31,node_disjoint,131,0.1456148475408554,0.29411765933036804,contextual_centered
0.48664000630378723,0.5741531252861023,0.6666666865348816,0.6049243211746216,0.994829535484314,,,,,,1.0,hrr,0.0013368750223889947,15,5376,test,substance_meronym,0.27272728085517883,31,node_disjoint,131,0.5741531252861023,0.6666666865348816,contextual_centered
0.17336712777614594,0.13144652545452118,0.31578946113586426,0.6049243211746216,0.994829535484314,,,,,,1.0,hrr,0.0021526897326111794,19,5376,test,part_meronym,0.27272728085517883,31,node_disjoint,131,0.13144652545452118,0.31578946113586426,contextual_centered
0.5140403509140015,0.47407808899879456,0.6086956262588501,0.6049243211746216,0.994829535484314,,,,,,1.0,hrr,0.0012655198806896806,23,5376,test,antonym,0.27272728085517883,31,node_disjoint,131,0.47407808899879456,0.6086956262588501,contextual_centered
0.15266504883766174,0.09995812922716141,0.1034482792019844,0.6049243211746216,0.994829535484314,,,,,,1.0,hrr,0.0022066012024879456,29,5376,test,attribute,0.27272728085517883,31,node_disjoint,131,0.09995812922716141,0.1034482792019844,contextual_centered
0.2828894257545471,0.23426002264022827,0.37062937021255493,0.6049209237098694,0.7064976096153259,,,,,,1.0559440851211548,hrr_identity,0.0018674754537642002,143,5376,test,all,0.27272728085517883,31,node_disjoint,131,0.23356328904628754,0.37062937021255493,contextual_centered
0.3019373118877411,0.13500824570655823,0.30000001192092896,0.6049209237098694,0.7064976096153259,,,,,,1.0,hrr_identity,0.001817871700040996,20,5376,test,hypernym,0.27272728085517883,31,node_disjoint,131,0.13500824570655823,0.30000001192092896,contextual_centered
0.1615954488515854,0.16616033017635345,0.44999998807907104,0.6049209237098694,0.7064976096153259,,,,,,1.100000023841858,hrr_identity,0.002183344913646579,20,5376,test,instance_hypernym,0.27272728085517883,31,node_disjoint,131,0.16555646061897278,0.44999998807907104,contextual_centered
0.2552734911441803,0.15079115331172943,0.29411765933036804,0.6049209237098694,0.7064976096153259,,,,,,1.3529411554336548,hrr_identity,0.0019393920665606856,17,5376,test,member_meronym,0.27272728085517883,31,node_disjoint,131,0.14564092457294464,0.29411765933036804,contextual_centered
0.486642986536026,0.5741531252861023,0.6666666865348816,0.6049209237098694,0.7064976096153259,,,,,,1.0,hrr_identity,0.0013368672225624323,15,5376,test,substance_meronym,0.27272728085517883,31,node_disjoint,131,0.5741531252861023,0.6666666865348816,contextual_centered
0.17336851358413696,0.13144652545452118,0.31578946113586426,0.6049209237098694,0.7064976096153259,,,,,,1.0,hrr_identity,0.002152686007320881,19,5376,test,part_meronym,0.27272728085517883,31,node_disjoint,131,0.13144652545452118,0.31578946113586426,contextual_centered
0.5139960646629333,0.47407808899879456,0.6086956262588501,0.6049209237098694,0.7064976096153259,,,,,,1.0,hrr_identity,0.001265635364688933,23,5376,test,antonym,0.27272728085517883,31,node_disjoint,131,0.47407808899879456,0.6086956262588501,contextual_centered
0.15266647934913635,0.09995812922716141,0.1034482792019844,0.6049209237098694,0.7064976096153259,,,,,,1.0,hrr_identity,0.0022065979428589344,29,5376,test,attribute,0.27272728085517883,31,node_disjoint,131,0.09995812922716141,0.1034482792019844,contextual_centered
0.42034852504730225,0.19553698599338531,0.3916083872318268,0.49427855014801025,0.7065126299858093,0.13618949055671692,0.005394867155700922,0.13618949055671692,0.029773177579045296,1.1657925844192505,1.0559440851211548,basis_offset_residual_hrr,0.0015095090493559837,143,11527,test,all,0.3916083872318268,31,node_disjoint,131,0.19486099481582642,0.3916083872318268,contextual_centered
0.34489864110946655,0.19628629088401794,0.30000001192092896,0.49427855014801025,0.7065126299858093,0.13618949055671692,0.005394867155700922,0.13618949055671692,0.029773177579045296,1.1657925844192505,1.0,basis_offset_residual_hrr,0.001705993083305657,20,11527,test,hypernym,0.3916083872318268,31,node_disjoint,131,0.19628629088401794,0.30000001192092896,contextual_centered
0.45541539788246155,0.2551993727684021,0.4000000059604645,0.49427855014801025,0.7065126299858093,0.13618949055671692,0.005394867155700922,0.13618949055671692,0.029773177579045296,1.1657925844192505,1.100000023841858,basis_offset_residual_hrr,0.001418188912793994,20,11527,test,instance_hypernym,0.3916083872318268,31,node_disjoint,131,0.25362592935562134,0.4000000059604645,contextual_centered
0.2849593460559845,0.14344967901706696,0.1764705926179886,0.49427855014801025,0.7065126299858093,0.13618949055671692,0.005394867155700922,0.13618949055671692,0.029773177579045296,1.1657925844192505,1.3529411554336548,basis_offset_residual_hrr,0.0018620851915329695,17,11527,test,member_meronym,0.3916083872318268,31,node_disjoint,131,0.13961444795131683,0.1764705926179886,contextual_centered
0.601952850818634,0.2676243782043457,0.6666666865348816,0.49427855014801025,0.7065126299858093,0.13618949055671692,0.005394867155700922,0.13618949055671692,0.029773177579045296,1.1657925844192505,1.0,basis_offset_residual_hrr,0.0010365813504904509,15,11527,test,substance_meronym,0.3916083872318268,31,node_disjoint,131,0.2676243782043457,0.6666666865348816,contextual_centered
0.42065680027008057,0.16292543709278107,0.42105263471603394,0.49427855014801025,0.7065126299858093,0.13618949055671692,0.005394867155700922,0.13618949055671692,0.029773177579045296,1.1657925844192505,1.0,basis_offset_residual_hrr,0.001508706365711987,19,11527,test,part_meronym,0.3916083872318268,31,node_disjoint,131,0.16292543709278107,0.42105263471603394,contextual_centered
0.5610535740852356,0.25494423508644104,0.5652173757553101,0.49427855014801025,0.7065126299858093,0.13618949055671692,0.005394867155700922,0.13618949055671692,0.029773177579045296,1.1657925844192505,1.0,basis_offset_residual_hrr,0.0011430897284299135,23,11527,test,antonym,0.3916083872318268,31,node_disjoint,131,0.25494423508644104,0.5652173757553101,contextual_centered
0.3218362033367157,0.12137123942375183,0.27586206793785095,0.49427855014801025,0.7065126299858093,0.13618949055671692,0.005394867155700922,0.13618949055671692,0.029773177579045296,1.1657925844192505,1.0,basis_offset_residual_hrr,0.0017660517478361726,29,11527,test,attribute,0.3916083872318268,31,node_disjoint,131,0.12137123942375183,0.27586206793785095,contextual_centered
0.4196665287017822,0.19937001168727875,0.3916083872318268,0.49437811970710754,0.7065126299858093,0.13550014793872833,0.0038125545252114534,0.13550014793872833,0.02113439328968525,1.1657243967056274,1.0559440851211548,basis_offset_diagonal_control,0.0015112851979210973,143,11527,test,all,0.38461539149284363,31,node_disjoint,131,0.19832226634025574,0.3916083872318268,contextual_centered
0.34717386960983276,0.1775534451007843,0.30000001192092896,0.49437811970710754,0.7065126299858093,0.13550014793872833,0.0038125545252114534,0.13550014793872833,0.02113439328968525,1.1657243967056274,1.0,basis_offset_diagonal_control,0.0017000682419165969,20,11527,test,hypernym,0.38461539149284363,31,node_disjoint,131,0.1775534451007843,0.30000001192092896,contextual_centered
0.4538443684577942,0.2554098665714264,0.4000000059604645,0.49437811970710754,0.7065126299858093,0.13550014793872833,0.0038125545252114534,0.13550014793872833,0.02113439328968525,1.1657243967056274,1.100000023841858,basis_offset_diagonal_control,0.001422280096448958,20,11527,test,instance_hypernym,0.38461539149284363,31,node_disjoint,131,0.2537376284599304,0.4000000059604645,contextual_centered
0.28403764963150024,0.15824078023433685,0.1764705926179886,0.49437811970710754,0.7065126299858093,0.13550014793872833,0.0038125545252114534,0.13550014793872833,0.02113439328968525,1.1657243967056274,1.3529411554336548,basis_offset_diagonal_control,0.001864485559053719,17,11527,test,member_meronym,0.38461539149284363,31,node_disjoint,131,0.15139469504356384,0.1764705926179886,contextual_centered
0.6044484972953796,0.2711561918258667,0.6666666865348816,0.49437811970710754,0.7065126299858093,0.13550014793872833,0.0038125545252114534,0.13550014793872833,0.02113439328968525,1.1657243967056274,1.0,basis_offset_diagonal_control,0.0010300821159034967,15,11527,test,substance_meronym,0.38461539149284363,31,node_disjoint,131,0.2711561918258667,0.6666666865348816,contextual_centered
0.41766077280044556,0.1654156893491745,0.42105263471603394,0.49437811970710754,0.7065126299858093,0.13550014793872833,0.0038125545252114534,0.13550014793872833,0.02113439328968525,1.1657243967056274,1.0,basis_offset_diagonal_control,0.0015165084041655064,19,11527,test,part_meronym,0.38461539149284363,31,node_disjoint,131,0.1654156893491745,0.42105263471603394,contextual_centered
0.5571955442428589,0.2379530966281891,0.5652173757553101,0.49437811970710754,0.7065126299858093,0.13550014793872833,0.0038125545252114534,0.13550014793872833,0.02113439328968525,1.1657243967056274,1.0,basis_offset_diagonal_control,0.0011531367199495435,23,11527,test,antonym,0.38461539149284363,31,node_disjoint,131,0.2379530966281891,0.5652173757553101,contextual_centered
0.3222596347332001,0.1543927788734436,0.27586206793785095,0.49437811970710754,0.7065126299858093,0.13550014793872833,0.0038125545252114534,0.13550014793872833,0.02113439328968525,1.1657243967056274,1.0,basis_offset_diagonal_control,0.0017649488290771842,29,11527,test,attribute,0.38461539149284363,31,node_disjoint,131,0.1543927788734436,0.27586206793785095,contextual_centered
0.4206068217754364,0.19756335020065308,0.3916083872318268,0.49478405714035034,0.7065126299858093,0.13544102013111115,0.00492129335179925,0.13544102013111115,0.027381813153624535,1.1636052131652832,1.0559440851211548,basis_offset_rotated_diagonal_control,0.0015088364016264677,143,11527,test,all,0.38461539149284363,31,node_disjoint,131,0.19682979583740234,0.3916083872318268,contextual_centered
0.3496147692203522,0.19658073782920837,0.3499999940395355,0.49478405714035034,0.7065126299858093,0.13544102013111115,0.00492129335179925,0.13544102013111115,0.027381813153624535,1.1636052131652832,1.0,basis_offset_rotated_diagonal_control,0.001693711499683559,20,11527,test,hypernym,0.38461539149284363,31,node_disjoint,131,0.19658073782920837,0.3499999940395355,contextual_centered
0.4549481272697449,0.25549495220184326,0.4000000059604645,0.49478405714035034,0.7065126299858093,0.13544102013111115,0.00492129335179925,0.13544102013111115,0.027381813153624535,1.1636052131652832,1.100000023841858,basis_offset_rotated_diagonal_control,0.0014194059185683727,20,11527,test,instance_hypernym,0.38461539149284363,31,node_disjoint,131,0.2539215385913849,0.4000000059604645,contextual_centered
0.28681495785713196,0.15421731770038605,0.1764705926179886,0.49478405714035034,0.7065126299858093,0.13544102013111115,0.00492129335179925,0.13544102013111115,0.027381813153624535,1.1636052131652832,1.3529411554336548,basis_offset_rotated_diagonal_control,0.0018572526751086116,17,11527,test,member_meronym,0.38461539149284363,31,node_disjoint,131,0.14989793300628662,0.1764705926179886,contextual_centered
0.6024079918861389,0.2676382064819336,0.6666666865348816,0.49478405714035034,0.7065126299858093,0.13544102013111115,0.00492129335179925,0.13544102013111115,0.027381813153624535,1.1636052131652832,1.0,basis_offset_rotated_diagonal_control,0.0010353958932682872,15,11527,test,substance_meronym,0.38461539149284363,31,node_disjoint,131,0.2676382064819336,0.6666666865348816,contextual_centered
0.4198361933231354,0.163378044962883,0.42105263471603394,0.49478405714035034,0.7065126299858093,0.13544102013111115,0.00492129335179925,0.13544102013111115,0.027381813153624535,1.1636052131652832,1.0,basis_offset_rotated_diagonal_control,0.0015108436346054077,19,11527,test,part_meronym,0.38461539149284363,31,node_disjoint,131,0.163378044962883,0.42105263471603394,contextual_centered
0.5580962896347046,0.24704740941524506,0.5652173757553101,0.49478405714035034,0.7065126299858093,0.13544102013111115,0.00492129335179925,0.13544102013111115,0.027381813153624535,1.1636052131652832,1.0,basis_offset_rotated_diagonal_control,0.0011507909512147307,23,11527,test,antonym,0.38461539149284363,31,node_disjoint,131,0.24704740941524506,0.5652173757553101,contextual_centered
0.3217393159866333,0.1306035816669464,0.24137930572032928,0.49478405714035034,0.7065126299858093,0.13544102013111115,0.00492129335179925,0.13544102013111115,0.027381813153624535,1.1636052131652832,1.0,basis_offset_rotated_diagonal_control,0.001766303670592606,29,11527,test,attribute,0.38461539149284363,31,node_disjoint,131,0.1306035816669464,0.24137930572032928,contextual_centered
0.12838375568389893,0.13291406631469727,0.251748263835907,0.46822625398635864,0.7065126299858093,,,,,,1.0559440851211548,low_rank_matched,0.0022698340471833944,143,10766,test,all,0.20279720425605774,31,node_disjoint,131,0.1326080709695816,0.251748263835907,contextual_centered
0.18178069591522217,0.15250858664512634,0.25,0.46822625398635864,0.7065126299858093,,,,,,1.0,low_rank_matched,0.002130779204890132,20,10766,test,hypernym,0.20279720425605774,31,node_disjoint,131,0.15250858664512634,0.25,contextual_centered
0.11939525604248047,0.15087144076824188,0.3499999940395355,0.46822625398635864,0.7065126299858093,,,,,,1.100000023841858,low_rank_matched,0.0022932414431124926,20,10766,test,instance_hypernym,0.20279720425605774,31,node_disjoint,131,0.1496501863002777,0.3499999940395355,contextual_centered
-0.010400456376373768,0.022308269515633583,0.0,0.46822625398635864,0.7065126299858093,,,,,,1.3529411554336548,low_rank_matched,0.002631251234561205,17,10766,test,member_meronym,0.20279720425605774,31,node_disjoint,131,0.02117106132209301,0.0,contextual_centered
0.24551530182361603,0.2945612668991089,0.46666666865348816,0.46822625398635864,0.7065126299858093,,,,,,1.0,low_rank_matched,0.001964803785085678,15,10766,test,substance_meronym,0.20279720425605774,31,node_disjoint,131,0.2945612668991089,0.46666666865348816,contextual_centered
-0.009333637543022633,0.031207941472530365,0.05263157933950424,0.46822625398635864,0.7065126299858093,,,,,,1.0,low_rank_matched,0.002628473099321127,19,10766,test,part_meronym,0.20279720425605774,31,node_disjoint,131,0.031207941472530365,0.05263157933950424,contextual_centered
0.2924616038799286,0.2402006834745407,0.52173912525177,0.46822625398635864,0.7065126299858093,,,,,,1.0,low_rank_matched,0.0018425480229780078,23,10766,test,antonym,0.20279720425605774,31,node_disjoint,131,0.2402006834745407,0.52173912525177,contextual_centered
0.07862615585327148,0.06978912651538849,0.13793103396892548,0.46822625398635864,0.7065126299858093,,,,,,1.0,low_rank_matched,0.0023994112852960825,29,10766,test,attribute,0.20279720425605774,31,node_disjoint,131,0.06978912651538849,0.13793103396892548,contextual_centered
0.17994341254234314,0.0984722152352333,0.1958041936159134,0.5453599095344543,0.7065126299858093,,,,,,1.0559440851211548,shuffled_offset,0.002135563874617219,143,5376,test,all,0.1538461595773697,31,node_disjoint,131,0.09834083169698715,0.1958041936159134,contextual_centered
0.31940922141075134,0.14074867963790894,0.15000000596046448,0.5453599095344543,0.7065126299858093,,,,,,1.0,shuffled_offset,0.001772371819242835,20,5376,test,hypernym,0.1538461595773697,31,node_disjoint,131,0.14074867963790894,0.15000000596046448,contextual_centered
0.02991306781768799,0.08785904943943024,0.20000000298023224,0.5453599095344543,0.7065126299858093,,,,,,1.100000023841858,shuffled_offset,0.002526267897337675,20,5376,test,instance_hypernym,0.1538461595773697,31,node_disjoint,131,0.08771918714046478,0.20000000298023224,contextual_centered
0.17094893753528595,0.028057895600795746,0.0,0.5453599095344543,0.7065126299858093,,,,,,1.3529411554336548,shuffled_offset,0.0021589871030300856,17,5376,test,member_meronym,0.1538461595773697,31,node_disjoint,131,0.027117310091853142,0.0,contextual_centered
0.2257745862007141,0.19351401925086975,0.4000000059604645,0.5453599095344543,0.7065126299858093,,,,,,1.0,shuffled_offset,0.0020162116270512342,15,5376,test,substance_meronym,0.1538461595773697,31,node_disjoint,131,0.19351401925086975,0.4000000059604645,contextual_centered
0.2637914717197418,0.08687158674001694,0.2631579041481018,0.5453599095344543,0.7065126299858093,,,,,,1.0,shuffled_offset,0.0019172097090631723,19,5376,test,part_meronym,0.1538461595773697,31,node_disjoint,131,0.08687158674001694,0.2631579041481018,contextual_centered
0.04809598997235298,0.07127607613801956,0.1304347813129425,0.5453599095344543,0.7065126299858093,,,,,,1.0,shuffled_offset,0.0024789164308458567,23,5376,test,antonym,0.1538461595773697,31,node_disjoint,131,0.07127607613801956,0.1304347813129425,contextual_centered
0.21842989325523376,0.09792301058769226,0.24137930572032928,0.5453599095344543,0.7065126299858093,,,,,,1.0,shuffled_offset,0.0020353388972580433,29,5376,test,attribute,0.1538461595773697,31,node_disjoint,131,0.09792301058769226,0.24137930572032928,contextual_centered
0.2440861016511917,0.20305781066417694,0.32867133617401123,0.6413854360580444,1.0000909566879272,,,,,,1.0559440851211548,shuffled_hrr,0.001968525815755129,143,5376,test,all,0.10489510744810104,31,node_disjoint,131,0.2005065232515335,0.3216783106327057,contextual_centered
0.29234838485717773,0.13317252695560455,0.3499999940395355,0.6413854360580444,1.0000909566879272,,,,,,1.0,shuffled_hrr,0.0018428427865728736,20,5376,test,hypernym,0.10489510744810104,31,node_disjoint,131,0.13317252695560455,0.3499999940395355,contextual_centered
0.09943447262048721,0.05529685690999031,0.10000000149011612,0.6413854360580444,1.0000909566879272,,,,,,1.100000023841858,shuffled_hrr,0.002345222746953368,20,5376,test,instance_hypernym,0.10489510744810104,31,node_disjoint,131,0.03944986313581467,0.05000000074505806,contextual_centered
0.13910448551177979,0.08193749189376831,0.23529411852359772,0.6413854360580444,1.0000909566879272,,,,,,1.3529411554336548,shuffled_hrr,0.0022419155575335026,17,5376,test,member_meronym,0.10489510744810104,31,node_disjoint,131,0.0791202187538147,0.23529411852359772,contextual_centered
0.4396897256374359,0.5055574774742126,0.6000000238418579,0.6413854360580444,1.0000909566879272,,,,,,1.0,shuffled_hrr,0.0014591412618756294,15,5376,test,substance_meronym,0.10489510744810104,31,node_disjoint,131,0.5055574774742126,0.6000000238418579,contextual_centered
0.2804902195930481,0.14837691187858582,0.3684210479259491,0.6413854360580444,1.0000909566879272,,,,,,1.0,shuffled_hrr,0.0018737234640866518,19,5376,test,part_meronym,0.10489510744810104,31,node_disjoint,131,0.14837691187858582,0.3684210479259491,contextual_centered
0.39074254035949707,0.5214723348617554,0.6086956262588501,0.6413854360580444,1.0000909566879272,,,,,,1.0,shuffled_hrr,0.0015866078902035952,23,5376,test,antonym,0.10489510744810104,31,node_disjoint,131,0.5214723348617554,0.6086956262588501,contextual_centered
0.13076333701610565,0.05098476633429527,0.13793103396892548,0.6413854360580444,1.0000909566879272,,,,,,1.0,shuffled_hrr,0.0022636372596025467,29,5376,test,attribute,0.10489510744810104,31,node_disjoint,131,0.05098476633429527,0.13793103396892548,contextual_centered
0.19996896386146545,0.11327814310789108,0.1818181872367859,0.5413602590560913,0.7065126299858093,0.1363072693347931,0.005728119518607855,0.1363072693347931,0.031190931797027588,0.9681396484375,1.0559440851211548,shuffled_basis_offset_residual_hrr,0.0020834144670516253,143,11527,test,all,0.139860138297081,31,node_disjoint,131,0.11301015317440033,0.1818181872367859,contextual_centered
0.3241596221923828,0.13819529116153717,0.15000000596046448,0.5413602590560913,0.7065126299858093,0.1363072693347931,0.005728119518607855,0.1363072693347931,0.031190931797027588,0.9681396484375,1.0,shuffled_basis_offset_residual_hrr,0.0017600009450688958,20,11527,test,hypernym,0.139860138297081,31,node_disjoint,131,0.13819529116153717,0.15000000596046448,contextual_centered
0.05451812595129013,0.08677904307842255,0.20000000298023224,0.5413602590560913,0.7065126299858093,0.1363072693347931,0.005728119518607855,0.1363072693347931,0.031190931797027588,0.9681396484375,1.100000023841858,shuffled_basis_offset_residual_hrr,0.002462192205712199,20,11527,test,instance_hypernym,0.139860138297081,31,node_disjoint,131,0.08670774847269058,0.20000000298023224,contextual_centered
0.20283691585063934,0.03234122321009636,0.0,0.5413602590560913,0.7065126299858093,0.1363072693347931,0.005728119518607855,0.1363072693347931,0.031190931797027588,0.9681396484375,1.3529411554336548,shuffled_basis_offset_residual_hrr,0.0020759457256644964,17,11527,test,member_meronym,0.139860138297081,31,node_disjoint,131,0.030170857906341553,0.0,contextual_centered
0.27192407846450806,0.27860844135284424,0.46666666865348816,0.5413602590560913,0.7065126299858093,0.1363072693347931,0.005728119518607855,0.1363072693347931,0.031190931797027588,0.9681396484375,1.0,shuffled_basis_offset_residual_hrr,0.0018960310844704509,15,11527,test,substance_meronym,0.139860138297081,31,node_disjoint,131,0.27860844135284424,0.46666666865348816,contextual_centered
0.2824457883834839,0.14955107867717743,0.21052631735801697,0.5413602590560913,0.7065126299858093,0.1363072693347931,0.005728119518607855,0.1363072693347931,0.031190931797027588,0.9681396484375,1.0,shuffled_basis_offset_residual_hrr,0.0018686307594180107,19,11527,test,part_meronym,0.139860138297081,31,node_disjoint,131,0.14955107867717743,0.21052631735801697,contextual_centered
0.07856711000204086,0.0970035195350647,0.1304347813129425,0.5413602590560913,0.7065126299858093,0.1363072693347931,0.005728119518607855,0.1363072693347931,0.031190931797027588,0.9681396484375,1.0,shuffled_basis_offset_residual_hrr,0.002399564953520894,23,11527,test,antonym,0.139860138297081,31,node_disjoint,131,0.0970035195350647,0.1304347813129425,contextual_centered
0.21797943115234375,0.06544166803359985,0.17241379618644714,0.5413602590560913,0.7065126299858093,0.1363072693347931,0.005728119518607855,0.1363072693347931,0.031190931797027588,0.9681396484375,1.0,shuffled_basis_offset_residual_hrr,0.0020365118980407715,29,11527,test,attribute,0.139860138297081,31,node_disjoint,131,0.06544166803359985,0.17241379618644714,contextual_centered
0.19996023178100586,0.11499261111021042,0.20279720425605774,0.5422683358192444,0.7065126299858093,0.13543669879436493,0.0029716556891798973,0.13543669879436493,0.016368208453059196,0.9563831090927124,1.0559440851211548,shuffled_basis_offset_diagonal_control,0.0020834370516240597,143,11527,test,all,0.13286712765693665,31,node_disjoint,131,0.11471753567457199,0.20279720425605774,contextual_centered
0.3197613060474396,0.14108052849769592,0.20000000298023224,0.5422683358192444,0.7065126299858093,0.13543669879436493,0.0029716556891798973,0.13543669879436493,0.016368208453059196,0.9563831090927124,1.0,shuffled_basis_offset_diagonal_control,0.0017714551649987698,20,11527,test,hypernym,0.13286712765693665,31,node_disjoint,131,0.14108052849769592,0.20000000298023224,contextual_centered
0.055769432336091995,0.08700848370790482,0.20000000298023224,0.5422683358192444,0.7065126299858093,0.13543669879436493,0.0029716556891798973,0.13543669879436493,0.016368208453059196,0.9563831090927124,1.100000023841858,shuffled_basis_offset_diagonal_control,0.0024589335080236197,20,11527,test,instance_hypernym,0.13286712765693665,31,node_disjoint,131,0.08690133690834045,0.20000000298023224,contextual_centered
0.206131249666214,0.03239142894744873,0.0,0.5422683358192444,0.7065126299858093,0.13543669879436493,0.0029716556891798973,0.13543669879436493,0.016368208453059196,0.9563831090927124,1.3529411554336548,shuffled_basis_offset_diagonal_control,0.0020673666149377823,17,11527,test,member_meronym,0.13286712765693665,31,node_disjoint,131,0.0302035640925169,0.0,contextual_centered
0.2857815623283386,0.27112114429473877,0.46666666865348816,0.5422683358192444,0.7065126299858093,0.13543669879436493,0.0029716556891798973,0.13543669879436493,0.016368208453059196,0.9563831090927124,1.0,shuffled_basis_offset_diagonal_control,0.0018599440809339285,15,11527,test,substance_meronym,0.13286712765693665,31,node_disjoint,131,0.27112114429473877,0.46666666865348816,contextual_centered
0.2705700397491455,0.14351801574230194,0.21052631735801697,0.5422683358192444,0.7065126299858093,0.13543669879436493,0.0029716556891798973,0.13543669879436493,0.016368208453059196,0.9563831090927124,1.0,shuffled_basis_offset_diagonal_control,0.0018995573045685887,19,11527,test,part_meronym,0.13286712765693665,31,node_disjoint,131,0.14351801574230194,0.21052631735801697,contextual_centered
0.08222289383411407,0.09695583581924438,0.1304347813129425,0.5422683358192444,0.7065126299858093,0.13543669879436493,0.0029716556891798973,0.13543669879436493,0.016368208453059196,0.9563831090927124,1.0,shuffled_basis_offset_diagonal_control,0.002390044741332531,23,11527,test,antonym,0.13286712765693665,31,node_disjoint,131,0.09695583581924438,0.1304347813129425,contextual_centered
0.21588900685310364,0.07958157360553741,0.24137930572032928,0.5422683358192444,0.7065126299858093,0.13543669879436493,0.0029716556891798973,0.13543669879436493,0.016368208453059196,0.9563831090927124,1.0,shuffled_basis_offset_diagonal_control,0.0020419557113200426,29,11527,test,attribute,0.13286712765693665,31,node_disjoint,131,0.07958157360553741,0.24137930572032928,contextual_centered
0.19897952675819397,0.11745799332857132,0.18881118297576904,0.5414302349090576,0.7065126299858093,0.13586559891700745,0.005422005895525217,0.13586559891700745,0.029643701389431953,0.9590610861778259,1.0559440851211548,shuffled_basis_offset_rotated_diagonal_control,0.0020859907381236553,143,11527,test,all,0.13286712765693665,31,node_disjoint,131,0.11718171089887619,0.18881118297576904,contextual_centered
0.32433846592903137,0.13833028078079224,0.15000000596046448,0.5414302349090576,0.7065126299858093,0.13586559891700745,0.005422005895525217,0.13586559891700745,0.029643701389431953,0.9590610861778259,1.0,shuffled_basis_offset_rotated_diagonal_control,0.001759535283781588,20,11527,test,hypernym,0.13286712765693665,31,node_disjoint,131,0.13833028078079224,0.15000000596046448,contextual_centered
0.05316359922289848,0.08699304610490799,0.20000000298023224,0.5414302349090576,0.7065126299858093,0.13586559891700745,0.005422005895525217,0.13586559891700745,0.029643701389431953,0.9590610861778259,1.100000023841858,shuffled_basis_offset_rotated_diagonal_control,0.002465719822794199,20,11527,test,instance_hypernym,0.13286712765693665,31,node_disjoint,131,0.08687730133533478,0.20000000298023224,contextual_centered
0.2045213282108307,0.03235182166099548,0.0,0.5414302349090576,0.7065126299858093,0.13586559891700745,0.005422005895525217,0.13586559891700745,0.029643701389431953,0.9590610861778259,1.3529411554336548,shuffled_basis_offset_rotated_diagonal_control,0.0020715591963380575,17,11527,test,member_meronym,0.13286712765693665,31,node_disjoint,131,0.0301639586687088,0.0,contextual_centered
0.27249571681022644,0.2824029326438904,0.46666666865348816,0.5414302349090576,0.7065126299858093,0.13586559891700745,0.005422005895525217,0.13586559891700745,0.029643701389431953,0.9590610861778259,1.0,shuffled_basis_offset_rotated_diagonal_control,0.0018945425981655717,15,11527,test,substance_meronym,0.13286712765693665,31,node_disjoint,131,0.2824029326438904,0.46666666865348816,contextual_centered
0.2807719111442566,0.17677181959152222,0.21052631735801697,0.5414302349090576,0.7065126299858093,0.13586559891700745,0.005422005895525217,0.13586559891700745,0.029643701389431953,0.9590610861778259,1.0,shuffled_basis_offset_rotated_diagonal_control,0.0018729899311438203,19,11527,test,part_meronym,0.13286712765693665,31,node_disjoint,131,0.17677181959152222,0.21052631735801697,contextual_centered
0.08129514753818512,0.09341899305582047,0.1304347813129425,0.5414302349090576,0.7065126299858093,0.13586559891700745,0.005422005895525217,0.13586559891700745,0.029643701389431953,0.9590610861778259,1.0,shuffled_basis_offset_rotated_diagonal_control,0.00239246035926044,23,11527,test,antonym,0.13286712765693665,31,node_disjoint,131,0.09341899305582047,0.1304347813129425,contextual_centered
0.21156136691570282,0.06885170936584473,0.2068965584039688,0.5414302349090576,0.7065126299858093,0.13586559891700745,0.005422005895525217,0.13586559891700745,0.029643701389431953,0.9590610861778259,1.0,shuffled_basis_offset_rotated_diagonal_control,0.002053225412964821,29,11527,test,attribute,0.13286712765693665,31,node_disjoint,131,0.06885170936584473,0.2068965584039688,contextual_centered
0.10096575319766998,0.09285923838615417,0.2237762212753296,0.49110400676727295,0.7065126299858093,,,,,,1.0559440851211548,shuffled_low_rank_matched,0.0023412350565195084,143,10766,test,all,0.11888112127780914,31,node_disjoint,131,0.0923759713768959,0.2237762212753296,contextual_centered
0.13985800743103027,0.04204651713371277,0.10000000149011612,0.49110400676727295,0.7065126299858093,,,,,,1.0,shuffled_low_rank_matched,0.0022399532608687878,20,10766,test,hypernym,0.11888112127780914,31,node_disjoint,131,0.04204651713371277,0.10000000149011612,contextual_centered
0.05680398270487785,0.040471695363521576,0.15000000596046448,0.49110400676727295,0.7065126299858093,,,,,,1.100000023841858,shuffled_low_rank_matched,0.0024562396574765444,20,10766,test,instance_hypernym,0.11888112127780914,31,node_disjoint,131,0.03785264492034912,0.15000000596046448,contextual_centered
0.06910476833581924,0.03973403945565224,0.05882352963089943,0.49110400676727295,0.7065126299858093,,,,,,1.3529411554336548,shuffled_low_rank_matched,0.0024242063518613577,17,10766,test,member_meronym,0.11888112127780914,31,node_disjoint,131,0.03875017166137695,0.05882352963089943,contextual_centered
0.16648535430431366,0.1808820366859436,0.5333333611488342,0.49110400676727295,0.7065126299858093,,,,,,1.0,shuffled_low_rank_matched,0.002170611172914505,15,10766,test,substance_meronym,0.11888112127780914,31,node_disjoint,131,0.1808820366859436,0.5333333611488342,contextual_centered
0.12459112703800201,0.20830588042736053,0.31578946113586426,0.49110400676727295,0.7065126299858093,,,,,,1.0,shuffled_low_rank_matched,0.0022797107230871916,19,10766,test,part_meronym,0.11888112127780914,31,node_disjoint,131,0.20830588042736053,0.31578946113586426,contextual_centered
0.11918654292821884,0.14250481128692627,0.43478259444236755,0.49110400676727295,0.7065126299858093,,,,,,1.0,shuffled_low_rank_matched,0.0022937848698347807,23,10766,test,antonym,0.11888112127780914,31,node_disjoint,131,0.14250481128692627,0.43478259444236755,contextual_centered
0.059457890689373016,0.0346335843205452,0.06896551698446274,0.49110400676727295,0.7065126299858093,,,,,,1.0,shuffled_low_rank_matched,0.0024493285454809666,29,10766,test,attribute,0.11888112127780914,31,node_disjoint,131,0.0346335843205452,0.06896551698446274,contextual_centered
0.36610957980155945,0.22475296258926392,0.42748090624809265,0.5777994990348816,0.7908096313476562,,,,,,1.0763359069824219,offset,0.0016507564578205347,131,5376,test,all,0.32824426889419556,53,node_disjoint,120,0.21484485268592834,0.4122137427330017,contextual_centered
0.1880701780319214,0.20890004932880402,0.2631579041481018,0.5777994990348816,0.7908096313476562,,,,,,1.0,offset,0.0021144007332623005,19,5376,test,hypernym,0.32824426889419556,53,node_disjoint,120,0.20890004932880402,0.2631579041481018,contextual_centered
0.4087817966938019,0.18719768524169922,0.6470588445663452,0.5777994990348816,0.7908096313476562,,,,,,1.0,offset,0.001539630931802094,17,5376,test,instance_hypernym,0.32824426889419556,53,node_disjoint,120,0.18719768524169922,0.6470588445663452,contextual_centered
0.34120234847068787,0.22214002907276154,0.30434781312942505,0.5777994990348816,0.7908096313476562,,,,,,1.3478261232376099,offset,0.0017156190006062388,23,5376,test,member_meronym,0.32824426889419556,53,node_disjoint,120,0.17502349615097046,0.260869562625885,contextual_centered
0.5013952255249023,0.32460257411003113,0.6000000238418579,0.5777994990348816,0.7908096313476562,,,,,,1.100000023841858,offset,0.001298450049944222,20,5376,test,substance_meronym,0.32824426889419556,53,node_disjoint,120,0.313888281583786,0.550000011920929,contextual_centered
0.29474642872810364,0.2098631113767624,0.31578946113586426,0.5777994990348816,0.7908096313476562,,,,,,1.0,offset,0.0018365978030487895,19,5376,test,part_meronym,0.32824426889419556,53,node_disjoint,120,0.2098631113767624,0.31578946113586426,contextual_centered
0.5199393033981323,0.28637832403182983,0.529411792755127,0.5777994990348816,0.7908096313476562,,,,,,1.0,offset,0.0012501582968980074,17,5376,test,antonym,0.32824426889419556,53,node_disjoint,120,0.28637832403182983,0.529411792755127,contextual_centered
0.3201887905597687,0.1146298497915268,0.375,0.5777994990348816,0.7908096313476562,,,,,,1.0,offset,0.0017703416524454951,16,5376,test,attribute,0.32824426889419556,53,node_disjoint,120,0.1146298497915268,0.375,contextual_centered
0.2750445306301117,0.2447679191827774,0.42748090624809265,0.6637675762176514,1.0002460479736328,,,,,,1.0763359069824219,hrr,0.0018879049457609653,131,5376,test,all,0.2671755850315094,53,node_disjoint,120,0.23726534843444824,0.4122137427330017,contextual_centered
0.2796095609664917,0.16460508108139038,0.31578946113586426,0.6637675762176514,1.0002460479736328,,,,,,1.0,hrr,0.0018760169623419642,19,5376,test,hypernym,0.2671755850315094,53,node_disjoint,120,0.16460508108139038,0.31578946113586426,contextual_centered
0.15703627467155457,0.13911768794059753,0.3529411852359772,0.6637675762176514,1.0002460479736328,,,,,,1.0,hrr,0.002195218112319708,17,5376,test,instance_hypernym,0.2671755850315094,53,node_disjoint,120,0.13911768794059753,0.3529411852359772,contextual_centered
0.28360989689826965,0.22330628335475922,0.3913043439388275,0.6637675762176514,1.0002460479736328,,,,,,1.3478261232376099,hrr,0.0018655993044376373,23,5376,test,member_meronym,0.2671755850315094,53,node_disjoint,120,0.19975581765174866,0.3478260934352875,contextual_centered
0.4060744643211365,0.47827640175819397,0.6000000238418579,0.6637675762176514,1.0002460479736328,,,,,,1.100000023841858,hrr,0.001546681160107255,20,5376,test,substance_meronym,0.2671755850315094,53,node_disjoint,120,0.45621758699417114,0.550000011920929,contextual_centered
0.12895578145980835,0.1784370392560959,0.3684210479259491,0.6637675762176514,1.0002460479736328,,,,,,1.0,hrr,0.002268344396725297,19,5376,test,part_meronym,0.2671755850315094,53,node_disjoint,120,0.1784370392560959,0.3684210479259491,contextual_centered
0.48995742201805115,0.3754604756832123,0.5882353186607361,0.6637675762176514,1.0002460479736328,,,,,,1.0,hrr,0.0013282358413562179,17,5376,test,antonym,0.2671755850315094,53,node_disjoint,120,0.3754604756832123,0.5882353186607361,contextual_centered
0.16404281556606293,0.1310872584581375,0.375,0.6637675762176514,1.0002460479736328,,,,,,1.0,hrr,0.002176971873268485,16,5376,test,attribute,0.2671755850315094,53,node_disjoint,120,0.1310872584581375,0.375,contextual_centered
0.27525216341018677,0.24604491889476776,0.42748090624809265,0.6637653708457947,0.7908178567886353,,,,,,1.0763359069824219,hrr_identity,0.0018873644294217229,131,5376,test,all,0.2671755850315094,53,node_disjoint,120,0.23854731023311615,0.4122137427330017,contextual_centered
0.2796097695827484,0.16461195051670074,0.31578946113586426,0.6637653708457947,0.7908178567886353,,,,,,1.0,hrr_identity,0.0018760161474347115,19,5376,test,hypernym,0.2671755850315094,53,node_disjoint,120,0.16461195051670074,0.31578946113586426,contextual_centered
0.15860992670059204,0.14495888352394104,0.3529411852359772,0.6637653708457947,0.7908178567886353,,,,,,1.0,hrr_identity,0.002191120060160756,17,5376,test,instance_hypernym,0.2671755850315094,53,node_disjoint,120,0.14495888352394104,0.3529411852359772,contextual_centered
0.28364959359169006,0.2262566238641739,0.3913043439388275,0.6637653708457947,0.7908178567886353,,,,,,1.3478261232376099,hrr_identity,0.0018654958112165332,23,5376,test,member_meronym,0.2671755850315094,53,node_disjoint,120,0.20273438096046448,0.3478260934352875,contextual_centered
0.40608739852905273,0.47827640175819397,0.6000000238418579,0.6637653708457947,0.7908178567886353,,,,,,1.100000023841858,hrr_identity,0.0015466473996639252,20,5376,test,substance_meronym,0.2671755850315094,53,node_disjoint,120,0.45621758699417114,0.550000011920929,contextual_centered
0.12895531952381134,0.1784370392560959,0.3684210479259491,0.6637653708457947,0.7908178567886353,,,,,,1.0,hrr_identity,0.002268345793709159,19,5376,test,part_meronym,0.2671755850315094,53,node_disjoint,120,0.1784370392560959,0.3684210479259491,contextual_centered
0.48991653323173523,0.3754604756832123,0.5882353186607361,0.6637653708457947,0.7908178567886353,,,,,,1.0,hrr_identity,0.0013283423613756895,17,5376,test,antonym,0.2671755850315094,53,node_disjoint,120,0.3754604756832123,0.5882353186607361,contextual_centered
0.16404086351394653,0.1310872584581375,0.375,0.6637653708457947,0.7908178567886353,,,,,,1.0,hrr_identity,0.0021769769955426455,16,5376,test,attribute,0.2671755850315094,53,node_disjoint,120,0.1310872584581375,0.375,contextual_centered
0.3750510513782501,0.24630145728588104,0.4656488597393036,0.5847688317298889,0.7908096313476562,0.13735158741474152,0.005865725222975016,0.13735158741474152,0.03231283277273178,1.1594300270080566,1.0763359069824219,basis_offset_residual_hrr,0.0016274712979793549,131,11527,test,all,0.32824426889419556,53,node_disjoint,120,0.236416295170784,0.45038166642189026,contextual_centered
0.2183346450328827,0.19896824657917023,0.2631579041481018,0.5847688317298889,0.7908096313476562,0.13735158741474152,0.005865725222975016,0.13735158741474152,0.03231283277273178,1.1594300270080566,1.0,basis_offset_residual_hrr,0.0020355870947241783,19,11527,test,hypernym,0.32824426889419556,53,node_disjoint,120,0.19896824657917023,0.2631579041481018,contextual_centered
0.41680991649627686,0.1979689598083496,0.6470588445663452,0.5847688317298889,0.7908096313476562,0.13735158741474152,0.005865725222975016,0.13735158741474152,0.03231283277273178,1.1594300270080566,1.0,basis_offset_residual_hrr,0.0015187241369858384,17,11527,test,instance_hypernym,0.32824426889419556,53,node_disjoint,120,0.1979689598083496,0.6470588445663452,contextual_centered
0.34251517057418823,0.23634742200374603,0.30434781312942505,0.5847688317298889,0.7908096313476562,0.13735158741474152,0.005865725222975016,0.13735158741474152,0.03231283277273178,1.1594300270080566,1.3478261232376099,basis_offset_residual_hrr,0.0017122002318501472,23,11527,test,member_meronym,0.32824426889419556,53,node_disjoint,120,0.18970680236816406,0.260869562625885,contextual_centered
0.5075032711029053,0.3851819932460785,0.6499999761581421,0.5847688317298889,0.7908096313476562,0.13735158741474152,0.005865725222975016,0.13735158741474152,0.03231283277273178,1.1594300270080566,1.100000023841858,basis_offset_residual_hrr,0.0012825436424463987,20,11527,test,substance_meronym,0.32824426889419556,53,node_disjoint,120,0.3740708827972412,0.6000000238418579,contextual_centered
0.30317196249961853,0.19689929485321045,0.4736842215061188,0.5847688317298889,0.7908096313476562,0.13735158741474152,0.005865725222975016,0.13735158741474152,0.03231283277273178,1.1594300270080566,1.0,basis_offset_residual_hrr,0.001814656425267458,19,11527,test,part_meronym,0.32824426889419556,53,node_disjoint,120,0.19689929485321045,0.4736842215061188,contextual_centered
0.5288835763931274,0.3291158974170685,0.529411792755127,0.5847688317298889,0.7908096313476562,0.13735158741474152,0.005865725222975016,0.13735158741474152,0.03231283277273178,1.1594300270080566,1.0,basis_offset_residual_hrr,0.0012268658028915524,17,11527,test,antonym,0.32824426889419556,53,node_disjoint,120,0.3291158974170685,0.529411792755127,contextual_centered
0.3198975920677185,0.1652459353208542,0.4375,0.5847688317298889,0.7908096313476562,0.13735158741474152,0.005865725222975016,0.13735158741474152,0.03231283277273178,1.1594300270080566,1.0,basis_offset_residual_hrr,0.0017711002146825194,16,11527,test,attribute,0.32824426889419556,53,node_disjoint,120,0.1652459353208542,0.4375,contextual_centered
0.3741791248321533,0.24470342695713043,0.4580152630805969,0.5852769613265991,0.7908096313476562,0.13600775599479675,0.005245994310826063,0.13600775599479675,0.02840244583785534,1.1512670516967773,1.0763359069824219,basis_offset_diagonal_control,0.0016297418624162674,131,11527,test,all,0.3435114622116089,53,node_disjoint,120,0.23489823937416077,0.442748099565506,contextual_centered
0.217197448015213,0.20870186388492584,0.2631579041481018,0.5852769613265991,0.7908096313476562,0.13600775599479675,0.005245994310826063,0.13600775599479675,0.02840244583785534,1.1512670516967773,1.0,basis_offset_diagonal_control,0.0020385482348501682,19,11527,test,hypernym,0.3435114622116089,53,node_disjoint,120,0.20870186388492584,0.2631579041481018,contextual_centered
0.4138789772987366,0.19455775618553162,0.6470588445663452,0.5852769613265991,0.7908096313476562,0.13600775599479675,0.005245994310826063,0.13600775599479675,0.02840244583785534,1.1512670516967773,1.0,basis_offset_diagonal_control,0.0015263567911460996,17,11527,test,instance_hypernym,0.3435114622116089,53,node_disjoint,120,0.19455775618553162,0.6470588445663452,contextual_centered
0.33990278840065,0.2571457028388977,0.30434781312942505,0.5852769613265991,0.7908096313476562,0.13600775599479675,0.005245994310826063,0.13600775599479675,0.02840244583785534,1.1512670516967773,1.3478261232376099,basis_offset_diagonal_control,0.0017190034268423915,23,11527,test,member_meronym,0.3435114622116089,53,node_disjoint,120,0.21102426946163177,0.260869562625885,contextual_centered
0.5094796419143677,0.3359445333480835,0.6499999761581421,0.5852769613265991,0.7908096313476562,0.13600775599479675,0.005245994310826063,0.13600775599479675,0.02840244583785534,1.1512670516967773,1.100000023841858,basis_offset_diagonal_control,0.0012773966882377863,20,11527,test,substance_meronym,0.3435114622116089,53,node_disjoint,120,0.3247603178024292,0.6000000238418579,contextual_centered
0.3072476387023926,0.19965820014476776,0.4736842215061188,0.5852769613265991,0.7908096313476562,0.13600775599479675,0.005245994310826063,0.13600775599479675,0.02840244583785534,1.1512670516967773,1.0,basis_offset_diagonal_control,0.0018040428403764963,19,11527,test,part_meronym,0.3435114622116089,53,node_disjoint,120,0.19965820014476776,0.4736842215061188,contextual_centered
0.5255275964736938,0.3395322859287262,0.529411792755127,0.5852769613265991,0.7908096313476562,0.13600775599479675,0.005245994310826063,0.13600775599479675,0.02840244583785534,1.1512670516967773,1.0,basis_offset_diagonal_control,0.001235605333931744,17,11527,test,antonym,0.3435114622116089,53,node_disjoint,120,0.3395322859287262,0.529411792755127,contextual_centered
0.3172336518764496,0.16153337061405182,0.375,0.5852769613265991,0.7908096313476562,0.13600775599479675,0.005245994310826063,0.13600775599479675,0.02840244583785534,1.1512670516967773,1.0,basis_offset_diagonal_control,0.0017780372872948647,16,11527,test,attribute,0.3435114622116089,53,node_disjoint,120,0.16153337061405182,0.375,contextual_centered
0.3764844238758087,0.24672763049602509,0.4580152630805969,0.5842828750610352,0.7908096313476562,0.13672418892383575,0.005700161214917898,0.13672418892383575,0.03146030008792877,1.1551376581192017,1.0763359069824219,basis_offset_rotated_diagonal_control,0.0016237386735156178,131,11527,test,all,0.3358778655529022,53,node_disjoint,120,0.23688402771949768,0.442748099565506,contextual_centered
0.22392576932907104,0.23495478928089142,0.2631579041481018,0.5842828750610352,0.7908096313476562,0.13672418892383575,0.005700161214917898,0.13672418892383575,0.03146030008792877,1.1551376581192017,1.0,basis_offset_rotated_diagonal_control,0.0020210265647619963,19,11527,test,hypernym,0.3358778655529022,53,node_disjoint,120,0.23495478928089142,0.2631579041481018,contextual_centered
0.41585981845855713,0.19663012027740479,0.6470588445663452,0.5842828750610352,0.7908096313476562,0.13672418892383575,0.005700161214917898,0.13672418892383575,0.03146030008792877,1.1551376581192017,1.0,basis_offset_rotated_diagonal_control,0.001521198428235948,17,11527,test,instance_hypernym,0.3358778655529022,53,node_disjoint,120,0.19663012027740479,0.6470588445663452,contextual_centered
0.3444746136665344,0.22925694286823273,0.30434781312942505,0.5842828750610352,0.7908096313476562,0.13672418892383575,0.005700161214917898,0.13672418892383575,0.03146030008792877,1.1551376581192017,1.3478261232376099,basis_offset_rotated_diagonal_control,0.0017070973990485072,23,11527,test,member_meronym,0.3358778655529022,53,node_disjoint,120,0.1828187257051468,0.260869562625885,contextual_centered
0.5083706974983215,0.35933917760849,0.6000000238418579,0.5842828750610352,0.7908096313476562,0.13672418892383575,0.005700161214917898,0.13672418892383575,0.03146030008792877,1.1551376581192017,1.100000023841858,basis_offset_rotated_diagonal_control,0.0012802850687876344,20,11527,test,substance_meronym,0.3358778655529022,53,node_disjoint,120,0.34826773405075073,0.550000011920929,contextual_centered
0.3029637634754181,0.19657282531261444,0.4736842215061188,0.5842828750610352,0.7908096313476562,0.13672418892383575,0.005700161214917898,0.13672418892383575,0.03146030008792877,1.1551376581192017,1.0,basis_offset_rotated_diagonal_control,0.001815198571421206,19,11527,test,part_meronym,0.3358778655529022,53,node_disjoint,120,0.19657282531261444,0.4736842215061188,contextual_centered
0.5310899019241333,0.3332313001155853,0.529411792755127,0.5842828750610352,0.7908096313476562,0.13672418892383575,0.005700161214917898,0.13672418892383575,0.03146030008792877,1.1551376581192017,1.0,basis_offset_rotated_diagonal_control,0.0012211200082674623,17,11527,test,antonym,0.3358778655529022,53,node_disjoint,120,0.3332313001155853,0.529411792755127,contextual_centered
0.32000526785850525,0.1659347116947174,0.4375,0.5842828750610352,0.7908096313476562,0.13672418892383575,0.005700161214917898,0.13672418892383575,0.03146030008792877,1.1551376581192017,1.0,basis_offset_rotated_diagonal_control,0.0017708196537569165,16,11527,test,attribute,0.3358778655529022,53,node_disjoint,120,0.1659347116947174,0.4375,contextual_centered
0.14470136165618896,0.1173505112528801,0.2977099120616913,0.49300897121429443,0.7908096313476562,,,,,,1.0763359069824219,low_rank_matched,0.0022273401264101267,131,10766,test,all,0.19847328960895538,53,node_disjoint,120,0.11522676050662994,0.28244274854660034,contextual_centered
0.1339985430240631,0.12297473102807999,0.2631579041481018,0.49300897121429443,0.7908096313476562,,,,,,1.0,low_rank_matched,0.0022552120499312878,19,10766,test,hypernym,0.19847328960895538,53,node_disjoint,120,0.12297473102807999,0.2631579041481018,contextual_centered
0.14074163138866425,0.19337213039398193,0.529411792755127,0.49300897121429443,0.7908096313476562,,,,,,1.0,low_rank_matched,0.0022376521956175566,17,10766,test,instance_hypernym,0.19847328960895538,53,node_disjoint,120,0.19337213039398193,0.529411792755127,contextual_centered
0.15115678310394287,0.05601438879966736,0.17391304671764374,0.49300897121429443,0.7908096313476562,,,,,,1.3478261232376099,low_rank_matched,0.00221052928827703,23,10766,test,member_meronym,0.19847328960895538,53,node_disjoint,120,0.045996397733688354,0.08695652335882187,contextual_centered
0.06074107438325882,0.08991345763206482,0.15000000596046448,0.49300897121429443,0.7908096313476562,,,,,,1.100000023841858,low_rank_matched,0.0024459869600832462,20,10766,test,substance_meronym,0.19847328960895538,53,node_disjoint,120,0.08752351999282837,0.15000000596046448,contextual_centered
0.04089852422475815,0.03625645488500595,0.10526315867900848,0.49300897121429443,0.7908096313476562,,,,,,1.0,low_rank_matched,0.002497660228982568,19,10766,test,part_meronym,0.19847328960895538,53,node_disjoint,120,0.03625645488500595,0.10526315867900848,contextual_centered
0.24107669293880463,0.2741031348705292,0.5882353186607361,0.49300897121429443,0.7908096313476562,,,,,,1.0,low_rank_matched,0.001976362895220518,17,10766,test,antonym,0.19847328960895538,53,node_disjoint,120,0.2741031348705292,0.5882353186607361,contextual_centered
0.27815601229667664,0.08211535960435867,0.375,0.49300897121429443,0.7908096313476562,,,,,,1.0,low_rank_matched,0.0018798020901158452,16,10766,test,attribute,0.19847328960895538,53,node_disjoint,120,0.08211535960435867,0.375,contextual_centered
0.15166936814785004,0.07210619747638702,0.19083969295024872,0.5941632986068726,0.7908096313476562,,,,,,1.0763359069824219,shuffled_offset,0.0022091944701969624,131,5376,test,all,0.10687022656202316,53,node_disjoint,120,0.07004748284816742,0.17557251453399658,contextual_centered
0.2944421172142029,0.12203232944011688,0.21052631735801697,0.5941632986068726,0.7908096313476562,,,,,,1.0,shuffled_offset,0.0018373901257291436,19,5376,test,hypernym,0.10687022656202316,53,node_disjoint,120,0.12203232944011688,0.21052631735801697,contextual_centered
0.3225914239883423,0.10349003225564957,0.4117647111415863,0.5941632986068726,0.7908096313476562,,,,,,1.0,shuffled_offset,0.0017640850273892283,17,5376,test,instance_hypernym,0.10687022656202316,53,node_disjoint,120,0.10349003225564957,0.4117647111415863,contextual_centered
0.27086684107780457,0.07088562101125717,0.30434781312942505,0.5941632986068726,0.7908096313476562,,,,,,1.3478261232376099,shuffled_offset,0.0018987843068316579,23,5376,test,member_meronym,0.10687022656202316,53,node_disjoint,120,0.05932198464870453,0.21739129722118378,contextual_centered
-0.0797901526093483,0.016917910426855087,0.0,0.5941632986068726,0.7908096313476562,,,,,,1.100000023841858,shuffled_offset,0.0028119536582380533,20,5376,test,substance_meronym,0.10687022656202316,53,node_disjoint,120,0.016731522977352142,0.0,contextual_centered
0.2399004101753235,0.13033263385295868,0.2631579041481018,0.5941632986068726,0.7908096313476562,,,,,,1.0,shuffled_offset,0.0019794257823377848,19,5376,test,part_meronym,0.10687022656202316,53,node_disjoint,120,0.13033263385295868,0.2631579041481018,contextual_centered
-0.0038611511699855328,0.028481382876634598,0.05882352963089943,0.5941632986068726,0.7908096313476562,,,,,,1.0,shuffled_offset,0.002614222001284361,17,5376,test,antonym,0.10687022656202316,53,node_disjoint,120,0.028481382876634598,0.05882352963089943,contextual_centered
-0.021023262292146683,0.027420910075306892,0.0625,0.5941632986068726,0.7908096313476562,,,,,,1.0,shuffled_offset,0.0026589147746562958,16,5376,test,attribute,0.10687022656202316,53,node_disjoint,120,0.027420910075306892,0.0625,contextual_centered
0.1849985420703888,0.21341218054294586,0.2748091518878937,0.6859931945800781,0.9970273375511169,,,,,,1.0763359069824219,shuffled_hrr,0.002122399630025029,131,5376,test,all,0.11450381577014923,53,node_disjoint,120,0.20662614703178406,0.2748091518878937,contextual_centered
0.31526175141334534,0.20822055637836456,0.31578946113586426,0.6859931945800781,0.9970273375511169,,,,,,1.0,shuffled_hrr,0.0017831725999712944,19,5376,test,hypernym,0.11450381577014923,53,node_disjoint,120,0.20822055637836456,0.31578946113586426,contextual_centered
0.06689286231994629,0.029852190986275673,0.0,0.6859931945800781,0.9970273375511169,,,,,,1.0,shuffled_hrr,0.0024299665819853544,17,5376,test,instance_hypernym,0.11450381577014923,53,node_disjoint,120,0.029852190986275673,0.0,contextual_centered
-0.06928231567144394,0.01670510694384575,0.0,0.6859931945800781,0.9970273375511169,,,,,,1.3478261232376099,shuffled_hrr,0.0027845893055200577,23,5376,test,member_meronym,0.11450381577014923,53,node_disjoint,120,0.016097838059067726,0.0,contextual_centered
0.32384607195854187,0.4641788601875305,0.550000011920929,0.6859931945800781,0.9970273375511169,,,,,,1.100000023841858,shuffled_hrr,0.00176081748213619,20,5376,test,substance_meronym,0.11450381577014923,53,node_disjoint,120,0.4204288423061371,0.550000011920929,contextual_centered
0.19213229417800903,0.22441060841083527,0.31578946113586426,0.6859931945800781,0.9970273375511169,,,,,,1.0,shuffled_hrr,0.0021038223057985306,19,5376,test,part_meronym,0.11450381577014923,53,node_disjoint,120,0.22441060841083527,0.31578946113586426,contextual_centered
0.3341570496559143,0.48002898693084717,0.5882353186607361,0.6859931945800781,0.9970273375511169,,,,,,1.0,shuffled_hrr,0.0017339660553261638,17,5376,test,antonym,0.11450381577014923,53,node_disjoint,120,0.48002898693084717,0.5882353186607361,contextual_centered
0.18081532418727875,0.0875767320394516,0.1875,0.6859931945800781,0.9970273375511169,,,,,,1.0,shuffled_hrr,0.0021332933101803064,16,5376,test,attribute,0.11450381577014923,53,node_disjoint,120,0.0875767320394516,0.1875,contextual_centered
0.18556521832942963,0.08302188664674759,0.19847328960895538,0.5977345108985901,0.7908096313476562,0.1372174471616745,0.005758736748248339,0.1372174471616745,0.03163597360253334,1.209338903427124,1.0763359069824219,shuffled_basis_offset_residual_hrr,0.0021209237165749073,131,11527,test,all,0.09160305559635162,53,node_disjoint,120,0.08102526515722275,0.19083969295024872,contextual_centered
0.32551148533821106,0.11838146299123764,0.2631579041481018,0.5977345108985901,0.7908096313476562,0.1372174471616745,0.005758736748248339,0.1372174471616745,0.03163597360253334,1.209338903427124,1.0,shuffled_basis_offset_residual_hrr,0.001756480778567493,19,11527,test,hypernym,0.09160305559635162,53,node_disjoint,120,0.11838146299123764,0.2631579041481018,contextual_centered
0.32010379433631897,0.11786063760519028,0.4117647111415863,0.5977345108985901,0.7908096313476562,0.1372174471616745,0.005758736748248339,0.1372174471616745,0.03163597360253334,1.209338903427124,1.0,shuffled_basis_offset_residual_hrr,0.0017705629579722881,17,11527,test,instance_hypernym,0.09160305559635162,53,node_disjoint,120,0.11786063760519028,0.4117647111415863,contextual_centered
0.293576180934906,0.07829134166240692,0.30434781312942505,0.5977345108985901,0.7908096313476562,0.1372174471616745,0.005758736748248339,0.1372174471616745,0.03163597360253334,1.209338903427124,1.3478261232376099,shuffled_basis_offset_residual_hrr,0.001839645323343575,23,11527,test,member_meronym,0.09160305559635162,53,node_disjoint,120,0.0670609325170517,0.260869562625885,contextual_centered
0.0037372633814811707,0.022353436797857285,0.0,0.5977345108985901,0.7908096313476562,0.1372174471616745,0.005758736748248339,0.1372174471616745,0.03163597360253334,1.209338903427124,1.100000023841858,shuffled_basis_offset_residual_hrr,0.002594434190541506,20,11527,test,substance_meronym,0.09160305559635162,53,node_disjoint,120,0.022190596908330917,0.0,contextual_centered
0.23831874132156372,0.15554259717464447,0.2631579041481018,0.5977345108985901,0.7908096313476562,0.1372174471616745,0.005758736748248339,0.1372174471616745,0.03163597360253334,1.209338903427124,1.0,shuffled_basis_offset_residual_hrr,0.001983545022085309,19,11527,test,part_meronym,0.09160305559635162,53,node_disjoint,120,0.15554259717464447,0.2631579041481018,contextual_centered
0.03825218603014946,0.03267773985862732,0.05882352963089943,0.5977345108985901,0.7908096313476562,0.1372174471616745,0.005758736748248339,0.1372174471616745,0.03163597360253334,1.209338903427124,1.0,shuffled_basis_offset_residual_hrr,0.002504551550373435,17,11527,test,antonym,0.09160305559635162,53,node_disjoint,120,0.03267773985862732,0.05882352963089943,contextual_centered
0.04232649505138397,0.05402419716119766,0.0625,0.5977345108985901,0.7908096313476562,0.1372174471616745,0.005758736748248339,0.1372174471616745,0.03163597360253334,1.209338903427124,1.0,shuffled_basis_offset_residual_hrr,0.002493941690772772,16,11527,test,attribute,0.09160305559635162,53,node_disjoint,120,0.05402419716119766,0.0625,contextual_centered
0.1844908446073532,0.08513278514146805,0.21374045312404633,0.5984772443771362,0.7908096313476562,0.13621915876865387,0.004545422736555338,0.13621915876865387,0.024806968867778778,1.195110559463501,1.0763359069824219,shuffled_basis_offset_diagonal_control,0.0021237218752503395,131,11527,test,all,0.09160305559635162,53,node_disjoint,120,0.08311589807271957,0.20610687136650085,contextual_centered
0.31965339183807373,0.12659943103790283,0.2631579041481018,0.5984772443771362,0.7908096313476562,0.13621915876865387,0.004545422736555338,0.13621915876865387,0.024806968867778778,1.195110559463501,1.0,shuffled_basis_offset_diagonal_control,0.0017717357259243727,19,11527,test,hypernym,0.09160305559635162,53,node_disjoint,120,0.12659943103790283,0.2631579041481018,contextual_centered
0.3185040056705475,0.11920658499002457,0.47058823704719543,0.5984772443771362,0.7908096313476562,0.13621915876865387,0.004545422736555338,0.13621915876865387,0.024806968867778778,1.195110559463501,1.0,shuffled_basis_offset_diagonal_control,0.0017747292295098305,17,11527,test,instance_hypernym,0.09160305559635162,53,node_disjoint,120,0.11920658499002457,0.47058823704719543,contextual_centered
0.2963789999485016,0.07937367260456085,0.30434781312942505,0.5984772443771362,0.7908096313476562,0.13621915876865387,0.004545422736555338,0.13621915876865387,0.024806968867778778,1.195110559463501,1.3478261232376099,shuffled_basis_offset_diagonal_control,0.0018323463154956698,23,11527,test,member_meronym,0.09160305559635162,53,node_disjoint,120,0.06801925599575043,0.260869562625885,contextual_centered
-0.002871407661587,0.02223256416618824,0.0,0.5984772443771362,0.7908096313476562,0.13621915876865387,0.004545422736555338,0.13621915876865387,0.024806968867778778,1.195110559463501,1.100000023841858,shuffled_basis_offset_diagonal_control,0.0026116441003978252,20,11527,test,substance_meronym,0.09160305559635162,53,node_disjoint,120,0.022079546004533768,0.0,contextual_centered
0.24754956364631653,0.1594422459602356,0.31578946113586426,0.5984772443771362,0.7908096313476562,0.13621915876865387,0.004545422736555338,0.13621915876865387,0.024806968867778778,1.195110559463501,1.0,shuffled_basis_offset_diagonal_control,0.0019595064222812653,19,11527,test,part_meronym,0.09160305559635162,53,node_disjoint,120,0.1594422459602356,0.31578946113586426,contextual_centered
0.035432226955890656,0.033466141670942307,0.05882352963089943,0.5984772443771362,0.7908096313476562,0.13621915876865387,0.004545422736555338,0.13621915876865387,0.024806968867778778,1.195110559463501,1.0,shuffled_basis_offset_diagonal_control,0.0025118952617049217,17,11527,test,antonym,0.09160305559635162,53,node_disjoint,120,0.033466141670942307,0.05882352963089943,contextual_centered
0.03845249116420746,0.053245000541210175,0.0625,0.5984772443771362,0.7908096313476562,0.13621915876865387,0.004545422736555338,0.13621915876865387,0.024806968867778778,1.195110559463501,1.0,shuffled_basis_offset_diagonal_control,0.0025040297769010067,16,11527,test,attribute,0.09160305559635162,53,node_disjoint,120,0.053245000541210175,0.0625,contextual_centered
0.1875622719526291,0.0830620527267456,0.20610687136650085,0.5967991948127747,0.7908096313476562,0.13670289516448975,0.005693596322089434,0.13670289516448975,0.03133643418550491,1.2032628059387207,1.0763359069824219,shuffled_basis_offset_rotated_diagonal_control,0.0021157232113182545,131,11527,test,all,0.09160305559635162,53,node_disjoint,120,0.08108536154031754,0.19847328960895538,contextual_centered
0.32484689354896545,0.11918110400438309,0.2631579041481018,0.5967991948127747,0.7908096313476562,0.13670289516448975,0.005693596322089434,0.13670289516448975,0.03133643418550491,1.2032628059387207,1.0,shuffled_basis_offset_rotated_diagonal_control,0.0017582112923264503,19,11527,test,hypernym,0.09160305559635162,53,node_disjoint,120,0.11918110400438309,0.2631579041481018,contextual_centered
0.31754717230796814,0.11624301970005035,0.47058823704719543,0.5967991948127747,0.7908096313476562,0.13670289516448975,0.005693596322089434,0.13670289516448975,0.03133643418550491,1.2032628059387207,1.0,shuffled_basis_offset_rotated_diagonal_control,0.0017772212158888578,17,11527,test,instance_hypernym,0.09160305559635162,53,node_disjoint,120,0.11624301970005035,0.47058823704719543,contextual_centered
0.2961505353450775,0.07764329016208649,0.30434781312942505,0.5967991948127747,0.7908096313476562,0.13670289516448975,0.005693596322089434,0.13670289516448975,0.03133643418550491,1.2032628059387207,1.3478261232376099,shuffled_basis_offset_rotated_diagonal_control,0.0018329413142055273,23,11527,test,member_meronym,0.09160305559635162,53,node_disjoint,120,0.06654217839241028,0.260869562625885,contextual_centered
0.006013412959873676,0.02246273308992386,0.0,0.5967991948127747,0.7908096313476562,0.13670289516448975,0.005693596322089434,0.13670289516448975,0.03133643418550491,1.2032628059387207,1.100000023841858,shuffled_basis_offset_rotated_diagonal_control,0.0025885067880153656,20,11527,test,substance_meronym,0.09160305559635162,53,node_disjoint,120,0.022281574085354805,0.0,contextual_centered
0.2410249263048172,0.15601415932178497,0.2631579041481018,0.5967991948127747,0.7908096313476562,0.13670289516448975,0.005693596322089434,0.13670289516448975,0.03133643418550491,1.2032628059387207,1.0,shuffled_basis_offset_rotated_diagonal_control,0.0019764977041631937,19,11527,test,part_meronym,0.09160305559635162,53,node_disjoint,120,0.15601415932178497,0.2631579041481018,contextual_centered
0.041158389300107956,0.032882846891880035,0.05882352963089943,0.5967991948127747,0.7908096313476562,0.13670289516448975,0.005693596322089434,0.13670289516448975,0.03133643418550491,1.2032628059387207,1.0,shuffled_basis_offset_rotated_diagonal_control,0.002496983390301466,17,11527,test,antonym,0.09160305559635162,53,node_disjoint,120,0.032882846891880035,0.05882352963089943,contextual_centered
0.04933544248342514,0.055139392614364624,0.0625,0.5967991948127747,0.7908096313476562,0.13670289516448975,0.005693596322089434,0.13670289516448975,0.03133643418550491,1.2032628059387207,1.0,shuffled_basis_offset_rotated_diagonal_control,0.0024756889324635267,16,11527,test,attribute,0.09160305559635162,53,node_disjoint,120,0.055139392614364624,0.0625,contextual_centered
0.0800052210688591,0.1050611063838005,0.2442748099565506,0.519517183303833,0.7908096313476562,,,,,,1.0763359069824219,shuffled_low_rank_matched,0.0023958198726177216,131,10766,test,all,0.17557251453399658,53,node_disjoint,120,0.10151346772909164,0.23664122819900513,contextual_centered
0.03599134087562561,0.09389249980449677,0.10526315867900848,0.519517183303833,0.7908096313476562,,,,,,1.0,shuffled_low_rank_matched,0.002510439371690154,19,10766,test,hypernym,0.17557251453399658,53,node_disjoint,120,0.09389249980449677,0.10526315867900848,contextual_centered
0.06450316309928894,0.18614889681339264,0.29411765933036804,0.519517183303833,0.7908096313476562,,,,,,1.0,shuffled_low_rank_matched,0.0024361899122595787,17,10766,test,instance_hypernym,0.17557251453399658,53,node_disjoint,120,0.18614889681339264,0.29411765933036804,contextual_centered
0.006946131121367216,0.03560720756649971,0.043478261679410934,0.519517183303833,0.7908096313476562,,,,,,1.3478261232376099,shuffled_low_rank_matched,0.0025860778987407684,23,10766,test,member_meronym,0.17557251453399658,53,node_disjoint,120,0.0344228520989418,0.043478261679410934,contextual_centered
0.16790945827960968,0.13608378171920776,0.44999998807907104,0.519517183303833,0.7908096313476562,,,,,,1.100000023841858,shuffled_low_rank_matched,0.0021669024135917425,20,10766,test,substance_meronym,0.17557251453399658,53,node_disjoint,120,0.11420879513025284,0.4000000059604645,contextual_centered
0.03626633808016777,0.0864856019616127,0.10526315867900848,0.519517183303833,0.7908096313476562,,,,,,1.0,shuffled_low_rank_matched,0.0025097231846302748,19,10766,test,part_meronym,0.17557251453399658,53,node_disjoint,120,0.0864856019616127,0.10526315867900848,contextual_centered
0.19308966398239136,0.14539341628551483,0.529411792755127,0.519517183303833,0.7908096313476562,,,,,,1.0,shuffled_low_rank_matched,0.0021013289224356413,17,10766,test,antonym,0.17557251453399658,53,node_disjoint,120,0.14539341628551483,0.529411792755127,contextual_centered
0.07567248493432999,0.07243500649929047,0.25,0.519517183303833,0.7908096313476562,,,,,,1.0,shuffled_low_rank_matched,0.0024071030784398317,16,10766,test,attribute,0.17557251453399658,53,node_disjoint,120,0.07243500649929047,0.25,contextual_centered
