cosine,final_loss,initial_loss,method,mse,n,parameters,relation,relation_accuracy,seed,split_mode,target_candidates,target_mrr,target_recall_at_10,track
0.3863060772418976,0.6039634346961975,0.6039634346961975,additive,0.0015981614124029875,112,0,all,0.1785714328289032,11,edge_disjoint,111,0.4245237708091736,0.5714285969734192,static_raw
0.36917644739151,0.6039634346961975,0.6039634346961975,additive,0.0016427697846665978,20,0,hypernym,0.1785714328289032,11,edge_disjoint,111,0.3752272129058838,0.550000011920929,static_raw
0.2677168548107147,0.6039634346961975,0.6039634346961975,additive,0.0019069875124841928,14,0,instance_hypernym,0.1785714328289032,11,edge_disjoint,111,0.06420516967773438,0.1428571492433548,static_raw
0.4019257724285126,0.6039634346961975,0.6039634346961975,additive,0.0015574853168800473,15,0,member_meronym,0.1785714328289032,11,edge_disjoint,111,0.4828373193740845,0.6000000238418579,static_raw
0.5004411935806274,0.6039634346961975,0.6039634346961975,additive,0.0013009344693273306,12,0,substance_meronym,0.1785714328289032,11,edge_disjoint,111,0.53931725025177,0.5833333134651184,static_raw
0.3132704198360443,0.6039634346961975,0.6039634346961975,additive,0.001788358436897397,19,0,part_meronym,0.1785714328289032,11,edge_disjoint,111,0.23524068295955658,0.42105263471603394,static_raw
0.46759113669395447,0.6039634346961975,0.6039634346961975,additive,0.0013864814536646008,16,0,antonym,0.1785714328289032,11,edge_disjoint,111,0.7327722311019897,0.875,static_raw
0.41668376326560974,0.6039634346961975,0.6039634346961975,additive,0.001519052661024034,16,0,attribute,0.1785714328289032,11,edge_disjoint,111,0.5771842002868652,0.8125,static_raw
0.49543970823287964,,,relation_mean,0.0013139592483639717,112,,all,,11,edge_disjoint,111,0.10181839764118195,0.2321428507566452,static_raw
0.4736631512641907,,,relation_mean,0.001370668993331492,20,,hypernym,,11,edge_disjoint,111,0.0411037877202034,0.05000000074505806,static_raw
0.5783692002296448,,,relation_mean,0.0010979969520121813,14,,instance_hypernym,,11,edge_disjoint,111,0.2176094949245453,0.6428571343421936,static_raw
0.4889205992221832,,,relation_mean,0.0013309359783306718,15,,member_meronym,,11,edge_disjoint,111,0.05656953528523445,0.13333334028720856,static_raw
0.5035264492034912,,,relation_mean,0.0012928997166454792,12,,substance_meronym,,11,edge_disjoint,111,0.18380557000637054,0.3333333432674408,static_raw
0.4767075479030609,,,relation_mean,0.0013627407606691122,19,,part_meronym,,11,edge_disjoint,111,0.06488478183746338,0.10526315867900848,static_raw
0.4629763960838318,,,relation_mean,0.0013984991237521172,16,,antonym,,11,edge_disjoint,111,0.04620308429002762,0.125,static_raw
0.5048509836196899,,,relation_mean,0.0012894506799057126,16,,attribute,,11,edge_disjoint,111,0.15679895877838135,0.375,static_raw
0.5258305072784424,0.4397789537906647,0.6055362820625305,offset,0.001234816387295723,112,5376,all,0.5625,11,edge_disjoint,111,0.32178694009780884,0.5267857313156128,static_raw
0.49525365233421326,0.4397789537906647,0.6055362820625305,offset,0.0013144437689334154,20,5376,hypernym,0.5625,11,edge_disjoint,111,0.1477459967136383,0.30000001192092896,static_raw
0.573060929775238,0.4397789537906647,0.6055362820625305,offset,0.0011118206894025207,14,5376,instance_hypernym,0.5625,11,edge_disjoint,111,0.22503754496574402,0.6428571343421936,static_raw
0.5193196535110474,0.4397789537906647,0.6055362820625305,offset,0.0012517716968432069,15,5376,member_meronym,0.5625,11,edge_disjoint,111,0.36482900381088257,0.6666666865348816,static_raw
0.579550564289093,0.4397789537906647,0.6055362820625305,offset,0.0010949205607175827,12,5376,substance_meronym,0.5625,11,edge_disjoint,111,0.4950370788574219,0.5833333134651184,static_raw
0.48198574781417847,0.4397789537906647,0.6055362820625305,offset,0.001348995603621006,19,5376,part_meronym,0.5625,11,edge_disjoint,111,0.16915090382099152,0.2631579041481018,static_raw
0.5358667373657227,0.4397789537906647,0.6055362820625305,offset,0.0012086804490536451,16,5376,antonym,0.5625,11,edge_disjoint,111,0.5447969436645508,0.625,static_raw
0.5305684804916382,0.4397789537906647,0.6055362820625305,offset,0.0012224781094118953,16,5376,attribute,0.5625,11,edge_disjoint,111,0.4119495749473572,0.75,static_raw
0.4009856879711151,0.5613102912902832,1.0073996782302856,hrr,0.0015599331818521023,112,5376,all,0.4196428656578064,11,edge_disjoint,111,0.45255306363105774,0.6428571343421936,static_raw
0.3722122013568878,0.5613102912902832,1.0073996782302856,hrr,0.0016348640201613307,20,5376,hypernym,0.4196428656578064,11,edge_disjoint,111,0.41612282395362854,0.5,static_raw
0.333057701587677,0.5613102912902832,1.0073996782302856,hrr,0.0017368289409205317,14,5376,instance_hypernym,0.4196428656578064,11,edge_disjoint,111,0.22982890903949738,0.6428571343421936,static_raw
0.40920886397361755,0.5613102912902832,1.0073996782302856,hrr,0.001538518932648003,15,5376,member_meronym,0.4196428656578064,11,edge_disjoint,111,0.49357670545578003,0.7333333492279053,static_raw
0.5068821310997009,0.5613102912902832,1.0073996782302856,hrr,0.0012841610005125403,12,5376,substance_meronym,0.4196428656578064,11,edge_disjoint,111,0.5415123701095581,0.5833333134651184,static_raw
0.333787202835083,0.5613102912902832,1.0073996782302856,hrr,0.0017349292756989598,19,5376,part_meronym,0.4196428656578064,11,edge_disjoint,111,0.2523343563079834,0.4736842215061188,static_raw
0.4680657684803009,0.5613102912902832,1.0073996782302856,hrr,0.0013852453557774425,16,5376,antonym,0.4196428656578064,11,edge_disjoint,111,0.7042982578277588,0.8125,static_raw
0.4219759404659271,0.5613102912902832,1.0073996782302856,hrr,0.001505271065980196,16,5376,attribute,0.4196428656578064,11,edge_disjoint,111,0.5738099217414856,0.8125,static_raw
0.4720511734485626,0.4915696382522583,0.6055362820625305,diagonal,0.0013748668134212494,112,5376,all,0.3660714328289032,11,edge_disjoint,111,0.3650299608707428,0.5,static_raw
0.4554481506347656,0.4915696382522583,0.6055362820625305,diagonal,0.0014181040460243821,20,5376,hypernym,0.3660714328289032,11,edge_disjoint,111,0.23194289207458496,0.30000001192092896,static_raw
0.4367573857307434,0.4915696382522583,0.6055362820625305,diagonal,0.0014667777577415109,14,5376,instance_hypernym,0.3660714328289032,11,edge_disjoint,111,0.1606721580028534,0.3571428656578064,static_raw
0.47047483921051025,0.4915696382522583,0.6055362820625305,diagonal,0.0013789718504995108,15,5376,member_meronym,0.3660714328289032,11,edge_disjoint,111,0.4597921073436737,0.6000000238418579,static_raw
0.5370740294456482,0.4915696382522583,0.6055362820625305,diagonal,0.001205536420457065,12,5376,substance_meronym,0.3660714328289032,11,edge_disjoint,111,0.5376718640327454,0.5833333134651184,static_raw
0.42147770524024963,0.4915696382522583,0.6055362820625305,diagonal,0.0015065683983266354,19,5376,part_meronym,0.3660714328289032,11,edge_disjoint,111,0.14116358757019043,0.21052631735801697,static_raw
0.5132418274879456,0.4915696382522583,0.6055362820625305,diagonal,0.0012675994075834751,16,5376,antonym,0.3660714328289032,11,edge_disjoint,111,0.6569691896438599,0.6875,static_raw
0.4952629804611206,0.4915696382522583,0.6055362820625305,diagonal,0.0013144194381311536,16,5376,attribute,0.3660714328289032,11,edge_disjoint,111,0.46578285098075867,0.875,static_raw
0.4905543625354767,0.2702608108520508,0.6077691912651062,low_rank,0.0013266814639791846,112,86016,all,0.4642857313156128,11,edge_disjoint,111,0.3480437099933624,0.5625,static_raw
0.4581814706325531,0.2702608108520508,0.6077691912651062,low_rank,0.0014109857147559524,20,86016,hypernym,0.4642857313156128,11,edge_disjoint,111,0.14640896022319794,0.30000001192092896,static_raw
0.5640941262245178,0.2702608108520508,0.6077691912651062,low_rank,0.0011351717403158545,14,86016,instance_hypernym,0.4642857313156128,11,edge_disjoint,111,0.29251042008399963,0.7142857313156128,static_raw
0.4737947881221771,0.2702608108520508,0.6077691912651062,low_rank,0.0013703261502087116,15,86016,member_meronym,0.4642857313156128,11,edge_disjoint,111,0.4606688320636749,0.6000000238418579,static_raw
0.5408270359039307,0.2702608108520508,0.6077691912651062,low_rank,0.0011957627721130848,12,86016,substance_meronym,0.4642857313156128,11,edge_disjoint,111,0.5232816338539124,0.75,static_raw
0.4517030715942383,0.2702608108520508,0.6077691912651062,low_rank,0.0014278567396104336,19,86016,part_meronym,0.4642857313156128,11,edge_disjoint,111,0.1769825518131256,0.3684210479259491,static_raw
0.4768561124801636,0.2702608108520508,0.6077691912651062,low_rank,0.0013623539125546813,16,86016,antonym,0.4642857313156128,11,edge_disjoint,111,0.48516637086868286,0.625,static_raw
0.5045148134231567,0.2702608108520508,0.6077691912651062,low_rank,0.0012903263559564948,16,86016,attribute,0.4642857313156128,11,edge_disjoint,111,0.4776766896247864,0.75,static_raw
0.3927294909954071,0.5712526440620422,1.0086631774902344,shuffled_hrr,0.0015814335783943534,112,5376,all,0.1071428656578064,11,edge_disjoint,111,0.4235953688621521,0.5982142686843872,static_raw
0.3759796917438507,0.5712526440620422,1.0086631774902344,shuffled_hrr,0.001625053002499044,20,5376,hypernym,0.1071428656578064,11,edge_disjoint,111,0.40353697538375854,0.550000011920929,static_raw
0.3016488254070282,0.5712526440620422,1.0086631774902344,shuffled_hrr,0.0018186230445280671,14,5376,instance_hypernym,0.1071428656578064,11,edge_disjoint,111,0.0891641229391098,0.3571428656578064,static_raw
0.40357664227485657,0.5712526440620422,1.0086631774902344,shuffled_hrr,0.0015531859826296568,15,5376,member_meronym,0.1071428656578064,11,edge_disjoint,111,0.477701336145401,0.6000000238418579,static_raw
0.4903564155101776,0.5712526440620422,1.0086631774902344,shuffled_hrr,0.0013271966017782688,12,5376,substance_meronym,0.1071428656578064,11,edge_disjoint,111,0.4960712194442749,0.5833333134651184,static_raw
0.33007174730300903,0.5712526440620422,1.0086631774902344,shuffled_hrr,0.0017446049023419619,19,5376,part_meronym,0.1071428656578064,11,edge_disjoint,111,0.23942925035953522,0.42105263471603394,static_raw
0.45802396535873413,0.5712526440620422,1.0086631774902344,shuffled_hrr,0.0014113960787653923,16,5376,antonym,0.1071428656578064,11,edge_disjoint,111,0.6709426641464233,0.875,static_raw
0.41908445954322815,0.5712526440620422,1.0086631774902344,shuffled_hrr,0.0015128011582419276,16,5376,attribute,0.1071428656578064,11,edge_disjoint,111,0.6075640320777893,0.8125,static_raw
0.46387583017349243,0.5022017359733582,0.6055362820625305,shuffled_diagonal,0.0013961567310616374,112,5376,all,0.133928582072258,11,edge_disjoint,111,0.34552904963493347,0.5267857313156128,static_raw
0.4608249068260193,0.5022017359733582,0.6055362820625305,shuffled_diagonal,0.001404101843945682,20,5376,hypernym,0.133928582072258,11,edge_disjoint,111,0.2522728443145752,0.44999998807907104,static_raw
0.41372084617614746,0.5022017359733582,0.6055362820625305,shuffled_diagonal,0.0015267686685547233,14,5376,instance_hypernym,0.133928582072258,11,edge_disjoint,111,0.07373378425836563,0.2857142984867096,static_raw
0.46780404448509216,0.5022017359733582,0.6055362820625305,shuffled_diagonal,0.001385927083902061,15,5376,member_meronym,0.133928582072258,11,edge_disjoint,111,0.45758193731307983,0.6000000238418579,static_raw
0.507915735244751,0.5022017359733582,0.6055362820625305,shuffled_diagonal,0.0012814695946872234,12,5376,substance_meronym,0.133928582072258,11,edge_disjoint,111,0.45923125743865967,0.5833333134651184,static_raw
0.4160970449447632,0.5022017359733582,0.6055362820625305,shuffled_diagonal,0.0015205804957076907,19,5376,part_meronym,0.133928582072258,11,edge_disjoint,111,0.1836490035057068,0.2631579041481018,static_raw
0.5092295408248901,0.5022017359733582,0.6055362820625305,shuffled_diagonal,0.0012780482647940516,16,5376,antonym,0.133928582072258,11,edge_disjoint,111,0.6487983465194702,0.6875,static_raw
0.4862460494041443,0.5022017359733582,0.6055362820625305,shuffled_diagonal,0.0013379008742049336,16,5376,attribute,0.133928582072258,11,edge_disjoint,111,0.39855697751045227,0.875,static_raw
0.45069000124931335,0.30363139510154724,0.6075636148452759,shuffled_low_rank,0.0014304949436336756,112,86016,all,0.1428571492433548,11,edge_disjoint,111,0.14898021519184113,0.3303571343421936,static_raw
0.4562273919582367,0.30363139510154724,0.6075636148452759,shuffled_low_rank,0.001416074694134295,20,86016,hypernym,0.1428571492433548,11,edge_disjoint,111,0.1904609203338623,0.4000000059604645,static_raw
0.4846654534339905,0.30363139510154724,0.6075636148452759,shuffled_low_rank,0.0013420169707387686,14,86016,instance_hypernym,0.1428571492433548,11,edge_disjoint,111,0.19220665097236633,0.4285714328289032,static_raw
0.45132187008857727,0.30363139510154724,0.6075636148452759,shuffled_low_rank,0.0014288495294749737,15,86016,member_meronym,0.1428571492433548,11,edge_disjoint,111,0.14614297449588776,0.3333333432674408,static_raw
0.48641082644462585,0.30363139510154724,0.6075636148452759,shuffled_low_rank,0.0013374718837440014,12,86016,substance_meronym,0.1428571492433548,11,edge_disjoint,111,0.22307926416397095,0.5,static_raw
0.41619351506233215,0.30363139510154724,0.6075636148452759,shuffled_low_rank,0.00152032938785851,19,86016,part_meronym,0.1428571492433548,11,edge_disjoint,111,0.03147396445274353,0.05263157933950424,static_raw
0.42288464307785034,0.30363139510154724,0.6075636148452759,shuffled_low_rank,0.001502904575318098,16,86016,antonym,0.1428571492433548,11,edge_disjoint,111,0.1873931884765625,0.375,static_raw
0.4554266333580017,0.30363139510154724,0.6075636148452759,shuffled_low_rank,0.0014181598089635372,16,86016,attribute,0.1428571492433548,11,edge_disjoint,111,0.1075175330042839,0.3125,static_raw
0.19616736471652985,0.7958470582962036,0.7958470582962036,additive,0.002093314193189144,112,0,all,0.1785714328289032,11,edge_disjoint,111,0.4509676396846771,0.5714285969734192,static_centered
0.1772134155035019,0.7958470582962036,0.7958470582962036,additive,0.0021426735911518335,20,0,hypernym,0.1785714328289032,11,edge_disjoint,111,0.46652379631996155,0.6000000238418579,static_centered
0.02022571489214897,0.7958470582962036,0.7958470582962036,additive,0.002551495563238859,14,0,instance_hypernym,0.1785714328289032,11,edge_disjoint,111,0.062256865203380585,0.0714285746216774,static_centered
0.21124960482120514,0.7958470582962036,0.7958470582962036,additive,0.002054037759080529,15,0,member_meronym,0.1785714328289032,11,edge_disjoint,111,0.4862435460090637,0.6000000238418579,static_centered
0.3439631462097168,0.7958470582962036,0.7958470582962036,additive,0.0017084293067455292,12,0,substance_meronym,0.1785714328289032,11,edge_disjoint,111,0.5450071692466736,0.5833333134651184,static_centered
0.11085882782936096,0.7958470582962036,0.7958470582962036,additive,0.0023154718801379204,19,0,part_meronym,0.1785714328289032,11,edge_disjoint,111,0.23750214278697968,0.42105263471603394,static_centered
0.3213658630847931,0.7958470582962036,0.7958470582962036,additive,0.001767276437021792,16,0,antonym,0.1785714328289032,11,edge_disjoint,111,0.7920879125595093,0.875,static_centered
0.22492766380310059,0.7958470582962036,0.7958470582962036,additive,0.0020184176973998547,16,0,attribute,0.1785714328289032,11,edge_disjoint,111,0.5804135203361511,0.8125,static_centered
0.13298535346984863,,,relation_mean,0.0022578504867851734,112,,all,,11,edge_disjoint,111,0.14606282114982605,0.3660714328289032,static_centered
0.08546297252178192,,,relation_mean,0.0023816069588065147,20,,hypernym,,11,edge_disjoint,111,0.1223028153181076,0.25,static_centered
0.3209987282752991,,,relation_mean,0.0017682326724752784,14,,instance_hypernym,,11,edge_disjoint,111,0.22463306784629822,0.6428571343421936,static_centered
0.06830500811338425,,,relation_mean,0.0024262890219688416,15,,member_meronym,,11,edge_disjoint,111,0.06293971836566925,0.20000000298023224,static_centered
0.18295146524906158,,,relation_mean,0.0021277302876114845,12,,substance_meronym,,11,edge_disjoint,111,0.239493727684021,0.6666666865348816,static_centered
0.11352667957544327,,,relation_mean,0.002308524213731289,19,,part_meronym,,11,edge_disjoint,111,0.15334229171276093,0.3684210479259491,static_centered
0.08358004689216614,,,relation_mean,0.0023865103721618652,16,,antonym,,11,edge_disjoint,111,0.12837328016757965,0.3125,static_centered
0.1235523596405983,,,relation_mean,0.0022824157495051622,16,,attribute,,11,edge_disjoint,111,0.12391376495361328,0.25,static_centered
0.23745034635066986,0.6987522840499878,0.7979195713996887,offset,0.001985806506127119,112,5376,all,0.5178571939468384,11,edge_disjoint,111,0.44838547706604004,0.7232142686843872,static_centered
0.16206268966197968,0.6987522840499878,0.7979195713996887,offset,0.0021821283735334873,20,5376,hypernym,0.5178571939468384,11,edge_disjoint,111,0.3129884600639343,0.6000000238418579,static_centered
0.31934377551078796,0.6987522840499878,0.7979195713996887,offset,0.0017725426005199552,14,5376,instance_hypernym,0.5178571939468384,11,edge_disjoint,111,0.22328588366508484,0.7142857313156128,static_centered
0.20390133559703827,0.6987522840499878,0.7979195713996887,offset,0.00207317341119051,15,5376,member_meronym,0.5178571939468384,11,edge_disjoint,111,0.4568571448326111,0.6000000238418579,static_centered
0.3636125326156616,0.6987522840499878,0.7979195713996887,offset,0.0016572591848671436,12,5376,substance_meronym,0.5178571939468384,11,edge_disjoint,111,0.6167989373207092,0.9166666865348816,static_centered
0.14739413559436798,0.6987522840499878,0.7979195713996887,offset,0.002220327965915203,19,5376,part_meronym,0.5178571939468384,11,edge_disjoint,111,0.2807133197784424,0.5789473652839661,static_centered
0.31084808707237244,0.6987522840499878,0.7979195713996887,offset,0.0017946665175259113,16,5376,antonym,0.5178571939468384,11,edge_disjoint,111,0.7504464387893677,0.9375,static_centered
0.23040266335010529,0.6987522840499878,0.7979195713996887,offset,0.0020041598472744226,16,5376,attribute,0.5178571939468384,11,edge_disjoint,111,0.577391505241394,0.8125,static_centered
0.17032155394554138,0.7491357326507568,0.9975014925003052,hrr,0.0021606211084872484,112,5376,all,0.2321428656578064,11,edge_disjoint,111,0.4483206272125244,0.6160714030265808,static_centered
0.10649131238460541,0.7491357326507568,0.9975014925003052,hrr,0.002326845657080412,20,5376,hypernym,0.2321428656578064,11,edge_disjoint,111,0.3500961363315582,0.44999998807907104,static_centered
0.018439428880810738,0.7491357326507568,0.9975014925003052,hrr,0.00255614728666842,14,5376,instance_hypernym,0.2321428656578064,11,edge_disjoint,111,0.1213061660528183,0.2857142984867096,static_centered
0.19039569795131683,0.7491357326507568,0.9975014925003052,hrr,0.0021083445753902197,15,5376,member_meronym,0.2321428656578064,11,edge_disjoint,111,0.4962751567363739,0.6000000238418579,static_centered
0.33327940106391907,0.7491357326507568,0.9975014925003052,hrr,0.001736251637339592,12,5376,substance_meronym,0.2321428656578064,11,edge_disjoint,111,0.5627195239067078,0.5833333134651184,static_centered
0.09352719783782959,0.7491357326507568,0.9975014925003052,hrr,0.0023606063332408667,19,5376,part_meronym,0.2321428656578064,11,edge_disjoint,111,0.26310107111930847,0.6842105388641357,static_centered
0.2982787489891052,0.7491357326507568,0.9975014925003052,hrr,0.0018273991299793124,16,5376,antonym,0.2321428656578064,11,edge_disjoint,111,0.785128116607666,0.875,static_centered
0.20520439743995667,0.7491357326507568,0.9975014925003052,hrr,0.0020697801373898983,16,5376,attribute,0.2321428656578064,11,edge_disjoint,111,0.6096230149269104,0.8125,static_centered
0.1737285852432251,0.7458154559135437,0.7979195713996887,diagonal,0.0021517486311495304,112,5376,all,0.267857164144516,11,edge_disjoint,111,0.4510352313518524,0.6339285969734192,static_centered
0.10481361299753189,0.7458154559135437,0.7979195713996887,diagonal,0.0023312147241085768,20,5376,hypernym,0.267857164144516,11,edge_disjoint,111,0.3527430593967438,0.6000000238418579,static_centered
0.028288843110203743,0.7458154559135437,0.7979195713996887,diagonal,0.0025304979644715786,14,5376,instance_hypernym,0.267857164144516,11,edge_disjoint,111,0.09223371744155884,0.2857142984867096,static_centered
0.1894635409116745,0.7458154559135437,0.7979195713996887,diagonal,0.002110772067680955,15,5376,member_meronym,0.267857164144516,11,edge_disjoint,111,0.5184634923934937,0.5333333611488342,static_centered
0.32724931836128235,0.7458154559135437,0.7979195713996887,diagonal,0.001751955016516149,12,5376,substance_meronym,0.267857164144516,11,edge_disjoint,111,0.5450766682624817,0.5833333134651184,static_centered
0.08632869273424149,0.7458154559135437,0.7979195713996887,diagonal,0.0023793522268533707,19,5376,part_meronym,0.267857164144516,11,edge_disjoint,111,0.2061624974012375,0.5789473652839661,static_centered
0.3025345206260681,0.7458154559135437,0.7979195713996887,diagonal,0.0018163163913413882,16,5376,antonym,0.267857164144516,11,edge_disjoint,111,0.7750229239463806,0.875,static_centered
0.23222140967845917,0.7458154559135437,0.7979195713996887,diagonal,0.0019994236063212156,16,5376,attribute,0.267857164144516,11,edge_disjoint,111,0.7209051251411438,0.9375,static_centered
0.15418951213359833,0.38353702425956726,0.7991762757301331,low_rank,0.002202631440013647,112,86016,all,0.3750000298023224,11,edge_disjoint,111,0.34643834829330444,0.5892857313156128,static_centered
0.06713122129440308,0.38353702425956726,0.7991762757301331,low_rank,0.002429346088320017,20,86016,hypernym,0.3750000298023224,11,edge_disjoint,111,0.20716974139213562,0.4000000059604645,static_centered
0.1595962941646576,0.38353702425956726,0.7991762757301331,low_rank,0.002188551239669323,14,86016,instance_hypernym,0.3750000298023224,11,edge_disjoint,111,0.2479403018951416,0.4285714328289032,static_centered
0.15886710584163666,0.38353702425956726,0.7991762757301331,low_rank,0.002190450206398964,15,86016,member_meronym,0.3750000298023224,11,edge_disjoint,111,0.4008955657482147,0.6000000238418579,static_centered
0.2723228633403778,0.38353702425956726,0.7991762757301331,low_rank,0.0018949926597997546,12,86016,substance_meronym,0.3750000298023224,11,edge_disjoint,111,0.5327380299568176,1.0,static_centered
0.1006549820303917,0.38353702425956726,0.7991762757301331,low_rank,0.002342044375836849,19,86016,part_meronym,0.3750000298023224,11,edge_disjoint,111,0.16590750217437744,0.42105263471603394,static_centered
0.19795243442058563,0.38353702425956726,0.7991762757301331,low_rank,0.0020886657293885946,16,86016,antonym,0.3750000298023224,11,edge_disjoint,111,0.5115308165550232,0.75,static_centered
0.185105562210083,0.38353702425956726,0.7991762757301331,low_rank,0.0021221209317445755,16,86016,attribute,0.3750000298023224,11,edge_disjoint,111,0.4652191698551178,0.6875,static_centered
0.16803936660289764,0.7641464471817017,1.002210021018982,shuffled_hrr,0.0021665641106665134,112,5376,all,0.1696428656578064,11,edge_disjoint,111,0.4552557170391083,0.5982142686843872,static_centered
0.14326122403144836,0.7641464471817017,1.002210021018982,shuffled_hrr,0.002231090795248747,20,5376,hypernym,0.1696428656578064,11,edge_disjoint,111,0.42719656229019165,0.6000000238418579,static_centered
0.01381189189851284,0.7641464471817017,1.002210021018982,shuffled_hrr,0.0025681983679533005,14,5376,instance_hypernym,0.1696428656578064,11,edge_disjoint,111,0.06035611405968666,0.0714285746216774,static_centered
0.18509146571159363,0.7641464471817017,1.002210021018982,shuffled_hrr,0.002122157718986273,15,5376,member_meronym,0.1696428656578064,11,edge_disjoint,111,0.5203434824943542,0.6000000238418579,static_centered
0.2971755564212799,0.7641464471817017,1.002210021018982,shuffled_hrr,0.0018302719108760357,12,5376,substance_meronym,0.1696428656578064,11,edge_disjoint,111,0.5382687449455261,0.5833333134651184,static_centered
0.10056768357753754,0.7641464471817017,1.002210021018982,shuffled_hrr,0.0023422716185450554,19,5376,part_meronym,0.1696428656578064,11,edge_disjoint,111,0.25550585985183716,0.5789473652839661,static_centered
0.28662365674972534,0.7641464471817017,1.002210021018982,shuffled_hrr,0.0018577509326860309,16,5376,antonym,0.1696428656578064,11,edge_disjoint,111,0.7962454557418823,0.875,static_centered
0.18266093730926514,0.7641464471817017,1.002210021018982,shuffled_hrr,0.0021284872200340033,16,5376,attribute,0.1696428656578064,11,edge_disjoint,111,0.6088005304336548,0.8125,static_centered
0.17050506174564362,0.7629944682121277,0.7979195713996887,shuffled_diagonal,0.002160143107175827,112,5376,all,0.1428571492433548,11,edge_disjoint,111,0.45088958740234375,0.6339285969734192,static_centered
0.1503821164369583,0.7629944682121277,0.7979195713996887,shuffled_diagonal,0.002212546532973647,20,5376,hypernym,0.1428571492433548,11,edge_disjoint,111,0.4422232508659363,0.699999988079071,static_centered
0.026587406173348427,0.7629944682121277,0.7979195713996887,shuffled_diagonal,0.0025349287316203117,14,5376,instance_hypernym,0.1428571492433548,11,edge_disjoint,111,0.08207988739013672,0.2142857164144516,static_centered
0.18362420797348022,0.7629944682121277,0.7979195713996887,shuffled_diagonal,0.0021259787026792765,15,5376,member_meronym,0.1428571492433548,11,edge_disjoint,111,0.483592689037323,0.5333333611488342,static_centered
0.2784605622291565,0.7629944682121277,0.7979195713996887,shuffled_diagonal,0.0018790090689435601,12,5376,substance_meronym,0.1428571492433548,11,edge_disjoint,111,0.518150806427002,0.5833333134651184,static_centered
0.09887789934873581,0.7629944682121277,0.7979195713996887,shuffled_diagonal,0.0023466716520488262,19,5376,part_meronym,0.1428571492433548,11,edge_disjoint,111,0.2717612087726593,0.5789473652839661,static_centered
0.28790074586868286,0.7629944682121277,0.7979195713996887,shuffled_diagonal,0.001854425179772079,16,5376,antonym,0.1428571492433548,11,edge_disjoint,111,0.7678727507591248,0.875,static_centered
0.19598254561424255,0.7629944682121277,0.7979195713996887,shuffled_diagonal,0.0020937954541295767,16,5376,attribute,0.1428571492433548,11,edge_disjoint,111,0.5990575551986694,0.875,static_centered
0.0944862812757492,0.43207433819770813,0.7990167737007141,shuffled_low_rank,0.0023581087589263916,112,86016,all,0.1785714328289032,11,edge_disjoint,111,0.20939452946186066,0.4375,static_centered
0.1280909925699234,0.43207433819770813,0.7990167737007141,shuffled_low_rank,0.002270596334710717,20,86016,hypernym,0.1785714328289032,11,edge_disjoint,111,0.2379654347896576,0.44999998807907104,static_centered
0.06798186898231506,0.43207433819770813,0.7990167737007141,shuffled_low_rank,0.0024271304719150066,14,86016,instance_hypernym,0.1785714328289032,11,edge_disjoint,111,0.10975505411624908,0.4285714328289032,static_centered
0.061504948884248734,0.43207433819770813,0.7990167737007141,shuffled_low_rank,0.0024439976550638676,15,86016,member_meronym,0.1785714328289032,11,edge_disjoint,111,0.15324042737483978,0.2666666805744171,static_centered
0.15931884944438934,0.43207433819770813,0.7990167737007141,shuffled_low_rank,0.0021892739459872246,12,86016,substance_meronym,0.1785714328289032,11,edge_disjoint,111,0.38984569907188416,0.5833333134651184,static_centered
0.01667422242462635,0.43207433819770813,0.7990167737007141,shuffled_low_rank,0.002560744062066078,19,86016,part_meronym,0.1785714328289032,11,edge_disjoint,111,0.04017395153641701,0.15789473056793213,static_centered
0.13365879654884338,0.43207433819770813,0.7990167737007141,shuffled_low_rank,0.002256097039207816,16,86016,antonym,0.1785714328289032,11,edge_disjoint,111,0.30245620012283325,0.625,static_centered
0.1111965924501419,0.43207433819770813,0.7990167737007141,shuffled_low_rank,0.0023145924787968397,16,86016,attribute,0.1785714328289032,11,edge_disjoint,111,0.2860592305660248,0.625,static_centered
0.9919637441635132,0.007997989654541016,0.007997989654541016,additive,2.0927980585838668e-05,112,0,all,0.1785714328289032,11,edge_disjoint,111,0.21668978035449982,0.3392857015132904,contextual_raw
0.9923116564750671,0.007997989654541016,0.007997989654541016,additive,2.0022063836222515e-05,20,0,hypernym,0.1785714328289032,11,edge_disjoint,111,0.19539687037467957,0.44999998807907104,contextual_raw
0.9874814748764038,0.007997989654541016,0.007997989654541016,additive,3.260074299760163e-05,14,0,instance_hypernym,0.1785714328289032,11,edge_disjoint,111,0.055738382041454315,0.1428571492433548,contextual_raw
0.9930540323257446,0.007997989654541016,0.007997989654541016,additive,1.8088758224621415e-05,15,0,member_meronym,0.1785714328289032,11,edge_disjoint,111,0.3398260176181793,0.46666666865348816,contextual_raw
0.9936123490333557,0.007997989654541016,0.007997989654541016,additive,1.6634518033242784e-05,12,0,substance_meronym,0.1785714328289032,11,edge_disjoint,111,0.43774834275245667,0.5833333134651184,contextual_raw
0.9913868308067322,0.007997989654541016,0.007997989654541016,additive,2.2430531316786073e-05,19,0,part_meronym,0.1785714328289032,11,edge_disjoint,111,0.13720229268074036,0.2631579041481018,contextual_raw
0.9941109418869019,0.007997989654541016,0.007997989654541016,additive,1.5336356227635406e-05,16,0,antonym,0.1785714328289032,11,edge_disjoint,111,0.30908119678497314,0.3125,contextual_raw
0.991730272769928,0.007997989654541016,0.007997989654541016,additive,2.1535934138228185e-05,16,0,attribute,0.1785714328289032,11,edge_disjoint,111,0.10490414500236511,0.1875,contextual_raw
0.9950863718986511,,,relation_mean,1.2795948350685649e-05,112,,all,,11,edge_disjoint,111,0.08288274705410004,0.1875,contextual_raw
0.995400607585907,,,relation_mean,1.1977700523857493e-05,20,,hypernym,,11,edge_disjoint,111,0.04775242879986763,0.20000000298023224,contextual_raw
0.9956943392753601,,,relation_mean,1.1212799108761828e-05,14,,instance_hypernym,,11,edge_disjoint,111,0.10834632813930511,0.1428571492433548,contextual_raw
0.9942313432693481,,,relation_mean,1.5022702427813783e-05,15,,member_meronym,,11,edge_disjoint,111,0.09886785596609116,0.20000000298023224,contextual_raw
0.9959494471549988,,,relation_mean,1.0548473255767021e-05,12,,substance_meronym,,11,edge_disjoint,111,0.19749023020267487,0.4166666567325592,contextual_raw
0.9951370358467102,,,relation_mean,1.2663826055359095e-05,19,,part_meronym,,11,edge_disjoint,111,0.036850493401288986,0.05263157933950424,contextual_raw
0.9939275979995728,,,relation_mean,1.5813646314200014e-05,16,,antonym,,11,edge_disjoint,111,0.05258386582136154,0.125,contextual_raw
0.9954146146774292,,,relation_mean,1.1941239790758118e-05,16,,attribute,,11,edge_disjoint,111,0.08853556960821152,0.25,contextual_raw
0.9949072003364563,0.004988395143300295,0.008018817752599716,offset,1.3262740139907692e-05,112,5376,all,0.3035714328289032,11,edge_disjoint,111,0.2174774557352066,0.3125,contextual_raw
0.9949901700019836,0.004988395143300295,0.008018817752599716,offset,1.3046623280388303e-05,20,5376,hypernym,0.3035714328289032,11,edge_disjoint,111,0.16126227378845215,0.25,contextual_raw
0.9944121241569519,0.004988395143300295,0.008018817752599716,offset,1.4551959793607239e-05,14,5376,instance_hypernym,0.3035714328289032,11,edge_disjoint,111,0.12345194071531296,0.2142857164144516,contextual_raw
0.9947692155838013,0.004988395143300295,0.008018817752599716,offset,1.3621838661492802e-05,15,5376,member_meronym,0.3035714328289032,11,edge_disjoint,111,0.35234493017196655,0.46666666865348816,contextual_raw
0.9959637522697449,0.004988395143300295,0.008018817752599716,offset,1.0511243999644648e-05,12,5376,substance_meronym,0.3035714328289032,11,edge_disjoint,111,0.46396544575691223,0.5833333134651184,contextual_raw
0.9946990013122559,0.004988395143300295,0.008018817752599716,offset,1.3804958143737167e-05,19,5376,part_meronym,0.3035714328289032,11,edge_disjoint,111,0.14884483814239502,0.21052631735801697,contextual_raw
0.9953468441963196,0.004988395143300295,0.008018817752599716,offset,1.2117746337025892e-05,16,5376,antonym,0.3035714328289032,11,edge_disjoint,111,0.23459503054618835,0.3125,contextual_raw
0.9943811297416687,0.004988395143300295,0.008018817752599716,offset,1.463290027459152e-05,16,5376,attribute,0.3035714328289032,11,edge_disjoint,111,0.12309807538986206,0.25,contextual_raw
0.9922900795936584,0.007521257270127535,1.0044234991073608,hrr,2.007805960602127e-05,112,5376,all,0.2410714328289032,11,edge_disjoint,111,0.24878184497356415,0.3571428656578064,contextual_raw
0.9920474290847778,0.007521257270127535,1.0044234991073608,hrr,2.0710098397103138e-05,20,5376,hypernym,0.2410714328289032,11,edge_disjoint,111,0.2165711224079132,0.3499999940395355,contextual_raw
0.9907201528549194,0.007521257270127535,1.0044234991073608,hrr,2.416638562863227e-05,14,5376,instance_hypernym,0.2410714328289032,11,edge_disjoint,111,0.1314813196659088,0.2142857164144516,contextual_raw
0.9922940731048584,0.007521257270127535,1.0044234991073608,hrr,2.0067818695679307e-05,15,5376,member_meronym,0.2410714328289032,11,edge_disjoint,111,0.3864209055900574,0.46666666865348816,contextual_raw
0.9940668940544128,0.007521257270127535,1.0044234991073608,hrr,1.5451172657776624e-05,12,5376,substance_meronym,0.2410714328289032,11,edge_disjoint,111,0.47011932730674744,0.5,contextual_raw
0.9915865063667297,0.007521257270127535,1.0044234991073608,hrr,2.1910484065301716e-05,19,5376,part_meronym,0.2410714328289032,11,edge_disjoint,111,0.21460728347301483,0.31578946113586426,contextual_raw
0.9939970970153809,0.007521257270127535,1.0044234991073608,hrr,1.5632756912964396e-05,16,5376,antonym,0.2410714328289032,11,edge_disjoint,111,0.2800653874874115,0.4375,contextual_raw
0.9917595386505127,0.007521257270127535,1.0044234991073608,hrr,2.1459794879774563e-05,16,5376,attribute,0.2410714328289032,11,edge_disjoint,111,0.10594235360622406,0.25,contextual_raw
0.9936569929122925,0.0065321121364831924,0.008018817752599716,diagonal,1.6518511984031647e-05,112,5376,all,0.2321428656578064,11,edge_disjoint,111,0.1829209178686142,0.3125,contextual_raw
0.9941521883010864,0.0065321121364831924,0.008018817752599716,diagonal,1.522907132311957e-05,20,5376,hypernym,0.2321428656578064,11,edge_disjoint,111,0.22254407405853271,0.3499999940395355,contextual_raw
0.9893836975097656,0.0065321121364831924,0.008018817752599716,diagonal,2.76469363598153e-05,14,5376,instance_hypernym,0.2321428656578064,11,edge_disjoint,111,0.07681192457675934,0.1428571492433548,contextual_raw
0.9945558905601501,0.0065321121364831924,0.008018817752599716,diagonal,1.4177325283526443e-05,15,5376,member_meronym,0.2321428656578064,11,edge_disjoint,111,0.2529470920562744,0.46666666865348816,contextual_raw
0.9955129623413086,0.0065321121364831924,0.008018817752599716,diagonal,1.1684980563586578e-05,12,5376,substance_meronym,0.2321428656578064,11,edge_disjoint,111,0.40217792987823486,0.5,contextual_raw
0.9944227933883667,0.0065321121364831924,0.008018817752599716,diagonal,1.4524200196319725e-05,19,5376,part_meronym,0.2321428656578064,11,edge_disjoint,111,0.12319225072860718,0.21052631735801697,contextual_raw
0.9949339032173157,0.0065321121364831924,0.008018817752599716,diagonal,1.3193250197218731e-05,16,5376,antonym,0.2321428656578064,11,edge_disjoint,111,0.18209198117256165,0.375,contextual_raw
0.9923559427261353,0.0065321121364831924,0.008018817752599716,diagonal,1.9906450688722543e-05,16,5376,attribute,0.2321428656578064,11,edge_disjoint,111,0.06790167093276978,0.1875,contextual_raw
0.9945250749588013,0.0011882055550813675,0.011579788289964199,low_rank,1.4257575458032079e-05,112,86016,all,0.3392857313156128,11,edge_disjoint,111,0.2857953608036041,0.4642857015132904,contextual_raw
0.9949248433113098,0.0011882055550813675,0.011579788289964199,low_rank,1.3216857951192651e-05,20,86016,hypernym,0.3392857313156128,11,edge_disjoint,111,0.10492658615112305,0.15000000596046448,contextual_raw
0.996062159538269,0.0011882055550813675,0.011579788289964199,low_rank,1.025517030939227e-05,14,86016,instance_hypernym,0.3392857313156128,11,edge_disjoint,111,0.33663588762283325,0.5714285969734192,contextual_raw
0.9936292767524719,0.0011882055550813675,0.011579788289964199,low_rank,1.659029112488497e-05,15,86016,member_meronym,0.3392857313156128,11,edge_disjoint,111,0.331743061542511,0.6666666865348816,contextual_raw
0.9960427284240723,0.0011882055550813675,0.011579788289964199,low_rank,1.0305803698429372e-05,12,86016,substance_meronym,0.3392857313156128,11,edge_disjoint,111,0.5984126925468445,0.75,contextual_raw
0.9924201965332031,0.0011882055550813675,0.011579788289964199,low_rank,1.9739180061151274e-05,19,86016,part_meronym,0.3392857313156128,11,edge_disjoint,111,0.1313450038433075,0.31578946113586426,contextual_raw
0.9954454898834229,0.0011882055550813675,0.011579788289964199,low_rank,1.1860748600156512e-05,16,86016,antonym,0.3392857313156128,11,edge_disjoint,111,0.3785734176635742,0.625,contextual_raw
0.9939616918563843,0.0011882055550813675,0.011579788289964199,low_rank,1.5724908735137433e-05,16,86016,attribute,0.3392857313156128,11,edge_disjoint,111,0.28048861026763916,0.375,contextual_raw
0.9917462468147278,0.00801212526857853,1.0048041343688965,shuffled_hrr,2.1494453903869726e-05,112,5376,all,0.1428571492433548,11,edge_disjoint,111,0.2205970585346222,0.3125,contextual_raw
0.9911354780197144,0.00801212526857853,1.0048041343688965,shuffled_hrr,2.3084938220563345e-05,20,5376,hypernym,0.1428571492433548,11,edge_disjoint,111,0.20616121590137482,0.30000001192092896,contextual_raw
0.9884125590324402,0.00801212526857853,1.0048041343688965,shuffled_hrr,3.0176001018844545e-05,14,5376,instance_hypernym,0.1428571492433548,11,edge_disjoint,111,0.08602415770292282,0.1428571492433548,contextual_raw
0.9924778342247009,0.00801212526857853,1.0048041343688965,shuffled_hrr,1.9589129806263372e-05,15,5376,member_meronym,0.1428571492433548,11,edge_disjoint,111,0.3240777254104614,0.46666666865348816,contextual_raw
0.9935120940208435,0.00801212526857853,1.0048041343688965,shuffled_hrr,1.689540658844635e-05,12,5376,substance_meronym,0.1428571492433548,11,edge_disjoint,111,0.3490264415740967,0.5,contextual_raw
0.9913783669471741,0.00801212526857853,1.0048041343688965,shuffled_hrr,2.24520390474936e-05,19,5376,part_meronym,0.1428571492433548,11,edge_disjoint,111,0.16444234549999237,0.2631579041481018,contextual_raw
0.9938865303993225,0.00801212526857853,1.0048041343688965,shuffled_hrr,1.5920799341984093e-05,16,5376,antonym,0.1428571492433548,11,edge_disjoint,111,0.33687570691108704,0.3125,contextual_raw
0.9917125701904297,0.00801212526857853,1.0048041343688965,shuffled_hrr,2.1582041881629266e-05,16,5376,attribute,0.1428571492433548,11,edge_disjoint,111,0.11346317082643509,0.25,contextual_raw
0.9933602213859558,0.006732546724379063,0.008018817752599716,shuffled_diagonal,1.729116411297582e-05,112,5376,all,0.0803571492433548,11,edge_disjoint,111,0.1709970235824585,0.2857142984867096,contextual_raw
0.9934104681015015,0.006732546724379063,0.008018817752599716,shuffled_diagonal,1.7160242350655608e-05,20,5376,hypernym,0.0803571492433548,11,edge_disjoint,111,0.20570731163024902,0.3499999940395355,contextual_raw
0.9888778924942017,0.006732546724379063,0.008018817752599716,shuffled_diagonal,2.8964275770704262e-05,14,5376,instance_hypernym,0.0803571492433548,11,edge_disjoint,111,0.06980609893798828,0.1428571492433548,contextual_raw
0.9945711493492126,0.006732546724379063,0.008018817752599716,shuffled_diagonal,1.4138071492197923e-05,15,5376,member_meronym,0.0803571492433548,11,edge_disjoint,111,0.26143163442611694,0.46666666865348816,contextual_raw
0.9954070448875427,0.006732546724379063,0.008018817752599716,shuffled_diagonal,1.1961135896854103e-05,12,5376,substance_meronym,0.0803571492433548,11,edge_disjoint,111,0.3042657673358917,0.5,contextual_raw
0.9941150546073914,0.006732546724379063,0.008018817752599716,shuffled_diagonal,1.5325511412811466e-05,19,5376,part_meronym,0.0803571492433548,11,edge_disjoint,111,0.12442409247159958,0.21052631735801697,contextual_raw
0.9947336912155151,0.006732546724379063,0.008018817752599716,shuffled_diagonal,1.3714713531953748e-05,16,5376,antonym,0.0803571492433548,11,edge_disjoint,111,0.19320006668567657,0.25,contextual_raw
0.9922797679901123,0.006732546724379063,0.008018817752599716,shuffled_diagonal,2.0105044313822873e-05,16,5376,attribute,0.0803571492433548,11,edge_disjoint,111,0.06451956927776337,0.125,contextual_raw
0.9941936731338501,0.0011987232137471437,0.011583135463297367,shuffled_low_rank,1.512089238531189e-05,112,86016,all,0.1517857164144516,11,edge_disjoint,111,0.1593918353319168,0.3035714328289032,contextual_raw
0.9930720329284668,0.0011987232137471437,0.011583135463297367,shuffled_low_rank,1.804175553843379e-05,20,86016,hypernym,0.1517857164144516,11,edge_disjoint,111,0.2410701960325241,0.4000000059604645,contextual_raw
0.9949279427528381,0.0011987232137471437,0.011583135463297367,shuffled_low_rank,1.3208738891989924e-05,14,86016,instance_hypernym,0.1517857164144516,11,edge_disjoint,111,0.15038146078586578,0.2142857164144516,contextual_raw
0.9934595227241516,0.0011987232137471437,0.011583135463297367,shuffled_low_rank,1.703276575426571e-05,15,86016,member_meronym,0.1517857164144516,11,edge_disjoint,111,0.09797676652669907,0.20000000298023224,contextual_raw
0.9969080090522766,0.0011987232137471437,0.011583135463297367,shuffled_low_rank,8.052367775235325e-06,12,86016,substance_meronym,0.1517857164144516,11,edge_disjoint,111,0.30998530983924866,0.6666666865348816,contextual_raw
0.9943059682846069,0.0011987232137471437,0.011583135463297367,shuffled_low_rank,1.4828486200713087e-05,19,86016,part_meronym,0.1517857164144516,11,edge_disjoint,111,0.05335498973727226,0.21052631735801697,contextual_raw
0.9934505820274353,0.0011987232137471437,0.011583135463297367,shuffled_low_rank,1.7055992429959588e-05,16,86016,antonym,0.1517857164144516,11,edge_disjoint,111,0.16411393880844116,0.1875,contextual_raw
0.9942154288291931,0.0011987232137471437,0.011583135463297367,shuffled_low_rank,1.5064099898154382e-05,16,86016,attribute,0.1517857164144516,11,edge_disjoint,111,0.131006121635437,0.3125,contextual_raw
0.24678559601306915,0.7051156759262085,0.7051156759262085,additive,0.0019614959601312876,112,0,all,0.1785714328289032,11,edge_disjoint,111,0.22520209848880768,0.3303571343421936,contextual_centered
0.20505991578102112,0.7051156759262085,0.7051156759262085,additive,0.0020701566245406866,20,0,hypernym,0.1785714328289032,11,edge_disjoint,111,0.2128789871931076,0.30000001192092896,contextual_centered
-0.09327763319015503,0.7051156759262085,0.7051156759262085,additive,0.002847077790647745,14,0,instance_hypernym,0.1785714328289032,11,edge_disjoint,111,0.04097474738955498,0.1428571492433548,contextual_centered
0.3776703178882599,0.7051156759262085,0.7051156759262085,additive,0.001620650407858193,15,0,member_meronym,0.1785714328289032,11,edge_disjoint,111,0.3359708786010742,0.4000000059604645,contextual_centered
0.4197205603122711,0.7051156759262085,0.7051156759262085,additive,0.0015111445682123303,12,0,substance_meronym,0.1785714328289032,11,edge_disjoint,111,0.4408876895904541,0.6666666865348816,contextual_centered
0.2174515724182129,0.7051156759262085,0.7051156759262085,additive,0.002037886530160904,19,0,part_meronym,0.1785714328289032,11,edge_disjoint,111,0.19592154026031494,0.21052631735801697,contextual_centered
0.45977458357810974,0.7051156759262085,0.7051156759262085,additive,0.0014068371383473277,16,0,antonym,0.1785714328289032,11,edge_disjoint,111,0.29305019974708557,0.5625,contextual_centered
0.16593767702579498,0.7051156759262085,0.7051156759262085,additive,0.0021720374934375286,16,0,attribute,0.1785714328289032,11,edge_disjoint,111,0.10311760008335114,0.125,contextual_centered
0.3017176687717438,,,relation_mean,0.0018184436485171318,112,,all,,11,edge_disjoint,111,0.10189078003168106,0.25,contextual_centered
0.16470026969909668,,,relation_mean,0.002175259869545698,20,,hypernym,,11,edge_disjoint,111,0.11726929247379303,0.25,contextual_centered
0.3799401819705963,,,relation_mean,0.0016147388378158212,14,,instance_hypernym,,11,edge_disjoint,111,0.09997164458036423,0.2857142984867096,contextual_centered
0.21746735274791718,,,relation_mean,0.002037845551967621,15,,member_meronym,,11,edge_disjoint,111,0.04080982878804207,0.13333334028720856,contextual_centered
0.500726044178009,,,relation_mean,0.0013001925544813275,12,,substance_meronym,,11,edge_disjoint,111,0.2111341804265976,0.4166666567325592,contextual_centered
0.3538418710231781,,,relation_mean,0.001682703266851604,19,,part_meronym,,11,edge_disjoint,111,0.09163637459278107,0.2631579041481018,contextual_centered
0.28154101967811584,,,relation_mean,0.0018709871219471097,16,,antonym,,11,edge_disjoint,111,0.07507318258285522,0.1875,contextual_centered
0.29255208373069763,,,relation_mean,0.00184231239836663,16,,attribute,,11,edge_disjoint,111,0.09867246448993683,0.25,contextual_centered
0.37905552983283997,0.5703549981117249,0.706951916217804,offset,0.0016170429298654199,112,5376,all,0.330357164144516,11,edge_disjoint,111,0.25438830256462097,0.3928571343421936,contextual_centered
0.27415117621421814,0.5703549981117249,0.706951916217804,offset,0.0018902311567217112,20,5376,hypernym,0.330357164144516,11,edge_disjoint,111,0.28291770815849304,0.5,contextual_centered
0.3436327874660492,0.5703549981117249,0.706951916217804,offset,0.0017092894995585084,14,5376,instance_hypernym,0.330357164144516,11,edge_disjoint,111,0.15487922728061676,0.2142857164144516,contextual_centered
0.38249436020851135,0.5703549981117249,0.706951916217804,offset,0.0016080879140645266,15,5376,member_meronym,0.330357164144516,11,edge_disjoint,111,0.1747603565454483,0.4000000059604645,contextual_centered
0.5613435506820679,0.5703549981117249,0.706951916217804,offset,0.001142334658652544,12,5376,substance_meronym,0.330357164144516,11,edge_disjoint,111,0.4847154915332794,0.5,contextual_centered
0.38412773609161377,0.5703549981117249,0.706951916217804,offset,0.0016038339817896485,19,5376,part_meronym,0.330357164144516,11,edge_disjoint,111,0.22580190002918243,0.3684210479259491,contextual_centered
0.4838181138038635,0.5703549981117249,0.706951916217804,offset,0.0013442236231639981,16,5376,antonym,0.330357164144516,11,edge_disjoint,111,0.3152231276035309,0.5625,contextual_centered
0.29045504331588745,0.5703549981117249,0.706951916217804,offset,0.001847773208282888,16,5376,attribute,0.330357164144516,11,edge_disjoint,111,0.18081426620483398,0.1875,contextual_centered
0.27360180020332336,0.656837522983551,1.001273274421692,hrr,0.001891662017442286,112,5376,all,0.2946428656578064,11,edge_disjoint,111,0.2553793489933014,0.4017857015132904,contextual_centered
0.19175319373607635,0.656837522983551,1.001273274421692,hrr,0.0021048092748969793,20,5376,hypernym,0.2946428656578064,11,edge_disjoint,111,0.22219142317771912,0.44999998807907104,contextual_centered
0.13459889590740204,0.656837522983551,1.001273274421692,hrr,0.002253648592159152,14,5376,instance_hypernym,0.2946428656578064,11,edge_disjoint,111,0.19918103516101837,0.2142857164144516,contextual_centered
0.37333518266677856,0.656837522983551,1.001273274421692,hrr,0.0016319399001076818,15,5376,member_meronym,0.2946428656578064,11,edge_disjoint,111,0.37881168723106384,0.46666666865348816,contextual_centered
0.4233817160129547,0.656837522983551,1.001273274421692,hrr,0.0015016100369393826,12,5376,substance_meronym,0.2946428656578064,11,edge_disjoint,111,0.45605412125587463,0.6666666865348816,contextual_centered
0.21426761150360107,0.656837522983551,1.001273274421692,hrr,0.0020461780950427055,19,5376,part_meronym,0.2946428656578064,11,edge_disjoint,111,0.16603422164916992,0.3684210479259491,contextual_centered
0.4571804404258728,0.656837522983551,1.001273274421692,hrr,0.001413592603057623,16,5376,antonym,0.2946428656578064,11,edge_disjoint,111,0.33293893933296204,0.5625,contextual_centered
0.17858585715293884,0.656837522983551,1.001273274421692,hrr,0.002139099407941103,16,5376,attribute,0.2946428656578064,11,edge_disjoint,111,0.10835141688585281,0.125,contextual_centered
0.2963707447052002,0.6477118134498596,0.706951916217804,diagonal,0.001832367735914886,112,5376,all,0.25,11,edge_disjoint,111,0.2999001145362854,0.4732142984867096,contextual_centered
0.19907858967781067,0.6477118134498596,0.706951916217804,diagonal,0.002085732761770487,20,5376,hypernym,0.25,11,edge_disjoint,111,0.20289656519889832,0.44999998807907104,contextual_centered
0.05869177728891373,0.6477118134498596,0.706951916217804,diagonal,0.002451323438435793,14,5376,instance_hypernym,0.25,11,edge_disjoint,111,0.04745747521519661,0.2142857164144516,contextual_centered
0.37342438101768494,0.6477118134498596,0.706951916217804,diagonal,0.0016317073022946715,15,5376,member_meronym,0.25,11,edge_disjoint,111,0.38036444783210754,0.5333333611488342,contextual_centered
0.4412256181240082,0.6477118134498596,0.706951916217804,diagonal,0.0014551414642482996,12,5376,substance_meronym,0.25,11,edge_disjoint,111,0.6196077466011047,0.6666666865348816,contextual_centered
0.25346386432647705,0.6477118134498596,0.706951916217804,diagonal,0.00194410455878824,19,5376,part_meronym,0.25,11,edge_disjoint,111,0.2190987467765808,0.3684210479259491,contextual_centered
0.47782841324806213,0.6477118134498596,0.706951916217804,diagonal,0.0013598217628896236,16,5376,antonym,0.25,11,edge_disjoint,111,0.3476477563381195,0.5625,contextual_centered
0.31457018852233887,0.6477118134498596,0.706951916217804,diagonal,0.0017849734285846353,16,5376,attribute,0.25,11,edge_disjoint,111,0.3750301003456116,0.5625,contextual_centered
0.38205623626708984,0.11024715006351471,0.7084380388259888,low_rank,0.0016092285513877869,112,86016,all,0.4017857313156128,11,edge_disjoint,111,0.2946009039878845,0.4553571343421936,contextual_centered
0.08037415891885757,0.11024715006351471,0.7084380388259888,low_rank,0.0023948592133820057,20,86016,hypernym,0.4017857313156128,11,edge_disjoint,111,0.09754724055528641,0.20000000298023224,contextual_centered
0.4670495390892029,0.11024715006351471,0.7084380388259888,low_rank,0.0013878917088732123,14,86016,instance_hypernym,0.4017857313156128,11,edge_disjoint,111,0.30712053179740906,0.5714285969734192,contextual_centered
0.4338633120059967,0.11024715006351471,0.7084380388259888,low_rank,0.0014743144856765866,15,86016,member_meronym,0.4017857313156128,11,edge_disjoint,111,0.41392847895622253,0.5333333611488342,contextual_centered
0.6617915034294128,0.11024715006351471,0.7084380388259888,low_rank,0.0008807513513602316,12,86016,substance_meronym,0.4017857313156128,11,edge_disjoint,111,0.43914496898651123,0.8333333134651184,contextual_centered
0.36298495531082153,0.11024715006351471,0.7084380388259888,low_rank,0.0016588934231549501,19,86016,part_meronym,0.4017857313156128,11,edge_disjoint,111,0.1644531488418579,0.3684210479259491,contextual_centered
0.5457284450531006,0.11024715006351471,0.7084380388259888,low_rank,0.001182998763397336,16,86016,antonym,0.4017857313156128,11,edge_disjoint,111,0.45984944701194763,0.5625,contextual_centered
0.28539377450942993,0.11024715006351471,0.7084380388259888,low_rank,0.0018609537510201335,16,86016,attribute,0.4017857313156128,11,edge_disjoint,111,0.29898756742477417,0.3125,contextual_centered
0.24131791293621063,0.684751033782959,1.0052751302719116,shuffled_hrr,0.00197573471814394,112,5376,all,0.2053571492433548,11,edge_disjoint,111,0.23313887417316437,0.3571428656578064,contextual_centered
0.18448105454444885,0.684751033782959,1.0052751302719116,shuffled_hrr,0.0021237472537904978,20,5376,hypernym,0.2053571492433548,11,edge_disjoint,111,0.24205736815929413,0.3499999940395355,contextual_centered
-0.0716385766863823,0.684751033782959,1.0052751302719116,shuffled_hrr,0.0027907255571335554,14,5376,instance_hypernym,0.2053571492433548,11,edge_disjoint,111,0.054169587790966034,0.1428571492433548,contextual_centered
0.3672977089881897,0.684751033782959,1.0052751302719116,shuffled_hrr,0.0016476622549816966,15,5376,member_meronym,0.2053571492433548,11,edge_disjoint,111,0.3272154927253723,0.46666666865348816,contextual_centered
0.39172911643981934,0.684751033782959,1.0052751302719116,shuffled_hrr,0.0015840386040508747,12,5376,substance_meronym,0.2053571492433548,11,edge_disjoint,111,0.4390946328639984,0.6666666865348816,contextual_centered
0.21026869118213654,0.684751033782959,1.0052751302719116,shuffled_hrr,0.002056591911241412,19,5376,part_meronym,0.2053571492433548,11,edge_disjoint,111,0.16479133069515228,0.2631579041481018,contextual_centered
0.45528048276901245,0.684751033782959,1.0052751302719116,shuffled_hrr,0.0014185403706505895,16,5376,antonym,0.2053571492433548,11,edge_disjoint,111,0.32978832721710205,0.5625,contextual_centered
0.1781947761774063,0.684751033782959,1.0052751302719116,shuffled_hrr,0.0021401175763458014,16,5376,attribute,0.2053571492433548,11,edge_disjoint,111,0.12043844908475876,0.125,contextual_centered
0.25535163283348083,0.6732297539710999,0.706951916217804,shuffled_diagonal,0.0019391884561628103,112,5376,all,0.133928582072258,11,edge_disjoint,111,0.24305374920368195,0.4107142984867096,contextual_centered
0.21037490665912628,0.6732297539710999,0.706951916217804,shuffled_diagonal,0.0020563153084367514,20,5376,hypernym,0.133928582072258,11,edge_disjoint,111,0.24041828513145447,0.4000000059604645,contextual_centered
-0.013290748931467533,0.6732297539710999,0.706951916217804,shuffled_diagonal,0.0026387779507786036,14,5376,instance_hypernym,0.133928582072258,11,edge_disjoint,111,0.0371520109474659,0.0714285746216774,contextual_centered
0.40167415142059326,0.6732297539710999,0.706951916217804,shuffled_diagonal,0.0015581406187266111,15,5376,member_meronym,0.133928582072258,11,edge_disjoint,111,0.4067532420158386,0.7333333492279053,contextual_centered
0.35084080696105957,0.6732297539710999,0.706951916217804,shuffled_diagonal,0.0016905186930671334,12,5376,substance_meronym,0.133928582072258,11,edge_disjoint,111,0.42628559470176697,0.6666666865348816,contextual_centered
0.1834249496459961,0.6732297539710999,0.706951916217804,shuffled_diagonal,0.002126497682183981,19,5376,part_meronym,0.133928582072258,11,edge_disjoint,111,0.19753721356391907,0.31578946113586426,contextual_centered
0.4549561142921448,0.6732297539710999,0.706951916217804,shuffled_diagonal,0.0014193853130564094,16,5376,antonym,0.133928582072258,11,edge_disjoint,111,0.327754944562912,0.5625,contextual_centered
0.22364886105060577,0.6732297539710999,0.706951916217804,shuffled_diagonal,0.0020217476412653923,16,5376,attribute,0.133928582072258,11,edge_disjoint,111,0.10496953874826431,0.1875,contextual_centered
0.26364564895629883,0.11747594177722931,0.7083600759506226,shuffled_low_rank,0.0019175896886736155,112,86016,all,0.1696428656578064,11,edge_disjoint,111,0.15909728407859802,0.3303571343421936,contextual_centered
0.17809750139713287,0.11747594177722931,0.7083600759506226,shuffled_low_rank,0.002140371361747384,20,86016,hypernym,0.1696428656578064,11,edge_disjoint,111,0.16871784627437592,0.3499999940395355,contextual_centered
0.3309323489665985,0.11747594177722931,0.7083600759506226,shuffled_low_rank,0.0017423636745661497,14,86016,instance_hypernym,0.1696428656578064,11,edge_disjoint,111,0.10186333954334259,0.2857142984867096,contextual_centered
0.15982404351234436,0.11747594177722931,0.7083600759506226,shuffled_low_rank,0.00218795845285058,15,86016,member_meronym,0.1696428656578064,11,edge_disjoint,111,0.13249120116233826,0.20000000298023224,contextual_centered
0.5093153119087219,0.11747594177722931,0.7083600759506226,shuffled_low_rank,0.0012778248637914658,12,86016,substance_meronym,0.1696428656578064,11,edge_disjoint,111,0.2974434792995453,0.5833333134651184,contextual_centered
0.10649746656417847,0.11747594177722931,0.7083600759506226,shuffled_low_rank,0.002326829591766,19,86016,part_meronym,0.1696428656578064,11,edge_disjoint,111,0.1503947377204895,0.2631579041481018,contextual_centered
0.33868643641471863,0.11747594177722931,0.7083600759506226,shuffled_low_rank,0.0017221708549186587,16,86016,antonym,0.1696428656578064,11,edge_disjoint,111,0.1452857106924057,0.375,contextual_centered
0.3363582193851471,0.11747594177722931,0.7083600759506226,shuffled_low_rank,0.0017282338812947273,16,86016,attribute,0.1696428656578064,11,edge_disjoint,111,0.14248059689998627,0.3125,contextual_centered
0.38279587030410767,0.594279408454895,0.594279408454895,additive,0.001607302576303482,116,0,all,0.1465517282485962,11,node_disjoint,107,0.3901206851005554,0.5431034564971924,static_raw
0.3033556044101715,0.594279408454895,0.594279408454895,additive,0.001814178074710071,17,0,hypernym,0.1465517282485962,11,node_disjoint,107,0.22424599528312683,0.47058823704719543,static_raw
0.24132852256298065,0.594279408454895,0.594279408454895,additive,0.001975707244127989,19,0,instance_hypernym,0.1465517282485962,11,node_disjoint,107,0.026938052847981453,0.0,static_raw
0.4600743353366852,0.594279408454895,0.594279408454895,additive,0.0014060566900298,22,0,member_meronym,0.1465517282485962,11,node_disjoint,107,0.5895663499832153,0.7272727489471436,static_raw
0.4446446895599365,0.594279408454895,0.594279408454895,additive,0.0014462379040196538,17,0,substance_meronym,0.1465517282485962,11,node_disjoint,107,0.5623542070388794,0.6470588445663452,static_raw
0.41761067509651184,0.594279408454895,0.594279408454895,additive,0.0015166387893259525,11,0,part_meronym,0.1465517282485962,11,node_disjoint,107,0.45601901412010193,0.6363636255264282,static_raw
0.4867931604385376,0.594279408454895,0.594279408454895,additive,0.0013364761834964156,12,0,antonym,0.1465517282485962,11,node_disjoint,107,0.6161946058273315,0.8333333134651184,static_raw
0.36367785930633545,0.594279408454895,0.594279408454895,additive,0.0016570891020819545,18,0,attribute,0.1465517282485962,11,node_disjoint,107,0.33272045850753784,0.6111111044883728,static_raw
0.47377797961235046,,,relation_mean,0.0013703699223697186,116,,all,,11,node_disjoint,107,0.09718424081802368,0.2586206793785095,static_raw
0.46020856499671936,,,relation_mean,0.00140570686198771,17,,hypernym,,11,node_disjoint,107,0.036294348537921906,0.05882352963089943,static_raw
0.49906691908836365,,,relation_mean,0.0013045133091509342,19,,instance_hypernym,,11,node_disjoint,107,0.19440820813179016,0.5263158082962036,static_raw
0.47083720564842224,,,relation_mean,0.0013780283043161035,22,,member_meronym,,11,node_disjoint,107,0.06459502130746841,0.1818181872367859,static_raw
0.497455358505249,,,relation_mean,0.0013087099650874734,17,,substance_meronym,,11,node_disjoint,107,0.120694100856781,0.3529411852359772,static_raw
0.4691932499408722,,,relation_mean,0.0013823091285303235,11,,part_meronym,,11,node_disjoint,107,0.03489913046360016,0.09090909361839294,static_raw
0.47261783480644226,,,relation_mean,0.0013733911328017712,12,,antonym,,11,node_disjoint,107,0.1735904961824417,0.3333333432674408,static_raw
0.4447072744369507,,,relation_mean,0.0014460748061537743,18,,attribute,,11,node_disjoint,107,0.056819185614585876,0.2222222238779068,static_raw
0.5045621395111084,0.41068145632743835,0.5958269834518433,offset,0.0012902029557153583,116,5376,all,0.4396551847457886,11,node_disjoint,107,0.324672669172287,0.5344827771186829,static_raw
0.46456727385520935,0.41068145632743835,0.5958269834518433,offset,0.0013943561352789402,17,5376,hypernym,0.4396551847457886,11,node_disjoint,107,0.10645097494125366,0.29411765933036804,static_raw
0.4883155822753906,0.41068145632743835,0.5958269834518433,offset,0.0013325116597115993,19,5376,instance_hypernym,0.4396551847457886,11,node_disjoint,107,0.1928282231092453,0.4736842215061188,static_raw
0.5311694145202637,0.41068145632743835,0.5958269834518433,offset,0.0012209132546558976,22,5376,member_meronym,0.4396551847457886,11,node_disjoint,107,0.4634360074996948,0.6818181872367859,static_raw
0.5382052659988403,0.41068145632743835,0.5958269834518433,offset,0.0012025906471535563,17,5376,substance_meronym,0.4396551847457886,11,node_disjoint,107,0.4451611638069153,0.7058823704719543,static_raw
0.5012810826301575,0.41068145632743835,0.5958269834518433,offset,0.0012987470254302025,11,5376,part_meronym,0.4396551847457886,11,node_disjoint,107,0.3439663350582123,0.4545454680919647,static_raw
0.5421730279922485,0.41068145632743835,0.5958269834518433,offset,0.001192257972434163,12,5376,antonym,0.4396551847457886,11,node_disjoint,107,0.5260806083679199,0.5833333134651184,static_raw
0.47212129831314087,0.41068145632743835,0.5958269834518433,offset,0.0013746842741966248,18,5376,attribute,0.4396551847457886,11,node_disjoint,107,0.24048317968845367,0.5,static_raw
0.37236207723617554,0.5279231071472168,1.005737066268921,hrr,0.0016344737960025668,116,5376,all,0.2586206793785095,11,node_disjoint,107,0.3901245892047882,0.5948275923728943,static_raw
0.29659512639045715,0.5279231071472168,1.005737066268921,hrr,0.0018317835638299584,17,5376,hypernym,0.2586206793785095,11,node_disjoint,107,0.26343145966529846,0.47058823704719543,static_raw
0.25795358419418335,0.5279231071472168,1.005737066268921,hrr,0.0019324126187711954,19,5376,instance_hypernym,0.2586206793785095,11,node_disjoint,107,0.11629960685968399,0.31578946113586426,static_raw
0.43555814027786255,0.5279231071472168,1.005737066268921,hrr,0.001469900831580162,22,5376,member_meronym,0.2586206793785095,11,node_disjoint,107,0.5349764227867126,0.6818181872367859,static_raw
0.4436115324497223,0.5279231071472168,1.005737066268921,hrr,0.001448928378522396,17,5376,substance_meronym,0.2586206793785095,11,node_disjoint,107,0.5768239498138428,0.7058823704719543,static_raw
0.37186887860298157,0.5279231071472168,1.005737066268921,hrr,0.0016357580898329616,11,5376,part_meronym,0.2586206793785095,11,node_disjoint,107,0.4320516288280487,0.7272727489471436,static_raw
0.46533867716789246,0.5279231071472168,1.005737066268921,hrr,0.0013923472724854946,12,5376,antonym,0.2586206793785095,11,node_disjoint,107,0.5210121273994446,0.75,static_raw
0.3584705591201782,0.5279231071472168,1.005737066268921,hrr,0.0016706496244296432,18,5376,attribute,0.2586206793785095,11,node_disjoint,107,0.3325680196285248,0.6111111044883728,static_raw
0.45299941301345825,0.46777382493019104,0.5958269834518433,diagonal,0.0014244808116927743,116,5376,all,0.27586206793785095,11,node_disjoint,107,0.33528998494148254,0.47413793206214905,static_raw
0.410764217376709,0.46777382493019104,0.5958269834518433,diagonal,0.0015344683779403567,17,5376,hypernym,0.27586206793785095,11,node_disjoint,107,0.10827946662902832,0.29411765933036804,static_raw
0.4014149606227875,0.46777382493019104,0.5958269834518433,diagonal,0.0015588154783472419,19,5376,instance_hypernym,0.27586206793785095,11,node_disjoint,107,0.07182884216308594,0.15789473056793213,static_raw
0.4854472279548645,0.46777382493019104,0.5958269834518433,diagonal,0.0013399813324213028,22,5376,member_meronym,0.27586206793785095,11,node_disjoint,107,0.5163424015045166,0.6363636255264282,static_raw
0.4929433763027191,0.46777382493019104,0.5958269834518433,diagonal,0.0013204599963501096,17,5376,substance_meronym,0.27586206793785095,11,node_disjoint,107,0.4876898527145386,0.6470588445663452,static_raw
0.4420885741710663,0.46777382493019104,0.5958269834518433,diagonal,0.001452894415706396,11,5376,part_meronym,0.27586206793785095,11,node_disjoint,107,0.38127413392066956,0.3636363744735718,static_raw
0.5197942852973938,0.46777382493019104,0.5958269834518433,diagonal,0.0012505357153713703,12,5376,antonym,0.27586206793785095,11,node_disjoint,107,0.5160561800003052,0.6666666865348816,static_raw
0.43209293484687805,0.46777382493019104,0.5958269834518433,diagonal,0.0014789245324209332,18,5376,attribute,0.27586206793785095,11,node_disjoint,107,0.3139551281929016,0.5555555820465088,static_raw
0.45582833886146545,0.17192794382572174,0.5980309844017029,low_rank,0.0014171135844662786,116,86016,all,0.32758620381355286,11,node_disjoint,107,0.27075913548469543,0.47413793206214905,static_raw
0.4229695200920105,0.17192794382572174,0.5980309844017029,low_rank,0.0015026836190372705,17,86016,hypernym,0.32758620381355286,11,node_disjoint,107,0.10244808346033096,0.23529411852359772,static_raw
0.46206364035606384,0.17192794382572174,0.5980309844017029,low_rank,0.0014008760917931795,19,86016,instance_hypernym,0.32758620381355286,11,node_disjoint,107,0.22498413920402527,0.5263158082962036,static_raw
0.4553193747997284,0.17192794382572174,0.5980309844017029,low_rank,0.0014184392057359219,22,86016,member_meronym,0.32758620381355286,11,node_disjoint,107,0.27007508277893066,0.5,static_raw
0.46814343333244324,0.17192794382572174,0.5980309844017029,low_rank,0.0013850430259481072,17,86016,substance_meronym,0.32758620381355286,11,node_disjoint,107,0.32015126943588257,0.5882353186607361,static_raw
0.45185720920562744,0.17192794382572174,0.5980309844017029,low_rank,0.0014274551067501307,11,86016,part_meronym,0.32758620381355286,11,node_disjoint,107,0.18311730027198792,0.27272728085517883,static_raw
0.5014165043830872,0.17192794382572174,0.5980309844017029,low_rank,0.0012983946362510324,12,86016,antonym,0.32758620381355286,11,node_disjoint,107,0.5412471294403076,0.5833333134651184,static_raw
0.44130587577819824,0.17192794382572174,0.5980309844017029,low_rank,0.001454932731576264,18,86016,attribute,0.32758620381355286,11,node_disjoint,107,0.3054591715335846,0.5555555820465088,static_raw
0.36782029271125793,0.5407266020774841,1.0039150714874268,shuffled_hrr,0.0016463013598695397,116,5376,all,0.11206896603107452,11,node_disjoint,107,0.3625818192958832,0.517241358757019,static_raw
0.2980988323688507,0.5407266020774841,1.0039150714874268,shuffled_hrr,0.0018278677016496658,17,5376,hypernym,0.11206896603107452,11,node_disjoint,107,0.17624932527542114,0.4117647111415863,static_raw
0.2615671157836914,0.5407266020774841,1.0039150714874268,shuffled_hrr,0.001923002302646637,19,5376,instance_hypernym,0.11206896603107452,11,node_disjoint,107,0.037598296999931335,0.05263157933950424,static_raw
0.4304838180541992,0.5407266020774841,1.0039150714874268,shuffled_hrr,0.0014831152511760592,22,5376,member_meronym,0.11206896603107452,11,node_disjoint,107,0.5519219636917114,0.7272727489471436,static_raw
0.42661771178245544,0.5407266020774841,1.0039150714874268,shuffled_hrr,0.0014931830810382962,17,5376,substance_meronym,0.11206896603107452,11,node_disjoint,107,0.5215111374855042,0.7058823704719543,static_raw
0.3980533480644226,0.5407266020774841,1.0039150714874268,shuffled_hrr,0.00156756944488734,11,5376,part_meronym,0.11206896603107452,11,node_disjoint,107,0.4160507321357727,0.5454545617103577,static_raw
0.4586254060268402,0.5407266020774841,1.0039150714874268,shuffled_hrr,0.001409829594194889,12,5376,antonym,0.11206896603107452,11,node_disjoint,107,0.5725216865539551,0.6666666865348816,static_raw
0.3346921503543854,0.5407266020774841,1.0039150714874268,shuffled_hrr,0.0017325724475085735,18,5376,attribute,0.11206896603107452,11,node_disjoint,107,0.32744935154914856,0.5555555820465088,static_raw
0.44952455163002014,0.4777754545211792,0.5958269834518433,shuffled_diagonal,0.0014335298910737038,116,5376,all,0.1982758641242981,11,node_disjoint,107,0.3289499282836914,0.42241379618644714,static_raw
0.400643527507782,0.4777754545211792,0.5958269834518433,shuffled_diagonal,0.0015608243411406875,17,5376,hypernym,0.1982758641242981,11,node_disjoint,107,0.1694999635219574,0.23529411852359772,static_raw
0.3833233714103699,0.4777754545211792,0.5958269834518433,shuffled_diagonal,0.0016059288755059242,19,5376,instance_hypernym,0.1982758641242981,11,node_disjoint,107,0.038031887263059616,0.05263157933950424,static_raw
0.4912683367729187,0.4777754545211792,0.5958269834518433,shuffled_diagonal,0.0013248221948742867,22,5376,member_meronym,0.1982758641242981,11,node_disjoint,107,0.5145121216773987,0.6818181872367859,static_raw
0.4875410199165344,0.4777754545211792,0.5958269834518433,shuffled_diagonal,0.0013345286715775728,17,5376,substance_meronym,0.1982758641242981,11,node_disjoint,107,0.4763423800468445,0.529411792755127,static_raw
0.4657004177570343,0.4777754545211792,0.5958269834518433,shuffled_diagonal,0.001391405239701271,11,5376,part_meronym,0.1982758641242981,11,node_disjoint,107,0.408812016248703,0.4545454680919647,static_raw
0.5110742449760437,0.4777754545211792,0.5958269834518433,shuffled_diagonal,0.0012732440372928977,12,5376,antonym,0.1982758641242981,11,node_disjoint,107,0.5023046731948853,0.5833333134651184,static_raw
0.4277259111404419,0.4777754545211792,0.5958269834518433,shuffled_diagonal,0.0014902971452102065,18,5376,attribute,0.1982758641242981,11,node_disjoint,107,0.2562451660633087,0.4444444477558136,static_raw
0.445486456155777,0.20248883962631226,0.5983728766441345,shuffled_low_rank,0.0014440456870943308,116,86016,all,0.10344827175140381,11,node_disjoint,107,0.1579200178384781,0.27586206793785095,static_raw
0.4230335056781769,0.20248883962631226,0.5983728766441345,shuffled_low_rank,0.0015025167958810925,17,86016,hypernym,0.10344827175140381,11,node_disjoint,107,0.051730431616306305,0.05882352963089943,static_raw
0.45252615213394165,0.20248883962631226,0.5983728766441345,shuffled_low_rank,0.001425713300704956,19,86016,instance_hypernym,0.10344827175140381,11,node_disjoint,107,0.09442754089832306,0.31578946113586426,static_raw
0.47015857696533203,0.20248883962631226,0.5983728766441345,shuffled_low_rank,0.0013797953724861145,22,86016,member_meronym,0.10344827175140381,11,node_disjoint,107,0.23610879480838776,0.40909090638160706,static_raw
0.4572575092315674,0.20248883962631226,0.5983728766441345,shuffled_low_rank,0.0014133917866274714,17,86016,substance_meronym,0.10344827175140381,11,node_disjoint,107,0.19152235984802246,0.23529411852359772,static_raw
0.4219679534435272,0.20248883962631226,0.5983728766441345,shuffled_low_rank,0.0015052917879074812,11,86016,part_meronym,0.10344827175140381,11,node_disjoint,107,0.13315945863723755,0.1818181872367859,static_raw
0.4551732540130615,0.20248883962631226,0.5983728766441345,shuffled_low_rank,0.001418819883838296,12,86016,antonym,0.10344827175140381,11,node_disjoint,107,0.3608676493167877,0.5,static_raw
0.42590391635894775,0.20248883962631226,0.5983728766441345,shuffled_low_rank,0.0014950418844819069,18,86016,attribute,0.10344827175140381,11,node_disjoint,107,0.07776343077421188,0.2222222238779068,static_raw
0.19278940558433533,0.7878089547157288,0.7878089547157288,additive,0.0021021110005676746,116,0,all,0.1465517282485962,11,node_disjoint,107,0.39695948362350464,0.5948275923728943,static_centered
0.09267912060022354,0.7878089547157288,0.7878089547157288,additive,0.0023628149647265673,17,0,hypernym,0.1465517282485962,11,node_disjoint,107,0.30564233660697937,0.5882353186607361,static_centered
-0.015679679811000824,0.7878089547157288,0.7878089547157288,additive,0.002644999185577035,19,0,instance_hypernym,0.1465517282485962,11,node_disjoint,107,0.019106635823845863,0.0,static_centered
0.2915365695953369,0.7878089547157288,0.7878089547157288,additive,0.0018449568888172507,22,0,member_meronym,0.1465517282485962,11,node_disjoint,107,0.5598593354225159,0.7272727489471436,static_centered
0.267100989818573,0.7878089547157288,0.7878089547157288,additive,0.0019085912499576807,17,0,substance_meronym,0.1465517282485962,11,node_disjoint,107,0.5689797401428223,0.7058823704719543,static_centered
0.24667592346668243,0.7878089547157288,0.7878089547157288,additive,0.001961781643331051,11,0,part_meronym,0.1465517282485962,11,node_disjoint,107,0.4431619644165039,0.7272727489471436,static_centered
0.33293747901916504,0.7878089547157288,0.7878089547157288,additive,0.001737142214551568,12,0,antonym,0.1465517282485962,11,node_disjoint,107,0.6425300240516663,0.9166666865348816,static_centered
0.19015194475650787,0.7878089547157288,0.7878089547157288,additive,0.002108979504555464,18,0,attribute,0.1465517282485962,11,node_disjoint,107,0.32853618264198303,0.6666666865348816,static_centered
0.09327847510576248,,,relation_mean,0.0023612540680915117,116,,all,,11,node_disjoint,107,0.12503936886787415,0.3103448152542114,static_centered
0.06256765127182007,,,relation_mean,0.0024412304628640413,17,,hypernym,,11,node_disjoint,107,0.10715430229902267,0.3529411852359772,static_centered
0.19145458936691284,,,relation_mean,0.0021055869292467833,19,,instance_hypernym,,11,node_disjoint,107,0.22733964025974274,0.4736842215061188,static_centered
0.042945101857185364,,,relation_mean,0.002492330502718687,22,,member_meronym,,11,node_disjoint,107,0.053971532732248306,0.13636364042758942,static_centered
0.1404769867658615,,,relation_mean,0.0022383411414921284,17,,substance_meronym,,11,node_disjoint,107,0.15882079303264618,0.4117647111415863,static_centered
0.0618429072201252,,,relation_mean,0.0024431173224002123,11,,part_meronym,,11,node_disjoint,107,0.06470876187086105,0.1818181872367859,static_centered
0.09242083877325058,,,relation_mean,0.0023634873796254396,12,,antonym,,11,node_disjoint,107,0.2096545547246933,0.5,static_centered
0.05537736415863037,,,relation_mean,0.0024599547032266855,18,,attribute,,11,node_disjoint,107,0.06936181336641312,0.1666666716337204,static_centered
0.2014436572790146,0.6394887566566467,0.7898605465888977,offset,0.0020795739255845547,116,5376,all,0.4655172526836395,11,node_disjoint,107,0.38892218470573425,0.6034482717514038,static_centered
0.09409213066101074,0.6394887566566467,0.7898605465888977,offset,0.002359135076403618,17,5376,hypernym,0.4655172526836395,11,node_disjoint,107,0.162959486246109,0.47058823704719543,static_centered
0.18544884026050568,0.6394887566566467,0.7898605465888977,offset,0.0021212268620729446,19,5376,instance_hypernym,0.4655172526836395,11,node_disjoint,107,0.22546477615833282,0.4736842215061188,static_centered
0.24791254103183746,0.6394887566566467,0.7898605465888977,offset,0.0019585611298680305,22,5376,member_meronym,0.4655172526836395,11,node_disjoint,107,0.5457404851913452,0.6818181872367859,static_centered
0.27019524574279785,0.6394887566566467,0.7898605465888977,offset,0.001900533214211464,17,5376,substance_meronym,0.4655172526836395,11,node_disjoint,107,0.6027654409408569,0.7058823704719543,static_centered
0.1412350833415985,0.6394887566566467,0.7898605465888977,offset,0.0022363667376339436,11,5376,part_meronym,0.4655172526836395,11,node_disjoint,107,0.2886134088039398,0.5454545617103577,static_centered
0.30528175830841064,0.6394887566566467,0.7898605465888977,offset,0.0018091622041538358,12,5376,antonym,0.4655172526836395,11,node_disjoint,107,0.5575857162475586,0.8333333134651184,static_centered
0.16555604338645935,0.6394887566566467,0.7898605465888977,offset,0.0021730309817939997,18,5376,attribute,0.4655172526836395,11,node_disjoint,107,0.33009758591651917,0.5555555820465088,static_centered
0.149417445063591,0.6947511434555054,0.9974353909492493,hrr,0.0022150587756186724,116,5376,all,0.16379310190677643,11,node_disjoint,107,0.3560516834259033,0.5258620977401733,static_centered
0.04850488528609276,0.6947511434555054,0.9974353909492493,hrr,0.002477851929143071,17,5376,hypernym,0.16379310190677643,11,node_disjoint,107,0.21302364766597748,0.47058823704719543,static_centered
-0.0013681873679161072,0.6947511434555054,0.9974353909492493,hrr,0.0026077295187860727,19,5376,instance_hypernym,0.16379310190677643,11,node_disjoint,107,0.04893595725297928,0.05263157933950424,static_centered
0.2224702388048172,0.6947511434555054,0.9974353909492493,hrr,0.0020248170476406813,22,5376,member_meronym,0.16379310190677643,11,node_disjoint,107,0.48703470826148987,0.6363636255264282,static_centered
0.24007679522037506,0.6947511434555054,0.9974353909492493,hrr,0.0019789666403084993,17,5376,substance_meronym,0.16379310190677643,11,node_disjoint,107,0.5246363878250122,0.7058823704719543,static_centered
0.12369875609874725,0.6947511434555054,0.9974353909492493,hrr,0.002282034605741501,11,5376,part_meronym,0.16379310190677643,11,node_disjoint,107,0.3769269287586212,0.5454545617103577,static_centered
0.2776808738708496,0.6947511434555054,0.9974353909492493,hrr,0.0018810393521562219,12,5376,antonym,0.16379310190677643,11,node_disjoint,107,0.5810554623603821,0.75,static_centered
0.15918491780757904,0.6947511434555054,0.9974353909492493,hrr,0.0021896224934607744,18,5376,attribute,0.16379310190677643,11,node_disjoint,107,0.33324262499809265,0.6111111044883728,static_centered
0.15048475563526154,0.6899392604827881,0.7898605465888977,diagonal,0.002212279476225376,116,5376,all,0.18965516984462738,11,node_disjoint,107,0.3551748991012573,0.4913793206214905,static_centered
0.04687964916229248,0.6899392604827881,0.7898605465888977,diagonal,0.0024820840917527676,17,5376,hypernym,0.18965516984462738,11,node_disjoint,107,0.09929092228412628,0.3529411852359772,static_centered
-0.004149903543293476,0.6899392604827881,0.7898605465888977,diagonal,0.002614974044263363,19,5376,instance_hypernym,0.18965516984462738,11,node_disjoint,107,0.026880517601966858,0.0,static_centered
0.22389964759349823,0.6899392604827881,0.7898605465888977,diagonal,0.002021094784140587,22,5376,member_meronym,0.18965516984462738,11,node_disjoint,107,0.5726757645606995,0.6363636255264282,static_centered
0.23788009583950043,0.6899392604827881,0.7898605465888977,diagonal,0.001984687289223075,17,5376,substance_meronym,0.18965516984462738,11,node_disjoint,107,0.5063596963882446,0.7058823704719543,static_centered
0.12151699513196945,0.6899392604827881,0.7898605465888977,diagonal,0.0022877161391079426,11,5376,part_meronym,0.18965516984462738,11,node_disjoint,107,0.38914254307746887,0.3636363744735718,static_centered
0.29175591468811035,0.6899392604827881,0.7898605465888977,diagonal,0.0018443858716636896,12,5376,antonym,0.18965516984462738,11,node_disjoint,107,0.6242243647575378,0.8333333134651184,static_centered
0.16281184554100037,0.6899392604827881,0.7898605465888977,diagonal,0.0021801774855703115,18,5376,attribute,0.18965516984462738,11,node_disjoint,107,0.33463147282600403,0.6111111044883728,static_centered
0.1122392788529396,0.23767824470996857,0.7911249399185181,low_rank,0.0023118769749999046,116,86016,all,0.24137930572032928,11,node_disjoint,107,0.28140848875045776,0.4655172526836395,static_centered
0.04982582852244377,0.23767824470996857,0.7911249399185181,low_rank,0.0024744116235524416,17,86016,hypernym,0.24137930572032928,11,node_disjoint,107,0.12617827951908112,0.23529411852359772,static_centered
0.045529063791036606,0.23767824470996857,0.7911249399185181,low_rank,0.0024856014642864466,19,86016,instance_hypernym,0.24137930572032928,11,node_disjoint,107,0.10460776835680008,0.31578946113586426,static_centered
0.1077498272061348,0.23767824470996857,0.7911249399185181,low_rank,0.0023235681001096964,22,86016,member_meronym,0.24137930572032928,11,node_disjoint,107,0.29701900482177734,0.40909090638160706,static_centered
0.14564432203769684,0.23767824470996857,0.7911249399185181,low_rank,0.002224884694442153,17,86016,substance_meronym,0.24137930572032928,11,node_disjoint,107,0.3882344663143158,0.6470588445663452,static_centered
0.09660334140062332,0.23767824470996857,0.7911249399185181,low_rank,0.002352595329284668,11,86016,part_meronym,0.24137930572032928,11,node_disjoint,107,0.26994580030441284,0.5454545617103577,static_centered
0.23751632869243622,0.23767824470996857,0.7911249399185181,low_rank,0.0019856346771121025,12,86016,antonym,0.24137930572032928,11,node_disjoint,107,0.5612069964408875,0.75,static_centered
0.1415768265724182,0.23767824470996857,0.7911249399185181,low_rank,0.002235477091744542,18,86016,attribute,0.24137930572032928,11,node_disjoint,107,0.315139502286911,0.5,static_centered
0.13964307308197021,0.712934672832489,0.9976352453231812,shuffled_hrr,0.0022405129857361317,116,5376,all,0.17241379618644714,11,node_disjoint,107,0.37050336599349976,0.5517241358757019,static_centered
0.045178525149822235,0.712934672832489,0.9976352453231812,shuffled_hrr,0.0024865141604095697,17,5376,hypernym,0.17241379618644714,11,node_disjoint,107,0.21524828672409058,0.3529411852359772,static_centered
-0.00016473449068143964,0.712934672832489,0.9976352453231812,shuffled_hrr,0.0026045956183224916,19,5376,instance_hypernym,0.17241379618644714,11,node_disjoint,107,0.03363869711756706,0.15789473056793213,static_centered
0.21907034516334534,0.712934672832489,0.9976352453231812,shuffled_hrr,0.002033670898526907,22,5376,member_meronym,0.17241379618644714,11,node_disjoint,107,0.5397557616233826,0.6818181872367859,static_centered
0.20907607674598694,0.712934672832489,0.9976352453231812,shuffled_hrr,0.002059697639197111,17,5376,substance_meronym,0.17241379618644714,11,node_disjoint,107,0.5280115604400635,0.6470588445663452,static_centered
0.1998768448829651,0.712934672832489,0.9976352453231812,shuffled_hrr,0.002083654049783945,11,5376,part_meronym,0.17241379618644714,11,node_disjoint,107,0.4327300786972046,0.6363636255264282,static_centered
0.2575449049472809,0.712934672832489,0.9976352453231812,shuffled_hrr,0.0019334765383973718,12,5376,antonym,0.17241379618644714,11,node_disjoint,107,0.6182540059089661,0.8333333134651184,static_centered
0.09837041795253754,0.712934672832489,0.9976352453231812,shuffled_hrr,0.002347993664443493,18,5376,attribute,0.17241379618644714,11,node_disjoint,107,0.3138962388038635,0.6666666865348816,static_centered
0.14280258119106293,0.7049267292022705,0.7898605465888977,shuffled_diagonal,0.0022322849836200476,116,5376,all,0.23275862634181976,11,node_disjoint,107,0.38689303398132324,0.5344827771186829,static_centered
0.047262322157621384,0.7049267292022705,0.7898605465888977,shuffled_diagonal,0.0024810878094285727,17,5376,hypernym,0.23275862634181976,11,node_disjoint,107,0.2248021364212036,0.47058823704719543,static_centered
-0.004782591946423054,0.7049267292022705,0.7898605465888977,shuffled_diagonal,0.002616621321067214,19,5376,instance_hypernym,0.23275862634181976,11,node_disjoint,107,0.02533642202615738,0.0,static_centered
0.2290942221879959,0.7049267292022705,0.7898605465888977,shuffled_diagonal,0.002007567323744297,22,5376,member_meronym,0.23275862634181976,11,node_disjoint,107,0.6524621844291687,0.7272727489471436,static_centered
0.20952799916267395,0.7049267292022705,0.7898605465888977,shuffled_diagonal,0.0020585209131240845,17,5376,substance_meronym,0.23275862634181976,11,node_disjoint,107,0.5155103802680969,0.5882353186607361,static_centered
0.20504474639892578,0.7049267292022705,0.7898605465888977,shuffled_diagonal,0.002070195972919464,11,5376,part_meronym,0.23275862634181976,11,node_disjoint,107,0.470933735370636,0.6363636255264282,static_centered
0.2574874460697174,0.7049267292022705,0.7898605465888977,shuffled_diagonal,0.0019336265977472067,12,5376,antonym,0.23275862634181976,11,node_disjoint,107,0.6159952282905579,0.8333333134651184,static_centered
0.10583998262882233,0.7049267292022705,0.7898605465888977,shuffled_diagonal,0.0023285418283194304,18,5376,attribute,0.23275862634181976,11,node_disjoint,107,0.27147266268730164,0.6111111044883728,static_centered
0.08020149916410446,0.27810001373291016,0.7911778688430786,shuffled_low_rank,0.0023953085765242577,116,86016,all,0.13793103396892548,11,node_disjoint,107,0.20158737897872925,0.32758620381355286,static_centered
0.05808621272444725,0.27810001373291016,0.7911778688430786,shuffled_low_rank,0.0024529006332159042,17,86016,hypernym,0.13793103396892548,11,node_disjoint,107,0.09894382208585739,0.23529411852359772,static_centered
-0.017609599977731705,0.27810001373291016,0.7911778688430786,shuffled_low_rank,0.0026500250678509474,19,86016,instance_hypernym,0.13793103396892548,11,node_disjoint,107,0.035159479826688766,0.10526315867900848,static_centered
0.1190379336476326,0.27810001373291016,0.7911778688430786,shuffled_low_rank,0.0022941718343645334,22,86016,member_meronym,0.13793103396892548,11,node_disjoint,107,0.3365856409072876,0.4545454680919647,static_centered
0.12315971404314041,0.27810001373291016,0.7911778688430786,shuffled_low_rank,0.00228343834169209,17,86016,substance_meronym,0.13793103396892548,11,node_disjoint,107,0.23579537868499756,0.4117647111415863,static_centered
0.062103234231472015,0.27810001373291016,0.7911778688430786,shuffled_low_rank,0.0024424393195658922,11,86016,part_meronym,0.13793103396892548,11,node_disjoint,107,0.15615934133529663,0.27272728085517883,static_centered
0.1630827933549881,0.27810001373291016,0.7911778688430786,shuffled_low_rank,0.0021794720087200403,12,86016,antonym,0.13793103396892548,11,node_disjoint,107,0.40595725178718567,0.5833333134651184,static_centered
0.07210064679384232,0.27810001373291016,0.7911778688430786,shuffled_low_rank,0.002416404662653804,18,86016,attribute,0.13793103396892548,11,node_disjoint,107,0.16841202974319458,0.2777777910232544,static_centered
0.9924749135971069,0.008213460445404053,0.008213460445404053,additive,1.95968896150589e-05,116,0,all,0.1465517282485962,11,node_disjoint,107,0.2179950624704361,0.4482758641242981,contextual_raw
0.9942803978919983,0.008213460445404053,0.008213460445404053,additive,1.489495116402395e-05,17,0,hypernym,0.1465517282485962,11,node_disjoint,107,0.21819961071014404,0.6470588445663452,contextual_raw
0.9888879060745239,0.008213460445404053,0.008213460445404053,additive,2.893806049542036e-05,19,0,instance_hypernym,0.1465517282485962,11,node_disjoint,107,0.10467351227998734,0.31578946113586426,contextual_raw
0.9921008944511414,0.008213460445404053,0.008213460445404053,additive,2.0570802007569e-05,22,0,member_meronym,0.1465517282485962,11,node_disjoint,107,0.27191150188446045,0.4545454680919647,contextual_raw
0.9929428100585938,0.008213460445404053,0.008213460445404053,additive,1.8378310414846055e-05,17,0,substance_meronym,0.1465517282485962,11,node_disjoint,107,0.2236526608467102,0.4117647111415863,contextual_raw
0.9933814406394958,0.008213460445404053,0.008213460445404053,additive,1.7236177882296033e-05,11,0,part_meronym,0.1465517282485962,11,node_disjoint,107,0.3363836109638214,0.5454545617103577,contextual_raw
0.9948947429656982,0.008213460445404053,0.008213460445404053,additive,1.329514998360537e-05,12,0,antonym,0.1465517282485962,11,node_disjoint,107,0.41272953152656555,0.6666666865348816,contextual_raw
0.9924038648605347,0.008213460445404053,0.008213460445404053,additive,1.9781846276600845e-05,18,0,attribute,0.1465517282485962,11,node_disjoint,107,0.06400621682405472,0.2222222238779068,contextual_raw
0.9948778748512268,,,relation_mean,1.3339099496079143e-05,116,,all,,11,node_disjoint,107,0.05815768241882324,0.13793103396892548,contextual_raw
0.9966559410095215,,,relation_mean,8.708335371920839e-06,17,,hypernym,,11,node_disjoint,107,0.055312879383563995,0.1764705926179886,contextual_raw
0.9946495890617371,,,relation_mean,1.3934060007159133e-05,19,,instance_hypernym,,11,node_disjoint,107,0.03753773495554924,0.0,contextual_raw
0.9942575097084045,,,relation_mean,1.4954814105294645e-05,22,,member_meronym,,11,node_disjoint,107,0.03722093999385834,0.09090909361839294,contextual_raw
0.9942128658294678,,,relation_mean,1.5070915651449468e-05,17,,substance_meronym,,11,node_disjoint,107,0.0910802036523819,0.11764705926179886,contextual_raw
0.9940647482872009,,,relation_mean,1.5456154869752936e-05,11,,part_meronym,,11,node_disjoint,107,0.06054474040865898,0.1818181872367859,contextual_raw
0.9951438903808594,,,relation_mean,1.2646502000279725e-05,12,,antonym,,11,node_disjoint,107,0.06688256561756134,0.25,contextual_raw
0.9951454997062683,,,relation_mean,1.2642187357414514e-05,18,,attribute,,11,node_disjoint,107,0.06983044743537903,0.2222222238779068,contextual_raw
0.9949184060096741,0.004759215749800205,0.008234850130975246,offset,1.3233597201178782e-05,116,5376,all,0.27586206793785095,11,node_disjoint,107,0.20376764237880707,0.37068966031074524,contextual_raw
0.9963313937187195,0.004759215749800205,0.008234850130975246,offset,9.553663403494284e-06,17,5376,hypernym,0.27586206793785095,11,node_disjoint,107,0.25818848609924316,0.4117647111415863,contextual_raw
0.9942786693572998,0.004759215749800205,0.008234850130975246,offset,1.4899625057296362e-05,19,5376,instance_hypernym,0.27586206793785095,11,node_disjoint,107,0.139358252286911,0.21052631735801697,contextual_raw
0.9944667816162109,0.004759215749800205,0.008234850130975246,offset,1.4409581126528792e-05,22,5376,member_meronym,0.27586206793785095,11,node_disjoint,107,0.26344606280326843,0.40909090638160706,contextual_raw
0.9944993257522583,0.004759215749800205,0.008234850130975246,offset,1.4324946278065909e-05,17,5376,substance_meronym,0.27586206793785095,11,node_disjoint,107,0.15709179639816284,0.4117647111415863,contextual_raw
0.994781494140625,0.004759215749800205,0.008234850130975246,offset,1.3590373782790266e-05,11,5376,part_meronym,0.27586206793785095,11,node_disjoint,107,0.21841202676296234,0.4545454680919647,contextual_raw
0.9959399104118347,0.004759215749800205,0.008234850130975246,offset,1.0573365216259845e-05,12,5376,antonym,0.27586206793785095,11,node_disjoint,107,0.33050188422203064,0.5833333134651184,contextual_raw
0.994609534740448,0.004759215749800205,0.008234850130975246,offset,1.4037931578059215e-05,18,5376,attribute,0.27586206793785095,11,node_disjoint,107,0.09806159883737564,0.2222222238779068,contextual_raw
0.9926732182502747,0.007000748533755541,1.0032072067260742,hrr,1.9080407582805492e-05,116,5376,all,0.31896552443504333,11,node_disjoint,107,0.25220736861228943,0.4137931168079376,contextual_raw
0.9940626621246338,0.007000748533755541,1.0032072067260742,hrr,1.5461904695257545e-05,17,5376,hypernym,0.31896552443504333,11,node_disjoint,107,0.20076455175876617,0.6470588445663452,contextual_raw
0.9913486838340759,0.007000748533755541,1.0032072067260742,hrr,2.252987542306073e-05,19,5376,instance_hypernym,0.31896552443504333,11,node_disjoint,107,0.16705480217933655,0.21052631735801697,contextual_raw
0.992155134677887,0.007000748533755541,1.0032072067260742,hrr,2.042919550149236e-05,22,5376,member_meronym,0.31896552443504333,11,node_disjoint,107,0.2677684426307678,0.4545454680919647,contextual_raw
0.9926194548606873,0.007000748533755541,1.0032072067260742,hrr,1.9220300600863993e-05,17,5376,substance_meronym,0.31896552443504333,11,node_disjoint,107,0.3237079679965973,0.3529411852359772,contextual_raw
0.9932899475097656,0.007000748533755541,1.0032072067260742,hrr,1.7474292690167204e-05,11,5376,part_meronym,0.31896552443504333,11,node_disjoint,107,0.42589786648750305,0.4545454680919647,contextual_raw
0.9947051405906677,0.007000748533755541,1.0032072067260742,hrr,1.3789063814328983e-05,12,5376,antonym,0.31896552443504333,11,node_disjoint,107,0.3885537087917328,0.6666666865348816,contextual_raw
0.9917113780975342,0.007000748533755541,1.0032072067260742,hrr,2.1585212380159646e-05,18,5376,attribute,0.31896552443504333,11,node_disjoint,107,0.10708649456501007,0.2222222238779068,contextual_raw
0.9934426546096802,0.006367652676999569,0.008234850130975246,diagonal,1.7076738004107028e-05,116,5376,all,0.2844827473163605,11,node_disjoint,107,0.18273890018463135,0.36206895112991333,contextual_raw
0.9954027533531189,0.006367652676999569,0.008234850130975246,diagonal,1.1972139873250853e-05,17,5376,hypernym,0.2844827473163605,11,node_disjoint,107,0.2230694442987442,0.5882353186607361,contextual_raw
0.9905813932418823,0.006367652676999569,0.008234850130975246,diagonal,2.452811531838961e-05,19,5376,instance_hypernym,0.2844827473163605,11,node_disjoint,107,0.13296689093112946,0.3684210479259491,contextual_raw
0.9935917258262634,0.006367652676999569,0.008234850130975246,diagonal,1.6688218238414265e-05,22,5376,member_meronym,0.2844827473163605,11,node_disjoint,107,0.18106676638126373,0.40909090638160706,contextual_raw
0.9933658838272095,0.006367652676999569,0.008234850130975246,diagonal,1.7276452126679942e-05,17,5376,substance_meronym,0.2844827473163605,11,node_disjoint,107,0.16578206419944763,0.23529411852359772,contextual_raw
0.9939189553260803,0.006367652676999569,0.008234850130975246,diagonal,1.583641096658539e-05,11,5376,part_meronym,0.2844827473163605,11,node_disjoint,107,0.2599225342273712,0.3636363744735718,contextual_raw
0.9958522915840149,0.006367652676999569,0.008234850130975246,diagonal,1.0801548341987655e-05,12,5376,antonym,0.2844827473163605,11,node_disjoint,107,0.2863118052482605,0.5,contextual_raw
0.9926042556762695,0.006367652676999569,0.008234850130975246,diagonal,1.9260078261140734e-05,18,5376,attribute,0.2844827473163605,11,node_disjoint,107,0.09902804344892502,0.1111111119389534,contextual_raw
0.9937511682510376,0.0007451457786373794,0.01179582066833973,low_rank,1.6273270375677384e-05,116,86016,all,0.3362068831920624,11,node_disjoint,107,0.21914461255073547,0.38793104887008667,contextual_raw
0.993581235408783,0.0007451457786373794,0.01179582066833973,low_rank,1.6715523088350892e-05,17,86016,hypernym,0.3362068831920624,11,node_disjoint,107,0.16213205456733704,0.529411792755127,contextual_raw
0.994677722454071,0.0007451457786373794,0.01179582066833973,low_rank,1.3860368198947981e-05,19,86016,instance_hypernym,0.3362068831920624,11,node_disjoint,107,0.06880786269903183,0.15789473056793213,contextual_raw
0.9926893711090088,0.0007451457786373794,0.01179582066833973,low_rank,1.9038394384551793e-05,22,86016,member_meronym,0.3362068831920624,11,node_disjoint,107,0.2711150348186493,0.40909090638160706,contextual_raw
0.9937820434570312,0.0007451457786373794,0.01179582066833973,low_rank,1.619305112399161e-05,17,86016,substance_meronym,0.3362068831920624,11,node_disjoint,107,0.2874954640865326,0.47058823704719543,contextual_raw
0.9940553903579712,0.0007451457786373794,0.01179582066833973,low_rank,1.548096042824909e-05,11,86016,part_meronym,0.3362068831920624,11,node_disjoint,107,0.23048225045204163,0.3636363744735718,contextual_raw
0.9945108294487,0.0007451457786373794,0.01179582066833973,low_rank,1.4294918400992174e-05,12,86016,antonym,0.3362068831920624,11,node_disjoint,107,0.40479469299316406,0.6666666865348816,contextual_raw
0.9935097098350525,0.0007451457786373794,0.01179582066833973,low_rank,1.690178942226339e-05,18,86016,attribute,0.3362068831920624,11,node_disjoint,107,0.1729103922843933,0.2222222238779068,contextual_raw
0.9919267892837524,0.007848442532122135,1.0047156810760498,shuffled_hrr,2.1024194211349823e-05,116,5376,all,0.08620689809322357,11,node_disjoint,107,0.2111133635044098,0.3534482717514038,contextual_raw
0.9936037659645081,0.007848442532122135,1.0047156810760498,shuffled_hrr,1.6657100786687806e-05,17,5376,hypernym,0.08620689809322357,11,node_disjoint,107,0.14984090626239777,0.3529411852359772,contextual_raw
0.9869821667671204,0.007848442532122135,1.0047156810760498,shuffled_hrr,3.3900869311764836e-05,19,5376,instance_hypernym,0.08620689809322357,11,node_disjoint,107,0.10885710269212723,0.2631579041481018,contextual_raw
0.9921772480010986,0.007848442532122135,1.0047156810760498,shuffled_hrr,2.037172089330852e-05,22,5376,member_meronym,0.08620689809322357,11,node_disjoint,107,0.2564052641391754,0.4545454680919647,contextual_raw
0.992598831653595,0.007848442532122135,1.0047156810760498,shuffled_hrr,1.927403536683414e-05,17,5376,substance_meronym,0.08620689809322357,11,node_disjoint,107,0.22959943115711212,0.29411765933036804,contextual_raw
0.9931272864341736,0.007848442532122135,1.0047156810760498,shuffled_hrr,1.789769703464117e-05,11,5376,part_meronym,0.08620689809322357,11,node_disjoint,107,0.3638531565666199,0.4545454680919647,contextual_raw
0.994496762752533,0.007848442532122135,1.0047156810760498,shuffled_hrr,1.4331661077449098e-05,12,5376,antonym,0.08620689809322357,11,node_disjoint,107,0.36984118819236755,0.5833333134651184,contextual_raw
0.9921743869781494,0.007848442532122135,1.0047156810760498,shuffled_hrr,2.0379351553856395e-05,18,5376,attribute,0.08620689809322357,11,node_disjoint,107,0.10494351387023926,0.1666666716337204,contextual_raw
0.9933854937553406,0.006637289188802242,0.008234850130975246,shuffled_diagonal,1.7225482224603184e-05,116,5376,all,0.1551724076271057,11,node_disjoint,107,0.15823623538017273,0.3362068831920624,contextual_raw
0.9953528046607971,0.006637289188802242,0.008234850130975246,shuffled_diagonal,1.2102084838261362e-05,17,5376,hypernym,0.1551724076271057,11,node_disjoint,107,0.20484980940818787,0.47058823704719543,contextual_raw
0.9905517101287842,0.006637289188802242,0.008234850130975246,shuffled_diagonal,2.460506402712781e-05,19,5376,instance_hypernym,0.1551724076271057,11,node_disjoint,107,0.10690183192491531,0.2631579041481018,contextual_raw
0.9935662746429443,0.006637289188802242,0.008234850130975246,shuffled_diagonal,1.6754702301113866e-05,22,5376,member_meronym,0.1551724076271057,11,node_disjoint,107,0.192521870136261,0.40909090638160706,contextual_raw
0.9934201836585999,0.006637289188802242,0.008234850130975246,shuffled_diagonal,1.7135080270236358e-05,17,5376,substance_meronym,0.1551724076271057,11,node_disjoint,107,0.1744280904531479,0.23529411852359772,contextual_raw
0.9938552379608154,0.006637289188802242,0.008234850130975246,shuffled_diagonal,1.600208634044975e-05,11,5376,part_meronym,0.1551724076271057,11,node_disjoint,107,0.20232152938842773,0.3636363744735718,contextual_raw
0.9956769943237305,0.006637289188802242,0.008234850130975246,shuffled_diagonal,1.1257837286393624e-05,12,5376,antonym,0.1551724076271057,11,node_disjoint,107,0.19414710998535156,0.5,contextual_raw
0.9924500584602356,0.006637289188802242,0.008234850130975246,shuffled_diagonal,1.9661531041492708e-05,18,5376,attribute,0.1551724076271057,11,node_disjoint,107,0.060320138931274414,0.1666666716337204,contextual_raw
0.9928780794143677,0.0009102622861973941,0.011807294562458992,shuffled_low_rank,1.854692709457595e-05,116,86016,all,0.16379310190677643,11,node_disjoint,107,0.21415486931800842,0.37068966031074524,contextual_raw
0.9950594902038574,0.0009102622861973941,0.011807294562458992,shuffled_low_rank,1.2865776625403669e-05,17,86016,hypernym,0.16379310190677643,11,node_disjoint,107,0.22662204504013062,0.47058823704719543,contextual_raw
0.9885456562042236,0.0009102622861973941,0.011807294562458992,shuffled_low_rank,2.982913065352477e-05,19,86016,instance_hypernym,0.16379310190677643,11,node_disjoint,107,0.07896360754966736,0.2631579041481018,contextual_raw
0.9925088882446289,0.0009102622861973941,0.011807294562458992,shuffled_low_rank,1.9508324839989655e-05,22,86016,member_meronym,0.16379310190677643,11,node_disjoint,107,0.21064691245555878,0.3181818127632141,contextual_raw
0.9934740662574768,0.0009102622861973941,0.011807294562458992,shuffled_low_rank,1.6994699763017707e-05,17,86016,substance_meronym,0.16379310190677643,11,node_disjoint,107,0.23105277121067047,0.3529411852359772,contextual_raw
0.9933386445045471,0.0009102622861973941,0.011807294562458992,shuffled_low_rank,1.734772013151087e-05,11,86016,part_meronym,0.16379310190677643,11,node_disjoint,107,0.3311808109283447,0.4545454680919647,contextual_raw
0.9950714707374573,0.0009102622861973941,0.011807294562458992,shuffled_low_rank,1.283521305595059e-05,12,86016,antonym,0.16379310190677643,11,node_disjoint,107,0.35282889008522034,0.5833333134651184,contextual_raw
0.9935353398323059,0.0009102622861973941,0.011807294562458992,shuffled_low_rank,1.6835065252962522e-05,18,86016,attribute,0.16379310190677643,11,node_disjoint,107,0.16944527626037598,0.2777777910232544,contextual_raw
0.2904920279979706,0.7164490818977356,0.7164490818977356,additive,0.0018476771656423807,116,0,all,0.1465517282485962,11,node_disjoint,107,0.22685746848583221,0.37068966031074524,contextual_centered
0.2900615930557251,0.7164490818977356,0.7164490818977356,additive,0.0018487981287762523,17,0,hypernym,0.1465517282485962,11,node_disjoint,107,0.1646008938550949,0.4117647111415863,contextual_centered
0.13121192157268524,0.7164490818977356,0.7164490818977356,additive,0.0022624689154326916,19,0,instance_hypernym,0.1465517282485962,11,node_disjoint,107,0.09117595851421356,0.15789473056793213,contextual_centered
0.31688547134399414,0.7164490818977356,0.7164490818977356,additive,0.0017789440462365746,22,0,member_meronym,0.1465517282485962,11,node_disjoint,107,0.22945569455623627,0.40909090638160706,contextual_centered
0.42385604977607727,0.7164490818977356,0.7164490818977356,additive,0.0015003751032054424,17,0,substance_meronym,0.1465517282485962,11,node_disjoint,107,0.28665152192115784,0.47058823704719543,contextual_centered
0.4211229085922241,0.7164490818977356,0.7164490818977356,additive,0.0015074927359819412,11,0,part_meronym,0.1465517282485962,11,node_disjoint,107,0.4437195062637329,0.5454545617103577,contextual_centered
0.4768869876861572,0.7164490818977356,0.7164490818977356,additive,0.0013622734695672989,12,0,antonym,0.1465517282485962,11,node_disjoint,107,0.4593172073364258,0.5833333134651184,contextual_centered
0.09672076255083084,0.7164490818977356,0.7164490818977356,additive,0.002352289855480194,18,0,attribute,0.1465517282485962,11,node_disjoint,107,0.08172687888145447,0.1666666716337204,contextual_centered
0.26692840456962585,,,relation_mean,0.0019090407295152545,116,,all,,11,node_disjoint,107,0.09818508476018906,0.2586206793785095,contextual_centered
0.21776920557022095,,,relation_mean,0.002037059748545289,17,,hypernym,,11,node_disjoint,107,0.09657756984233856,0.3529411852359772,contextual_centered
0.31877854466438293,,,relation_mean,0.0017740140901878476,19,,instance_hypernym,,11,node_disjoint,107,0.11564047634601593,0.2631579041481018,contextual_centered
0.22748789191246033,,,relation_mean,0.002011750126257539,22,,member_meronym,,11,node_disjoint,107,0.05666850507259369,0.22727273404598236,contextual_centered
0.4375811219215393,,,relation_mean,0.0014646324561908841,17,,substance_meronym,,11,node_disjoint,107,0.16717128455638885,0.3529411852359772,contextual_centered
0.2495962679386139,,,relation_mean,0.001954176463186741,11,,part_meronym,,11,node_disjoint,107,0.0669303610920906,0.1818181872367859,contextual_centered
0.282555490732193,,,relation_mean,0.001868345309048891,12,,antonym,,11,node_disjoint,107,0.14183591306209564,0.25,contextual_centered
0.14583265781402588,,,relation_mean,0.0022243941202759743,18,,attribute,,11,node_disjoint,107,0.05686654523015022,0.1666666716337204,contextual_centered
0.34578195214271545,0.517230212688446,0.7183148264884949,offset,0.0017036929493770003,116,5376,all,0.32758620381355286,11,node_disjoint,107,0.2053283452987671,0.3965517282485962,contextual_centered
0.33352792263031006,0.517230212688446,0.7183148264884949,offset,0.0017356043681502342,17,5376,hypernym,0.32758620381355286,11,node_disjoint,107,0.24644167721271515,0.529411792755127,contextual_centered
0.32921651005744934,0.517230212688446,0.7183148264884949,offset,0.001746832043863833,19,5376,instance_hypernym,0.32758620381355286,11,node_disjoint,107,0.1760941743850708,0.3684210479259491,contextual_centered
0.3487992584705353,0.517230212688446,0.7183148264884949,offset,0.0016958354972302914,22,5376,member_meronym,0.32758620381355286,11,node_disjoint,107,0.25213193893432617,0.3181818127632141,contextual_centered
0.48054835200309753,0.517230212688446,0.7183148264884949,offset,0.0013527387054637074,17,5376,substance_meronym,0.32758620381355286,11,node_disjoint,107,0.22904130816459656,0.47058823704719543,contextual_centered
0.37239542603492737,0.517230212688446,0.7183148264884949,offset,0.0016343870665878057,11,5376,part_meronym,0.32758620381355286,11,node_disjoint,107,0.16623403131961823,0.4545454680919647,contextual_centered
0.4678889214992523,0.517230212688446,0.7183148264884949,offset,0.001385705778375268,12,5376,antonym,0.32758620381355286,11,node_disjoint,107,0.34455323219299316,0.6666666865348816,contextual_centered
0.14620505273342133,0.517230212688446,0.7183148264884949,offset,0.002223424380645156,18,5376,attribute,0.32758620381355286,11,node_disjoint,107,0.04883192107081413,0.1111111119389534,contextual_centered
0.26407963037490845,0.6185221076011658,0.9985494613647461,hrr,0.001916459179483354,116,5376,all,0.21551723778247833,11,node_disjoint,107,0.24308830499649048,0.4396551847457886,contextual_centered
0.22165948152542114,0.6185221076011658,0.9985494613647461,hrr,0.0020269283559173346,17,5376,hypernym,0.21551723778247833,11,node_disjoint,107,0.14219734072685242,0.47058823704719543,contextual_centered
0.13972929120063782,0.6185221076011658,0.9985494613647461,hrr,0.002240288071334362,19,5376,instance_hypernym,0.21551723778247833,11,node_disjoint,107,0.09307947009801865,0.3684210479259491,contextual_centered
0.24970769882202148,0.6185221076011658,0.9985494613647461,hrr,0.001953886356204748,22,5376,member_meronym,0.21551723778247833,11,node_disjoint,107,0.2770400047302246,0.40909090638160706,contextual_centered
0.4232341945171356,0.6185221076011658,0.9985494613647461,hrr,0.001501994440332055,17,5376,substance_meronym,0.21551723778247833,11,node_disjoint,107,0.3489723801612854,0.529411792755127,contextual_centered
0.36124885082244873,0.6185221076011658,0.9985494613647461,hrr,0.0016634147614240646,11,5376,part_meronym,0.21551723778247833,11,node_disjoint,107,0.4426135718822479,0.5454545617103577,contextual_centered
0.4637435972690582,0.6185221076011658,0.9985494613647461,hrr,0.0013965012039989233,12,5376,antonym,0.21551723778247833,11,node_disjoint,107,0.47407767176628113,0.6666666865348816,contextual_centered
0.11016438156366348,0.6185221076011658,0.9985494613647461,hrr,0.0023172800429165363,18,5376,attribute,0.21551723778247833,11,node_disjoint,107,0.07929369062185287,0.2222222238779068,contextual_centered
0.28390881419181824,0.6084871292114258,0.7183148264884949,diagonal,0.0018648208351805806,116,5376,all,0.25,11,node_disjoint,107,0.2536344826221466,0.42241379618644714,contextual_centered
0.24051326513290405,0.6084871292114258,0.7183148264884949,diagonal,0.001977830193936825,17,5376,hypernym,0.25,11,node_disjoint,107,0.24935239553451538,0.529411792755127,contextual_centered
0.05088815093040466,0.6084871292114258,0.7183148264884949,diagonal,0.00247164536267519,19,5376,instance_hypernym,0.25,11,node_disjoint,107,0.04630866274237633,0.10526315867900848,contextual_centered
0.2987433075904846,0.6084871292114258,0.7183148264884949,diagonal,0.0018261891091242433,22,5376,member_meronym,0.25,11,node_disjoint,107,0.20437555015087128,0.40909090638160706,contextual_centered
0.4436141550540924,0.6084871292114258,0.7183148264884949,diagonal,0.0014489215100184083,17,5376,substance_meronym,0.25,11,node_disjoint,107,0.3022482991218567,0.47058823704719543,contextual_centered
0.3904135525226593,0.6084871292114258,0.7183148264884949,diagonal,0.001587464939802885,11,5376,part_meronym,0.25,11,node_disjoint,107,0.3546563386917114,0.5454545617103577,contextual_centered
0.46727001667022705,0.6084871292114258,0.7183148264884949,diagonal,0.0013873177813366055,12,5376,antonym,0.25,11,node_disjoint,107,0.5304381251335144,0.6666666865348816,contextual_centered
0.21456880867481232,0.6084871292114258,0.7183148264884949,diagonal,0.0020453936886042356,18,5376,attribute,0.25,11,node_disjoint,107,0.24454371631145477,0.3888888955116272,contextual_centered
0.33231300115585327,0.06008555740118027,0.7200180888175964,low_rank,0.0017387681873515248,116,86016,all,0.26724138855934143,11,node_disjoint,107,0.20065152645111084,0.38793104887008667,contextual_centered
0.20485976338386536,0.06008555740118027,0.7200180888175964,low_rank,0.002070677699521184,17,86016,hypernym,0.26724138855934143,11,node_disjoint,107,0.08554010093212128,0.29411765933036804,contextual_centered
0.3221608102321625,0.06008555740118027,0.7200180888175964,low_rank,0.0017652063397690654,19,86016,instance_hypernym,0.26724138855934143,11,node_disjoint,107,0.10347975790500641,0.42105263471603394,contextual_centered
0.28741729259490967,0.06008555740118027,0.7200180888175964,low_rank,0.0018556840950623155,22,86016,member_meronym,0.26724138855934143,11,node_disjoint,107,0.1866554170846939,0.22727273404598236,contextual_centered
0.5859466791152954,0.06008555740118027,0.7200180888175964,low_rank,0.0010782638564705849,17,86016,substance_meronym,0.26724138855934143,11,node_disjoint,107,0.41716468334198,0.7058823704719543,contextual_centered
0.23072554171085358,0.06008555740118027,0.7200180888175964,low_rank,0.0020033190958201885,11,86016,part_meronym,0.26724138855934143,11,node_disjoint,107,0.04813266918063164,0.1818181872367859,contextual_centered
0.38439539074897766,0.06008555740118027,0.7200180888175964,low_rank,0.0016031368868425488,12,86016,antonym,0.26724138855934143,11,node_disjoint,107,0.22438310086727142,0.3333333432674408,contextual_centered
0.3060910403728485,0.06008555740118027,0.7200180888175964,low_rank,0.0018070547375828028,18,86016,attribute,0.26724138855934143,11,node_disjoint,107,0.30194464325904846,0.5,contextual_centered
0.2449306845664978,0.6656903624534607,0.9992870688438416,shuffled_hrr,0.0019663264974951744,116,5376,all,0.17241379618644714,11,node_disjoint,107,0.22234748303890228,0.37931033968925476,contextual_centered
0.22628211975097656,0.6656903624534607,0.9992870688438416,shuffled_hrr,0.002014890545979142,17,5376,hypernym,0.17241379618644714,11,node_disjoint,107,0.1563064455986023,0.4117647111415863,contextual_centered
0.14205338060855865,0.6656903624534607,0.9992870688438416,shuffled_hrr,0.002234236104413867,19,5376,instance_hypernym,0.17241379618644714,11,node_disjoint,107,0.10532210767269135,0.21052631735801697,contextual_centered
0.2405932992696762,0.6656903624534607,0.9992870688438416,shuffled_hrr,0.001977621577680111,22,5376,member_meronym,0.17241379618644714,11,node_disjoint,107,0.203145369887352,0.3636363744735718,contextual_centered
0.4001500606536865,0.6656903624534607,0.9992870688438416,shuffled_hrr,0.0015621093334630132,17,5376,substance_meronym,0.17241379618644714,11,node_disjoint,107,0.27968376874923706,0.529411792755127,contextual_centered
0.38112547993659973,0.6656903624534607,0.9992870688438416,shuffled_hrr,0.0016116524348035455,11,5376,part_meronym,0.17241379618644714,11,node_disjoint,107,0.442088782787323,0.5454545617103577,contextual_centered
0.3458000421524048,0.6656903624534607,0.9992870688438416,shuffled_hrr,0.0017036455683410168,12,5376,antonym,0.17241379618644714,11,node_disjoint,107,0.4097917377948761,0.5,contextual_centered
0.07936465740203857,0.6656903624534607,0.9992870688438416,shuffled_hrr,0.002397487871348858,18,5376,attribute,0.17241379618644714,11,node_disjoint,107,0.11831549555063248,0.2222222238779068,contextual_centered
0.21588706970214844,0.647854208946228,0.7183148264884949,shuffled_diagonal,0.002041960833594203,116,5376,all,0.1465517282485962,11,node_disjoint,107,0.1913057416677475,0.3534482717514038,contextual_centered
0.2561809718608856,0.647854208946228,0.7183148264884949,shuffled_diagonal,0.0019370289519429207,17,5376,hypernym,0.1465517282485962,11,node_disjoint,107,0.16243533790111542,0.47058823704719543,contextual_centered
0.12348759919404984,0.647854208946228,0.7183148264884949,shuffled_diagonal,0.002282584086060524,19,5376,instance_hypernym,0.1465517282485962,11,node_disjoint,107,0.1044425442814827,0.15789473056793213,contextual_centered
0.10608885437250137,0.647854208946228,0.7183148264884949,shuffled_diagonal,0.002327893627807498,22,5376,member_meronym,0.1465517282485962,11,node_disjoint,107,0.05867442116141319,0.1818181872367859,contextual_centered
0.4345664978027344,0.647854208946228,0.7183148264884949,shuffled_diagonal,0.001472483272664249,17,5376,substance_meronym,0.1465517282485962,11,node_disjoint,107,0.2965679168701172,0.5882353186607361,contextual_centered
0.2954966723918915,0.647854208946228,0.7183148264884949,shuffled_diagonal,0.0018346441211178899,11,5376,part_meronym,0.1465517282485962,11,node_disjoint,107,0.24574699997901917,0.5454545617103577,contextual_centered
0.2270526885986328,0.647854208946228,0.7183148264884949,shuffled_diagonal,0.002012883545830846,12,5376,antonym,0.1465517282485962,11,node_disjoint,107,0.35975292325019836,0.3333333432674408,contextual_centered
0.14693757891654968,0.647854208946228,0.7183148264884949,shuffled_diagonal,0.0022215167991816998,18,5376,attribute,0.1465517282485962,11,node_disjoint,107,0.2273840308189392,0.3333333432674408,contextual_centered
0.1934593915939331,0.07102304697036743,0.7194478511810303,shuffled_low_rank,0.0021003661677241325,116,86016,all,0.12931033968925476,11,node_disjoint,107,0.1239810585975647,0.2586206793785095,contextual_centered
0.24225400388240814,0.07102304697036743,0.7194478511810303,shuffled_low_rank,0.001973296981304884,17,86016,hypernym,0.12931033968925476,11,node_disjoint,107,0.04331767559051514,0.05882352963089943,contextual_centered
0.16274493932724,0.07102304697036743,0.7194478511810303,shuffled_low_rank,0.0021803518757224083,19,86016,instance_hypernym,0.12931033968925476,11,node_disjoint,107,0.06906607002019882,0.31578946113586426,contextual_centered
-0.12093963474035263,0.07102304697036743,0.7194478511810303,shuffled_low_rank,0.002919113729149103,22,86016,member_meronym,0.12931033968925476,11,node_disjoint,107,0.026424266397953033,0.04545454680919647,contextual_centered
0.40465426445007324,0.07102304697036743,0.7194478511810303,shuffled_low_rank,0.0015503797912970185,17,86016,substance_meronym,0.12931033968925476,11,node_disjoint,107,0.18614985048770905,0.3529411852359772,contextual_centered
0.2274920791387558,0.07102304697036743,0.7194478511810303,shuffled_low_rank,0.0020117396488785744,11,86016,part_meronym,0.12931033968925476,11,node_disjoint,107,0.1492791324853897,0.1818181872367859,contextual_centered
0.3352271020412445,0.07102304697036743,0.7194478511810303,shuffled_low_rank,0.0017311794217675924,12,86016,antonym,0.12931033968925476,11,node_disjoint,107,0.29053014516830444,0.5833333134651184,contextual_centered
0.24929039180278778,0.07102304697036743,0.7194478511810303,shuffled_low_rank,0.0019549729768186808,18,86016,attribute,0.12931033968925476,11,node_disjoint,107,0.19215744733810425,0.3888888955116272,contextual_centered
0.38588353991508484,0.6038577556610107,0.6038577556610107,additive,0.0015992616536095738,112,0,all,0.125,22,edge_disjoint,109,0.3931269645690918,0.5714285969734192,static_raw
0.33566203713417053,0.6038577556610107,0.6038577556610107,additive,0.0017300468171015382,14,0,hypernym,0.125,22,edge_disjoint,109,0.2706753611564636,0.6428571343421936,static_raw
0.27498388290405273,0.6038577556610107,0.6038577556610107,additive,0.0018880629213526845,20,0,instance_hypernym,0.125,22,edge_disjoint,109,0.06740604341030121,0.20000000298023224,static_raw
0.3789709210395813,0.6038577556610107,0.6038577556610107,additive,0.0016172631876543164,17,0,member_meronym,0.125,22,edge_disjoint,109,0.4379206895828247,0.5882353186607361,static_raw
0.4972721338272095,0.6038577556610107,0.6038577556610107,additive,0.0013091872679069638,12,0,substance_meronym,0.125,22,edge_disjoint,109,0.48413512110710144,0.5833333134651184,static_raw
0.3667544722557068,0.6038577556610107,0.6038577556610107,additive,0.0016490770503878593,17,0,part_meronym,0.125,22,edge_disjoint,109,0.34353071451187134,0.4117647111415863,static_raw
0.42488613724708557,0.6038577556610107,0.6038577556610107,additive,0.0014976923121139407,19,0,antonym,0.125,22,edge_disjoint,109,0.5090572237968445,0.7894737124443054,static_raw
0.48481351137161255,0.6038577556610107,0.6038577556610107,additive,0.0013416316360235214,13,0,attribute,0.125,22,edge_disjoint,109,0.7789433002471924,0.9230769276618958,static_raw
0.5041821002960205,,,relation_mean,0.0012911924859508872,112,,all,,22,edge_disjoint,109,0.1398160606622696,0.2767857015132904,static_raw
0.498717725276947,,,relation_mean,0.0013054227456450462,14,,hypernym,,22,edge_disjoint,109,0.14617860317230225,0.2142857164144516,static_raw
0.5536962747573853,,,relation_mean,0.0011622491292655468,20,,instance_hypernym,,22,edge_disjoint,109,0.21341881155967712,0.44999998807907104,static_raw
0.4763396680355072,,,relation_mean,0.0013636986259371042,17,,member_meronym,,22,edge_disjoint,109,0.10159878432750702,0.11764705926179886,static_raw
0.5468869805335999,,,relation_mean,0.0011799817439168692,12,,substance_meronym,,22,edge_disjoint,109,0.22705423831939697,0.5833333134651184,static_raw
0.4770227372646332,,,relation_mean,0.0013619201490655541,17,,part_meronym,,22,edge_disjoint,109,0.06304799765348434,0.11764705926179886,static_raw
0.47831761837005615,,,relation_mean,0.0013585480628535151,19,,antonym,,22,edge_disjoint,109,0.10048753023147583,0.21052631735801697,static_raw
0.5041987299919128,,,relation_mean,0.0012911492958664894,13,,attribute,,22,edge_disjoint,109,0.1470472812652588,0.3076923191547394,static_raw
0.5306078791618347,0.44101613759994507,0.6054303050041199,offset,0.0012223755475133657,112,5376,all,0.5089285969734192,22,edge_disjoint,109,0.3555005192756653,0.5535714030265808,static_raw
0.5069230794906616,0.44101613759994507,0.6054303050041199,offset,0.0012840544804930687,14,5376,hypernym,0.5089285969734192,22,edge_disjoint,109,0.2083698809146881,0.4285714328289032,static_raw
0.545966625213623,0.44101613759994507,0.6054303050041199,offset,0.0011823788518086076,20,5376,instance_hypernym,0.5089285969734192,22,edge_disjoint,109,0.21781077980995178,0.44999998807907104,static_raw
0.5041614770889282,0.44101613759994507,0.6054303050041199,offset,0.0012912461534142494,17,5376,member_meronym,0.5089285969734192,22,edge_disjoint,109,0.31940245628356934,0.47058823704719543,static_raw
0.5989582538604736,0.44101613759994507,0.6054303050041199,offset,0.0010443796636536717,12,5376,substance_meronym,0.5089285969734192,22,edge_disjoint,109,0.5329942107200623,0.75,static_raw
0.49703294038772583,0.44101613759994507,0.6054303050041199,offset,0.001309809973463416,17,5376,part_meronym,0.5089285969734192,22,edge_disjoint,109,0.2248155027627945,0.3529411852359772,static_raw
0.5211129188537598,0.44101613759994507,0.6054303050041199,offset,0.001247101929038763,19,5376,antonym,0.5089285969734192,22,edge_disjoint,109,0.4967876374721527,0.6842105388641357,static_raw
0.5617595314979553,0.44101613759994507,0.6054303050041199,offset,0.0011412514140829444,13,5376,attribute,0.5089285969734192,22,edge_disjoint,109,0.573543131351471,0.8461538553237915,static_raw
0.39680442214012146,0.5602481365203857,1.0082935094833374,hrr,0.001570821856148541,112,5376,all,0.3839285969734192,22,edge_disjoint,109,0.41548529267311096,0.5625,static_raw
0.3448968231678009,0.5602481365203857,1.0082935094833374,hrr,0.0017059979727491736,14,5376,hypernym,0.3839285969734192,22,edge_disjoint,109,0.25508275628089905,0.5714285969734192,static_raw
0.3117343783378601,0.5602481365203857,1.0082935094833374,hrr,0.0017923584673553705,20,5376,instance_hypernym,0.3839285969734192,22,edge_disjoint,109,0.20527887344360352,0.3499999940395355,static_raw
0.3883499503135681,0.5602481365203857,1.0082935094833374,hrr,0.0015928385546430945,17,5376,member_meronym,0.3839285969734192,22,edge_disjoint,109,0.42945587635040283,0.47058823704719543,static_raw
0.5074760317802429,0.5602481365203857,1.0082935094833374,hrr,0.0012826144229620695,12,5376,substance_meronym,0.3839285969734192,22,edge_disjoint,109,0.499151349067688,0.5833333134651184,static_raw
0.3741627335548401,0.5602481365203857,1.0082935094833374,hrr,0.0016297845868393779,17,5376,part_meronym,0.3839285969734192,22,edge_disjoint,109,0.37266024947166443,0.529411792755127,static_raw
0.4239158034324646,0.5602481365203857,1.0082935094833374,hrr,0.0015002192230895162,19,5376,antonym,0.3839285969734192,22,edge_disjoint,109,0.4874037802219391,0.6315789222717285,static_raw
0.4824634790420532,0.5602481365203857,1.0082935094833374,hrr,0.001347751240245998,13,5376,attribute,0.3839285969734192,22,edge_disjoint,109,0.7670118808746338,0.9230769276618958,static_raw
0.47274109721183777,0.4917008876800537,0.6054303050041199,diagonal,0.0013730702921748161,112,5376,all,0.3214285969734192,22,edge_disjoint,109,0.37480077147483826,0.5178571343421936,static_raw
0.455933153629303,0.4917008876800537,0.6054303050041199,diagonal,0.0014168407069519162,14,5376,hypernym,0.3214285969734192,22,edge_disjoint,109,0.20443378388881683,0.6428571343421936,static_raw
0.42659124732017517,0.4917008876800537,0.6054303050041199,diagonal,0.0014932521153241396,20,5376,instance_hypernym,0.3214285969734192,22,edge_disjoint,109,0.12459226697683334,0.30000001192092896,static_raw
0.456525981426239,0.4917008876800537,0.6054303050041199,diagonal,0.0014152969233691692,17,5376,member_meronym,0.3214285969734192,22,edge_disjoint,109,0.4258316457271576,0.529411792755127,static_raw
0.5487856864929199,0.4917008876800537,0.6054303050041199,diagonal,0.0011750373523682356,12,5376,substance_meronym,0.3214285969734192,22,edge_disjoint,109,0.49925100803375244,0.5833333134651184,static_raw
0.44670528173446655,0.4917008876800537,0.6054303050041199,diagonal,0.001440871856175363,17,5376,part_meronym,0.3214285969734192,22,edge_disjoint,109,0.2566002905368805,0.23529411852359772,static_raw
0.4869212210178375,0.4917008876800537,0.6054303050041199,diagonal,0.0013361426535993814,19,5376,antonym,0.3214285969734192,22,edge_disjoint,109,0.4888366758823395,0.5789473652839661,static_raw
0.5261726975440979,0.4917008876800537,0.6054303050041199,diagonal,0.0012339252280071378,13,5376,attribute,0.3214285969734192,22,edge_disjoint,109,0.7495014667510986,0.9230769276618958,static_raw
0.49193188548088074,0.2727225720882416,0.6079407930374146,low_rank,0.0013230941258370876,112,86016,all,0.4107142984867096,22,edge_disjoint,109,0.37804538011550903,0.5267857313156128,static_raw
0.4676198661327362,0.2727225720882416,0.6079407930374146,low_rank,0.001386406715027988,14,86016,hypernym,0.4107142984867096,22,edge_disjoint,109,0.13773387670516968,0.2142857164144516,static_raw
0.5300817489624023,0.2727225720882416,0.6079407930374146,low_rank,0.0012237455230206251,20,86016,instance_hypernym,0.4107142984867096,22,edge_disjoint,109,0.27275949716567993,0.550000011920929,static_raw
0.45631569623947144,0.2727225720882416,0.6079407930374146,low_rank,0.0014158445410430431,17,86016,member_meronym,0.4107142984867096,22,edge_disjoint,109,0.3230282664299011,0.529411792755127,static_raw
0.5588293671607971,0.2727225720882416,0.6079407930374146,low_rank,0.0011488818563520908,12,86016,substance_meronym,0.4107142984867096,22,edge_disjoint,109,0.6988579630851746,0.8333333134651184,static_raw
0.45417964458465576,0.2727225720882416,0.6079407930374146,low_rank,0.0014214073307812214,17,86016,part_meronym,0.4107142984867096,22,edge_disjoint,109,0.2629724442958832,0.29411765933036804,static_raw
0.4792168140411377,0.2727225720882416,0.6079407930374146,low_rank,0.0013562063686549664,19,86016,antonym,0.4107142984867096,22,edge_disjoint,109,0.43141213059425354,0.5263158082962036,static_raw
0.5121974945068359,0.2727225720882416,0.6079407930374146,low_rank,0.0012703192187473178,13,86016,attribute,0.4107142984867096,22,edge_disjoint,109,0.6471139192581177,0.8461538553237915,static_raw
0.39179009199142456,0.5706070065498352,1.008110761642456,shuffled_hrr,0.0015838799299672246,112,5376,all,0.125,22,edge_disjoint,109,0.38951972126960754,0.5357142686843872,static_raw
0.35306766629219055,0.5706070065498352,1.008110761642456,shuffled_hrr,0.0016847195802256465,14,5376,hypernym,0.125,22,edge_disjoint,109,0.23589380085468292,0.5714285969734192,static_raw
0.2988031208515167,0.5706070065498352,1.008110761642456,shuffled_hrr,0.0018260335782542825,20,5376,instance_hypernym,0.125,22,edge_disjoint,109,0.09291204065084457,0.25,static_raw
0.38889431953430176,0.5706070065498352,1.008110761642456,shuffled_hrr,0.001591420965269208,17,5376,member_meronym,0.125,22,edge_disjoint,109,0.4391390085220337,0.529411792755127,static_raw
0.4942454397678375,0.5706070065498352,1.008110761642456,shuffled_hrr,0.0013170692836865783,12,5376,substance_meronym,0.125,22,edge_disjoint,109,0.4813181459903717,0.5833333134651184,static_raw
0.36797016859054565,0.5706070065498352,1.008110761642456,shuffled_hrr,0.001645911019295454,17,5376,part_meronym,0.125,22,edge_disjoint,109,0.35754477977752686,0.47058823704719543,static_raw
0.41720426082611084,0.5706070065498352,1.008110761642456,shuffled_hrr,0.0015176971210166812,19,5376,antonym,0.125,22,edge_disjoint,109,0.48287853598594666,0.5789473652839661,static_raw
0.4797658622264862,0.5706070065498352,1.008110761642456,shuffled_hrr,0.0013547764392569661,13,5376,attribute,0.125,22,edge_disjoint,109,0.7670246362686157,0.9230769276618958,static_raw
0.4649434983730316,0.502265989780426,0.6054303050041199,shuffled_diagonal,0.0013933762675151229,112,5376,all,0.1607142984867096,22,edge_disjoint,109,0.35559535026550293,0.4732142984867096,static_raw
0.4474364221096039,0.502265989780426,0.6054303050041199,shuffled_diagonal,0.0014389676507562399,14,5376,hypernym,0.1607142984867096,22,edge_disjoint,109,0.2063741832971573,0.4285714328289032,static_raw
0.4059264659881592,0.502265989780426,0.6054303050041199,shuffled_diagonal,0.0015470664948225021,20,5376,instance_hypernym,0.1607142984867096,22,edge_disjoint,109,0.05859919637441635,0.10000000149011612,static_raw
0.4545389711856842,0.502265989780426,0.6054303050041199,shuffled_diagonal,0.0014204714680090547,17,5376,member_meronym,0.1607142984867096,22,edge_disjoint,109,0.4080115556716919,0.529411792755127,static_raw
0.5261353850364685,0.502265989780426,0.6054303050041199,shuffled_diagonal,0.0012340224348008633,12,5376,substance_meronym,0.1607142984867096,22,edge_disjoint,109,0.4709293842315674,0.5833333134651184,static_raw
0.4467528760433197,0.502265989780426,0.6054303050041199,shuffled_diagonal,0.0014407476410269737,17,5376,part_meronym,0.1607142984867096,22,edge_disjoint,109,0.26255130767822266,0.29411765933036804,static_raw
0.4870626926422119,0.502265989780426,0.6054303050041199,shuffled_diagonal,0.0013357741991057992,19,5376,antonym,0.1607142984867096,22,edge_disjoint,109,0.49778491258621216,0.6842105388641357,static_raw
0.5231737494468689,0.502265989780426,0.6054303050041199,shuffled_diagonal,0.0012417350662872195,13,5376,attribute,0.1607142984867096,22,edge_disjoint,109,0.7120628952980042,0.8461538553237915,static_raw
0.4555754065513611,0.30078449845314026,0.6081969738006592,shuffled_low_rank,0.0014177726116031408,112,86016,all,0.1875000149011612,22,edge_disjoint,109,0.1641821712255478,0.3125,static_raw
0.4329207241535187,0.30078449845314026,0.6081969738006592,shuffled_low_rank,0.0014767693355679512,14,86016,hypernym,0.1875000149011612,22,edge_disjoint,109,0.043676286935806274,0.0714285746216774,static_raw
0.45388364791870117,0.30078449845314026,0.6081969738006592,shuffled_low_rank,0.0014221781166270375,20,86016,instance_hypernym,0.1875000149011612,22,edge_disjoint,109,0.13760042190551758,0.25,static_raw
0.42230215668678284,0.30078449845314026,0.6081969738006592,shuffled_low_rank,0.0015044215833768249,17,86016,member_meronym,0.1875000149011612,22,edge_disjoint,109,0.12941505014896393,0.29411765933036804,static_raw
0.4953642785549164,0.30078449845314026,0.6081969738006592,shuffled_low_rank,0.00131415540818125,12,86016,substance_meronym,0.1875000149011612,22,edge_disjoint,109,0.11251278966665268,0.4166666567325592,static_raw
0.43306756019592285,0.30078449845314026,0.6081969738006592,shuffled_low_rank,0.001476386794820428,17,86016,part_meronym,0.1875000149011612,22,edge_disjoint,109,0.10093308985233307,0.1764705926179886,static_raw
0.47337034344673157,0.30078449845314026,0.6081969738006592,shuffled_low_rank,0.0013714315136894584,19,86016,antonym,0.1875000149011612,22,edge_disjoint,109,0.29963818192481995,0.4736842215061188,static_raw
0.49278348684310913,0.30078449845314026,0.6081969738006592,shuffled_low_rank,0.0013208764139562845,13,86016,attribute,0.1875000149011612,22,edge_disjoint,109,0.31274843215942383,0.5384615659713745,static_raw
0.19375424087047577,0.7952184677124023,0.7952184677124023,additive,0.0020995985250920057,112,0,all,0.125,22,edge_disjoint,109,0.3975147604942322,0.6071428656578064,static_centered
0.11715042591094971,0.7952184677124023,0.7952184677124023,additive,0.0022990875877439976,14,0,hypernym,0.125,22,edge_disjoint,109,0.279905766248703,0.6428571343421936,static_centered
0.02469954825937748,0.7952184677124023,0.7952184677124023,additive,0.002539844950661063,20,0,instance_hypernym,0.125,22,edge_disjoint,109,0.062124382704496384,0.15000000596046448,static_centered
0.19817891716957092,0.7952184677124023,0.7952184677124023,additive,0.0020880757365375757,17,0,member_meronym,0.125,22,edge_disjoint,109,0.42446625232696533,0.6470588445663452,static_centered
0.32633134722709656,0.7952184677124023,0.7952184677124023,additive,0.0017543456051498652,12,0,substance_meronym,0.125,22,edge_disjoint,109,0.498412162065506,0.5833333134651184,static_centered
0.17780713737010956,0.7952184677124023,0.7952184677124023,additive,0.002141127362847328,17,0,part_meronym,0.125,22,edge_disjoint,109,0.3640791177749634,0.6470588445663452,static_centered
0.26297926902770996,0.7952184677124023,0.7952184677124023,additive,0.001919324859045446,19,0,antonym,0.125,22,edge_disjoint,109,0.517860472202301,0.7894737124443054,static_centered
0.32784879207611084,0.7952184677124023,0.7952184677124023,additive,0.001750393770635128,13,0,attribute,0.125,22,edge_disjoint,109,0.7796092629432678,0.9230769276618958,static_centered
0.14059008657932281,,,relation_mean,0.00223804684355855,112,,all,,22,edge_disjoint,109,0.16592738032341003,0.3839285671710968,static_centered
0.0761207863688469,,,relation_mean,0.0024059356655925512,14,,hypernym,,22,edge_disjoint,109,0.10817654430866241,0.2142857164144516,static_centered
0.26001840829849243,,,relation_mean,0.0019270353950560093,20,,instance_hypernym,,22,edge_disjoint,109,0.21514281630516052,0.5,static_centered
0.09224145859479904,,,relation_mean,0.0023639549035578966,17,,member_meronym,,22,edge_disjoint,109,0.1250009685754776,0.23529411852359772,static_centered
0.2499803900718689,,,relation_mean,0.00195317598991096,12,,substance_meronym,,22,edge_disjoint,109,0.24927549064159393,0.75,static_centered
0.0857989639043808,,,relation_mean,0.00238073174841702,17,,part_meronym,,22,edge_disjoint,109,0.13653405010700226,0.23529411852359772,static_centered
0.08707382529973984,,,relation_mean,0.0023774118162691593,19,,antonym,,22,edge_disjoint,109,0.1438308209180832,0.3684210479259491,static_centered
0.13839814066886902,,,relation_mean,0.002243754919618368,13,,attribute,,22,edge_disjoint,109,0.19971933960914612,0.4615384638309479,static_centered
0.2376018762588501,0.6984834671020508,0.7972893714904785,offset,0.0019854118581861258,112,5376,all,0.5,22,edge_disjoint,109,0.4087854027748108,0.6517857313156128,static_centered
0.12519524991512299,0.6984834671020508,0.7972893714904785,offset,0.0022781374864280224,14,5376,hypernym,0.5,22,edge_disjoint,109,0.19333608448505402,0.6428571343421936,static_centered
0.2564846873283386,0.6984834671020508,0.7972893714904785,offset,0.001936237677000463,20,5376,instance_hypernym,0.5,22,edge_disjoint,109,0.21873457729816437,0.5,static_centered
0.2101459950208664,0.6984834671020508,0.7972893714904785,offset,0.0020569113548845053,17,5376,member_meronym,0.5,22,edge_disjoint,109,0.42216962575912476,0.6470588445663452,static_centered
0.37148070335388184,0.6984834671020508,0.7972893714904785,offset,0.0016367691569030285,12,5376,substance_meronym,0.5,22,edge_disjoint,109,0.5944784283638,0.75,static_centered
0.16097304224967957,0.6984834671020508,0.7972893714904785,offset,0.0021849661134183407,17,5376,part_meronym,0.5,22,edge_disjoint,109,0.26015353202819824,0.4117647111415863,static_centered
0.2541719675064087,0.6984834671020508,0.7972893714904785,offset,0.0019422606565058231,19,5376,antonym,0.5,22,edge_disjoint,109,0.5309481620788574,0.7894737124443054,static_centered
0.3179173469543457,0.6984834671020508,0.7972893714904785,offset,0.0017762569477781653,13,5376,attribute,0.5,22,edge_disjoint,109,0.7601013779640198,0.9230769276618958,static_centered
0.16982412338256836,0.7485111355781555,1.0050549507141113,hrr,0.0021619165781885386,112,5376,all,0.2142857313156128,22,edge_disjoint,109,0.4102737009525299,0.6071428656578064,static_centered
0.08038642257452011,0.7485111355781555,1.0050549507141113,hrr,0.0023948270827531815,14,5376,hypernym,0.2142857313156128,22,edge_disjoint,109,0.30633386969566345,0.5714285969734192,static_centered
0.004270785953849554,0.7485111355781555,1.0050549507141113,hrr,0.002593044890090823,20,5376,instance_hypernym,0.2142857313156128,22,edge_disjoint,109,0.053386759012937546,0.15000000596046448,static_centered
0.18194714188575745,0.7485111355781555,1.0050549507141113,hrr,0.002130345907062292,17,5376,member_meronym,0.2142857313156128,22,edge_disjoint,109,0.44195133447647095,0.7058823704719543,static_centered
0.320451945066452,0.7485111355781555,1.0050549507141113,hrr,0.0017696565482765436,12,5376,substance_meronym,0.2142857313156128,22,edge_disjoint,109,0.5456993579864502,0.5833333134651184,static_centered
0.13524039089679718,0.7485111355781555,1.0050549507141113,hrr,0.002251978265121579,17,5376,part_meronym,0.2142857313156128,22,edge_disjoint,109,0.40189775824546814,0.6470588445663452,static_centered
0.24995213747024536,0.7485111355781555,1.0050549507141113,hrr,0.001953249564394355,19,5376,antonym,0.2142857313156128,22,edge_disjoint,109,0.5020723342895508,0.7894737124443054,static_centered
0.2940594255924225,0.7485111355781555,1.0050549507141113,hrr,0.0018383869901299477,13,5376,attribute,0.2142857313156128,22,edge_disjoint,109,0.7816184163093567,0.9230769276618958,static_centered
0.16986031830310822,0.7447274327278137,0.7972893714904785,diagonal,0.002161822048947215,112,5376,all,0.2232142984867096,22,edge_disjoint,109,0.4029509723186493,0.5625,static_centered
0.08610756695270538,0.7447274327278137,0.7972893714904785,diagonal,0.0023799282498657703,14,5376,hypernym,0.2232142984867096,22,edge_disjoint,109,0.27373841404914856,0.6428571343421936,static_centered
0.00786444079130888,0.7447274327278137,0.7972893714904785,diagonal,0.002583686262369156,20,5376,instance_hypernym,0.2232142984867096,22,edge_disjoint,109,0.07656530290842056,0.15000000596046448,static_centered
0.18390102684497833,0.7447274327278137,0.7972893714904785,diagonal,0.0021252576261758804,17,5376,member_meronym,0.2232142984867096,22,edge_disjoint,109,0.44947969913482666,0.5882353186607361,static_centered
0.3156431317329407,0.7447274327278137,0.7972893714904785,diagonal,0.001782179344445467,12,5376,substance_meronym,0.2232142984867096,22,edge_disjoint,109,0.492434024810791,0.6666666865348816,static_centered
0.1225815936923027,0.7447274327278137,0.7972893714904785,diagonal,0.002284943824633956,17,5376,part_meronym,0.2232142984867096,22,edge_disjoint,109,0.329649418592453,0.47058823704719543,static_centered
0.24573014676570892,0.7447274327278137,0.7972893714904785,diagonal,0.001964244293048978,19,5376,antonym,0.2232142984867096,22,edge_disjoint,109,0.5435778498649597,0.6842105388641357,static_centered
0.3072897493839264,0.7447274327278137,0.7972893714904785,diagonal,0.0018039328278973699,13,5376,attribute,0.2232142984867096,22,edge_disjoint,109,0.791114091873169,0.9230769276618958,static_centered
0.15464253723621368,0.3879113793373108,0.7984369993209839,low_rank,0.002201451687142253,112,86016,all,0.3839285969734192,22,edge_disjoint,109,0.35471367835998535,0.5446428656578064,static_centered
0.05834081396460533,0.3879113793373108,0.7984369993209839,low_rank,0.002452237531542778,14,86016,hypernym,0.3839285969734192,22,edge_disjoint,109,0.17803546786308289,0.3571428656578064,static_centered
0.15175369381904602,0.3879113793373108,0.7984369993209839,low_rank,0.002208974678069353,20,86016,instance_hypernym,0.3839285969734192,22,edge_disjoint,109,0.20305189490318298,0.44999998807907104,static_centered
0.12611718475818634,0.3879113793373108,0.7984369993209839,low_rank,0.0022757365368306637,17,86016,member_meronym,0.3839285969734192,22,edge_disjoint,109,0.32424187660217285,0.529411792755127,static_centered
0.2853182554244995,0.3879113793373108,0.7984369993209839,low_rank,0.0018611502600833774,12,86016,substance_meronym,0.3839285969734192,22,edge_disjoint,109,0.6579015851020813,0.75,static_centered
0.1038622260093689,0.3879113793373108,0.7984369993209839,low_rank,0.002333692042157054,17,86016,part_meronym,0.3839285969734192,22,edge_disjoint,109,0.28870880603790283,0.4117647111415863,static_centered
0.19507555663585663,0.3879113793373108,0.7984369993209839,low_rank,0.002096157521009445,19,86016,antonym,0.3839285969734192,22,edge_disjoint,109,0.4107966721057892,0.6315789222717285,static_centered
0.18678566813468933,0.3879113793373108,0.7984369993209839,low_rank,0.0021177458111196756,13,86016,attribute,0.3839285969734192,22,edge_disjoint,109,0.5426368117332458,0.7692307829856873,static_centered
0.16731679439544678,0.7639201283454895,1.0026609897613525,shuffled_hrr,0.0021684460807591677,112,5376,all,0.125,22,edge_disjoint,109,0.4088929295539856,0.5803571343421936,static_centered
0.11143581569194794,0.7639201283454895,1.0026609897613525,shuffled_hrr,0.0023139691911637783,14,5376,hypernym,0.125,22,edge_disjoint,109,0.31434908509254456,0.6428571343421936,static_centered
0.02467617392539978,0.7639201283454895,1.0026609897613525,shuffled_hrr,0.0025399059522897005,20,5376,instance_hypernym,0.125,22,edge_disjoint,109,0.06482020020484924,0.20000000298023224,static_centered
0.17078152298927307,0.7639201283454895,1.0026609897613525,shuffled_hrr,0.0021594231948256493,17,5376,member_meronym,0.125,22,edge_disjoint,109,0.4374975562095642,0.6470588445663452,static_centered
0.2835509181022644,0.7639201283454895,1.0026609897613525,shuffled_hrr,0.0018657526234164834,12,5376,substance_meronym,0.125,22,edge_disjoint,109,0.5115875601768494,0.5833333134651184,static_centered
0.13781249523162842,0.7639201283454895,1.0026609897613525,shuffled_hrr,0.0022452801931649446,17,5376,part_meronym,0.125,22,edge_disjoint,109,0.4023035168647766,0.47058823704719543,static_centered
0.21805623173713684,0.7639201283454895,1.0026609897613525,shuffled_hrr,0.0020363121293485165,19,5376,antonym,0.125,22,edge_disjoint,109,0.4996090829372406,0.7368420958518982,static_centered
0.29954448342323303,0.7639201283454895,1.0026609897613525,shuffled_hrr,0.0018241030629724264,13,5376,attribute,0.125,22,edge_disjoint,109,0.783882737159729,0.9230769276618958,static_centered
0.16185908019542694,0.7614068984985352,0.7972893714904785,shuffled_diagonal,0.002182658528909087,112,5376,all,0.1160714328289032,22,edge_disjoint,109,0.3963492512702942,0.5803571343421936,static_centered
0.10215304046869278,0.7614068984985352,0.7972893714904785,shuffled_diagonal,0.002338143065571785,14,5376,hypernym,0.1160714328289032,22,edge_disjoint,109,0.25376054644584656,0.5714285969734192,static_centered
0.008765513077378273,0.7614068984985352,0.7972893714904785,shuffled_diagonal,0.002581339795142412,20,5376,instance_hypernym,0.1160714328289032,22,edge_disjoint,109,0.056190263479948044,0.10000000149011612,static_centered
0.16479483246803284,0.7614068984985352,0.7972893714904785,shuffled_diagonal,0.0021750133018940687,17,5376,member_meronym,0.1160714328289032,22,edge_disjoint,109,0.4719233810901642,0.5882353186607361,static_centered
0.2758893668651581,0.7614068984985352,0.7972893714904785,shuffled_diagonal,0.00188570492900908,12,5376,substance_meronym,0.1160714328289032,22,edge_disjoint,109,0.45473459362983704,0.75,static_centered
0.1385815143585205,0.7614068984985352,0.7972893714904785,shuffled_diagonal,0.002243277383968234,17,5376,part_meronym,0.1160714328289032,22,edge_disjoint,109,0.3739054203033447,0.529411792755127,static_centered
0.22276166081428528,0.7614068984985352,0.7972893714904785,shuffled_diagonal,0.0020240582525730133,19,5376,antonym,0.1160714328289032,22,edge_disjoint,109,0.5132238268852234,0.7894737124443054,static_centered
0.29401734471321106,0.7614068984985352,0.7972893714904785,shuffled_diagonal,0.0018384966533631086,13,5376,attribute,0.1160714328289032,22,edge_disjoint,109,0.7790387868881226,0.9230769276618958,static_centered
0.08543366193771362,0.4289393424987793,0.7986361384391785,shuffled_low_rank,0.0023816830944269896,112,86016,all,0.1875000149011612,22,edge_disjoint,109,0.20194567739963531,0.3839285671710968,static_centered
0.06253630667924881,0.4289393424987793,0.7986361384391785,shuffled_low_rank,0.0024413117207586765,14,86016,hypernym,0.1875000149011612,22,edge_disjoint,109,0.15774284303188324,0.3571428656578064,static_centered
0.022093871608376503,0.4289393424987793,0.7986361384391785,shuffled_low_rank,0.0025466305669397116,20,86016,instance_hypernym,0.1875000149011612,22,edge_disjoint,109,0.14169125258922577,0.20000000298023224,static_centered
0.06501573324203491,0.4289393424987793,0.7986361384391785,shuffled_low_rank,0.0024348548613488674,17,86016,member_meronym,0.1875000149011612,22,edge_disjoint,109,0.13738395273685455,0.29411765933036804,static_centered
0.0707317441701889,0.4289393424987793,0.7986361384391785,shuffled_low_rank,0.0024199695326387882,12,86016,substance_meronym,0.1875000149011612,22,edge_disjoint,109,0.09076928347349167,0.3333333432674408,static_centered
0.05460934713482857,0.4289393424987793,0.7986361384391785,shuffled_low_rank,0.002461954951286316,17,86016,part_meronym,0.1875000149011612,22,edge_disjoint,109,0.11353302747011185,0.23529411852359772,static_centered
0.17282798886299133,0.4289393424987793,0.7986361384391785,shuffled_low_rank,0.002154093701392412,19,86016,antonym,0.1875000149011612,22,edge_disjoint,109,0.36089956760406494,0.6315789222717285,static_centered
0.16038815677165985,0.4289393424987793,0.7986361384391785,shuffled_low_rank,0.002186488825827837,13,86016,attribute,0.1875000149011612,22,edge_disjoint,109,0.4125984311103821,0.692307710647583,static_centered
0.9910110831260681,0.00775986909866333,0.00775986909866333,additive,2.3408623746945523e-05,112,0,all,0.125,22,edge_disjoint,109,0.23945008218288422,0.3214285671710968,contextual_raw
0.9914177656173706,0.00775986909866333,0.00775986909866333,additive,2.2349780920194462e-05,14,0,hypernym,0.125,22,edge_disjoint,109,0.20932351052761078,0.2857142984867096,contextual_raw
0.9856265187263489,0.00775986909866333,0.00775986909866333,additive,3.7431324017234147e-05,20,0,instance_hypernym,0.125,22,edge_disjoint,109,0.16467925906181335,0.25,contextual_raw
0.9894952178001404,0.00775986909866333,0.00775986909866333,additive,2.7356392820365727e-05,17,0,member_meronym,0.125,22,edge_disjoint,109,0.23082906007766724,0.29411765933036804,contextual_raw
0.9909770488739014,0.00775986909866333,0.00775986909866333,additive,2.3497290385421365e-05,12,0,substance_meronym,0.125,22,edge_disjoint,109,0.3567044734954834,0.4166666567325592,contextual_raw
0.9921254515647888,0.00775986909866333,0.00775986909866333,additive,2.050679177045822e-05,17,0,part_meronym,0.125,22,edge_disjoint,109,0.1850547194480896,0.29411765933036804,contextual_raw
0.9949615597724915,0.00775986909866333,0.00775986909866333,additive,1.3121122719894629e-05,19,0,antonym,0.125,22,edge_disjoint,109,0.39831793308258057,0.4736842215061188,contextual_raw
0.9936404824256897,0.00775986909866333,0.00775986909866333,additive,1.6561489246669225e-05,13,0,attribute,0.125,22,edge_disjoint,109,0.1289059817790985,0.23076923191547394,contextual_raw
0.9944647550582886,,,relation_mean,1.441534095647512e-05,112,,all,,22,edge_disjoint,109,0.08125988394021988,0.1696428507566452,contextual_raw
0.9939588308334351,,,relation_mean,1.5733194231870584e-05,14,,hypernym,,22,edge_disjoint,109,0.06587217003107071,0.1428571492433548,contextual_raw
0.9949390292167664,,,relation_mean,1.3179621419112664e-05,20,,instance_hypernym,,22,edge_disjoint,109,0.05629408359527588,0.05000000074505806,contextual_raw
0.9927281737327576,,,relation_mean,1.8937551431008615e-05,17,,member_meronym,,22,edge_disjoint,109,0.09697116166353226,0.1764705926179886,contextual_raw
0.9954074025154114,,,relation_mean,1.1959917173953727e-05,12,,substance_meronym,,22,edge_disjoint,109,0.1778496503829956,0.4166666567325592,contextual_raw
0.9944825172424316,,,relation_mean,1.4368602933245711e-05,17,,part_meronym,,22,edge_disjoint,109,0.07372573018074036,0.1764705926179886,contextual_raw
0.9948972463607788,,,relation_mean,1.3288752597873099e-05,19,,antonym,,22,edge_disjoint,109,0.07318281382322311,0.15789473056793213,contextual_raw
0.9950243234634399,,,relation_mean,1.2957768376509193e-05,13,,attribute,,22,edge_disjoint,109,0.048192091286182404,0.1538461595773697,contextual_raw
0.9941293597221375,0.004814733285456896,0.007780077401548624,offset,1.528815300844144e-05,112,5376,all,0.2410714328289032,22,edge_disjoint,109,0.18638260662555695,0.2946428656578064,contextual_raw
0.9938053488731384,0.004814733285456896,0.007780077401548624,offset,1.613190397620201e-05,14,5376,hypernym,0.2410714328289032,22,edge_disjoint,109,0.19704677164554596,0.4285714328289032,contextual_raw
0.9928119778633118,0.004814733285456896,0.007780077401548624,offset,1.8719327272265218e-05,20,5376,instance_hypernym,0.2410714328289032,22,edge_disjoint,109,0.07997612655162811,0.15000000596046448,contextual_raw
0.9922983646392822,0.004814733285456896,0.007780077401548624,offset,2.0056422727066092e-05,17,5376,member_meronym,0.2410714328289032,22,edge_disjoint,109,0.20766182243824005,0.23529411852359772,contextual_raw
0.9945178031921387,0.004814733285456896,0.007780077401548624,offset,1.4276609363150783e-05,12,5376,substance_meronym,0.2410714328289032,22,edge_disjoint,109,0.2907520532608032,0.5,contextual_raw
0.9945498108863831,0.004814733285456896,0.007780077401548624,offset,1.4193426977726631e-05,17,5376,part_meronym,0.2410714328289032,22,edge_disjoint,109,0.1301668882369995,0.23529411852359772,contextual_raw
0.9959524869918823,0.004814733285456896,0.007780077401548624,offset,1.0540549737925176e-05,19,5376,antonym,0.2410714328289032,22,edge_disjoint,109,0.34478798508644104,0.42105263471603394,contextual_raw
0.9953269958496094,0.004814733285456896,0.007780077401548624,offset,1.2169437468401156e-05,13,5376,attribute,0.2410714328289032,22,edge_disjoint,109,0.05642992630600929,0.1538461595773697,contextual_raw
0.9913779497146606,0.007155407685786486,1.0087530612945557,hrr,2.245318319182843e-05,112,5376,all,0.2053571492433548,22,edge_disjoint,109,0.2362457513809204,0.3482142984867096,contextual_raw
0.9914490580558777,0.007155407685786486,1.0087530612945557,hrr,2.226805008831434e-05,14,5376,hypernym,0.2053571492433548,22,edge_disjoint,109,0.21080143749713898,0.2857142984867096,contextual_raw
0.9873598217964172,0.007155407685786486,1.0087530612945557,hrr,3.291745815658942e-05,20,5376,instance_hypernym,0.2053571492433548,22,edge_disjoint,109,0.1440420001745224,0.4000000059604645,contextual_raw
0.9898703098297119,0.007155407685786486,1.0087530612945557,hrr,2.6379282644484192e-05,17,5376,member_meronym,0.2053571492433548,22,edge_disjoint,109,0.2019372433423996,0.23529411852359772,contextual_raw
0.991391658782959,0.007155407685786486,1.0087530612945557,hrr,2.24177711061202e-05,12,5376,substance_meronym,0.2053571492433548,22,edge_disjoint,109,0.3795781135559082,0.4166666567325592,contextual_raw
0.9920112490653992,0.007155407685786486,1.0087530612945557,hrr,2.0804047380806878e-05,17,5376,part_meronym,0.2053571492433548,22,edge_disjoint,109,0.18431520462036133,0.3529411852359772,contextual_raw
0.9949056506156921,0.007155407685786486,1.0087530612945557,hrr,1.3266493624541909e-05,19,5376,antonym,0.2053571492433548,22,edge_disjoint,109,0.4096776843070984,0.4736842215061188,contextual_raw
0.9934584498405457,0.007155407685786486,1.0087530612945557,hrr,1.7035477867466398e-05,13,5376,attribute,0.2053571492433548,22,edge_disjoint,109,0.13248895108699799,0.23076923191547394,contextual_raw
0.9927984476089478,0.006326598115265369,0.007780077401548624,diagonal,1.8754215489025228e-05,112,5376,all,0.2410714328289032,22,edge_disjoint,109,0.19816997647285461,0.3035714328289032,contextual_raw
0.9922412037849426,0.006326598115265369,0.007780077401548624,diagonal,2.02053997782059e-05,14,5376,hypernym,0.2410714328289032,22,edge_disjoint,109,0.1740320473909378,0.2857142984867096,contextual_raw
0.9889841079711914,0.006326598115265369,0.007780077401548624,diagonal,2.868751653295476e-05,20,5376,instance_hypernym,0.2410714328289032,22,edge_disjoint,109,0.16226905584335327,0.25,contextual_raw
0.9916815161705017,0.006326598115265369,0.007780077401548624,diagonal,2.1662874132744037e-05,17,5376,member_meronym,0.2410714328289032,22,edge_disjoint,109,0.19385255873203278,0.3529411852359772,contextual_raw
0.9939059615135193,0.006326598115265369,0.007780077401548624,diagonal,1.58702223416185e-05,12,5376,substance_meronym,0.2410714328289032,22,edge_disjoint,109,0.25103774666786194,0.5,contextual_raw
0.9937386512756348,0.006326598115265369,0.007780077401548624,diagonal,1.6305803001159802e-05,17,5376,part_meronym,0.2410714328289032,22,edge_disjoint,109,0.12824799120426178,0.23529411852359772,contextual_raw
0.995518147945404,0.006326598115265369,0.007780077401548624,diagonal,1.1671665561152622e-05,19,5376,antonym,0.2410714328289032,22,edge_disjoint,109,0.3702433109283447,0.42105263471603394,contextual_raw
0.9945008754730225,0.006326598115265369,0.007780077401548624,diagonal,1.4321112757897936e-05,13,5376,attribute,0.2410714328289032,22,edge_disjoint,109,0.07618620991706848,0.07692307978868484,contextual_raw
0.9941657781600952,0.00123410124797374,0.014345834031701088,low_rank,1.5193604667729232e-05,112,86016,all,0.3482142984867096,22,edge_disjoint,109,0.2707572877407074,0.4285714328289032,contextual_raw
0.9934176802635193,0.00123410124797374,0.014345834031701088,low_rank,1.714180143608246e-05,14,86016,hypernym,0.3482142984867096,22,edge_disjoint,109,0.05802087113261223,0.1428571492433548,contextual_raw
0.9942606091499329,0.00123410124797374,0.014345834031701088,low_rank,1.4946571354812477e-05,20,86016,instance_hypernym,0.3482142984867096,22,edge_disjoint,109,0.11728759109973907,0.20000000298023224,contextual_raw
0.9937929511070251,0.00123410124797374,0.014345834031701088,low_rank,1.6164500266313553e-05,17,86016,member_meronym,0.3482142984867096,22,edge_disjoint,109,0.40277257561683655,0.5882353186607361,contextual_raw
0.9952070713043213,0.00123410124797374,0.014345834031701088,low_rank,1.2481708836276084e-05,12,86016,substance_meronym,0.3482142984867096,22,edge_disjoint,109,0.5885166525840759,0.75,contextual_raw
0.9929246306419373,0.00123410124797374,0.014345834031701088,low_rank,1.8425971575197764e-05,17,86016,part_meronym,0.3482142984867096,22,edge_disjoint,109,0.15839406847953796,0.3529411852359772,contextual_raw
0.9959467649459839,0.00123410124797374,0.014345834031701088,low_rank,1.0555811968515627e-05,19,86016,antonym,0.3482142984867096,22,edge_disjoint,109,0.4378875494003296,0.6842105388641357,contextual_raw
0.9933720231056213,0.00123410124797374,0.014345834031701088,low_rank,1.726063601381611e-05,13,86016,attribute,0.3482142984867096,22,edge_disjoint,109,0.17268259823322296,0.3076923191547394,contextual_raw
0.9907301068305969,0.00771111436188221,1.009217381477356,shuffled_hrr,2.4140472305589356e-05,112,5376,all,0.1875000149011612,22,edge_disjoint,109,0.22996295988559723,0.2946428656578064,contextual_raw
0.9913788437843323,0.00771111436188221,1.009217381477356,shuffled_hrr,2.24511677515693e-05,14,5376,hypernym,0.1875000149011612,22,edge_disjoint,109,0.21043674647808075,0.2857142984867096,contextual_raw
0.9853436350822449,0.00771111436188221,1.009217381477356,shuffled_hrr,3.81679019483272e-05,20,5376,instance_hypernym,0.1875000149011612,22,edge_disjoint,109,0.16440525650978088,0.25,contextual_raw
0.9894422888755798,0.00771111436188221,1.009217381477356,shuffled_hrr,2.7494108508108184e-05,17,5376,member_meronym,0.1875000149011612,22,edge_disjoint,109,0.1783452332019806,0.23529411852359772,contextual_raw
0.9908087849617004,0.00771111436188221,1.009217381477356,shuffled_hrr,2.393556496826932e-05,12,5376,substance_meronym,0.1875000149011612,22,edge_disjoint,109,0.35259440541267395,0.3333333432674408,contextual_raw
0.991414487361908,0.00771111436188221,1.009217381477356,shuffled_hrr,2.2358522983267903e-05,17,5376,part_meronym,0.1875000149011612,22,edge_disjoint,109,0.2125607132911682,0.23529411852359772,contextual_raw
0.9948862791061401,0.00771111436188221,1.009217381477356,shuffled_hrr,1.3317166121851187e-05,19,5376,antonym,0.1875000149011612,22,edge_disjoint,109,0.4031868875026703,0.4736842215061188,contextual_raw
0.9929608702659607,0.00771111436188221,1.009217381477356,shuffled_hrr,1.833158967201598e-05,13,5376,attribute,0.1875000149011612,22,edge_disjoint,109,0.07573433220386505,0.23076923191547394,contextual_raw
0.9925811886787415,0.006543884985148907,0.007780077401548624,shuffled_diagonal,1.9320184946991503e-05,112,5376,all,0.1428571492433548,22,edge_disjoint,109,0.16749164462089539,0.3035714328289032,contextual_raw
0.9922319054603577,0.006543884985148907,0.007780077401548624,shuffled_diagonal,2.0229548681527376e-05,14,5376,hypernym,0.1428571492433548,22,edge_disjoint,109,0.22219644486904144,0.3571428656578064,contextual_raw
0.9887030720710754,0.006543884985148907,0.007780077401548624,shuffled_diagonal,2.9419274142128415e-05,20,5376,instance_hypernym,0.1428571492433548,22,edge_disjoint,109,0.10508127510547638,0.25,contextual_raw
0.9916644096374512,0.006543884985148907,0.007780077401548624,shuffled_diagonal,2.1707437554141507e-05,17,5376,member_meronym,0.1428571492433548,22,edge_disjoint,109,0.17205750942230225,0.3529411852359772,contextual_raw
0.9934126734733582,0.006543884985148907,0.007780077401548624,shuffled_diagonal,1.715459075057879e-05,12,5376,substance_meronym,0.1428571492433548,22,edge_disjoint,109,0.18898260593414307,0.4166666567325592,contextual_raw
0.9931585788726807,0.006543884985148907,0.007780077401548624,shuffled_diagonal,1.7816628314903937e-05,17,5376,part_meronym,0.1428571492433548,22,edge_disjoint,109,0.11313197761774063,0.1764705926179886,contextual_raw
0.9954515695571899,0.006543884985148907,0.007780077401548624,shuffled_diagonal,1.1845248991448898e-05,19,5376,antonym,0.1428571492433548,22,edge_disjoint,109,0.30377984046936035,0.42105263471603394,contextual_raw
0.9944044947624207,0.006543884985148907,0.007780077401548624,shuffled_diagonal,1.4572122381650843e-05,13,5376,attribute,0.1428571492433548,22,edge_disjoint,109,0.050681404769420624,0.1538461595773697,contextual_raw
0.9928979277610779,0.0011745207011699677,0.014367048628628254,shuffled_low_rank,1.849504405981861e-05,112,86016,all,0.1785714328289032,22,edge_disjoint,109,0.1672029346227646,0.2857142984867096,contextual_raw
0.9922009706497192,0.0011745207011699677,0.014367048628628254,shuffled_low_rank,2.0310048057581298e-05,14,86016,hypernym,0.1785714328289032,22,edge_disjoint,109,0.1039220467209816,0.2857142984867096,contextual_raw
0.9905964136123657,0.0011745207011699677,0.014367048628628254,shuffled_low_rank,2.4488603230565786e-05,20,86016,instance_hypernym,0.1785714328289032,22,edge_disjoint,109,0.14253845810890198,0.20000000298023224,contextual_raw
0.98902827501297,0.0011745207011699677,0.014367048628628254,shuffled_low_rank,2.8572310839081183e-05,17,86016,member_meronym,0.1785714328289032,22,edge_disjoint,109,0.14140337705612183,0.23529411852359772,contextual_raw
0.9954683780670166,0.0011745207011699677,0.014367048628628254,shuffled_low_rank,1.1801274013123475e-05,12,86016,substance_meronym,0.1785714328289032,22,edge_disjoint,109,0.3034909963607788,0.5,contextual_raw
0.9936733245849609,0.0011745207011699677,0.014367048628628254,shuffled_low_rank,1.6476082237204537e-05,17,86016,part_meronym,0.1785714328289032,22,edge_disjoint,109,0.11633621156215668,0.23529411852359772,contextual_raw
0.9952863454818726,0.0011745207011699677,0.014367048628628254,shuffled_low_rank,1.2275355402380228e-05,19,86016,antonym,0.1785714328289032,22,edge_disjoint,109,0.30266499519348145,0.42105263471603394,contextual_raw
0.9953726530075073,0.0011745207011699677,0.014367048628628254,shuffled_low_rank,1.205094849865418e-05,13,86016,attribute,0.1785714328289032,22,edge_disjoint,109,0.049765441566705704,0.1538461595773697,contextual_raw
0.2650983929634094,0.7084261178970337,0.7084261178970337,additive,0.001913806307129562,112,0,all,0.125,22,edge_disjoint,109,0.2595091164112091,0.3482142984867096,contextual_centered
0.22529689967632294,0.7084261178970337,0.7084261178970337,additive,0.0020174558740109205,14,0,hypernym,0.125,22,edge_disjoint,109,0.26558399200439453,0.3571428656578064,contextual_centered
0.05545947700738907,0.7084261178970337,0.7084261178970337,additive,0.0024597409646958113,20,0,instance_hypernym,0.125,22,edge_disjoint,109,0.14382080733776093,0.25,contextual_centered
0.3204880952835083,0.7084261178970337,0.7084261178970337,additive,0.0017695623682811856,17,0,member_meronym,0.125,22,edge_disjoint,109,0.24877528846263885,0.3529411852359772,contextual_centered
0.34115853905677795,0.7084261178970337,0.7084261178970337,additive,0.0017157329712063074,12,0,substance_meronym,0.125,22,edge_disjoint,109,0.31126752495765686,0.4166666567325592,contextual_centered
0.2442326843738556,0.7084261178970337,0.7084261178970337,additive,0.00196814420633018,17,0,part_meronym,0.125,22,edge_disjoint,109,0.2319343537092209,0.29411765933036804,contextual_centered
0.3856797516345978,0.7084261178970337,0.7084261178970337,additive,0.0015997926238924265,19,0,antonym,0.125,22,edge_disjoint,109,0.44524911046028137,0.4736842215061188,contextual_centered
0.33889251947402954,0.7084261178970337,0.7084261178970337,additive,0.0017216341802850366,13,0,attribute,0.125,22,edge_disjoint,109,0.16180171072483063,0.3076923191547394,contextual_centered
0.2740953862667084,,,relation_mean,0.0018903767922893167,112,,all,,22,edge_disjoint,109,0.12206818908452988,0.3035714328289032,contextual_centered
0.07647470384836197,,,relation_mean,0.0024050138890743256,14,,hypernym,,22,edge_disjoint,109,0.08834924548864365,0.2142857164144516,contextual_centered
0.30215299129486084,,,relation_mean,0.0018173099961131811,20,,instance_hypernym,,22,edge_disjoint,109,0.12611201405525208,0.25,contextual_centered
0.274506539106369,,,relation_mean,0.0018893061205744743,17,,member_meronym,,22,edge_disjoint,109,0.16357333958148956,0.4117647111415863,contextual_centered
0.5589672923088074,,,relation_mean,0.0011485228314995766,12,,substance_meronym,,22,edge_disjoint,109,0.22872008383274078,0.5833333134651184,contextual_centered
0.3199707567691803,,,relation_mean,0.001770909526385367,17,,part_meronym,,22,edge_disjoint,109,0.09079941362142563,0.3529411852359772,contextual_centered
0.2381208837032318,,,relation_mean,0.001984060276299715,19,,antonym,,22,edge_disjoint,109,0.05623680725693703,0.21052631735801697,contextual_centered
0.17284318804740906,,,relation_mean,0.002154054120182991,13,,attribute,,22,edge_disjoint,109,0.13654068112373352,0.1538461595773697,contextual_centered
0.3611502945423126,0.5631222724914551,0.7102710008621216,offset,0.0016636712243780494,112,5376,all,0.25,22,edge_disjoint,109,0.21026495099067688,0.4017857015132904,contextual_centered
0.23294861614704132,0.5631222724914551,0.7102710008621216,offset,0.001997529761865735,14,5376,hypernym,0.25,22,edge_disjoint,109,0.22595004737377167,0.4285714328289032,contextual_centered
0.3020085394382477,0.5631222724914551,0.7102710008621216,offset,0.001817686134018004,20,5376,instance_hypernym,0.25,22,edge_disjoint,109,0.09139255434274673,0.3499999940395355,contextual_centered
0.36622288823127747,0.5631222724914551,0.7102710008621216,offset,0.0016504613449797034,17,5376,member_meronym,0.25,22,edge_disjoint,109,0.11928005516529083,0.3529411852359772,contextual_centered
0.5792333483695984,0.5631222724914551,0.7102710008621216,offset,0.0010957466438412666,12,5376,substance_meronym,0.25,22,edge_disjoint,109,0.37345314025878906,0.5833333134651184,contextual_centered
0.37433016300201416,0.5631222724914551,0.7102710008621216,offset,0.0016293487278744578,17,5376,part_meronym,0.25,22,edge_disjoint,109,0.16202835738658905,0.4117647111415863,contextual_centered
0.43790319561958313,0.5631222724914551,0.7102710008621216,offset,0.001463793683797121,19,5376,antonym,0.25,22,edge_disjoint,109,0.4016125202178955,0.5263158082962036,contextual_centered
0.2528476417064667,0.5631222724914551,0.7102710008621216,offset,0.0019457093439996243,13,5376,attribute,0.25,22,edge_disjoint,109,0.12801583111286163,0.1538461595773697,contextual_centered
0.264278382062912,0.6538512110710144,1.0107719898223877,hrr,0.0019159415969625115,112,5376,all,0.2410714328289032,22,edge_disjoint,109,0.25785109400749207,0.3660714328289032,contextual_centered
0.2158595621585846,0.6538512110710144,1.0107719898223877,hrr,0.0020420323126018047,14,5376,hypernym,0.2410714328289032,22,edge_disjoint,109,0.2530089020729065,0.3571428656578064,contextual_centered
0.0733371153473854,0.6538512110710144,1.0107719898223877,hrr,0.002413184382021427,20,5376,instance_hypernym,0.2410714328289032,22,edge_disjoint,109,0.11677820980548859,0.20000000298023224,contextual_centered
0.32219499349594116,0.6538512110710144,1.0107719898223877,hrr,0.0017651173984631896,17,5376,member_meronym,0.2410714328289032,22,edge_disjoint,109,0.24498990178108215,0.47058823704719543,contextual_centered
0.3593107759952545,0.6538512110710144,1.0107719898223877,hrr,0.0016684617148712277,12,5376,substance_meronym,0.2410714328289032,22,edge_disjoint,109,0.3577168881893158,0.5,contextual_centered
0.24444888532161713,0.6538512110710144,1.0107719898223877,hrr,0.0019675809890031815,17,5376,part_meronym,0.2410714328289032,22,edge_disjoint,109,0.24357490241527557,0.3529411852359772,contextual_centered
0.38010311126708984,0.6538512110710144,1.0107719898223877,hrr,0.0016143148532137275,19,5376,antonym,0.2410714328289032,22,edge_disjoint,109,0.44529321789741516,0.4736842215061188,contextual_centered
0.3033667206764221,0.6538512110710144,1.0107719898223877,hrr,0.0018141493201255798,13,5376,attribute,0.2410714328289032,22,edge_disjoint,109,0.14945054054260254,0.23076923191547394,contextual_centered
0.27191901206970215,0.6413323283195496,0.7102710008621216,diagonal,0.0018960443558171391,112,5376,all,0.2857142984867096,22,edge_disjoint,109,0.274180144071579,0.4464285671710968,contextual_centered
0.2077701836824417,0.6413323283195496,0.7102710008621216,diagonal,0.002063098829239607,14,5376,hypernym,0.2857142984867096,22,edge_disjoint,109,0.21118353307247162,0.4285714328289032,contextual_centered
0.10756900161504745,0.6413323283195496,0.7102710008621216,diagonal,0.0023240388836711645,20,5376,instance_hypernym,0.2857142984867096,22,edge_disjoint,109,0.10060971975326538,0.20000000298023224,contextual_centered
0.34538447856903076,0.6413323283195496,0.7102710008621216,diagonal,0.0017047278815880418,17,5376,member_meronym,0.2857142984867096,22,edge_disjoint,109,0.30246227979660034,0.5882353186607361,contextual_centered
0.35564979910850525,0.6413323283195496,0.7102710008621216,diagonal,0.001677995314821601,12,5376,substance_meronym,0.2857142984867096,22,edge_disjoint,109,0.3454835116863251,0.5833333134651184,contextual_centered
0.2322017401456833,0.6413323283195496,0.7102710008621216,diagonal,0.001999474596232176,17,5376,part_meronym,0.2857142984867096,22,edge_disjoint,109,0.23219487071037292,0.4117647111415863,contextual_centered
0.4023127853870392,0.6413323283195496,0.7102710008621216,diagonal,0.001556477276608348,19,5376,antonym,0.2857142984867096,22,edge_disjoint,109,0.4477465748786926,0.4736842215061188,contextual_centered
0.28185054659843445,0.6413323283195496,0.7102710008621216,diagonal,0.0018701809458434582,13,5376,attribute,0.2857142984867096,22,edge_disjoint,109,0.3074811100959778,0.5384615659713745,contextual_centered
0.38225796818733215,0.11116237193346024,0.7117744088172913,low_rank,0.0016087032854557037,112,86016,all,0.3214285969734192,22,edge_disjoint,109,0.24271976947784424,0.4196428656578064,contextual_centered
0.17169062793254852,0.11116237193346024,0.7117744088172913,low_rank,0.002157055540010333,14,86016,hypernym,0.3214285969734192,22,edge_disjoint,109,0.03790002316236496,0.0714285746216774,contextual_centered
0.3314545452594757,0.11116237193346024,0.7117744088172913,low_rank,0.0017410038271918893,20,86016,instance_hypernym,0.3214285969734192,22,edge_disjoint,109,0.12919482588768005,0.30000001192092896,contextual_centered
0.5491443276405334,0.11116237193346024,0.7117744088172913,low_rank,0.001174103352241218,17,86016,member_meronym,0.3214285969734192,22,edge_disjoint,109,0.3415454626083374,0.47058823704719543,contextual_centered
0.6009371876716614,0.11116237193346024,0.7117744088172913,low_rank,0.0010392260737717152,12,86016,substance_meronym,0.3214285969734192,22,edge_disjoint,109,0.5085226893424988,0.75,contextual_centered
0.23317629098892212,0.11116237193346024,0.7117744088172913,low_rank,0.0019969369750469923,17,86016,part_meronym,0.3214285969734192,22,edge_disjoint,109,0.11287280172109604,0.29411765933036804,contextual_centered
0.5134849548339844,0.11116237193346024,0.7117744088172913,low_rank,0.0012669663410633802,19,86016,antonym,0.3214285969734192,22,edge_disjoint,109,0.36549168825149536,0.6315789222717285,contextual_centered
0.27024781703948975,0.11116237193346024,0.7117744088172913,low_rank,0.0019003963097929955,13,86016,attribute,0.3214285969734192,22,edge_disjoint,109,0.2537224590778351,0.4615384638309479,contextual_centered
0.24915845692157745,0.6883859038352966,1.0022298097610474,shuffled_hrr,0.001955316634848714,112,5376,all,0.1696428656578064,22,edge_disjoint,109,0.22969631850719452,0.3392857015132904,contextual_centered
0.20547235012054443,0.6883859038352966,1.0022298097610474,shuffled_hrr,0.002069082809612155,14,5376,hypernym,0.1696428656578064,22,edge_disjoint,109,0.2292460948228836,0.3571428656578064,contextual_centered
0.051486920565366745,0.6883859038352966,1.0022298097610474,shuffled_hrr,0.0024700863286852837,20,5376,instance_hypernym,0.1696428656578064,22,edge_disjoint,109,0.07418259978294373,0.25,contextual_centered
0.2694563567638397,0.6883859038352966,1.0022298097610474,shuffled_hrr,0.0019024572102352977,17,5376,member_meronym,0.1696428656578064,22,edge_disjoint,109,0.18941554427146912,0.29411765933036804,contextual_centered
0.3386108875274658,0.6883859038352966,1.0022298097610474,shuffled_hrr,0.0017223674803972244,12,5376,substance_meronym,0.1696428656578064,22,edge_disjoint,109,0.31445303559303284,0.4166666567325592,contextual_centered
0.23189862072467804,0.6883859038352966,1.0022298097610474,shuffled_hrr,0.0020002638921141624,17,5376,part_meronym,0.1696428656578064,22,edge_disjoint,109,0.17318004369735718,0.29411765933036804,contextual_centered
0.3630354404449463,0.6883859038352966,1.0022298097610474,shuffled_hrr,0.0016587621066719294,19,5376,antonym,0.1696428656578064,22,edge_disjoint,109,0.44269993901252747,0.4736842215061188,contextual_centered
0.3473351299762726,0.6883859038352966,1.0022298097610474,shuffled_hrr,0.0016996482154354453,13,5376,attribute,0.1696428656578064,22,edge_disjoint,109,0.2064639925956726,0.3076923191547394,contextual_centered
0.25164949893951416,0.6790098547935486,0.7102710008621216,shuffled_diagonal,0.0019488295074552298,112,5376,all,0.098214291036129,22,edge_disjoint,109,0.2663462162017822,0.4017857015132904,contextual_centered
0.23323634266853333,0.6790098547935486,0.7102710008621216,shuffled_diagonal,0.001996780512854457,14,5376,hypernym,0.098214291036129,22,edge_disjoint,109,0.2548554241657257,0.3571428656578064,contextual_centered
0.0794278159737587,0.6790098547935486,0.7102710008621216,shuffled_diagonal,0.0023973232600837946,20,5376,instance_hypernym,0.098214291036129,22,edge_disjoint,109,0.14076641201972961,0.30000001192092896,contextual_centered
0.2812950909137726,0.6790098547935486,0.7102710008621216,shuffled_diagonal,0.001871627289801836,17,5376,member_meronym,0.098214291036129,22,edge_disjoint,109,0.37947535514831543,0.7058823704719543,contextual_centered
0.3389242887496948,0.6790098547935486,0.7102710008621216,shuffled_diagonal,0.0017215514089912176,12,5376,substance_meronym,0.098214291036129,22,edge_disjoint,109,0.3178531527519226,0.5,contextual_centered
0.14991435408592224,0.6790098547935486,0.7102710008621216,shuffled_diagonal,0.002213764935731888,17,5376,part_meronym,0.098214291036129,22,edge_disjoint,109,0.12586888670921326,0.23529411852359772,contextual_centered
0.37502312660217285,0.6790098547935486,0.7102710008621216,shuffled_diagonal,0.0016275439411401749,19,5376,antonym,0.098214291036129,22,edge_disjoint,109,0.43734410405158997,0.4736842215061188,contextual_centered
0.36982983350753784,0.6790098547935486,0.7102710008621216,shuffled_diagonal,0.0016410683747380972,13,5376,attribute,0.098214291036129,22,edge_disjoint,109,0.21021896600723267,0.23076923191547394,contextual_centered
0.20310282707214355,0.11669733375310898,0.7120499014854431,shuffled_low_rank,0.002075253054499626,112,86016,all,0.1875000149011612,22,edge_disjoint,109,0.1531921774148941,0.2589285671710968,contextual_centered
0.11402852833271027,0.11669733375310898,0.7120499014854431,shuffled_low_rank,0.002307217800989747,14,86016,hypernym,0.1875000149011612,22,edge_disjoint,109,0.09523779153823853,0.1428571492433548,contextual_centered
0.1610763967037201,0.11669733375310898,0.7120499014854431,shuffled_low_rank,0.002184696961194277,20,86016,instance_hypernym,0.1875000149011612,22,edge_disjoint,109,0.057336170226335526,0.20000000298023224,contextual_centered
0.1677425503730774,0.11669733375310898,0.7120499014854431,shuffled_low_rank,0.002167337341234088,17,86016,member_meronym,0.1875000149011612,22,edge_disjoint,109,0.12035013735294342,0.23529411852359772,contextual_centered
0.4074053466320038,0.11669733375310898,0.7120499014854431,shuffled_low_rank,0.0015432153595611453,12,86016,substance_meronym,0.1875000149011612,22,edge_disjoint,109,0.3559165894985199,0.4166666567325592,contextual_centered
-0.08755764365196228,0.11669733375310898,0.7120499014854431,shuffled_low_rank,0.0028321812860667706,17,86016,part_meronym,0.1875000149011612,22,edge_disjoint,109,0.0273383017629385,0.05882352963089943,contextual_centered
0.2887839674949646,0.11669733375310898,0.7120499014854431,shuffled_low_rank,0.001852125278674066,19,86016,antonym,0.1875000149011612,22,edge_disjoint,109,0.2693433165550232,0.42105263471603394,contextual_centered
0.47620680928230286,0.11669733375310898,0.7120499014854431,shuffled_low_rank,0.0013640449615195394,13,86016,attribute,0.1875000149011612,22,edge_disjoint,109,0.21371115744113922,0.38461539149284363,contextual_centered
0.4141663610935211,0.6009314060211182,0.6009314060211182,additive,0.001525608473457396,110,0,all,0.17272727191448212,22,node_disjoint,104,0.4651032090187073,0.5636363625526428,static_raw
0.3583827316761017,0.6009314060211182,0.6009314060211182,additive,0.001670878496952355,19,0,hypernym,0.17272727191448212,22,node_disjoint,104,0.3151964247226715,0.4736842215061188,static_raw
0.24844574928283691,0.6009314060211182,0.6009314060211182,additive,0.001957172527909279,18,0,instance_hypernym,0.17272727191448212,22,node_disjoint,104,0.047411445528268814,0.0555555559694767,static_raw
0.5164069533348083,0.6009314060211182,0.6009314060211182,additive,0.0012593569699674845,12,0,member_meronym,0.17272727191448212,22,node_disjoint,104,0.6882221102714539,0.75,static_raw
0.5285345911979675,0.6009314060211182,0.6009314060211182,additive,0.0012277746573090553,16,0,substance_meronym,0.17272727191448212,22,node_disjoint,104,0.601443350315094,0.6875,static_raw
0.38389310240745544,0.6009314060211182,0.6009314060211182,additive,0.0016044449293985963,21,0,part_meronym,0.17272727191448212,22,node_disjoint,104,0.432136595249176,0.523809552192688,static_raw
0.5220308899879456,0.6009314060211182,0.6009314060211182,additive,0.0012447112239897251,11,0,antonym,0.17272727191448212,22,node_disjoint,104,0.7477450966835022,0.9090909361839294,static_raw
0.4476515054702759,0.6009314060211182,0.6009314060211182,additive,0.0014384078094735742,13,0,attribute,0.17272727191448212,22,node_disjoint,104,0.7028763890266418,0.8461538553237915,static_raw
0.4793228805065155,,,relation_mean,0.001355930115096271,110,,all,,22,node_disjoint,104,0.11333160102367401,0.3181818127632141,static_raw
0.4454217255115509,,,relation_mean,0.0014442144893109798,19,,hypernym,,22,node_disjoint,104,0.024422986432909966,0.05263157933950424,static_raw
0.5453441143035889,,,relation_mean,0.0011839999351650476,18,,instance_hypernym,,22,node_disjoint,104,0.19985948503017426,0.5555555820465088,static_raw
0.46454858779907227,,,relation_mean,0.001394404680468142,12,,member_meronym,,22,node_disjoint,104,0.14967380464076996,0.3333333432674408,static_raw
0.4964996576309204,,,relation_mean,0.0013111989246681333,16,,substance_meronym,,22,node_disjoint,104,0.1862974911928177,0.5625,static_raw
0.4540879428386688,,,relation_mean,0.0014216460986062884,21,,part_meronym,,22,node_disjoint,104,0.07004581391811371,0.190476194024086,static_raw
0.4729282557964325,,,relation_mean,0.001372582744807005,11,,antonym,,22,node_disjoint,104,0.08587300777435303,0.3636363744735718,static_raw
0.4761286973953247,,,relation_mean,0.001364248339086771,13,,attribute,,22,node_disjoint,104,0.09327377378940582,0.23076923191547394,static_raw
0.520091712474823,0.4195481240749359,0.602496325969696,offset,0.0012497613206505775,110,5376,all,0.3545454442501068,22,node_disjoint,104,0.36122316122055054,0.5454545617103577,static_raw
0.4670636057853699,0.4195481240749359,0.602496325969696,offset,0.0013878553872928023,19,5376,hypernym,0.3545454442501068,22,node_disjoint,104,0.13885973393917084,0.21052631735801697,static_raw
0.5379881262779236,0.4195481240749359,0.602496325969696,offset,0.0012031561927869916,18,5376,instance_hypernym,0.3545454442501068,22,node_disjoint,104,0.20589767396450043,0.6111111044883728,static_raw
0.5363423824310303,0.4195481240749359,0.602496325969696,offset,0.0012074419064447284,12,5376,member_meronym,0.3545454442501068,22,node_disjoint,104,0.4694044291973114,0.6666666865348816,static_raw
0.5821194052696228,0.4195481240749359,0.602496325969696,offset,0.0010882308706641197,16,5376,substance_meronym,0.3545454442501068,22,node_disjoint,104,0.5191265940666199,0.6875,static_raw
0.4775199890136719,0.4195481240749359,0.602496325969696,offset,0.0013606250286102295,21,5376,part_meronym,0.3545454442501068,22,node_disjoint,104,0.25072282552719116,0.380952388048172,static_raw
0.5604328513145447,0.4195481240749359,0.602496325969696,offset,0.0011447062715888023,11,5376,antonym,0.3545454442501068,22,node_disjoint,104,0.741161584854126,0.8181818127632141,static_raw
0.5161070227622986,0.4195481240749359,0.602496325969696,offset,0.0012601377675309777,13,5376,attribute,0.3545454442501068,22,node_disjoint,104,0.46409356594085693,0.692307710647583,static_raw
0.3967476487159729,0.5330573320388794,1.0102871656417847,hrr,0.0015709695871919394,110,5376,all,0.26363635063171387,22,node_disjoint,104,0.46255624294281006,0.6181818246841431,static_raw
0.3404545187950134,0.5330573320388794,1.0102871656417847,hrr,0.001717566279694438,19,5376,hypernym,0.26363635063171387,22,node_disjoint,104,0.31502071022987366,0.5263158082962036,static_raw
0.27362632751464844,0.5330573320388794,1.0102871656417847,hrr,0.0018915982218459249,18,5376,instance_hypernym,0.26363635063171387,22,node_disjoint,104,0.1477641463279724,0.4444444477558136,static_raw
0.4734872877597809,0.5330573320388794,1.0102871656417847,hrr,0.0013711268547922373,12,5376,member_meronym,0.26363635063171387,22,node_disjoint,104,0.6147770285606384,0.75,static_raw
0.5124775767326355,0.5330573320388794,1.0102871656417847,hrr,0.0012695896439254284,16,5376,substance_meronym,0.26363635063171387,22,node_disjoint,104,0.5593371391296387,0.6875,static_raw
0.3491639494895935,0.5330573320388794,1.0102871656417847,hrr,0.0016948855482041836,21,5376,part_meronym,0.26363635063171387,22,node_disjoint,104,0.41244301199913025,0.5714285969734192,static_raw
0.4876686930656433,0.5330573320388794,1.0102871656417847,hrr,0.0013341960730031133,11,5376,antonym,0.26363635063171387,22,node_disjoint,104,0.739240288734436,0.7272727489471436,static_raw
0.43615734577178955,0.5330573320388794,1.0102871656417847,hrr,0.001468340284191072,13,5376,attribute,0.26363635063171387,22,node_disjoint,104,0.7012596130371094,0.7692307829856873,static_raw
0.470193475484848,0.4699075222015381,0.602496325969696,diagonal,0.0013797044521197677,110,5376,all,0.3909090757369995,22,node_disjoint,104,0.41469186544418335,0.5181818008422852,static_raw
0.43259385228157043,0.4699075222015381,0.602496325969696,diagonal,0.0014776202151551843,19,5376,hypernym,0.3909090757369995,22,node_disjoint,104,0.2462805211544037,0.31578946113586426,static_raw
0.40725836157798767,0.4699075222015381,0.602496325969696,diagonal,0.0015435980167239904,18,5376,instance_hypernym,0.3909090757369995,22,node_disjoint,104,0.1200297549366951,0.2777777910232544,static_raw
0.5132729411125183,0.4699075222015381,0.602496325969696,diagonal,0.0012675186153501272,12,5376,member_meronym,0.3909090757369995,22,node_disjoint,104,0.573750913143158,0.75,static_raw
0.5577909350395203,0.4699075222015381,0.602496325969696,diagonal,0.0011515861842781305,16,5376,substance_meronym,0.3909090757369995,22,node_disjoint,104,0.5533708333969116,0.6875,static_raw
0.4233725368976593,0.4699075222015381,0.602496325969696,diagonal,0.001501634018495679,21,5376,part_meronym,0.3909090757369995,22,node_disjoint,104,0.31157582998275757,0.380952388048172,static_raw
0.5318876504898071,0.4699075222015381,0.602496325969696,diagonal,0.0012190426932647824,11,5376,antonym,0.3909090757369995,22,node_disjoint,104,0.7392750382423401,0.7272727489471436,static_raw
0.48814094066619873,0.4699075222015381,0.602496325969696,diagonal,0.0013329662615433335,13,5376,attribute,0.3909090757369995,22,node_disjoint,104,0.6432446241378784,0.7692307829856873,static_raw
0.47488123178482056,0.17253044247627258,0.6048986911773682,low_rank,0.0013674969086423516,110,86016,all,0.3545454442501068,22,node_disjoint,104,0.3462289273738861,0.5181818008422852,static_raw
0.43592873215675354,0.17253044247627258,0.6048986911773682,low_rank,0.001468935515731573,19,86016,hypernym,0.3545454442501068,22,node_disjoint,104,0.10733013600111008,0.21052631735801697,static_raw
0.5101549625396729,0.17253044247627258,0.6048986911773682,low_rank,0.0012756383512169123,18,86016,instance_hypernym,0.3545454442501068,22,node_disjoint,104,0.2556931674480438,0.6666666865348816,static_raw
0.476237416267395,0.17253044247627258,0.6048986911773682,low_rank,0.001363965217024088,12,86016,member_meronym,0.3545454442501068,22,node_disjoint,104,0.38655492663383484,0.5,static_raw
0.5035011172294617,0.17253044247627258,0.6048986911773682,low_rank,0.0012929659569635987,16,86016,substance_meronym,0.3545454442501068,22,node_disjoint,104,0.4353291988372803,0.6875,static_raw
0.4570564925670624,0.17253044247627258,0.6048986911773682,low_rank,0.0014139155391603708,21,86016,part_meronym,0.3545454442501068,22,node_disjoint,104,0.2838953137397766,0.380952388048172,static_raw
0.49522411823272705,0.17253044247627258,0.6048986911773682,low_rank,0.0013145206030458212,11,86016,antonym,0.3545454442501068,22,node_disjoint,104,0.6879627704620361,0.7272727489471436,static_raw
0.45807555317878723,0.17253044247627258,0.6048986911773682,low_rank,0.0014112616190686822,13,86016,attribute,0.3545454442501068,22,node_disjoint,104,0.48539355397224426,0.6153846383094788,static_raw
0.39091935753822327,0.5410301089286804,1.0097025632858276,shuffled_hrr,0.0015861474676057696,110,5376,all,0.15454545617103577,22,node_disjoint,104,0.4440355598926544,0.5272727012634277,static_raw
0.34357360005378723,0.5410301089286804,1.0097025632858276,shuffled_hrr,0.001709443866275251,19,5376,hypernym,0.15454545617103577,22,node_disjoint,104,0.2872453033924103,0.42105263471603394,static_raw
0.2525266408920288,0.5410301089286804,1.0097025632858276,shuffled_hrr,0.0019465453224256635,18,5376,instance_hypernym,0.15454545617103577,22,node_disjoint,104,0.05368661507964134,0.1111111119389534,static_raw
0.48645615577697754,0.5410301089286804,1.0097025632858276,shuffled_hrr,0.001337353722192347,12,5376,member_meronym,0.15454545617103577,22,node_disjoint,104,0.6248329281806946,0.6666666865348816,static_raw
0.47826552391052246,0.5410301089286804,1.0097025632858276,shuffled_hrr,0.0013586836867034435,16,5376,substance_meronym,0.15454545617103577,22,node_disjoint,104,0.5622910857200623,0.6875,static_raw
0.36372941732406616,0.5410301089286804,1.0097025632858276,shuffled_hrr,0.0016569546423852444,21,5376,part_meronym,0.15454545617103577,22,node_disjoint,104,0.4107813239097595,0.523809552192688,static_raw
0.4803730845451355,0.5410301089286804,1.0097025632858276,shuffled_hrr,0.0013531952863559127,11,5376,antonym,0.15454545617103577,22,node_disjoint,104,0.7420206665992737,0.7272727489471436,static_raw
0.4242774546146393,0.5410301089286804,1.0097025632858276,shuffled_hrr,0.0014992774231359363,13,5376,attribute,0.15454545617103577,22,node_disjoint,104,0.7028153538703918,0.7692307829856873,static_raw
0.45988914370536804,0.4787576198577881,0.602496325969696,shuffled_diagonal,0.001406538882292807,110,5376,all,0.16363635659217834,22,node_disjoint,104,0.3830452561378479,0.5090909004211426,static_raw
0.42301809787750244,0.4787576198577881,0.602496325969696,shuffled_diagonal,0.0015025570755824447,19,5376,hypernym,0.16363635659217834,22,node_disjoint,104,0.22803331911563873,0.3684210479259491,static_raw
0.37230563163757324,0.4787576198577881,0.602496325969696,shuffled_diagonal,0.0016346208285540342,18,5376,instance_hypernym,0.16363635659217834,22,node_disjoint,104,0.03790934383869171,0.1666666716337204,static_raw
0.5297383666038513,0.4787576198577881,0.602496325969696,shuffled_diagonal,0.0012246398255228996,12,5376,member_meronym,0.16363635659217834,22,node_disjoint,104,0.5826165676116943,0.6666666865348816,static_raw
0.5268690586090088,0.4787576198577881,0.602496325969696,shuffled_diagonal,0.0012321118265390396,16,5376,substance_meronym,0.16363635659217834,22,node_disjoint,104,0.5373424887657166,0.6875,static_raw
0.4326164722442627,0.4787576198577881,0.602496325969696,shuffled_diagonal,0.0014775615418329835,21,5376,part_meronym,0.16363635659217834,22,node_disjoint,104,0.32185348868370056,0.380952388048172,static_raw
0.52255779504776,0.4787576198577881,0.602496325969696,shuffled_diagonal,0.0012433391530066729,11,5376,antonym,0.16363635659217834,22,node_disjoint,104,0.7396617531776428,0.8181818127632141,static_raw
0.47916242480278015,0.4787576198577881,0.602496325969696,shuffled_diagonal,0.001356347813270986,13,5376,attribute,0.16363635659217834,22,node_disjoint,104,0.5104537606239319,0.7692307829856873,static_raw
0.4577886164188385,0.19651015102863312,0.6055220365524292,shuffled_low_rank,0.0014120088890194893,110,86016,all,0.15454545617103577,22,node_disjoint,104,0.2079215943813324,0.38181817531585693,static_raw
0.4325502812862396,0.19651015102863312,0.6055220365524292,shuffled_low_rank,0.0014777337200939655,19,86016,hypernym,0.15454545617103577,22,node_disjoint,104,0.1454700231552124,0.2631579041481018,static_raw
0.4258207678794861,0.19651015102863312,0.6055220365524292,shuffled_low_rank,0.001495258416980505,18,86016,instance_hypernym,0.15454545617103577,22,node_disjoint,104,0.06682385504245758,0.2777777910232544,static_raw
0.4874286949634552,0.19651015102863312,0.6055220365524292,shuffled_low_rank,0.001334821223281324,12,86016,member_meronym,0.15454545617103577,22,node_disjoint,104,0.32127439975738525,0.4166666567325592,static_raw
0.48463332653045654,0.19651015102863312,0.6055220365524292,shuffled_low_rank,0.0013421009061858058,16,86016,substance_meronym,0.15454545617103577,22,node_disjoint,104,0.25631844997406006,0.4375,static_raw
0.4376734793186188,0.19651015102863312,0.6055220365524292,shuffled_low_rank,0.0014643920585513115,21,86016,part_meronym,0.15454545617103577,22,node_disjoint,104,0.09710834920406342,0.2857142984867096,static_raw
0.5047222971916199,0.19651015102863312,0.6055220365524292,shuffled_low_rank,0.0012897856067866087,11,86016,antonym,0.15454545617103577,22,node_disjoint,104,0.40262430906295776,0.5454545617103577,static_raw
0.4713197946548462,0.19651015102863312,0.6055220365524292,shuffled_low_rank,0.0013767714845016599,13,86016,attribute,0.15454545617103577,22,node_disjoint,104,0.3446219563484192,0.6153846383094788,static_raw
0.2336505502462387,0.793759286403656,0.793759286403656,additive,0.0019957018084824085,110,0,all,0.17272727191448212,22,node_disjoint,104,0.48869240283966064,0.5727272629737854,static_centered
0.16883864998817444,0.793759286403656,0.793759286403656,additive,0.0021644828375428915,19,0,hypernym,0.17272727191448212,22,node_disjoint,104,0.3943703770637512,0.4736842215061188,static_centered
0.006021598819643259,0.793759286403656,0.793759286403656,additive,0.002588485600426793,18,0,instance_hypernym,0.17272727191448212,22,node_disjoint,104,0.03244856372475624,0.0555555559694767,static_centered
0.37389078736305237,0.793759286403656,0.793759286403656,additive,0.001630492857657373,12,0,member_meronym,0.17272727191448212,22,node_disjoint,104,0.7065995335578918,0.75,static_centered
0.38248056173324585,0.793759286403656,0.793759286403656,additive,0.0016081236535683274,16,0,substance_meronym,0.17272727191448212,22,node_disjoint,104,0.6364241242408752,0.6875,static_centered
0.20146410167217255,0.793759286403656,0.793759286403656,additive,0.002079520607367158,21,0,part_meronym,0.17272727191448212,22,node_disjoint,104,0.4276254177093506,0.5714285969734192,static_centered
0.3693182170391083,0.793759286403656,0.793759286403656,additive,0.0016424005152657628,11,0,antonym,0.17272727191448212,22,node_disjoint,104,0.7581169009208679,0.9090909361839294,static_centered
0.2681238651275635,0.793759286403656,0.793759286403656,additive,0.0019059274345636368,13,0,attribute,0.17272727191448212,22,node_disjoint,104,0.745973527431488,0.8461538553237915,static_centered
0.09947293251752853,,,relation_mean,0.002345122629776597,110,,all,,22,node_disjoint,104,0.15007255971431732,0.38181817531585693,static_centered
0.017824117094278336,,,relation_mean,0.0025577498599886894,19,,hypernym,,22,node_disjoint,104,0.09934061765670776,0.2631579041481018,static_centered
0.2649652659893036,,,relation_mean,0.0019141531083732843,18,,instance_hypernym,,22,node_disjoint,104,0.25461345911026,0.6111111044883728,static_centered
0.050799351185560226,,,relation_mean,0.0024718765635043383,12,,member_meronym,,22,node_disjoint,104,0.15908081829547882,0.4166666567325592,static_centered
0.16322660446166992,,,relation_mean,0.0021790971513837576,16,,substance_meronym,,22,node_disjoint,104,0.19377630949020386,0.625,static_centered
0.06652013957500458,,,relation_mean,0.0024309370201081038,21,,part_meronym,,22,node_disjoint,104,0.05715974047780037,0.190476194024086,static_centered
0.030563069507479668,,,relation_mean,0.002524574985727668,11,,antonym,,22,node_disjoint,104,0.14382126927375793,0.1818181872367859,static_centered
0.06766566634178162,,,relation_mean,0.0024279539939016104,13,,attribute,,22,node_disjoint,104,0.17274533212184906,0.38461539149284363,static_centered
0.22362098097801208,0.66143798828125,0.7958263754844666,offset,0.002021820517256856,110,5376,all,0.3999999761581421,22,node_disjoint,104,0.44124865531921387,0.6454545259475708,static_centered
0.09734871238470078,0.66143798828125,0.7958263754844666,offset,0.0023506544530391693,19,5376,hypernym,0.3999999761581421,22,node_disjoint,104,0.2880305349826813,0.4736842215061188,static_centered
0.2632237672805786,0.66143798828125,0.7958263754844666,offset,0.0019186881836503744,18,5376,instance_hypernym,0.3999999761581421,22,node_disjoint,104,0.33584216237068176,0.6111111044883728,static_centered
0.26743146777153015,0.66143798828125,0.7958263754844666,offset,0.001907730707898736,12,5376,member_meronym,0.3999999761581421,22,node_disjoint,104,0.5758765935897827,0.6666666865348816,static_centered
0.3697064518928528,0.66143798828125,0.7958263754844666,offset,0.0016413894481956959,16,5376,substance_meronym,0.3999999761581421,22,node_disjoint,104,0.5928756594657898,0.75,static_centered
0.12579822540283203,0.66143798828125,0.7958263754844666,offset,0.0022765672765672207,21,5376,part_meronym,0.3999999761581421,22,node_disjoint,104,0.1758982241153717,0.4285714328289032,static_centered
0.3045211732387543,0.66143798828125,0.7958263754844666,offset,0.0018111428944393992,11,5376,antonym,0.3999999761581421,22,node_disjoint,104,0.771969735622406,1.0,static_centered
0.22266770899295807,0.66143798828125,0.7958263754844666,offset,0.0020243029575794935,13,5376,attribute,0.3999999761581421,22,node_disjoint,104,0.6490428447723389,0.8461538553237915,static_centered
0.16727814078330994,0.6970883011817932,1.006453514099121,hrr,0.0021685464307665825,110,5376,all,0.16363635659217834,22,node_disjoint,104,0.4750806391239166,0.5909090638160706,static_centered
0.09097478538751602,0.6970883011817932,1.006453514099121,hrr,0.002367253415286541,19,5376,hypernym,0.16363635659217834,22,node_disjoint,104,0.40095534920692444,0.5789473652839661,static_centered
0.01209599245339632,0.6970883011817932,1.006453514099121,hrr,0.002572666620835662,18,5376,instance_hypernym,0.16363635659217834,22,node_disjoint,104,0.11704235523939133,0.1666666716337204,static_centered
0.2481204718351364,0.6970883011817932,1.006453514099121,hrr,0.0019580195657908916,12,5376,member_meronym,0.16363635659217834,22,node_disjoint,104,0.6228495240211487,0.6666666865348816,static_centered
0.33557507395744324,0.6970883011817932,1.006453514099121,hrr,0.0017302731284871697,16,5376,substance_meronym,0.16363635659217834,22,node_disjoint,104,0.572219729423523,0.6875,static_centered
0.09484916925430298,0.6970883011817932,1.006453514099121,hrr,0.0023571636993438005,21,5376,part_meronym,0.16363635659217834,22,node_disjoint,104,0.3833211362361908,0.5714285969734192,static_centered
0.29040926694869995,0.6970883011817932,1.006453514099121,hrr,0.0018478925339877605,11,5376,antonym,0.16363635659217834,22,node_disjoint,104,0.7454546093940735,0.8181818127632141,static_centered
0.22472040355205536,0.6970883011817932,1.006453514099121,hrr,0.0020189571660012007,13,5376,attribute,0.16363635659217834,22,node_disjoint,104,0.7426543831825256,0.8461538553237915,static_centered
0.17262329161167145,0.6934502720832825,0.7958263754844666,diagonal,0.0021546268835663795,110,5376,all,0.29999998211860657,22,node_disjoint,104,0.45354145765304565,0.5636363625526428,static_centered
0.09700623154640198,0.6934502720832825,0.7958263754844666,diagonal,0.0023515461944043636,19,5376,hypernym,0.29999998211860657,22,node_disjoint,104,0.31743425130844116,0.5263158082962036,static_centered
0.010822264477610588,0.6934502720832825,0.7958263754844666,diagonal,0.002575983526185155,18,5376,instance_hypernym,0.29999998211860657,22,node_disjoint,104,0.06574393063783646,0.2222222238779068,static_centered
0.27198997139930725,0.6934502720832825,0.7958263754844666,diagonal,0.0018958596047013998,12,5376,member_meronym,0.29999998211860657,22,node_disjoint,104,0.6962999701499939,0.75,static_centered
0.3499295711517334,0.6934502720832825,0.7958263754844666,diagonal,0.0016928917029872537,16,5376,substance_meronym,0.29999998211860657,22,node_disjoint,104,0.6068405508995056,0.6875,static_centered
0.08138777315616608,0.6934502720832825,0.7958263754844666,diagonal,0.002392219379544258,21,5376,part_meronym,0.29999998211860657,22,node_disjoint,104,0.32120078802108765,0.4285714328289032,static_centered
0.2957491874694824,0.6934502720832825,0.7958263754844666,diagonal,0.0018339866073802114,11,5376,antonym,0.29999998211860657,22,node_disjoint,104,0.749884843826294,0.8181818127632141,static_centered
0.24042350053787231,0.6934502720832825,0.7958263754844666,diagonal,0.0019780637230724096,13,5376,attribute,0.29999998211860657,22,node_disjoint,104,0.7396865487098694,0.7692307829856873,static_centered
0.13656418025493622,0.24095876514911652,0.7965738773345947,low_rank,0.0022485307417809963,110,86016,all,0.2818181812763214,22,node_disjoint,104,0.38267022371292114,0.5727272629737854,static_centered
0.06435897201299667,0.24095876514911652,0.7965738773345947,low_rank,0.0024365652352571487,19,86016,hypernym,0.2818181812763214,22,node_disjoint,104,0.18168893456459045,0.42105263471603394,static_centered
0.10308290272951126,0.24095876514911652,0.7965738773345947,low_rank,0.002335721394047141,18,86016,instance_hypernym,0.2818181812763214,22,node_disjoint,104,0.22866132855415344,0.5,static_centered
0.16238029301166534,0.24095876514911652,0.7965738773345947,low_rank,0.0021813013590872288,12,86016,member_meronym,0.2818181812763214,22,node_disjoint,104,0.5595296025276184,0.6666666865348816,static_centered
0.21285365521907806,0.24095876514911652,0.7965738773345947,low_rank,0.0020498603116720915,16,86016,substance_meronym,0.2818181812763214,22,node_disjoint,104,0.47093692421913147,0.75,static_centered
0.11598123610019684,0.24095876514911652,0.7965738773345947,low_rank,0.0023021320812404156,21,86016,part_meronym,0.2818181812763214,22,node_disjoint,104,0.328619122505188,0.4285714328289032,static_centered
0.2087896764278412,0.24095876514911652,0.7965738773345947,low_rank,0.0020604433957487345,11,86016,antonym,0.2818181812763214,22,node_disjoint,104,0.7020923495292664,0.8181818127632141,static_centered
0.1428641527891159,0.24095876514911652,0.7965738773345947,low_rank,0.00223212456330657,13,86016,attribute,0.2818181812763214,22,node_disjoint,104,0.4347972869873047,0.6153846383094788,static_centered
0.1655326783657074,0.7096783518791199,1.001211404800415,shuffled_hrr,0.0021730917505919933,110,5376,all,0.13636362552642822,22,node_disjoint,104,0.48246392607688904,0.6181818246841431,static_centered
0.09779012203216553,0.7096783518791199,1.001211404800415,shuffled_hrr,0.00234950496815145,19,5376,hypernym,0.13636362552642822,22,node_disjoint,104,0.33197227120399475,0.5263158082962036,static_centered
0.012836312875151634,0.7096783518791199,1.001211404800415,shuffled_hrr,0.002570738783106208,18,5376,instance_hypernym,0.13636362552642822,22,node_disjoint,104,0.04080667719244957,0.0555555559694767,static_centered
0.2966069281101227,0.7096783518791199,1.001211404800415,shuffled_hrr,0.001831752946600318,12,5376,member_meronym,0.13636362552642822,22,node_disjoint,104,0.6882491111755371,0.75,static_centered
0.26888391375541687,0.7096783518791199,1.001211404800415,shuffled_hrr,0.001903948257677257,16,5376,substance_meronym,0.13636362552642822,22,node_disjoint,104,0.6313687562942505,0.75,static_centered
0.13568009436130524,0.7096783518791199,1.001211404800415,shuffled_hrr,0.0022508332040160894,21,5376,part_meronym,0.13636362552642822,22,node_disjoint,104,0.4789954125881195,0.6666666865348816,static_centered
0.2596605122089386,0.7096783518791199,1.001211404800415,shuffled_hrr,0.0019279677653685212,11,5376,antonym,0.13636362552642822,22,node_disjoint,104,0.7646463513374329,1.0,static_centered
0.196350559592247,0.7096783518791199,1.001211404800415,shuffled_hrr,0.0020928368903696537,13,5376,attribute,0.13636362552642822,22,node_disjoint,104,0.7075490951538086,0.8461538553237915,static_centered
0.15936335921287537,0.7075560092926025,0.7958263754844666,shuffled_diagonal,0.002189157996326685,110,5376,all,0.145454540848732,22,node_disjoint,104,0.4509826898574829,0.5636363625526428,static_centered
0.09711527079343796,0.7075560092926025,0.7958263754844666,shuffled_diagonal,0.0023512623738497496,19,5376,hypernym,0.145454540848732,22,node_disjoint,104,0.29413947463035583,0.4736842215061188,static_centered
-0.005585691891610622,0.7075560092926025,0.7958263754844666,shuffled_diagonal,0.002618712605908513,18,5376,instance_hypernym,0.145454540848732,22,node_disjoint,104,0.03745335713028908,0.1111111119389534,static_centered
0.31306132674217224,0.7075560092926025,0.7958263754844666,shuffled_diagonal,0.0017889027949422598,12,5376,member_meronym,0.145454540848732,22,node_disjoint,104,0.7432065010070801,0.8333333134651184,static_centered
0.27573710680007935,0.7075560092926025,0.7958263754844666,shuffled_diagonal,0.0018861014395952225,16,5376,substance_meronym,0.145454540848732,22,node_disjoint,104,0.6309776902198792,0.75,static_centered
0.10970226675271988,0.7075560092926025,0.7958263754844666,shuffled_diagonal,0.0023184840101748705,21,5376,part_meronym,0.145454540848732,22,node_disjoint,104,0.3585329055786133,0.4761904776096344,static_centered
0.25273922085762024,0.7075560092926025,0.7958263754844666,shuffled_diagonal,0.0019459916511550546,11,5376,antonym,0.145454540848732,22,node_disjoint,104,0.7485376596450806,0.8181818127632141,static_centered
0.19483961164951324,0.7075560092926025,0.7958263754844666,shuffled_diagonal,0.002096771728247404,13,5376,attribute,0.145454540848732,22,node_disjoint,104,0.6590816974639893,0.7692307829856873,static_centered
0.10705746710300446,0.270767480134964,0.7973602414131165,shuffled_low_rank,0.002325371140614152,110,86016,all,0.16363635659217834,22,node_disjoint,104,0.31080496311187744,0.5181818008422852,static_centered
0.06191112473607063,0.270767480134964,0.7973602414131165,shuffled_low_rank,0.0024429396726191044,19,86016,hypernym,0.16363635659217834,22,node_disjoint,104,0.190799281001091,0.42105263471603394,static_centered
0.0019804658368229866,0.270767480134964,0.7973602414131165,shuffled_low_rank,0.0025990093126893044,18,86016,instance_hypernym,0.16363635659217834,22,node_disjoint,104,0.05168485641479492,0.1666666716337204,static_centered
0.18023322522640228,0.270767480134964,0.7973602414131165,shuffled_low_rank,0.002134809037670493,12,86016,member_meronym,0.16363635659217834,22,node_disjoint,104,0.516002357006073,0.8333333134651184,static_centered
0.18345707654953003,0.270767480134964,0.7973602414131165,shuffled_low_rank,0.002126414095982909,16,86016,substance_meronym,0.16363635659217834,22,node_disjoint,104,0.4103046655654907,0.625,static_centered
0.10681477934122086,0.270767480134964,0.7973602414131165,shuffled_low_rank,0.0023260030429810286,21,86016,part_meronym,0.16363635659217834,22,node_disjoint,104,0.3216554522514343,0.4285714328289032,static_centered
0.14651526510715485,0.270767480134964,0.7973602414131165,shuffled_low_rank,0.002222616458311677,11,86016,antonym,0.16363635659217834,22,node_disjoint,104,0.41446322202682495,0.7272727489471436,static_centered
0.12395922839641571,0.270767480134964,0.7973602414131165,shuffled_low_rank,0.0022813561372458935,13,86016,attribute,0.16363635659217834,22,node_disjoint,104,0.4278669059276581,0.692307710647583,static_centered
0.992760181427002,0.00813281536102295,0.00813281536102295,additive,1.8853894289350137e-05,110,0,all,0.17272727191448212,22,node_disjoint,104,0.27445971965789795,0.41818180680274963,contextual_raw
0.9950505495071411,0.00813281536102295,0.00813281536102295,additive,1.2889617210021242e-05,19,0,hypernym,0.17272727191448212,22,node_disjoint,104,0.20891408622264862,0.5263158082962036,contextual_raw
0.9886977672576904,0.00813281536102295,0.00813281536102295,additive,2.9433120289468206e-05,18,0,instance_hypernym,0.17272727191448212,22,node_disjoint,104,0.06481000036001205,0.1111111119389534,contextual_raw
0.9922247529029846,0.00813281536102295,0.00813281536102295,additive,2.024838249781169e-05,12,0,member_meronym,0.17272727191448212,22,node_disjoint,104,0.43932053446769714,0.5,contextual_raw
0.9946993589401245,0.00813281536102295,0.00813281536102295,additive,1.3803984074911568e-05,16,0,substance_meronym,0.17272727191448212,22,node_disjoint,104,0.37442973256111145,0.5,contextual_raw
0.9940185546875,0.00813281536102295,0.00813281536102295,additive,1.5577112208120525e-05,21,0,part_meronym,0.17272727191448212,22,node_disjoint,104,0.35439983010292053,0.5714285969734192,contextual_raw
0.9940837621688843,0.00813281536102295,0.00813281536102295,additive,1.540705306979362e-05,11,0,antonym,0.17272727191448212,22,node_disjoint,104,0.5104402899742126,0.5454545617103577,contextual_raw
0.9899929761886597,0.00813281536102295,0.00813281536102295,additive,2.6060630261781625e-05,13,0,attribute,0.17272727191448212,22,node_disjoint,104,0.05651227757334709,0.1538461595773697,contextual_raw
0.9952792525291443,,,relation_mean,1.2293759937165305e-05,110,,all,,22,node_disjoint,104,0.09051789343357086,0.20000000298023224,contextual_raw
0.9958551526069641,,,relation_mean,1.0794328773044981e-05,19,,hypernym,,22,node_disjoint,104,0.058695077896118164,0.15789473056793213,contextual_raw
0.9965941309928894,,,relation_mean,8.869865268934518e-06,18,,instance_hypernym,,22,node_disjoint,104,0.12861239910125732,0.1666666716337204,contextual_raw
0.9945774078369141,,,relation_mean,1.4121363165031653e-05,12,,member_meronym,,22,node_disjoint,104,0.1090729758143425,0.1666666716337204,contextual_raw
0.9959569573402405,,,relation_mean,1.052921015798347e-05,16,,substance_meronym,,22,node_disjoint,104,0.15970838069915771,0.5,contextual_raw
0.9954609870910645,,,relation_mean,1.1820189683930948e-05,21,,part_meronym,,22,node_disjoint,104,0.061982013285160065,0.1428571492433548,contextual_raw
0.9921398162841797,,,relation_mean,2.0469546143431216e-05,11,,antonym,,22,node_disjoint,104,0.02250191569328308,0.0,contextual_raw
0.9947938919067383,,,relation_mean,1.3557765669247601e-05,13,,attribute,,22,node_disjoint,104,0.08564504981040955,0.23076923191547394,contextual_raw
0.9951398968696594,0.004507328383624554,0.00815399456769228,offset,1.2656786566367373e-05,110,5376,all,0.3181818127632141,22,node_disjoint,104,0.2436719834804535,0.3636363744735718,contextual_raw
0.9961137175559998,0.004507328383624554,0.00815399456769228,offset,1.0120853403350338e-05,19,5376,hypernym,0.3181818127632141,22,node_disjoint,104,0.09955667704343796,0.3684210479259491,contextual_raw
0.9949612021446228,0.004507328383624554,0.00815399456769228,offset,1.3122445125191007e-05,18,5376,instance_hypernym,0.3181818127632141,22,node_disjoint,104,0.1319378763437271,0.1666666716337204,contextual_raw
0.9946383833885193,0.004507328383624554,0.00815399456769228,offset,1.3962828234070912e-05,12,5376,member_meronym,0.3181818127632141,22,node_disjoint,104,0.4249689280986786,0.4166666567325592,contextual_raw
0.9963546991348267,0.004507328383624554,0.00815399456769228,offset,9.493262950854842e-06,16,5376,substance_meronym,0.3181818127632141,22,node_disjoint,104,0.4477933943271637,0.625,contextual_raw
0.9957584142684937,0.004507328383624554,0.00815399456769228,offset,1.1045542123611085e-05,21,5376,part_meronym,0.3181818127632141,22,node_disjoint,104,0.32762381434440613,0.4285714328289032,contextual_raw
0.9945665001869202,0.004507328383624554,0.00815399456769228,offset,1.414989401382627e-05,11,5376,antonym,0.3181818127632141,22,node_disjoint,104,0.21309418976306915,0.27272728085517883,contextual_raw
0.9924177527427673,0.004507328383624554,0.00815399456769228,offset,1.974576480279211e-05,13,5376,attribute,0.3181818127632141,22,node_disjoint,104,0.08069263398647308,0.23076923191547394,contextual_raw
0.9926735758781433,0.0073210615664720535,1.0125672817230225,hrr,1.907945807033684e-05,110,5376,all,0.27272725105285645,22,node_disjoint,104,0.2841709554195404,0.4000000059604645,contextual_raw
0.9945293068885803,0.0073210615664720535,1.0125672817230225,hrr,1.424662332283333e-05,19,5376,hypernym,0.27272725105285645,22,node_disjoint,104,0.22641751170158386,0.3684210479259491,contextual_raw
0.9902809858322144,0.0073210615664720535,1.0125672817230225,hrr,2.5310044293291867e-05,18,5376,instance_hypernym,0.27272725105285645,22,node_disjoint,104,0.12814506888389587,0.2222222238779068,contextual_raw
0.9922711253166199,0.0073210615664720535,1.0125672817230225,hrr,2.0127448806306347e-05,12,5376,member_meronym,0.27272725105285645,22,node_disjoint,104,0.3720878064632416,0.4166666567325592,contextual_raw
0.9950495362281799,0.0073210615664720535,1.0125672817230225,hrr,1.2892123777419329e-05,16,5376,substance_meronym,0.27272725105285645,22,node_disjoint,104,0.44408485293388367,0.5,contextual_raw
0.993594229221344,0.0073210615664720535,1.0125672817230225,hrr,1.6682040950399823e-05,21,5376,part_meronym,0.27272725105285645,22,node_disjoint,104,0.3913052976131439,0.5714285969734192,contextual_raw
0.9934049248695374,0.0073210615664720535,1.0125672817230225,hrr,1.7175141692860052e-05,11,5376,antonym,0.27272725105285645,22,node_disjoint,104,0.37126395106315613,0.5454545617103577,contextual_raw
0.9886153340339661,0.0073210615664720535,1.0125672817230225,hrr,2.9647755582118407e-05,13,5376,attribute,0.27272725105285645,22,node_disjoint,104,0.0598873533308506,0.1538461595773697,contextual_raw
0.9937778115272522,0.006174150388687849,0.00815399456769228,diagonal,1.620388684386853e-05,110,5376,all,0.29999998211860657,22,node_disjoint,104,0.21865877509117126,0.38181817531585693,contextual_raw
0.9957608580589294,0.006174150388687849,0.00815399456769228,diagonal,1.1039642231480684e-05,19,5376,hypernym,0.29999998211860657,22,node_disjoint,104,0.14581377804279327,0.42105263471603394,contextual_raw
0.9923536777496338,0.006174150388687849,0.00815399456769228,diagonal,1.9912786228815094e-05,18,5376,instance_hypernym,0.29999998211860657,22,node_disjoint,104,0.07595738023519516,0.2222222238779068,contextual_raw
0.9940746426582336,0.006174150388687849,0.00815399456769228,diagonal,1.543082544230856e-05,12,5376,member_meronym,0.29999998211860657,22,node_disjoint,104,0.38428428769111633,0.4166666567325592,contextual_raw
0.995986819267273,0.006174150388687849,0.00815399456769228,diagonal,1.0451370144437533e-05,16,5376,substance_meronym,0.29999998211860657,22,node_disjoint,104,0.36869943141937256,0.625,contextual_raw
0.9943533539772034,0.006174150388687849,0.00815399456769228,diagonal,1.4705069588671904e-05,21,5376,part_meronym,0.29999998211860657,22,node_disjoint,104,0.33138328790664673,0.4761904776096344,contextual_raw
0.9932685494422913,0.006174150388687849,0.00815399456769228,diagonal,1.7530041077407077e-05,11,5376,antonym,0.29999998211860657,22,node_disjoint,104,0.1699352115392685,0.27272728085517883,contextual_raw
0.9893598556518555,0.006174150388687849,0.00815399456769228,diagonal,2.7708863854059018e-05,13,5376,attribute,0.29999998211860657,22,node_disjoint,104,0.04429491609334946,0.1538461595773697,contextual_raw
0.9936126470565796,0.0007976747001521289,0.014843633398413658,low_rank,1.6633897757856175e-05,110,86016,all,0.27272725105285645,22,node_disjoint,104,0.28139957785606384,0.37272727489471436,contextual_raw
0.9954888224601746,0.0007976747001521289,0.014843633398413658,low_rank,1.1747978533094283e-05,19,86016,hypernym,0.27272725105285645,22,node_disjoint,104,0.18771302700042725,0.2631579041481018,contextual_raw
0.994770884513855,0.0007976747001521289,0.014843633398413658,low_rank,1.3617705917567946e-05,18,86016,instance_hypernym,0.27272725105285645,22,node_disjoint,104,0.18607772886753082,0.3333333432674408,contextual_raw
0.9925038814544678,0.0007976747001521289,0.014843633398413658,low_rank,1.9521379726938903e-05,12,86016,member_meronym,0.27272725105285645,22,node_disjoint,104,0.3926957845687866,0.4166666567325592,contextual_raw
0.9948164820671082,0.0007976747001521289,0.014843633398413658,low_rank,1.3499007764039561e-05,16,86016,substance_meronym,0.27272725105285645,22,node_disjoint,104,0.4354146122932434,0.5625,contextual_raw
0.9930199384689331,0.0007976747001521289,0.014843633398413658,low_rank,1.8177264792029746e-05,21,86016,part_meronym,0.27272725105285645,22,node_disjoint,104,0.313758909702301,0.4761904776096344,contextual_raw
0.9932464361190796,0.0007976747001521289,0.014843633398413658,low_rank,1.7587679394637235e-05,11,86016,antonym,0.27272725105285645,22,node_disjoint,104,0.2948136627674103,0.27272728085517883,contextual_raw
0.990075945854187,0.0007976747001521289,0.014843633398413658,low_rank,2.5843917683232576e-05,13,86016,attribute,0.27272725105285645,22,node_disjoint,104,0.19439509510993958,0.23076923191547394,contextual_raw
0.9925116896629333,0.00792607106268406,1.0124282836914062,shuffled_hrr,1.9501134374877438e-05,110,5376,all,0.20909090340137482,22,node_disjoint,104,0.28569748997688293,0.4363636374473572,contextual_raw
0.9947879910469055,0.00792607106268406,1.0124282836914062,shuffled_hrr,1.3573008800449315e-05,19,5376,hypernym,0.20909090340137482,22,node_disjoint,104,0.28762364387512207,0.5789473652839661,contextual_raw
0.9891418814659119,0.00792607106268406,1.0124282836914062,shuffled_hrr,2.8276424927753396e-05,18,5376,instance_hypernym,0.20909090340137482,22,node_disjoint,104,0.06887386739253998,0.2222222238779068,contextual_raw
0.9920366406440735,0.00792607106268406,1.0124282836914062,shuffled_hrr,2.0738105376949534e-05,12,5376,member_meronym,0.20909090340137482,22,node_disjoint,104,0.4456622898578644,0.5,contextual_raw
0.9946228265762329,0.00792607106268406,1.0124282836914062,shuffled_hrr,1.4003126125317067e-05,16,5376,substance_meronym,0.20909090340137482,22,node_disjoint,104,0.3777104318141937,0.5,contextual_raw
0.9934666752815247,0.00792607106268406,1.0124282836914062,shuffled_hrr,1.7013921024044976e-05,21,5376,part_meronym,0.20909090340137482,22,node_disjoint,104,0.3239959180355072,0.4761904776096344,contextual_raw
0.993739128112793,0.00792607106268406,1.0124282836914062,shuffled_hrr,1.6304697055602446e-05,11,5376,antonym,0.20909090340137482,22,node_disjoint,104,0.5078079104423523,0.5454545617103577,contextual_raw
0.9891089200973511,0.00792607106268406,1.0124282836914062,shuffled_hrr,2.8362366720102727e-05,13,5376,attribute,0.20909090340137482,22,node_disjoint,104,0.07238674908876419,0.23076923191547394,contextual_raw
0.993789553642273,0.00655231112614274,0.00815399456769228,shuffled_diagonal,1.6173396943486296e-05,110,5376,all,0.19090908765792847,22,node_disjoint,104,0.18588849902153015,0.290909081697464,contextual_raw
0.9956145286560059,0.00655231112614274,0.00815399456769228,shuffled_diagonal,1.1420883311075158e-05,19,5376,hypernym,0.19090908765792847,22,node_disjoint,104,0.14935196936130524,0.3684210479259491,contextual_raw
0.9912357330322266,0.00655231112614274,0.00815399456769228,shuffled_diagonal,2.2823789549875073e-05,18,5376,instance_hypernym,0.19090908765792847,22,node_disjoint,104,0.06882117688655853,0.1111111119389534,contextual_raw
0.9942952990531921,0.00655231112614274,0.00815399456769228,shuffled_diagonal,1.4856069356028456e-05,12,5376,member_meronym,0.19090908765792847,22,node_disjoint,104,0.3842866122722626,0.4166666567325592,contextual_raw
0.9956651329994202,0.00655231112614274,0.00815399456769228,shuffled_diagonal,1.1288987479929347e-05,16,5376,substance_meronym,0.19090908765792847,22,node_disjoint,104,0.3719273805618286,0.5,contextual_raw
0.9945113062858582,0.00655231112614274,0.00815399456769228,shuffled_diagonal,1.4293873391579837e-05,21,5376,part_meronym,0.19090908765792847,22,node_disjoint,104,0.18601258099079132,0.2857142984867096,contextual_raw
0.9927781820297241,0.00655231112614274,0.00815399456769228,shuffled_diagonal,1.8806817024596967e-05,11,5376,antonym,0.19090908765792847,22,node_disjoint,104,0.13384300470352173,0.27272728085517883,contextual_raw
0.9915726184844971,0.00655231112614274,0.00815399456769228,shuffled_diagonal,2.1946592823951505e-05,13,5376,attribute,0.19090908765792847,22,node_disjoint,104,0.033111926168203354,0.07692307978868484,contextual_raw
0.9932077527046204,0.0008600045694038272,0.014868373982608318,shuffled_low_rank,1.768853144312743e-05,110,86016,all,0.12727272510528564,22,node_disjoint,104,0.2545512020587921,0.3545454442501068,contextual_raw
0.9948281645774841,0.0008600045694038272,0.014868373982608318,shuffled_low_rank,1.3468215911416337e-05,19,86016,hypernym,0.12727272510528564,22,node_disjoint,104,0.26499447226524353,0.31578946113586426,contextual_raw
0.9906628727912903,0.0008600045694038272,0.014868373982608318,shuffled_low_rank,2.4315269911312498e-05,18,86016,instance_hypernym,0.12727272510528564,22,node_disjoint,104,0.12561675906181335,0.2222222238779068,contextual_raw
0.9926162362098694,0.0008600045694038272,0.014868373982608318,shuffled_low_rank,1.9228689779993147e-05,12,86016,member_meronym,0.12727272510528564,22,node_disjoint,104,0.3833107650279999,0.4166666567325592,contextual_raw
0.9951289296150208,0.0008600045694038272,0.014868373982608318,shuffled_low_rank,1.268541473109508e-05,16,86016,substance_meronym,0.12727272510528564,22,node_disjoint,104,0.48372095823287964,0.625,contextual_raw
0.9937654137611389,0.0008600045694038272,0.014868373982608318,shuffled_low_rank,1.6236152077908628e-05,21,86016,part_meronym,0.12727272510528564,22,node_disjoint,104,0.25106027722358704,0.380952388048172,contextual_raw
0.9926756024360657,0.0008600045694038272,0.014868373982608318,shuffled_low_rank,1.9074352167081088e-05,11,86016,antonym,0.12727272510528564,22,node_disjoint,104,0.13083530962467194,0.27272728085517883,contextual_raw
0.9920933842658997,0.0008600045694038272,0.014868373982608318,shuffled_low_rank,2.0590718122548424e-05,13,86016,attribute,0.12727272510528564,22,node_disjoint,104,0.1272241771221161,0.23076923191547394,contextual_raw
0.31183546781539917,0.7125555276870728,0.7125555276870728,additive,0.0017920952523127198,110,0,all,0.17272727191448212,22,node_disjoint,104,0.28873077034950256,0.4363636374473572,contextual_centered
0.3382473886013031,0.7125555276870728,0.7125555276870728,additive,0.0017233142862096429,19,0,hypernym,0.17272727191448212,22,node_disjoint,104,0.2502451539039612,0.4736842215061188,contextual_centered
0.07853981852531433,0.7125555276870728,0.7125555276870728,additive,0.002399635734036565,18,0,instance_hypernym,0.17272727191448212,22,node_disjoint,104,0.04173004999756813,0.0555555559694767,contextual_centered
0.35170504450798035,0.7125555276870728,0.7125555276870728,additive,0.0016882683848962188,12,0,member_meronym,0.17272727191448212,22,node_disjoint,104,0.535173773765564,0.5833333134651184,contextual_centered
0.5130978226661682,0.7125555276870728,0.7125555276870728,additive,0.0012679746141657233,16,0,substance_meronym,0.17272727191448212,22,node_disjoint,104,0.3641648292541504,0.625,contextual_centered
0.38223204016685486,0.7125555276870728,0.7125555276870728,additive,0.001608771039173007,21,0,part_meronym,0.17272727191448212,22,node_disjoint,104,0.36327746510505676,0.523809552192688,contextual_centered
0.5298448204994202,0.7125555276870728,0.7125555276870728,additive,0.0012243626406416297,11,0,antonym,0.17272727191448212,22,node_disjoint,104,0.5264963507652283,0.7272727489471436,contextual_centered
0.013561200350522995,0.7125555276870728,0.7125555276870728,additive,0.002568851225078106,13,0,attribute,0.17272727191448212,22,node_disjoint,104,0.04504415765404701,0.1538461595773697,contextual_centered
0.2944783866405487,,,relation_mean,0.0018372958293184638,110,,all,,22,node_disjoint,104,0.12727539241313934,0.3181818127632141,contextual_centered
0.005811620969325304,,,relation_mean,0.0025890320539474487,19,,hypernym,,22,node_disjoint,104,0.07304356247186661,0.15789473056793213,contextual_centered
0.4320940673351288,,,relation_mean,0.0014789217384532094,18,,instance_hypernym,,22,node_disjoint,104,0.21622100472450256,0.6111111044883728,contextual_centered
0.24191910028457642,,,relation_mean,0.0019741689320653677,12,,member_meronym,,22,node_disjoint,104,0.08721768856048584,0.25,contextual_centered
0.6091234087944031,,,relation_mean,0.001017907983623445,16,,substance_meronym,,22,node_disjoint,104,0.21045798063278198,0.5625,contextual_centered
0.30675989389419556,,,relation_mean,0.0018053128151223063,21,,part_meronym,,22,node_disjoint,104,0.06744103878736496,0.1428571492433548,contextual_centered
0.26001664996147156,,,relation_mean,0.0019270400516688824,11,,antonym,,22,node_disjoint,104,0.16177493333816528,0.27272728085517883,contextual_centered
0.19641254842281342,,,relation_mean,0.0020926757715642452,13,,attribute,,22,node_disjoint,104,0.08544308692216873,0.23076923191547394,contextual_centered
0.38538658618927,0.5478264689445496,0.7144111394882202,offset,0.0016005559591576457,110,5376,all,0.34545454382896423,22,node_disjoint,104,0.25185534358024597,0.48181816935539246,contextual_centered
0.1747560054063797,0.5478264689445496,0.7144111394882202,offset,0.00214907294139266,19,5376,hypernym,0.34545454382896423,22,node_disjoint,104,0.17939889430999756,0.2631579041481018,contextual_centered
0.41921699047088623,0.5478264689445496,0.7144111394882202,offset,0.001512455753982067,18,5376,instance_hypernym,0.34545454382896423,22,node_disjoint,104,0.21588975191116333,0.5,contextual_centered
0.3877725303173065,0.5478264689445496,0.7144111394882202,offset,0.0015943426406010985,12,5376,member_meronym,0.34545454382896423,22,node_disjoint,104,0.32796648144721985,0.5833333134651184,contextual_centered
0.6732708811759949,0.5478264689445496,0.7144111394882202,offset,0.000850857060868293,16,5376,substance_meronym,0.34545454382896423,22,node_disjoint,104,0.4053731858730316,0.6875,contextual_centered
0.4099009037017822,0.5478264689445496,0.7144111394882202,offset,0.0015367165906354785,21,5376,part_meronym,0.34545454382896423,22,node_disjoint,104,0.23141805827617645,0.523809552192688,contextual_centered
0.5063679218292236,0.5478264689445496,0.7144111394882202,offset,0.0012855002423748374,11,5376,antonym,0.34545454382896423,22,node_disjoint,104,0.4000629484653473,0.7272727489471436,contextual_centered
0.14789901673793793,0.5478264689445496,0.7144111394882202,offset,0.002219012938439846,13,5376,attribute,0.34545454382896423,22,node_disjoint,104,0.05595795437693596,0.1538461595773697,contextual_centered
0.28435203433036804,0.6301220059394836,1.0100401639938354,hrr,0.0018636666936799884,110,5376,all,0.24545453488826752,22,node_disjoint,104,0.3055269718170166,0.5,contextual_centered
0.2455531656742096,0.6301220059394836,1.0100401639938354,hrr,0.001964705064892769,19,5376,hypernym,0.24545453488826752,22,node_disjoint,104,0.24824197590351105,0.4736842215061188,contextual_centered
0.14199936389923096,0.6301220059394836,1.0100401639938354,hrr,0.002234376734122634,18,5376,instance_hypernym,0.24545453488826752,22,node_disjoint,104,0.15525226294994354,0.4444444477558136,contextual_centered
0.2825259864330292,0.6301220059394836,1.0100401639938354,hrr,0.0018684217939153314,12,5376,member_meronym,0.24545453488826752,22,node_disjoint,104,0.47487345337867737,0.5833333134651184,contextual_centered
0.5002866387367249,0.6301220059394836,1.0100401639938354,hrr,0.0013013369170948863,16,5376,substance_meronym,0.24545453488826752,22,node_disjoint,104,0.4044671356678009,0.625,contextual_centered
0.32011663913726807,0.6301220059394836,1.0100401639938354,hrr,0.0017705295467749238,21,5376,part_meronym,0.24545453488826752,22,node_disjoint,104,0.3455227017402649,0.5714285969734192,contextual_centered
0.48474666476249695,0.6301220059394836,1.0100401639938354,hrr,0.001341805444099009,11,5376,antonym,0.24545453488826752,22,node_disjoint,104,0.5251529216766357,0.7272727489471436,contextual_centered
0.04674338921904564,0.6301220059394836,1.0100401639938354,hrr,0.002482438925653696,13,5376,attribute,0.24545453488826752,22,node_disjoint,104,0.06878598034381866,0.07692307978868484,contextual_centered
0.29697105288505554,0.6164555549621582,0.7144111394882202,diagonal,0.001830804510973394,110,5376,all,0.22727271914482117,22,node_disjoint,104,0.2965337932109833,0.4636363685131073,contextual_centered
0.2526474893093109,0.6164555549621582,0.7144111394882202,diagonal,0.0019462306518107653,19,5376,hypernym,0.22727271914482117,22,node_disjoint,104,0.2943175435066223,0.42105263471603394,contextual_centered
0.07792863249778748,0.6164555549621582,0.7144111394882202,diagonal,0.0024012273643165827,18,5376,instance_hypernym,0.22727271914482117,22,node_disjoint,104,0.07562214136123657,0.1666666716337204,contextual_centered
0.3466810882091522,0.6164555549621582,0.7144111394882202,diagonal,0.0017013513715937734,12,5376,member_meronym,0.22727271914482117,22,node_disjoint,104,0.4379848539829254,0.6666666865348816,contextual_centered
0.5120002031326294,0.6164555549621582,0.7144111394882202,diagonal,0.0012708328431472182,16,5376,substance_meronym,0.22727271914482117,22,node_disjoint,104,0.3903946876525879,0.5625,contextual_centered
0.31801483035087585,0.6164555549621582,0.7144111394882202,diagonal,0.0017760031623765826,21,5376,part_meronym,0.22727271914482117,22,node_disjoint,104,0.36093851923942566,0.5714285969734192,contextual_centered
0.5389071106910706,0.6164555549621582,0.7144111394882202,diagonal,0.0012007626937702298,11,5376,antonym,0.22727271914482117,22,node_disjoint,104,0.5192238688468933,0.7272727489471436,contextual_centered
0.1157948225736618,0.6164555549621582,0.7144111394882202,diagonal,0.002302617998793721,13,5376,attribute,0.22727271914482117,22,node_disjoint,104,0.06709100306034088,0.23076923191547394,contextual_centered
0.2936360538005829,0.07104593515396118,0.7157822251319885,low_rank,0.0018394894432276487,110,86016,all,0.2181818187236786,22,node_disjoint,104,0.20156040787696838,0.4000000059604645,contextual_centered
0.18315590918064117,0.07104593515396118,0.7157822251319885,low_rank,0.0021271982695907354,19,86016,hypernym,0.2181818187236786,22,node_disjoint,104,0.08468366414308548,0.31578946113586426,contextual_centered
0.3597738444805145,0.07104593515396118,0.7157822251319885,low_rank,0.0016672556521371007,18,86016,instance_hypernym,0.2181818187236786,22,node_disjoint,104,0.2338484674692154,0.3333333432674408,contextual_centered
0.2643800675868988,0.07104593515396118,0.7157822251319885,low_rank,0.0019156767521053553,12,86016,member_meronym,0.2181818187236786,22,node_disjoint,104,0.3571098744869232,0.5,contextual_centered
0.4706629514694214,0.07104593515396118,0.7157822251319885,low_rank,0.0013784820912405849,16,86016,substance_meronym,0.2181818187236786,22,node_disjoint,104,0.18739552795886993,0.5,contextual_centered
0.31825166940689087,0.07104593515396118,0.7157822251319885,low_rank,0.0017753863940015435,21,86016,part_meronym,0.2181818187236786,22,node_disjoint,104,0.20822837948799133,0.4761904776096344,contextual_centered
0.32456159591674805,0.07104593515396118,0.7157822251319885,low_rank,0.0017589540220797062,11,86016,antonym,0.2181818187236786,22,node_disjoint,104,0.3590673506259918,0.6363636255264282,contextual_centered
0.10672620683908463,0.07104593515396118,0.7157822251319885,low_rank,0.002326233545318246,13,86016,attribute,0.2181818187236786,22,node_disjoint,104,0.05747676640748978,0.07692307978868484,contextual_centered
0.26251861453056335,0.6607078313827515,1.0039201974868774,shuffled_hrr,0.0019205245189368725,110,5376,all,0.13636362552642822,22,node_disjoint,104,0.2892729341983795,0.4363636374473572,contextual_centered
0.2535974383354187,0.6607078313827515,1.0039201974868774,shuffled_hrr,0.0019437565933912992,19,5376,hypernym,0.13636362552642822,22,node_disjoint,104,0.22662782669067383,0.42105263471603394,contextual_centered
0.0816061943769455,0.6607078313827515,1.0039201974868774,shuffled_hrr,0.0023916508071124554,18,5376,instance_hypernym,0.13636362552642822,22,node_disjoint,104,0.04065926373004913,0.1111111119389534,contextual_centered
0.3054714500904083,0.6607078313827515,1.0039201974868774,shuffled_hrr,0.0018086681375280023,12,5376,member_meronym,0.13636362552642822,22,node_disjoint,104,0.4660232365131378,0.5833333134651184,contextual_centered
0.4897180497646332,0.6607078313827515,1.0039201974868774,shuffled_hrr,0.001328859361819923,16,5376,substance_meronym,0.13636362552642822,22,node_disjoint,104,0.4196735918521881,0.625,contextual_centered
0.31984493136405945,0.6607078313827515,1.0039201974868774,shuffled_hrr,0.001771237119100988,21,5376,part_meronym,0.13636362552642822,22,node_disjoint,104,0.3221104145050049,0.523809552192688,contextual_centered
0.37564170360565186,0.6607078313827515,1.0039201974868774,shuffled_hrr,0.0016259331023320556,11,5376,antonym,0.13636362552642822,22,node_disjoint,104,0.6437521576881409,0.7272727489471436,contextual_centered
0.018448831513524055,0.6607078313827515,1.0039201974868774,shuffled_hrr,0.00255612307228148,13,5376,attribute,0.13636362552642822,22,node_disjoint,104,0.04842915013432503,0.1538461595773697,contextual_centered
0.2414517104625702,0.6360898613929749,0.7144111394882202,shuffled_diagonal,0.00197538617067039,110,5376,all,0.09090908616781235,22,node_disjoint,104,0.2780923843383789,0.41818180680274963,contextual_centered
0.15266335010528564,0.6360898613929749,0.7144111394882202,shuffled_diagonal,0.0022066060919314623,19,5376,hypernym,0.09090908616781235,22,node_disjoint,104,0.1575862467288971,0.2631579041481018,contextual_centered
0.05564383789896965,0.6360898613929749,0.7144111394882202,shuffled_diagonal,0.0024592606350779533,18,5376,instance_hypernym,0.09090908616781235,22,node_disjoint,104,0.04899284243583679,0.1666666716337204,contextual_centered
0.3476851284503937,0.6360898613929749,0.7144111394882202,shuffled_diagonal,0.0016987365670502186,12,5376,member_meronym,0.09090908616781235,22,node_disjoint,104,0.44238975644111633,0.5833333134651184,contextual_centered
0.4213961362838745,0.6360898613929749,0.7144111394882202,shuffled_diagonal,0.0015067808562889695,16,5376,substance_meronym,0.09090908616781235,22,node_disjoint,104,0.40167608857154846,0.625,contextual_centered
0.30098891258239746,0.6360898613929749,0.7144111394882202,shuffled_diagonal,0.0018203415675088763,21,5376,part_meronym,0.09090908616781235,22,node_disjoint,104,0.31232553720474243,0.523809552192688,contextual_centered
0.42339298129081726,0.6360898613929749,0.7144111394882202,shuffled_diagonal,0.0015015807002782822,11,5376,antonym,0.09090908616781235,22,node_disjoint,104,0.6445623636245728,0.7272727489471436,contextual_centered
0.05883431062102318,0.6360898613929749,0.7144111394882202,shuffled_diagonal,0.002450952073559165,13,5376,attribute,0.09090908616781235,22,node_disjoint,104,0.10227973014116287,0.1538461595773697,contextual_centered
0.2208928018808365,0.07204290479421616,0.7161511182785034,shuffled_low_rank,0.00202892511151731,110,86016,all,0.17272727191448212,22,node_disjoint,104,0.17468112707138062,0.33636364340782166,contextual_centered
0.1531538963317871,0.07204290479421616,0.7161511182785034,shuffled_low_rank,0.0022053285501897335,19,86016,hypernym,0.17272727191448212,22,node_disjoint,104,0.16204099357128143,0.3684210479259491,contextual_centered
0.17885978519916534,0.07204290479421616,0.7161511182785034,shuffled_low_rank,0.0021383860148489475,18,86016,instance_hypernym,0.17272727191448212,22,node_disjoint,104,0.1082468032836914,0.1666666716337204,contextual_centered
0.13260208070278168,0.07204290479421616,0.7161511182785034,shuffled_low_rank,0.002258848864585161,12,86016,member_meronym,0.17272727191448212,22,node_disjoint,104,0.19246624410152435,0.25,contextual_centered
0.4893637001514435,0.07204290479421616,0.7161511182785034,shuffled_low_rank,0.0013297820696607232,16,86016,substance_meronym,0.17272727191448212,22,node_disjoint,104,0.2767290472984314,0.6875,contextual_centered
0.23192083835601807,0.07204290479421616,0.7161511182785034,shuffled_low_rank,0.00200020638294518,21,86016,part_meronym,0.17272727191448212,22,node_disjoint,104,0.20974203944206238,0.3333333432674408,contextual_centered
0.3085906207561493,0.07204290479421616,0.7161511182785034,shuffled_low_rank,0.0018005452584475279,11,86016,antonym,0.17272727191448212,22,node_disjoint,104,0.19719906151294708,0.3636363744735718,contextual_centered
0.0371483750641346,0.07204290479421616,0.7161511182785034,shuffled_low_rank,0.0025074263103306293,13,86016,attribute,0.17272727191448212,22,node_disjoint,104,0.06743615120649338,0.1538461595773697,contextual_centered
0.40499845147132874,0.6086364984512329,0.6086364984512329,additive,0.0015494833933189511,112,0,all,0.133928582072258,33,edge_disjoint,106,0.4539472758769989,0.6428571343421936,static_raw
0.32804563641548157,0.6086364984512329,0.6086364984512329,additive,0.0017498814268037677,15,0,hypernym,0.133928582072258,33,edge_disjoint,106,0.2762488126754761,0.5333333611488342,static_raw
0.27988412976264954,0.6086364984512329,0.6086364984512329,additive,0.0018753019394353032,14,0,instance_hypernym,0.133928582072258,33,edge_disjoint,106,0.06490731239318848,0.2142857164144516,static_raw
0.445473313331604,0.6086364984512329,0.6086364984512329,additive,0.0014440800296142697,18,0,member_meronym,0.133928582072258,33,edge_disjoint,106,0.5697898268699646,0.7222222089767456,static_raw
0.5410269498825073,0.6086364984512329,0.6086364984512329,additive,0.0011952423956245184,14,0,substance_meronym,0.133928582072258,33,edge_disjoint,106,0.7190830111503601,0.7857142686843872,static_raw
0.35203689336776733,0.6086364984512329,0.6086364984512329,additive,0.001687403884716332,15,0,part_meronym,0.133928582072258,33,edge_disjoint,106,0.35121434926986694,0.46666666865348816,static_raw
0.4679432809352875,0.6086364984512329,0.6086364984512329,additive,0.00138556445017457,19,0,antonym,0.133928582072258,33,edge_disjoint,106,0.6133158802986145,0.8947368264198303,static_raw
0.39743489027023315,0.6086364984512329,0.6086364984512329,additive,0.0015691799344494939,17,0,attribute,0.133928582072258,33,edge_disjoint,106,0.5026505589485168,0.7647058963775635,static_raw
0.5174586176872253,,,relation_mean,0.0012566182995215058,112,,all,,33,edge_disjoint,106,0.15025615692138672,0.3928571343421936,static_raw
0.49021318554878235,,,relation_mean,0.0013275700621306896,15,,hypernym,,33,edge_disjoint,106,0.13750998675823212,0.20000000298023224,static_raw
0.6227462887763977,,,relation_mean,0.0009824319276958704,14,,instance_hypernym,,33,edge_disjoint,106,0.3112528622150421,0.9285714030265808,static_raw
0.5097440481185913,,,relation_mean,0.0012767082080245018,18,,member_meronym,,33,edge_disjoint,106,0.13265107572078705,0.2777777910232544,static_raw
0.5108237862586975,,,relation_mean,0.001273896312341094,14,,substance_meronym,,33,edge_disjoint,106,0.2118273228406906,0.5,static_raw
0.5009534955024719,,,relation_mean,0.001299600233323872,15,,part_meronym,,33,edge_disjoint,106,0.09394119679927826,0.2666666805744171,static_raw
0.5086110234260559,,,relation_mean,0.0012796587543562055,19,,antonym,,33,edge_disjoint,106,0.12737753987312317,0.3684210479259491,static_raw
0.49287542700767517,,,relation_mean,0.0013206370640546083,17,,attribute,,33,edge_disjoint,106,0.07211217284202576,0.29411765933036804,static_raw
0.5492122769355774,0.44562920928001404,0.6102215051651001,offset,0.0011739262845367193,112,5376,all,0.598214328289032,33,edge_disjoint,106,0.4089249074459076,0.625,static_raw
0.4962195158004761,0.44562920928001404,0.6102215051651001,offset,0.0013119284994900227,15,5376,hypernym,0.598214328289032,33,edge_disjoint,106,0.20734351873397827,0.2666666805744171,static_raw
0.615692675113678,0.44562920928001404,0.6102215051651001,offset,0.0010008002864196897,14,5376,instance_hypernym,0.598214328289032,33,edge_disjoint,106,0.32723215222358704,0.9285714030265808,static_raw
0.5510050058364868,0.44562920928001404,0.6102215051651001,offset,0.001169258146546781,18,5376,member_meronym,0.598214328289032,33,edge_disjoint,106,0.403662770986557,0.6111111044883728,static_raw
0.5949945449829102,0.44562920928001404,0.6102215051651001,offset,0.0010547018609941006,14,5376,substance_meronym,0.598214328289032,33,edge_disjoint,106,0.6392346620559692,0.7142857313156128,static_raw
0.5142343640327454,0.44562920928001404,0.6102215051651001,offset,0.0012650148710235953,15,5376,part_meronym,0.598214328289032,33,edge_disjoint,106,0.2706459164619446,0.46666666865348816,static_raw
0.5621542930603027,0.44562920928001404,0.6102215051651001,offset,0.001140223117545247,19,5376,antonym,0.598214328289032,33,edge_disjoint,106,0.6136229634284973,0.6842105388641357,static_raw
0.5180191993713379,0.44562920928001404,0.6102215051651001,offset,0.001255158567801118,17,5376,attribute,0.598214328289032,33,edge_disjoint,106,0.3632028102874756,0.7058823704719543,static_raw
0.41859155893325806,0.5656746029853821,1.0097101926803589,hrr,0.0015140846371650696,112,5376,all,0.392857164144516,33,edge_disjoint,106,0.4791836738586426,0.6875,static_raw
0.3370639383792877,0.5656746029853821,1.0097101926803589,hrr,0.0017263962654396892,15,5376,hypernym,0.392857164144516,33,edge_disjoint,106,0.32921263575553894,0.5333333611488342,static_raw
0.3426413834095001,0.5656746029853821,1.0097101926803589,hrr,0.001711871474981308,14,5376,instance_hypernym,0.392857164144516,33,edge_disjoint,106,0.23736754059791565,0.5,static_raw
0.4502183198928833,0.5656746029853821,1.0097101926803589,hrr,0.0014317232416942716,18,5376,member_meronym,0.392857164144516,33,edge_disjoint,106,0.5553557872772217,0.7222222089767456,static_raw
0.5438635945320129,0.5656746029853821,1.0097101926803589,hrr,0.0011878552613779902,14,5376,substance_meronym,0.392857164144516,33,edge_disjoint,106,0.6848794221878052,0.7857142686843872,static_raw
0.3655145764350891,0.5656746029853821,1.0097101926803589,hrr,0.0016523057129234076,15,5376,part_meronym,0.392857164144516,33,edge_disjoint,106,0.39921531081199646,0.6000000238418579,static_raw
0.4677909016609192,0.5656746029853821,1.0097101926803589,hrr,0.001385961426422,19,5376,antonym,0.392857164144516,33,edge_disjoint,106,0.5988801717758179,0.8421052694320679,static_raw
0.4082678258419037,0.5656746029853821,1.0097101926803589,hrr,0.0015409692423418164,17,5376,attribute,0.392857164144516,33,edge_disjoint,106,0.4973866641521454,0.7647058963775635,static_raw
0.4942685663700104,0.4969676434993744,0.6102215051651001,diagonal,0.0013170090969651937,112,5376,all,0.5,33,edge_disjoint,106,0.4384118914604187,0.6160714030265808,static_raw
0.46720871329307556,0.4969676434993744,0.6102215051651001,diagonal,0.0013874773867428303,15,5376,hypernym,0.5,33,edge_disjoint,106,0.3073876202106476,0.5333333611488342,static_raw
0.45165202021598816,0.4969676434993744,0.6102215051651001,diagonal,0.00142798968590796,14,5376,instance_hypernym,0.5,33,edge_disjoint,106,0.16330531239509583,0.5,static_raw
0.5133037567138672,0.4969676434993744,0.6102215051651001,diagonal,0.0012674382887780666,18,5376,member_meronym,0.5,33,edge_disjoint,106,0.543000340461731,0.6666666865348816,static_raw
0.5785918235778809,0.4969676434993744,0.6102215051651001,diagonal,0.0010974170872941613,14,5376,substance_meronym,0.5,33,edge_disjoint,106,0.7090703845024109,0.7857142686843872,static_raw
0.44928932189941406,0.4969676434993744,0.6102215051651001,diagonal,0.001434142584912479,15,5376,part_meronym,0.5,33,edge_disjoint,106,0.2647653818130493,0.4000000059604645,static_raw
0.5237892270088196,0.4969676434993744,0.6102215051651001,diagonal,0.0012401322601363063,19,5376,antonym,0.5,33,edge_disjoint,106,0.5805748105049133,0.6842105388641357,static_raw
0.47033703327178955,0.4969676434993744,0.6102215051651001,diagonal,0.0013793306425213814,17,5376,attribute,0.5,33,edge_disjoint,106,0.44127318263053894,0.7058823704719543,static_raw
0.5004616379737854,0.27706748247146606,0.6120740175247192,low_rank,0.0013008811511099339,112,86016,all,0.5446428656578064,33,edge_disjoint,106,0.3814171254634857,0.6696428656578064,static_raw
0.4796997308731079,0.27706748247146606,0.6120740175247192,low_rank,0.0013549488503485918,15,86016,hypernym,0.5446428656578064,33,edge_disjoint,106,0.22810843586921692,0.4000000059604645,static_raw
0.5480213761329651,0.27706748247146606,0.6120740175247192,low_rank,0.0011770275887101889,14,86016,instance_hypernym,0.5446428656578064,33,edge_disjoint,106,0.3153727054595947,0.7857142686843872,static_raw
0.5181256532669067,0.27706748247146606,0.6120740175247192,low_rank,0.0012548812665045261,18,86016,member_meronym,0.5446428656578064,33,edge_disjoint,106,0.38075101375579834,0.7222222089767456,static_raw
0.5082284212112427,0.27706748247146606,0.6120740175247192,low_rank,0.001280655269511044,14,86016,substance_meronym,0.5446428656578064,33,edge_disjoint,106,0.5843347907066345,0.8571428656578064,static_raw
0.4689810574054718,0.27706748247146606,0.6120740175247192,low_rank,0.0013828619848936796,15,86016,part_meronym,0.5446428656578064,33,edge_disjoint,106,0.23168139159679413,0.4000000059604645,static_raw
0.4812583923339844,0.27706748247146606,0.6120740175247192,low_rank,0.0013508895644918084,19,86016,antonym,0.5446428656578064,33,edge_disjoint,106,0.44567418098449707,0.6842105388641357,static_raw
0.5037546753883362,0.27706748247146606,0.6120740175247192,low_rank,0.0012923056492581964,17,86016,attribute,0.5446428656578064,33,edge_disjoint,106,0.4649786949157715,0.8235294222831726,static_raw
0.40898624062538147,0.5753427743911743,1.0089925527572632,shuffled_hrr,0.0015390983317047358,112,5376,all,0.1607142984867096,33,edge_disjoint,106,0.4513482451438904,0.6517857313156128,static_raw
0.3422376811504364,0.5753427743911743,1.0089925527572632,shuffled_hrr,0.0017129225889220834,15,5376,hypernym,0.1607142984867096,33,edge_disjoint,106,0.2748590409755707,0.5333333611488342,static_raw
0.3117064833641052,0.5753427743911743,1.0089925527572632,shuffled_hrr,0.001792431459762156,14,5376,instance_hypernym,0.1607142984867096,33,edge_disjoint,106,0.09064368903636932,0.2857142984867096,static_raw
0.4464910328388214,0.5753427743911743,1.0089925527572632,shuffled_hrr,0.001441429601982236,18,5376,member_meronym,0.1607142984867096,33,edge_disjoint,106,0.5640055537223816,0.7222222089767456,static_raw
0.5292197465896606,0.5753427743911743,1.0089925527572632,shuffled_hrr,0.001225990359671414,14,5376,substance_meronym,0.1607142984867096,33,edge_disjoint,106,0.6829907298088074,0.7857142686843872,static_raw
0.3657222092151642,0.5753427743911743,1.0089925527572632,shuffled_hrr,0.001651765196584165,15,5376,part_meronym,0.1607142984867096,33,edge_disjoint,106,0.3555302619934082,0.46666666865348816,static_raw
0.4542698562145233,0.5753427743911743,1.0089925527572632,shuffled_hrr,0.0014211722882464528,19,5376,antonym,0.1607142984867096,33,edge_disjoint,106,0.6331429481506348,0.8947368264198303,static_raw
0.3968310058116913,0.5753427743911743,1.0089925527572632,shuffled_hrr,0.001570752589032054,17,5376,attribute,0.1607142984867096,33,edge_disjoint,106,0.47543907165527344,0.7647058963775635,static_raw
0.4791078567504883,0.5065310001373291,0.6102215051651001,shuffled_diagonal,0.0013564899563789368,112,5376,all,0.1428571492433548,33,edge_disjoint,106,0.3921034038066864,0.5357142686843872,static_raw
0.44008514285087585,0.5065310001373291,0.6102215051651001,shuffled_diagonal,0.0014581115683540702,15,5376,hypernym,0.1428571492433548,33,edge_disjoint,106,0.27695226669311523,0.5333333611488342,static_raw
0.4246525168418884,0.5065310001373291,0.6102215051651001,shuffled_diagonal,0.00149830081500113,14,5376,instance_hypernym,0.1428571492433548,33,edge_disjoint,106,0.07693182677030563,0.1428571492433548,static_raw
0.5030396580696106,0.5065310001373291,0.6102215051651001,shuffled_diagonal,0.0012941674795001745,18,5376,member_meronym,0.1428571492433548,33,edge_disjoint,106,0.5081709623336792,0.6111111044883728,static_raw
0.5487610101699829,0.5065310001373291,0.6102215051651001,shuffled_diagonal,0.0011751014972105622,14,5376,substance_meronym,0.1428571492433548,33,edge_disjoint,106,0.6294074654579163,0.7142857313156128,static_raw
0.45085546374320984,0.5065310001373291,0.6102215051651001,shuffled_diagonal,0.0014300639741122723,15,5376,part_meronym,0.1428571492433548,33,edge_disjoint,106,0.27873846888542175,0.4000000059604645,static_raw
0.5081525444984436,0.5065310001373291,0.6102215051651001,shuffled_diagonal,0.0012808528263121843,19,5376,antonym,0.1428571492433548,33,edge_disjoint,106,0.5095715522766113,0.6315789222717285,static_raw
0.4681512117385864,0.5065310001373291,0.6102215051651001,shuffled_diagonal,0.0013850228860974312,17,5376,attribute,0.1428571492433548,33,edge_disjoint,106,0.40367862582206726,0.6470588445663452,static_raw
0.4705960154533386,0.30766355991363525,0.6123273968696594,shuffled_low_rank,0.001378656248562038,112,86016,all,0.133928582072258,33,edge_disjoint,106,0.19360999763011932,0.3392857015132904,static_raw
0.4327404201030731,0.30766355991363525,0.6123273968696594,shuffled_low_rank,0.0014772384893149137,15,86016,hypernym,0.133928582072258,33,edge_disjoint,106,0.058024920523166656,0.13333334028720856,static_raw
0.5024958252906799,0.30766355991363525,0.6123273968696594,shuffled_low_rank,0.0012955839047208428,14,86016,instance_hypernym,0.133928582072258,33,edge_disjoint,106,0.24278469383716583,0.5,static_raw
0.4722631871700287,0.30766355991363525,0.6123273968696594,shuffled_low_rank,0.001374314771965146,18,86016,member_meronym,0.133928582072258,33,edge_disjoint,106,0.2525898218154907,0.3888888955116272,static_raw
0.48881039023399353,0.30766355991363525,0.6123273968696594,shuffled_low_rank,0.0013312229420989752,14,86016,substance_meronym,0.133928582072258,33,edge_disjoint,106,0.276684433221817,0.4285714328289032,static_raw
0.4623965322971344,0.30766355991363525,0.6123273968696594,shuffled_low_rank,0.0014000091468915343,15,86016,part_meronym,0.133928582072258,33,edge_disjoint,106,0.10691287368535995,0.13333334028720856,static_raw
0.4716864228248596,0.30766355991363525,0.6123273968696594,shuffled_low_rank,0.0013758165296167135,19,86016,antonym,0.133928582072258,33,edge_disjoint,106,0.2506934404373169,0.4736842215061188,static_raw
0.46697843074798584,0.30766355991363525,0.6123273968696594,shuffled_low_rank,0.0013880770420655608,17,86016,attribute,0.133928582072258,33,edge_disjoint,106,0.1545819640159607,0.29411765933036804,static_raw
0.21402369439601898,0.8003883361816406,0.8003883361816406,additive,0.002046813489869237,112,0,all,0.133928582072258,33,edge_disjoint,106,0.46736130118370056,0.6517857313156128,static_centered
0.11097188293933868,0.8003883361816406,0.8003883361816406,additive,0.0023151773493736982,15,0,hypernym,0.133928582072258,33,edge_disjoint,106,0.33769097924232483,0.6000000238418579,static_centered
0.023767927661538124,0.8003883361816406,0.8003883361816406,additive,0.0025422710459679365,14,0,instance_hypernym,0.133928582072258,33,edge_disjoint,106,0.0592886283993721,0.1428571492433548,static_centered
0.2680136263370514,0.8003883361816406,0.8003883361816406,additive,0.0019062147475779057,18,0,member_meronym,0.133928582072258,33,edge_disjoint,106,0.58139967918396,0.7777777910232544,static_centered
0.388762503862381,0.8003883361816406,0.8003883361816406,additive,0.0015917643904685974,14,0,substance_meronym,0.133928582072258,33,edge_disjoint,106,0.7221571803092957,0.7857142686843872,static_centered
0.1475503146648407,0.8003883361816406,0.8003883361816406,additive,0.00221992121078074,15,0,part_meronym,0.133928582072258,33,edge_disjoint,106,0.34745603799819946,0.46666666865348816,static_centered
0.30776673555374146,0.8003883361816406,0.8003883361816406,additive,0.0018026906764134765,19,0,antonym,0.133928582072258,33,edge_disjoint,106,0.6495214700698853,0.8947368264198303,static_centered
0.21444590389728546,0.8003883361816406,0.8003883361816406,additive,0.0020457140635699034,17,0,attribute,0.133928582072258,33,edge_disjoint,106,0.4894658327102661,0.7647058963775635,static_centered
0.16103141009807587,,,relation_mean,0.002184813842177391,112,,all,,33,edge_disjoint,106,0.19229188561439514,0.4821428656578064,static_centered
0.09127499908208847,,,relation_mean,0.0023664715699851513,15,,hypernym,,33,edge_disjoint,106,0.1562732309103012,0.4000000059604645,static_centered
0.4009530246257782,,,relation_mean,0.0015600183978676796,14,,instance_hypernym,,33,edge_disjoint,106,0.3303854763507843,0.9285714030265808,static_centered
0.1296575665473938,,,relation_mean,0.002266516676172614,18,,member_meronym,,33,edge_disjoint,106,0.16268378496170044,0.3333333432674408,static_centered
0.15844345092773438,,,relation_mean,0.0021915535908192396,14,,substance_meronym,,33,edge_disjoint,106,0.2349989414215088,0.6428571343421936,static_centered
0.108498714864254,,,relation_mean,0.0023216181434690952,15,,part_meronym,,33,edge_disjoint,106,0.1854708194732666,0.46666666865348816,static_centered
0.14699718356132507,,,relation_mean,0.0022213615011423826,19,,antonym,,33,edge_disjoint,106,0.14596904814243317,0.3684210479259491,static_centered
0.12238704413175583,,,relation_mean,0.0022854504641145468,17,,attribute,,33,edge_disjoint,106,0.16431944072246552,0.3529411852359772,static_centered
0.26906540989875793,0.7066916823387146,0.802472710609436,offset,0.0019034756114706397,112,5376,all,0.5803571939468384,33,edge_disjoint,106,0.5252481698989868,0.8035714030265808,static_centered
0.13402952253818512,0.7066916823387146,0.802472710609436,offset,0.00225513125769794,15,5376,hypernym,0.5803571939468384,33,edge_disjoint,106,0.3797909617424011,0.7333333492279053,static_centered
0.3958877623081207,0.7066916823387146,0.802472710609436,offset,0.001573209068737924,14,5376,instance_hypernym,0.5803571939468384,33,edge_disjoint,106,0.3365079462528229,0.9285714030265808,static_centered
0.27689027786254883,0.7066916823387146,0.802472710609436,offset,0.0018830983899533749,18,5376,member_meronym,0.5803571939468384,33,edge_disjoint,106,0.602612316608429,0.7777777910232544,static_centered
0.37410974502563477,0.7066916823387146,0.802472710609436,offset,0.0016299227718263865,14,5376,substance_meronym,0.5803571939468384,33,edge_disjoint,106,0.8086888194084167,0.8571428656578064,static_centered
0.1677851378917694,0.7066916823387146,0.802472710609436,offset,0.002167226281017065,15,5376,part_meronym,0.5803571939468384,33,edge_disjoint,106,0.374128133058548,0.6666666865348816,static_centered
0.31675097346305847,0.7066916823387146,0.802472710609436,offset,0.001779294339939952,19,5376,antonym,0.5803571939468384,33,edge_disjoint,106,0.6483198404312134,0.8947368264198303,static_centered
0.2250499427318573,0.7066916823387146,0.802472710609436,offset,0.00201809941790998,17,5376,attribute,0.5803571939468384,33,edge_disjoint,106,0.48947975039482117,0.7647058963775635,static_centered
0.1887287199497223,0.7533512711524963,1.006194829940796,hrr,0.002112685702741146,112,5376,all,0.1696428656578064,33,edge_disjoint,106,0.485627144575119,0.6517857313156128,static_centered
0.07704079151153564,0.7533512711524963,1.006194829940796,hrr,0.0024035396054387093,15,5376,hypernym,0.1696428656578064,33,edge_disjoint,106,0.3565576374530792,0.46666666865348816,static_centered
0.006287418305873871,0.7533512711524963,1.006194829940796,hrr,0.00258779339492321,14,5376,instance_hypernym,0.1696428656578064,33,edge_disjoint,106,0.0814027264714241,0.2142857164144516,static_centered
0.24085555970668793,0.7533512711524963,1.006194829940796,hrr,0.001976938685402274,18,5376,member_meronym,0.1696428656578064,33,edge_disjoint,106,0.5777949690818787,0.7222222089767456,static_centered
0.3699192702770233,0.7533512711524963,1.006194829940796,hrr,0.0016408353112637997,14,5376,substance_meronym,0.1696428656578064,33,edge_disjoint,106,0.724673867225647,0.7857142686843872,static_centered
0.1043819710612297,0.7533512711524963,1.006194829940796,hrr,0.002332338597625494,15,5376,part_meronym,0.1696428656578064,33,edge_disjoint,106,0.3898482024669647,0.5333333611488342,static_centered
0.2841995656490326,0.7533512711524963,1.006194829940796,hrr,0.0018640636699274182,19,5376,antonym,0.1696428656578064,33,edge_disjoint,106,0.6527456641197205,0.9473684430122375,static_centered
0.20083469152450562,0.7533512711524963,1.006194829940796,hrr,0.002081159735098481,17,5376,attribute,0.1696428656578064,33,edge_disjoint,106,0.5356823205947876,0.7647058963775635,static_centered
0.196326345205307,0.7513625621795654,0.802472710609436,diagonal,0.002092899987474084,112,5376,all,0.4464285969734192,33,edge_disjoint,106,0.5074113607406616,0.6696428656578064,static_centered
0.097794309258461,0.7513625621795654,0.802472710609436,diagonal,0.0023494940251111984,15,5376,hypernym,0.4464285969734192,33,edge_disjoint,106,0.3749433755874634,0.6000000238418579,static_centered
0.017937203869223595,0.7513625621795654,0.802472710609436,diagonal,0.0025574550963938236,14,5376,instance_hypernym,0.4464285969734192,33,edge_disjoint,106,0.14395911991596222,0.2142857164144516,static_centered
0.24771422147750854,0.7513625621795654,0.802472710609436,diagonal,0.0019590777810662985,18,5376,member_meronym,0.4464285969734192,33,edge_disjoint,106,0.6241191029548645,0.7222222089767456,static_centered
0.3669528365135193,0.7513625621795654,0.802472710609436,diagonal,0.0016485603991895914,14,5376,substance_meronym,0.4464285969734192,33,edge_disjoint,106,0.7360638380050659,0.8571428656578064,static_centered
0.10161548107862473,0.7513625621795654,0.802472710609436,diagonal,0.0023395430762320757,15,5376,part_meronym,0.4464285969734192,33,edge_disjoint,106,0.3547920286655426,0.6000000238418579,static_centered
0.29610806703567505,0.7513625621795654,0.802472710609436,diagonal,0.001833051908761263,19,5376,antonym,0.4464285969734192,33,edge_disjoint,106,0.6951578855514526,0.8421052694320679,static_centered
0.20729604363441467,0.7513625621795654,0.802472710609436,diagonal,0.0020643332973122597,17,5376,attribute,0.4464285969734192,33,edge_disjoint,106,0.5365634560585022,0.7647058963775635,static_centered
0.18302276730537415,0.3921462595462799,0.8035122752189636,low_rank,0.002127544954419136,112,86016,all,0.5,33,edge_disjoint,106,0.4291380047798157,0.6339285969734192,static_centered
0.08269385248422623,0.3921462595462799,0.8035122752189636,low_rank,0.0023888179566711187,15,86016,hypernym,0.5,33,edge_disjoint,106,0.1783626526594162,0.20000000298023224,static_centered
0.15178927779197693,0.3921462595462799,0.8035122752189636,low_rank,0.0022088822443038225,14,86016,instance_hypernym,0.5,33,edge_disjoint,106,0.2909037470817566,0.4285714328289032,static_centered
0.2356250286102295,0.3921462595462799,0.8035122752189636,low_rank,0.001990559510886669,18,86016,member_meronym,0.5,33,edge_disjoint,106,0.4560198187828064,0.6111111044883728,static_centered
0.23857080936431885,0.3921462595462799,0.8035122752189636,low_rank,0.0019828886725008488,14,86016,substance_meronym,0.5,33,edge_disjoint,106,0.608464241027832,0.7142857313156128,static_centered
0.11964380741119385,0.3921462595462799,0.8035122752189636,low_rank,0.002292594639584422,15,86016,part_meronym,0.5,33,edge_disjoint,106,0.3489225208759308,0.6666666865348816,static_centered
0.20240388810634613,0.3921462595462799,0.8035122752189636,low_rank,0.002077073324471712,19,86016,antonym,0.5,33,edge_disjoint,106,0.47575539350509644,0.8421052694320679,static_centered
0.2300894409418106,0.3921462595462799,0.8035122752189636,low_rank,0.002004975453019142,17,86016,attribute,0.5,33,edge_disjoint,106,0.6067834496498108,0.8823529481887817,static_centered
0.1804405152797699,0.7681476473808289,1.0054539442062378,shuffled_hrr,0.002134269569069147,112,5376,all,0.1607142984867096,33,edge_disjoint,106,0.4793756604194641,0.6517857313156128,static_centered
0.1011747345328331,0.7681476473808289,1.0054539442062378,shuffled_hrr,0.0023406906984746456,15,5376,hypernym,0.1607142984867096,33,edge_disjoint,106,0.30386096239089966,0.5333333611488342,static_centered
0.028929544612765312,0.7681476473808289,1.0054539442062378,shuffled_hrr,0.0025288292672485113,14,5376,instance_hypernym,0.1607142984867096,33,edge_disjoint,106,0.06431929767131805,0.2142857164144516,static_centered
0.22557228803634644,0.7681476473808289,1.0054539442062378,shuffled_hrr,0.0020167387556284666,18,5376,member_meronym,0.1607142984867096,33,edge_disjoint,106,0.6219714879989624,0.7222222089767456,static_centered
0.33008047938346863,0.7681476473808289,1.0054539442062378,shuffled_hrr,0.0017445822013542056,14,5376,substance_meronym,0.1607142984867096,33,edge_disjoint,106,0.7096624374389648,0.7857142686843872,static_centered
0.12186265736818314,0.7681476473808289,1.0054539442062378,shuffled_hrr,0.0022868160158395767,15,5376,part_meronym,0.1607142984867096,33,edge_disjoint,106,0.3511577248573303,0.46666666865348816,static_centered
0.24688515067100525,0.7681476473808289,1.0054539442062378,shuffled_hrr,0.001961236819624901,19,5376,antonym,0.1607142984867096,33,edge_disjoint,106,0.7036607265472412,0.9473684430122375,static_centered
0.181559756398201,0.7681476473808289,1.0054539442062378,shuffled_hrr,0.0021313547622412443,17,5376,attribute,0.1607142984867096,33,edge_disjoint,106,0.49788302183151245,0.7647058963775635,static_centered
0.17610597610473633,0.7670950293540955,0.802472710609436,shuffled_diagonal,0.0021455574315041304,112,5376,all,0.1428571492433548,33,edge_disjoint,106,0.44329139590263367,0.6160714030265808,static_centered
0.08783359825611115,0.7670950293540955,0.802472710609436,shuffled_diagonal,0.0023754332214593887,15,5376,hypernym,0.1428571492433548,33,edge_disjoint,106,0.3048715591430664,0.6000000238418579,static_centered
0.030769076198339462,0.7670950293540955,0.802472710609436,shuffled_diagonal,0.002524038776755333,14,5376,instance_hypernym,0.1428571492433548,33,edge_disjoint,106,0.06993661820888519,0.1428571492433548,static_centered
0.2177993804216385,0.7670950293540955,0.802472710609436,shuffled_diagonal,0.0020369808189570904,18,5376,member_meronym,0.1428571492433548,33,edge_disjoint,106,0.5033522248268127,0.7222222089767456,static_centered
0.3153155744075775,0.7670950293540955,0.802472710609436,shuffled_diagonal,0.001783032319508493,14,5376,substance_meronym,0.1428571492433548,33,edge_disjoint,106,0.6976582407951355,0.7857142686843872,static_centered
0.11859023571014404,0.7670950293540955,0.802472710609436,shuffled_diagonal,0.0022953380830585957,15,5376,part_meronym,0.1428571492433548,33,edge_disjoint,106,0.34062132239341736,0.4000000059604645,static_centered
0.25544819235801697,0.7670950293540955,0.802472710609436,shuffled_diagonal,0.0019389369990676641,19,5376,antonym,0.1428571492433548,33,edge_disjoint,106,0.6481919288635254,0.7894737124443054,static_centered
0.17696596682071686,0.7670950293540955,0.802472710609436,shuffled_diagonal,0.002143317833542824,17,5376,attribute,0.1428571492433548,33,edge_disjoint,106,0.46140772104263306,0.7647058963775635,static_centered
0.0809713751077652,0.4362131953239441,0.8036181330680847,shuffled_low_rank,0.002393303671851754,112,86016,all,0.1428571492433548,33,edge_disjoint,106,0.19683869183063507,0.3303571343421936,static_centered
0.008694533258676529,0.4362131953239441,0.8036181330680847,shuffled_low_rank,0.0025815244298428297,15,86016,hypernym,0.1428571492433548,33,edge_disjoint,106,0.04704202711582184,0.13333334028720856,static_centered
0.01798725500702858,0.4362131953239441,0.8036181330680847,shuffled_low_rank,0.002557324944064021,14,86016,instance_hypernym,0.1428571492433548,33,edge_disjoint,106,0.13877014815807343,0.2857142984867096,static_centered
0.10107695311307907,0.4362131953239441,0.8036181330680847,shuffled_low_rank,0.0023409456480294466,18,86016,member_meronym,0.1428571492433548,33,edge_disjoint,106,0.24532073736190796,0.4444444477558136,static_centered
0.1341184675693512,0.4362131953239441,0.8036181330680847,shuffled_low_rank,0.002254899824038148,14,86016,substance_meronym,0.1428571492433548,33,edge_disjoint,106,0.2753341495990753,0.4285714328289032,static_centered
0.07779870927333832,0.4362131953239441,0.8036181330680847,shuffled_low_rank,0.0024015659000724554,15,86016,part_meronym,0.1428571492433548,33,edge_disjoint,106,0.19491726160049438,0.20000000298023224,static_centered
0.09660322219133377,0.4362131953239441,0.8036181330680847,shuffled_low_rank,0.0023525957949459553,19,86016,antonym,0.1428571492433548,33,edge_disjoint,106,0.2127600759267807,0.3684210479259491,static_centered
0.11688642203807831,0.4362131953239441,0.8036181330680847,shuffled_low_rank,0.0022997751366347075,17,86016,attribute,0.1428571492433548,33,edge_disjoint,106,0.2447570115327835,0.4117647111415863,static_centered
0.9929514527320862,0.008244931697845459,0.008244931697845459,additive,1.8355935026193038e-05,112,0,all,0.133928582072258,33,edge_disjoint,106,0.25071197748184204,0.3571428656578064,contextual_raw
0.9930024743080139,0.008244931697845459,0.008244931697845459,additive,1.822284139052499e-05,15,0,hypernym,0.133928582072258,33,edge_disjoint,106,0.09333932399749756,0.20000000298023224,contextual_raw
0.9904550909996033,0.008244931697845459,0.008244931697845459,additive,2.4857041353243403e-05,14,0,instance_hypernym,0.133928582072258,33,edge_disjoint,106,0.12599530816078186,0.2857142984867096,contextual_raw
0.9929778575897217,0.008244931697845459,0.008244931697845459,additive,1.828698441386223e-05,18,0,member_meronym,0.133928582072258,33,edge_disjoint,106,0.2926378846168518,0.3888888955116272,contextual_raw
0.9949471354484558,0.008244931697845459,0.008244931697845459,additive,1.3158487490727566e-05,14,0,substance_meronym,0.133928582072258,33,edge_disjoint,106,0.40798571705818176,0.5714285969734192,contextual_raw
0.9903557896614075,0.008244931697845459,0.008244931697845459,additive,2.5115465177805163e-05,15,0,part_meronym,0.133928582072258,33,edge_disjoint,106,0.25999686121940613,0.46666666865348816,contextual_raw
0.9957858920097351,0.008244931697845459,0.008244931697845459,additive,1.097456242860062e-05,19,0,antonym,0.133928582072258,33,edge_disjoint,106,0.4474318027496338,0.4736842215061188,contextual_raw
0.9924130439758301,0.008244931697845459,0.008244931697845459,additive,1.9758259441005066e-05,17,0,attribute,0.133928582072258,33,edge_disjoint,106,0.09031041711568832,0.11764705926179886,contextual_raw
0.9953098893165588,,,relation_mean,1.2213996342325117e-05,112,,all,,33,edge_disjoint,106,0.08008787781000137,0.1875,contextual_raw
0.9960197806358337,,,relation_mean,1.0365625712438487e-05,15,,hypernym,,33,edge_disjoint,106,0.12412239611148834,0.2666666805744171,contextual_raw
0.9964109659194946,,,relation_mean,9.346692422695924e-06,14,,instance_hypernym,,33,edge_disjoint,106,0.05144751816987991,0.0714285746216774,contextual_raw
0.9938129782676697,,,relation_mean,1.611226616660133e-05,18,,member_meronym,,33,edge_disjoint,106,0.05389917641878128,0.1666666716337204,contextual_raw
0.994836688041687,,,relation_mean,1.3446432603814173e-05,14,,substance_meronym,,33,edge_disjoint,106,0.11820922791957855,0.4285714328289032,contextual_raw
0.9963274002075195,,,relation_mean,9.564589163346682e-06,15,,part_meronym,,33,edge_disjoint,106,0.07282929122447968,0.20000000298023224,contextual_raw
0.9949309825897217,,,relation_mean,1.3200843568483833e-05,19,,antonym,,33,edge_disjoint,106,0.056848958134651184,0.10526315867900848,contextual_raw
0.9952775239944458,,,relation_mean,1.2298458386794664e-05,17,,attribute,,33,edge_disjoint,106,0.09353280067443848,0.11764705926179886,contextual_raw
0.9953121542930603,0.005086879245936871,0.008266403339803219,offset,1.220801641466096e-05,112,5376,all,0.3482142984867096,33,edge_disjoint,106,0.19443799555301666,0.3839285671710968,contextual_raw
0.9953495264053345,0.005086879245936871,0.008266403339803219,offset,1.2110908755857963e-05,15,5376,hypernym,0.3482142984867096,33,edge_disjoint,106,0.1775824874639511,0.4000000059604645,contextual_raw
0.995858371257782,0.005086879245936871,0.008266403339803219,offset,1.0785898666654248e-05,14,5376,instance_hypernym,0.3482142984867096,33,edge_disjoint,106,0.17633192241191864,0.3571428656578064,contextual_raw
0.9946315288543701,0.005086879245936871,0.008266403339803219,offset,1.398066888214089e-05,18,5376,member_meronym,0.3482142984867096,33,edge_disjoint,106,0.18096116185188293,0.4444444477558136,contextual_raw
0.9953953623771667,0.005086879245936871,0.008266403339803219,offset,1.1991253813903313e-05,14,5376,substance_meronym,0.3482142984867096,33,edge_disjoint,106,0.3468940556049347,0.4285714328289032,contextual_raw
0.9947608113288879,0.005086879245936871,0.008266403339803219,offset,1.3643950296682306e-05,15,5376,part_meronym,0.3482142984867096,33,edge_disjoint,106,0.20501278340816498,0.4000000059604645,contextual_raw
0.9966075420379639,0.005086879245936871,0.008266403339803219,offset,8.834694199322257e-06,19,5376,antonym,0.3482142984867096,33,edge_disjoint,106,0.2509368360042572,0.5263158082962036,contextual_raw
0.9945205450057983,0.005086879245936871,0.008266403339803219,offset,1.426962626283057e-05,17,5376,attribute,0.3482142984867096,33,edge_disjoint,106,0.04046246409416199,0.11764705926179886,contextual_raw
0.9931526184082031,0.0075727105140686035,1.0284318923950195,hrr,1.7831845980254002e-05,112,5376,all,0.267857164144516,33,edge_disjoint,106,0.27323654294013977,0.3928571343421936,contextual_raw
0.9929971098899841,0.0075727105140686035,1.0284318923950195,hrr,1.8236945834360085e-05,15,5376,hypernym,0.267857164144516,33,edge_disjoint,106,0.1115175262093544,0.2666666805744171,contextual_raw
0.9928221106529236,0.0075727105140686035,1.0284318923950195,hrr,1.869273546617478e-05,14,5376,instance_hypernym,0.267857164144516,33,edge_disjoint,106,0.3302181661128998,0.4285714328289032,contextual_raw
0.9931609630584717,0.0075727105140686035,1.0284318923950195,hrr,1.7810179997468367e-05,18,5376,member_meronym,0.267857164144516,33,edge_disjoint,106,0.2638738453388214,0.5,contextual_raw
0.994644820690155,0.0075727105140686035,1.0284318923950195,hrr,1.3945884347776882e-05,14,5376,substance_meronym,0.267857164144516,33,edge_disjoint,106,0.4135463237762451,0.5,contextual_raw
0.9902799725532532,0.0075727105140686035,1.0284318923950195,hrr,2.5312865545856766e-05,15,5376,part_meronym,0.267857164144516,33,edge_disjoint,106,0.23514379560947418,0.46666666865348816,contextual_raw
0.9957213401794434,0.0075727105140686035,1.0284318923950195,hrr,1.1142726179969031e-05,19,5376,antonym,0.267857164144516,33,edge_disjoint,106,0.4527481496334076,0.4736842215061188,contextual_raw
0.991988480091095,0.0075727105140686035,1.0284318923950195,hrr,2.086376480292529e-05,17,5376,attribute,0.267857164144516,33,edge_disjoint,106,0.09634868055582047,0.11764705926179886,contextual_raw
0.9939522743225098,0.006608784198760986,0.008266403339803219,diagonal,1.5749374142615125e-05,112,5376,all,0.267857164144516,33,edge_disjoint,106,0.15884247422218323,0.3660714328289032,contextual_raw
0.9942447543144226,0.006608784198760986,0.008266403339803219,diagonal,1.498787423770409e-05,15,5376,hypernym,0.267857164144516,33,edge_disjoint,106,0.13644637167453766,0.3333333432674408,contextual_raw
0.9926372766494751,0.006608784198760986,0.008266403339803219,diagonal,1.9174209228367545e-05,14,5376,instance_hypernym,0.267857164144516,33,edge_disjoint,106,0.16737207770347595,0.5,contextual_raw
0.9938509464263916,0.006608784198760986,0.008266403339803219,diagonal,1.6013396816561e-05,18,5376,member_meronym,0.267857164144516,33,edge_disjoint,106,0.11990639567375183,0.3333333432674408,contextual_raw
0.9949015378952026,0.006608784198760986,0.008266403339803219,diagonal,1.3277712241688278e-05,14,5376,substance_meronym,0.267857164144516,33,edge_disjoint,106,0.31283706426620483,0.5,contextual_raw
0.9925323724746704,0.006608784198760986,0.008266403339803219,diagonal,1.94471995200729e-05,15,5376,part_meronym,0.267857164144516,33,edge_disjoint,106,0.09049069136381149,0.3333333432674408,contextual_raw
0.9959235191345215,0.006608784198760986,0.008266403339803219,diagonal,1.0616387953632511e-05,19,5376,antonym,0.267857164144516,33,edge_disjoint,106,0.2530503571033478,0.42105263471603394,contextual_raw
0.9931530952453613,0.006608784198760986,0.008266403339803219,diagonal,1.783085463102907e-05,17,5376,attribute,0.267857164144516,33,edge_disjoint,106,0.041005928069353104,0.1764705926179886,contextual_raw
0.9943951964378357,0.0013340795412659645,0.013165994547307491,low_rank,1.4596063920180313e-05,112,86016,all,0.330357164144516,33,edge_disjoint,106,0.2771487534046173,0.4285714328289032,contextual_raw
0.9941321611404419,0.0013340795412659645,0.013165994547307491,low_rank,1.5281215382856317e-05,15,86016,hypernym,0.330357164144516,33,edge_disjoint,106,0.15787890553474426,0.2666666805744171,contextual_raw
0.9962480664253235,0.0013340795412659645,0.013165994547307491,low_rank,9.771324585017283e-06,14,86016,instance_hypernym,0.330357164144516,33,edge_disjoint,106,0.20973089337348938,0.2857142984867096,contextual_raw
0.9929977059364319,0.0013340795412659645,0.013165994547307491,low_rank,1.8235376046504825e-05,18,86016,member_meronym,0.330357164144516,33,edge_disjoint,106,0.15040266513824463,0.2222222238779068,contextual_raw
0.9948433637619019,0.0013340795412659645,0.013165994547307491,low_rank,1.3429298633127473e-05,14,86016,substance_meronym,0.330357164144516,33,edge_disjoint,106,0.45932307839393616,0.7142857313156128,contextual_raw
0.9937347173690796,0.0013340795412659645,0.013165994547307491,low_rank,1.6315747416228987e-05,15,86016,part_meronym,0.330357164144516,33,edge_disjoint,106,0.22927498817443848,0.6000000238418579,contextual_raw
0.9954292178153992,0.0013340795412659645,0.013165994547307491,low_rank,1.1903152881131973e-05,19,86016,antonym,0.330357164144516,33,edge_disjoint,106,0.39431190490722656,0.4736842215061188,contextual_raw
0.993639349937439,0.0013340795412659645,0.013165994547307491,low_rank,1.6564674297114834e-05,17,86016,attribute,0.330357164144516,33,edge_disjoint,106,0.33337777853012085,0.47058823704719543,contextual_raw
0.9927066564559937,0.008276323787868023,1.0294758081436157,shuffled_hrr,1.8993199773831293e-05,112,5376,all,0.125,33,edge_disjoint,106,0.23465880751609802,0.3660714328289032,contextual_raw
0.9929666519165039,0.008276323787868023,1.0294758081436157,shuffled_hrr,1.8316080968361348e-05,15,5376,hypernym,0.125,33,edge_disjoint,106,0.10567358136177063,0.20000000298023224,contextual_raw
0.9908641576766968,0.008276323787868023,1.0294758081436157,shuffled_hrr,2.3791639250703156e-05,14,5376,instance_hypernym,0.125,33,edge_disjoint,106,0.13919608294963837,0.3571428656578064,contextual_raw
0.9927136898040771,0.008276323787868023,1.0294758081436157,shuffled_hrr,1.897499714687001e-05,18,5376,member_meronym,0.125,33,edge_disjoint,106,0.28409096598625183,0.4444444477558136,contextual_raw
0.9946492910385132,0.008276323787868023,1.0294758081436157,shuffled_hrr,1.3934281923866365e-05,14,5376,substance_meronym,0.125,33,edge_disjoint,106,0.3313584625720978,0.5,contextual_raw
0.9899964928627014,0.008276323787868023,1.0294758081436157,shuffled_hrr,2.605116242193617e-05,15,5376,part_meronym,0.125,33,edge_disjoint,106,0.2298395335674286,0.46666666865348816,contextual_raw
0.9948862791061401,0.008276323787868023,1.0294758081436157,shuffled_hrr,1.3317016055225395e-05,19,5376,antonym,0.125,33,edge_disjoint,106,0.42111390829086304,0.4736842215061188,contextual_raw
0.9923427700996399,0.008276323787868023,1.0294758081436157,shuffled_hrr,1.9940796846640296e-05,17,5376,attribute,0.125,33,edge_disjoint,106,0.09097210317850113,0.11764705926179886,contextual_raw
0.9935460686683655,0.006825174205005169,0.008266403339803219,shuffled_diagonal,1.6807551219244488e-05,112,5376,all,0.125,33,edge_disjoint,106,0.12069787830114365,0.2946428656578064,contextual_raw
0.9939666986465454,0.006825174205005169,0.008266403339803219,shuffled_diagonal,1.5712033928139135e-05,15,5376,hypernym,0.125,33,edge_disjoint,106,0.09337873011827469,0.3333333432674408,contextual_raw
0.9921178817749023,0.006825174205005169,0.008266403339803219,shuffled_diagonal,2.0526686057564802e-05,14,5376,instance_hypernym,0.125,33,edge_disjoint,106,0.09916182607412338,0.2857142984867096,contextual_raw
0.9937615990638733,0.006825174205005169,0.008266403339803219,shuffled_diagonal,1.6246134691755287e-05,18,5376,member_meronym,0.125,33,edge_disjoint,106,0.10894080996513367,0.2777777910232544,contextual_raw
0.99493008852005,0.006825174205005169,0.008266403339803219,shuffled_diagonal,1.3203357411839534e-05,14,5376,substance_meronym,0.125,33,edge_disjoint,106,0.20783106982707977,0.3571428656578064,contextual_raw
0.9923315644264221,0.006825174205005169,0.008266403339803219,shuffled_diagonal,1.997007530007977e-05,15,5376,part_meronym,0.125,33,edge_disjoint,106,0.1314798891544342,0.4000000059604645,contextual_raw
0.9945152401924133,0.006825174205005169,0.008266403339803219,shuffled_diagonal,1.428353880328359e-05,19,5376,antonym,0.125,33,edge_disjoint,106,0.10590364784002304,0.2631579041481018,contextual_raw
0.9929710626602173,0.006825174205005169,0.008266403339803219,shuffled_diagonal,1.8304464902030304e-05,17,5376,attribute,0.125,33,edge_disjoint,106,0.11025165766477585,0.1764705926179886,contextual_raw
0.9935339689254761,0.0012208344414830208,0.013236451894044876,shuffled_low_rank,1.683898881310597e-05,112,86016,all,0.098214291036129,33,edge_disjoint,106,0.17293371260166168,0.3125,contextual_raw
0.9936078786849976,0.0012208344414830208,0.013236451894044876,shuffled_low_rank,1.664626324782148e-05,15,86016,hypernym,0.098214291036129,33,edge_disjoint,106,0.23388127982616425,0.2666666805744171,contextual_raw
0.994271457195282,0.0012208344414830208,0.013236451894044876,shuffled_low_rank,1.4918618035153486e-05,14,86016,instance_hypernym,0.098214291036129,33,edge_disjoint,106,0.2499031126499176,0.3571428656578064,contextual_raw
0.9927825927734375,0.0012208344414830208,0.013236451894044876,shuffled_low_rank,1.879552837635856e-05,18,86016,member_meronym,0.098214291036129,33,edge_disjoint,106,0.06905485689640045,0.2222222238779068,contextual_raw
0.9943117499351501,0.0012208344414830208,0.013236451894044876,shuffled_low_rank,1.4813310372119304e-05,14,86016,substance_meronym,0.098214291036129,33,edge_disjoint,106,0.3029901385307312,0.5,contextual_raw
0.9940141439437866,0.0012208344414830208,0.013236451894044876,shuffled_low_rank,1.5588098904117942e-05,15,86016,part_meronym,0.098214291036129,33,edge_disjoint,106,0.16102334856987,0.20000000298023224,contextual_raw
0.9936454892158508,0.0012208344414830208,0.013236451894044876,shuffled_low_rank,1.6548325220355764e-05,19,86016,antonym,0.098214291036129,33,edge_disjoint,106,0.17651665210723877,0.3684210479259491,contextual_raw
0.9924676418304443,0.0012208344414830208,0.013236451894044876,shuffled_low_rank,1.9615688870544545e-05,17,86016,attribute,0.098214291036129,33,edge_disjoint,106,0.06515861302614212,0.29411765933036804,contextual_raw
0.2993324398994446,0.7184468507766724,0.7184468507766724,additive,0.0018246552208438516,112,0,all,0.133928582072258,33,edge_disjoint,106,0.23227547109127045,0.3839285671710968,contextual_centered
0.18366241455078125,0.7184468507766724,0.7184468507766724,additive,0.0021258792839944363,15,0,hypernym,0.133928582072258,33,edge_disjoint,106,0.08370830118656158,0.2666666805744171,contextual_centered
0.13570715487003326,0.7184468507766724,0.7184468507766724,additive,0.0022507626563310623,14,0,instance_hypernym,0.133928582072258,33,edge_disjoint,106,0.1214589923620224,0.2142857164144516,contextual_centered
0.3948531150817871,0.7184468507766724,0.7184468507766724,additive,0.0015759033849462867,18,0,member_meronym,0.133928582072258,33,edge_disjoint,106,0.23369179666042328,0.3888888955116272,contextual_centered
0.47958216071128845,0.7184468507766724,0.7184468507766724,additive,0.001355254789814353,14,0,substance_meronym,0.133928582072258,33,edge_disjoint,106,0.41600456833839417,0.5714285969734192,contextual_centered
0.21477465331554413,0.7184468507766724,0.7184468507766724,additive,0.002044857945293188,15,0,part_meronym,0.133928582072258,33,edge_disjoint,106,0.26663485169410706,0.4000000059604645,contextual_centered
0.5140577554702759,0.7184468507766724,0.7184468507766724,additive,0.0012654748279601336,19,0,antonym,0.133928582072258,33,edge_disjoint,106,0.3772296905517578,0.6315789222717285,contextual_centered
0.12118673324584961,0.7184468507766724,0.7184468507766724,additive,0.0022885766811668873,17,0,attribute,0.133928582072258,33,edge_disjoint,106,0.10949406772851944,0.1764705926179886,contextual_centered
0.3468119204044342,,,relation_mean,0.001701010507531464,112,,all,,33,edge_disjoint,106,0.13034233450889587,0.3482142984867096,contextual_centered
0.2114381492137909,,,relation_mean,0.0020535464864224195,15,,hypernym,,33,edge_disjoint,106,0.08939959108829498,0.2666666805744171,contextual_centered
0.45435312390327454,,,relation_mean,0.0014209554065018892,14,,instance_hypernym,,33,edge_disjoint,106,0.19106629490852356,0.5714285969734192,contextual_centered
0.29122695326805115,,,relation_mean,0.0018457634141668677,18,,member_meronym,,33,edge_disjoint,106,0.12773942947387695,0.3333333432674408,contextual_centered
0.45757538080215454,,,relation_mean,0.0014125641901046038,14,,substance_meronym,,33,edge_disjoint,106,0.20463931560516357,0.5714285969734192,contextual_centered
0.35749462246894836,,,relation_mean,0.0016731913201510906,15,,part_meronym,,33,edge_disjoint,106,0.12530265748500824,0.2666666805744171,contextual_centered
0.41666918992996216,,,relation_mean,0.0015190907288342714,19,,antonym,,33,edge_disjoint,106,0.07195061445236206,0.2631579041481018,contextual_centered
0.25783202052116394,,,relation_mean,0.0019327291520312428,17,,attribute,,33,edge_disjoint,106,0.12773868441581726,0.23529411852359772,contextual_centered
0.40974658727645874,0.5778777599334717,0.7203177809715271,offset,0.0015371183399111032,112,5376,all,0.3392857313156128,33,edge_disjoint,106,0.22204136848449707,0.4910714328289032,contextual_centered
0.27797093987464905,0.5778777599334717,0.7203177809715271,offset,0.0018802841659635305,15,5376,hypernym,0.3392857313156128,33,edge_disjoint,106,0.14357012510299683,0.4000000059604645,contextual_centered
0.4711434543132782,0.5778777599334717,0.7203177809715271,offset,0.0013772306265309453,14,5376,instance_hypernym,0.3392857313156128,33,edge_disjoint,106,0.24107111990451813,0.7142857313156128,contextual_centered
0.43155401945114136,0.5778777599334717,0.7203177809715271,offset,0.0014803280355408788,18,5376,member_meronym,0.3392857313156128,33,edge_disjoint,106,0.16623331606388092,0.4444444477558136,contextual_centered
0.5222932696342468,0.5778777599334717,0.7203177809715271,offset,0.0012440282152965665,14,5376,substance_meronym,0.3392857313156128,33,edge_disjoint,106,0.4056701362133026,0.5714285969734192,contextual_centered
0.3735126852989197,0.5778777599334717,0.7203177809715271,offset,0.0016314774984493852,15,5376,part_meronym,0.3392857313156128,33,edge_disjoint,106,0.14299918711185455,0.4000000059604645,contextual_centered
0.5595756769180298,0.5778777599334717,0.7203177809715271,offset,0.001146938418969512,19,5376,antonym,0.3392857313156128,33,edge_disjoint,106,0.33203962445259094,0.7368420958518982,contextual_centered
0.22419658303260803,0.5778777599334717,0.7203177809715271,offset,0.0020203215535730124,17,5376,attribute,0.3392857313156128,33,edge_disjoint,106,0.13028018176555634,0.1764705926179886,contextual_centered
0.30527904629707336,0.6654934287071228,1.0086119174957275,hrr,0.0018091691890731454,112,5376,all,0.3125,33,edge_disjoint,106,0.2536061406135559,0.4464285671710968,contextual_centered
0.18140821158885956,0.6654934287071228,1.0086119174957275,hrr,0.002131749177351594,15,5376,hypernym,0.3125,33,edge_disjoint,106,0.07236552983522415,0.2666666805744171,contextual_centered
0.1950608640909195,0.6654934287071228,1.0086119174957275,hrr,0.002096195938065648,14,5376,instance_hypernym,0.3125,33,edge_disjoint,106,0.20693376660346985,0.5,contextual_centered
0.3747656047344208,0.6654934287071228,1.0086119174957275,hrr,0.0016282148426398635,18,5376,member_meronym,0.3125,33,edge_disjoint,106,0.2650991380214691,0.4444444477558136,contextual_centered
0.47153782844543457,0.6654934287071228,1.0086119174957275,hrr,0.001376203610561788,14,5376,substance_meronym,0.3125,33,edge_disjoint,106,0.42055824398994446,0.5714285969734192,contextual_centered
0.22078584134578705,0.6654934287071228,1.0086119174957275,hrr,0.002029203809797764,15,5376,part_meronym,0.3125,33,edge_disjoint,106,0.28899118304252625,0.46666666865348816,contextual_centered
0.5024751424789429,0.6654934287071228,1.0086119174957275,hrr,0.0012956376885995269,19,5376,antonym,0.3125,33,edge_disjoint,106,0.38741299510002136,0.6842105388641357,contextual_centered
0.14900891482830048,0.6654934287071228,1.0086119174957275,hrr,0.002216122578829527,17,5376,attribute,0.3125,33,edge_disjoint,106,0.12153039127588272,0.1764705926179886,contextual_centered
0.31441622972488403,0.653730034828186,0.7203177809715271,diagonal,0.001785374479368329,112,5376,all,0.2857142984867096,33,edge_disjoint,106,0.2551310658454895,0.4285714328289032,contextual_centered
0.20761875808238983,0.653730034828186,0.7203177809715271,diagonal,0.002063492778688669,15,5376,hypernym,0.2857142984867096,33,edge_disjoint,106,0.06620922684669495,0.2666666805744171,contextual_centered
0.06840502470731735,0.653730034828186,0.7203177809715271,diagonal,0.0024260287173092365,14,5376,instance_hypernym,0.2857142984867096,33,edge_disjoint,106,0.043089695274829865,0.1428571492433548,contextual_centered
0.37395983934402466,0.653730034828186,0.7203177809715271,diagonal,0.0016303129959851503,18,5376,member_meronym,0.2857142984867096,33,edge_disjoint,106,0.27913761138916016,0.6111111044883728,contextual_centered
0.47109395265579224,0.653730034828186,0.7203177809715271,diagonal,0.0013773593818768859,14,5376,substance_meronym,0.2857142984867096,33,edge_disjoint,106,0.4202134907245636,0.5,contextual_centered
0.2323279231786728,0.653730034828186,0.7203177809715271,diagonal,0.0019991460721939802,15,5376,part_meronym,0.2857142984867096,33,edge_disjoint,106,0.32864055037498474,0.46666666865348816,contextual_centered
0.5188277363777161,0.653730034828186,0.7203177809715271,diagonal,0.0012530524982139468,19,5376,antonym,0.2857142984867096,33,edge_disjoint,106,0.43665820360183716,0.6842105388641357,contextual_centered
0.26314258575439453,0.653730034828186,0.7203177809715271,diagonal,0.001918899710290134,17,5376,attribute,0.2857142984867096,33,edge_disjoint,106,0.16733552515506744,0.23529411852359772,contextual_centered
0.4086778163909912,0.11091180145740509,0.7218380570411682,low_rank,0.0015399015974253416,112,86016,all,0.3392857313156128,33,edge_disjoint,106,0.27934738993644714,0.4553571343421936,contextual_centered
0.1561482846736908,0.11091180145740509,0.7218380570411682,low_rank,0.002197530586272478,15,86016,hypernym,0.3392857313156128,33,edge_disjoint,106,0.06522593647241592,0.06666667014360428,contextual_centered
0.4410723149776459,0.11091180145740509,0.7218380570411682,low_rank,0.0014555408852174878,14,86016,instance_hypernym,0.3392857313156128,33,edge_disjoint,106,0.3233289420604706,0.5,contextual_centered
0.38866308331489563,0.11091180145740509,0.7218380570411682,low_rank,0.0015920230653136969,18,86016,member_meronym,0.3392857313156128,33,edge_disjoint,106,0.26457881927490234,0.4444444477558136,contextual_centered
0.5523540377616882,0.11091180145740509,0.7218380570411682,low_rank,0.0011657447321340442,14,86016,substance_meronym,0.3392857313156128,33,edge_disjoint,106,0.43963903188705444,0.7142857313156128,contextual_centered
0.41866400837898254,0.11091180145740509,0.7218380570411682,low_rank,0.0015138955786824226,15,86016,part_meronym,0.3392857313156128,33,edge_disjoint,106,0.23427750170230865,0.5333333611488342,contextual_centered
0.5070997476577759,0.11091180145740509,0.7218380570411682,low_rank,0.0012835944071412086,19,86016,antonym,0.3392857313156128,33,edge_disjoint,106,0.4256536662578583,0.5789473652839661,contextual_centered
0.38887813687324524,0.11091180145740509,0.7218380570411682,low_rank,0.001591463340446353,17,86016,attribute,0.3392857313156128,33,edge_disjoint,106,0.1919393241405487,0.3529411852359772,contextual_centered
0.2770664095878601,0.6967852115631104,1.0088781118392944,shuffled_hrr,0.0018826397135853767,112,5376,all,0.1071428656578064,33,edge_disjoint,106,0.23389185965061188,0.375,contextual_centered
0.17782804369926453,0.6967852115631104,1.0088781118392944,shuffled_hrr,0.002141072880476713,15,5376,hypernym,0.1071428656578064,33,edge_disjoint,106,0.07046213001012802,0.2666666805744171,contextual_centered
0.14284613728523254,0.6967852115631104,1.0088781118392944,shuffled_hrr,0.002232171129435301,14,5376,instance_hypernym,0.1071428656578064,33,edge_disjoint,106,0.13157634437084198,0.2142857164144516,contextual_centered
0.3626146912574768,0.6967852115631104,1.0088781118392944,shuffled_hrr,0.0016598575748503208,18,5376,member_meronym,0.1071428656578064,33,edge_disjoint,106,0.23624438047409058,0.3888888955116272,contextual_centered
0.42072805762290955,0.6967852115631104,1.0088781118392944,shuffled_hrr,0.0015085207996889949,14,5376,substance_meronym,0.1071428656578064,33,edge_disjoint,106,0.43053439259529114,0.5714285969734192,contextual_centered
0.1997501254081726,0.6967852115631104,1.0088781118392944,shuffled_hrr,0.0020839839708060026,15,5376,part_meronym,0.1071428656578064,33,edge_disjoint,106,0.3088037669658661,0.4000000059604645,contextual_centered
0.45173969864845276,0.6967852115631104,1.0088781118392944,shuffled_hrr,0.0014277612790465355,19,5376,antonym,0.1071428656578064,33,edge_disjoint,106,0.3681403696537018,0.5789473652839661,contextual_centered
0.13927112519741058,0.6967852115631104,1.0088781118392944,shuffled_hrr,0.002241481328383088,17,5376,attribute,0.1071428656578064,33,edge_disjoint,106,0.08178132772445679,0.1764705926179886,contextual_centered
0.25518232583999634,0.686369001865387,0.7203177809715271,shuffled_diagonal,0.001939629320986569,112,5376,all,0.1160714328289032,33,edge_disjoint,106,0.26965954899787903,0.4285714328289032,contextual_centered
0.17846830189228058,0.686369001865387,0.7203177809715271,shuffled_diagonal,0.002139405347406864,15,5376,hypernym,0.1160714328289032,33,edge_disjoint,106,0.09302110224962234,0.20000000298023224,contextual_centered
0.14011363685131073,0.686369001865387,0.7203177809715271,shuffled_diagonal,0.0022392873652279377,14,5376,instance_hypernym,0.1160714328289032,33,edge_disjoint,106,0.12671299278736115,0.2142857164144516,contextual_centered
0.35587677359580994,0.686369001865387,0.7203177809715271,shuffled_diagonal,0.0016774042742326856,18,5376,member_meronym,0.1160714328289032,33,edge_disjoint,106,0.38461795449256897,0.5555555820465088,contextual_centered
0.4027530252933502,0.686369001865387,0.7203177809715271,shuffled_diagonal,0.0015553308185189962,14,5376,substance_meronym,0.1160714328289032,33,edge_disjoint,106,0.44729262590408325,0.7142857313156128,contextual_centered
0.22799012064933777,0.686369001865387,0.7203177809715271,shuffled_diagonal,0.0020104425493627787,15,5376,part_meronym,0.1160714328289032,33,edge_disjoint,106,0.28775691986083984,0.46666666865348816,contextual_centered
0.3553561866283417,0.686369001865387,0.7203177809715271,shuffled_diagonal,0.0016787598142400384,19,5376,antonym,0.1160714328289032,33,edge_disjoint,106,0.4095890522003174,0.5789473652839661,contextual_centered
0.1015213206410408,0.686369001865387,0.7203177809715271,shuffled_diagonal,0.002339788246899843,17,5376,attribute,0.1160714328289032,33,edge_disjoint,106,0.10287095606327057,0.23529411852359772,contextual_centered
0.21955282986164093,0.11897017806768417,0.7215440273284912,shuffled_low_rank,0.0020324145443737507,112,86016,all,0.0892857164144516,33,edge_disjoint,106,0.15340538322925568,0.2946428656578064,contextual_centered
0.08278834074735641,0.11897017806768417,0.7215440273284912,shuffled_low_rank,0.0023885720875114202,15,86016,hypernym,0.0892857164144516,33,edge_disjoint,106,0.10071667283773422,0.13333334028720856,contextual_centered
0.2896418273448944,0.11897017806768417,0.7215440273284912,shuffled_low_rank,0.0018498911522328854,14,86016,instance_hypernym,0.0892857164144516,33,edge_disjoint,106,0.21038246154785156,0.3571428656578064,contextual_centered
0.19967159628868103,0.11897017806768417,0.7215440273284912,shuffled_low_rank,0.0020841886289417744,18,86016,member_meronym,0.0892857164144516,33,edge_disjoint,106,0.09747598320245743,0.1666666716337204,contextual_centered
0.4409392774105072,0.11897017806768417,0.7215440273284912,shuffled_low_rank,0.0014558874536305666,14,86016,substance_meronym,0.0892857164144516,33,edge_disjoint,106,0.3661379814147949,0.6428571343421936,contextual_centered
0.18644563853740692,0.11897017806768417,0.7215440273284912,shuffled_low_rank,0.0021186312660574913,15,86016,part_meronym,0.0892857164144516,33,edge_disjoint,106,0.08494135737419128,0.3333333432674408,contextual_centered
0.2180624008178711,0.11897017806768417,0.7215440273284912,shuffled_low_rank,0.0020362960640341043,19,86016,antonym,0.0892857164144516,33,edge_disjoint,106,0.13716134428977966,0.2631579041481018,contextual_centered
0.15211744606494904,0.11897017806768417,0.7215440273284912,shuffled_low_rank,0.002208027523010969,17,86016,attribute,0.0892857164144516,33,edge_disjoint,106,0.11556533724069595,0.23529411852359772,contextual_centered
0.39967063069343567,0.6059112548828125,0.6059112548828125,additive,0.0015633576549589634,109,0,all,0.15596330165863037,33,node_disjoint,101,0.42310911417007446,0.5596330165863037,static_raw
0.3235150873661041,0.6059112548828125,0.6059112548828125,additive,0.0017616795375943184,17,0,hypernym,0.15596330165863037,33,node_disjoint,101,0.3439171314239502,0.529411792755127,static_raw
0.2977883815765381,0.6059112548828125,0.6059112548828125,additive,0.0018286763224750757,7,0,instance_hypernym,0.15596330165863037,33,node_disjoint,101,0.1344502717256546,0.2857142984867096,static_raw
0.4380771815776825,0.6059112548828125,0.6059112548828125,additive,0.0014633407117798924,16,0,member_meronym,0.15596330165863037,33,node_disjoint,101,0.5251483917236328,0.625,static_raw
0.5217188000679016,0.6059112548828125,0.6059112548828125,additive,0.001245523919351399,23,0,substance_meronym,0.15596330165863037,33,node_disjoint,101,0.512656033039093,0.52173912525177,static_raw
0.3104679584503174,0.6059112548828125,0.6059112548828125,additive,0.001795656280592084,17,0,part_meronym,0.15596330165863037,33,node_disjoint,101,0.2652038633823395,0.3529411852359772,static_raw
0.4113122224807739,0.6059112548828125,0.6059112548828125,additive,0.0015330411260947585,11,0,antonym,0.15596330165863037,33,node_disjoint,101,0.600531280040741,0.8181818127632141,static_raw
0.3982592225074768,0.6059112548828125,0.6059112548828125,additive,0.0015670334687456489,18,0,attribute,0.15596330165863037,33,node_disjoint,101,0.44574302434921265,0.7222222089767456,static_raw
0.47914960980415344,,,relation_mean,0.0013563813408836722,109,,all,,33,node_disjoint,101,0.11412647366523743,0.2752293646335602,static_raw
0.4688783884048462,,,relation_mean,0.0013831292744725943,17,,hypernym,,33,node_disjoint,101,0.04165372624993324,0.11764705926179886,static_raw
0.5766546130180359,,,relation_mean,0.0011024620616808534,7,,instance_hypernym,,33,node_disjoint,101,0.47644928097724915,0.7142857313156128,static_raw
0.463093638420105,,,relation_mean,0.0013981936499476433,16,,member_meronym,,33,node_disjoint,101,0.1035708338022232,0.3125,static_raw
0.5093867778778076,,,relation_mean,0.0012776385992765427,23,,substance_meronym,,33,node_disjoint,101,0.14874687790870667,0.3913043439388275,static_raw
0.436481237411499,,,relation_mean,0.0014674968551844358,17,,part_meronym,,33,node_disjoint,101,0.027030913159251213,0.0,static_raw
0.4756573736667633,,,relation_mean,0.0013654757058247924,11,,antonym,,33,node_disjoint,101,0.0663151666522026,0.27272728085517883,static_raw
0.46899890899658203,,,relation_mean,0.001382815302349627,18,,attribute,,33,node_disjoint,101,0.11829020082950592,0.3333333432674408,static_raw
0.513241708278656,0.415372371673584,0.6074891686439514,offset,0.0012675999896600842,109,5376,all,0.4587155878543854,33,node_disjoint,101,0.31878840923309326,0.5045871734619141,static_raw
0.47610118985176086,0.415372371673584,0.6074891686439514,offset,0.0013643199345096946,17,5376,hypernym,0.4587155878543854,33,node_disjoint,101,0.09966491162776947,0.47058823704719543,static_raw
0.5714313387870789,0.415372371673584,0.6074891686439514,offset,0.0011160641442984343,7,5376,instance_hypernym,0.4587155878543854,33,node_disjoint,101,0.47879818081855774,0.7142857313156128,static_raw
0.5135105848312378,0.415372371673584,0.6074891686439514,offset,0.0012668997514992952,16,5376,member_meronym,0.4587155878543854,33,node_disjoint,101,0.45049789547920227,0.5625,static_raw
0.5827078223228455,0.415372371673584,0.6074891686439514,offset,0.00108669837936759,23,5376,substance_meronym,0.4587155878543854,33,node_disjoint,101,0.4412033259868622,0.6086956262588501,static_raw
0.44285061955451965,0.415372371673584,0.6074891686439514,offset,0.0014509100001305342,17,5376,part_meronym,0.4587155878543854,33,node_disjoint,101,0.0393265075981617,0.0,static_raw
0.5102965235710144,0.415372371673584,0.6074891686439514,offset,0.0012752694310620427,11,5376,antonym,0.4587155878543854,33,node_disjoint,101,0.3916935920715332,0.6363636255264282,static_raw
0.5049682855606079,0.415372371673584,0.6074891686439514,offset,0.001289145089685917,18,5376,attribute,0.4587155878543854,33,node_disjoint,101,0.4094012677669525,0.6666666865348816,static_raw
0.3861654996871948,0.5371856093406677,1.01077139377594,hrr,0.0015985273057594895,109,5376,all,0.31192660331726074,33,node_disjoint,101,0.43090057373046875,0.5963302850723267,static_raw
0.3042740821838379,0.5371856093406677,1.01077139377594,hrr,0.0018117864383384585,17,5376,hypernym,0.31192660331726074,33,node_disjoint,101,0.2942979633808136,0.529411792755127,static_raw
0.335166871547699,0.5371856093406677,1.01077139377594,hrr,0.0017313361167907715,7,5376,instance_hypernym,0.31192660331726074,33,node_disjoint,101,0.45592400431632996,0.4285714328289032,static_raw
0.4200088381767273,0.5371856093406677,1.01077139377594,hrr,0.0015103938058018684,16,5376,member_meronym,0.31192660331726074,33,node_disjoint,101,0.512392520904541,0.625,static_raw
0.508705735206604,0.5371856093406677,1.01077139377594,hrr,0.0012794123031198978,23,5376,substance_meronym,0.31192660331726074,33,node_disjoint,101,0.5179988741874695,0.5652173757553101,static_raw
0.28475624322891235,0.5371856093406677,1.01077139377594,hrr,0.0018626138335093856,17,5376,part_meronym,0.31192660331726074,33,node_disjoint,101,0.2274918109178543,0.529411792755127,static_raw
0.3986561894416809,0.5371856093406677,1.01077139377594,hrr,0.0015659993514418602,11,5376,antonym,0.31192660331726074,33,node_disjoint,101,0.5884982943534851,0.7272727489471436,static_raw
0.38482025265693665,0.5371856093406677,1.01077139377594,hrr,0.0016020305920392275,18,5376,attribute,0.31192660331726074,33,node_disjoint,101,0.46225178241729736,0.7222222089767456,static_raw
0.4641248285770416,0.4731569290161133,0.6074891686439514,diagonal,0.0013955081813037395,109,5376,all,0.31192660331726074,33,node_disjoint,101,0.37607696652412415,0.5412843823432922,static_raw
0.42154279351234436,0.4731569290161133,0.6074891686439514,diagonal,0.0015063990140333772,17,5376,hypernym,0.31192660331726074,33,node_disjoint,101,0.27358123660087585,0.529411792755127,static_raw
0.44230297207832336,0.4731569290161133,0.6074891686439514,diagonal,0.0014523359714075923,7,5376,instance_hypernym,0.31192660331726074,33,node_disjoint,101,0.4459039270877838,0.4285714328289032,static_raw
0.4857030510902405,0.4731569290161133,0.6074891686439514,diagonal,0.0013393150875344872,16,5376,member_meronym,0.31192660331726074,33,node_disjoint,101,0.46257463097572327,0.625,static_raw
0.5540751814842224,0.4731569290161133,0.6074891686439514,diagonal,0.0011612627422437072,23,5376,substance_meronym,0.31192660331726074,33,node_disjoint,101,0.46936988830566406,0.5652173757553101,static_raw
0.3987041413784027,0.4731569290161133,0.6074891686439514,diagonal,0.0015658747870475054,17,5376,part_meronym,0.31192660331726074,33,node_disjoint,101,0.16625677049160004,0.3529411852359772,static_raw
0.4666450321674347,0.4731569290161133,0.6074891686439514,diagonal,0.001388945267535746,11,5376,antonym,0.31192660331726074,33,node_disjoint,101,0.48806247115135193,0.6363636255264282,static_raw
0.43895667791366577,0.4731569290161133,0.6074891686439514,diagonal,0.001461050589568913,18,5376,attribute,0.31192660331726074,33,node_disjoint,101,0.37935715913772583,0.6111111044883728,static_raw
0.468262642621994,0.16058796644210815,0.6092954277992249,low_rank,0.0013847327791154385,109,86016,all,0.40366971492767334,33,node_disjoint,101,0.32986578345298767,0.5321100950241089,static_raw
0.4421423077583313,0.16058796644210815,0.6092954277992249,low_rank,0.0014527544844895601,17,86016,hypernym,0.40366971492767334,33,node_disjoint,101,0.09554426372051239,0.47058823704719543,static_raw
0.5330732464790344,0.16058796644210815,0.6092954277992249,low_rank,0.0012159550096839666,7,86016,instance_hypernym,0.40366971492767334,33,node_disjoint,101,0.48975783586502075,0.7142857313156128,static_raw
0.4571990966796875,0.16058796644210815,0.6092954277992249,low_rank,0.001413544174283743,16,86016,member_meronym,0.40366971492767334,33,node_disjoint,101,0.4234045445919037,0.5625,static_raw
0.5308025479316711,0.16058796644210815,0.6092954277992249,low_rank,0.0012218684423714876,23,86016,substance_meronym,0.40366971492767334,33,node_disjoint,101,0.4675162732601166,0.6086956262588501,static_raw
0.420218825340271,0.16058796644210815,0.6092954277992249,low_rank,0.0015098467702046037,17,86016,part_meronym,0.40366971492767334,33,node_disjoint,101,0.05210261046886444,0.11764705926179886,static_raw
0.47593796253204346,0.16058796644210815,0.6092954277992249,low_rank,0.001364744734019041,11,86016,antonym,0.40366971492767334,33,node_disjoint,101,0.311838299036026,0.5454545617103577,static_raw
0.4383341073989868,0.16058796644210815,0.6092954277992249,low_rank,0.0014626714400947094,18,86016,attribute,0.40366971492767334,33,node_disjoint,101,0.5033056735992432,0.7777777910232544,static_raw
0.37819531559944153,0.5487087965011597,1.0162606239318848,shuffled_hrr,0.0016192832263186574,109,5376,all,0.08256880193948746,33,node_disjoint,101,0.39255857467651367,0.5688073635101318,static_raw
0.3212558627128601,0.5487087965011597,1.0162606239318848,shuffled_hrr,0.001767562935128808,17,5376,hypernym,0.08256880193948746,33,node_disjoint,101,0.3099466860294342,0.5882353186607361,static_raw
0.3071267604827881,0.5487087965011597,1.0162606239318848,shuffled_hrr,0.0018043575109913945,7,5376,instance_hypernym,0.08256880193948746,33,node_disjoint,101,0.12604837119579315,0.2857142984867096,static_raw
0.4051342010498047,0.5487087965011597,1.0162606239318848,shuffled_hrr,0.001549129723571241,16,5376,member_meronym,0.08256880193948746,33,node_disjoint,101,0.47822660207748413,0.625,static_raw
0.49268966913223267,0.5487087965011597,1.0162606239318848,shuffled_hrr,0.0013211206533014774,23,5376,substance_meronym,0.08256880193948746,33,node_disjoint,101,0.5235225558280945,0.6086956262588501,static_raw
0.29732516407966614,0.5487087965011597,1.0162606239318848,shuffled_hrr,0.0018298826180398464,17,5376,part_meronym,0.08256880193948746,33,node_disjoint,101,0.20809727907180786,0.3529411852359772,static_raw
0.37444695830345154,0.5487087965011597,1.0162606239318848,shuffled_hrr,0.001629044534638524,11,5376,antonym,0.08256880193948746,33,node_disjoint,101,0.48662835359573364,0.6363636255264282,static_raw
0.3680332601070404,0.5487087965011597,1.0162606239318848,shuffled_hrr,0.0016457467572763562,18,5376,attribute,0.08256880193948746,33,node_disjoint,101,0.4474579095840454,0.7222222089767456,static_raw
0.4562121331691742,0.48643067479133606,0.6074891686439514,shuffled_diagonal,0.0014161142753437161,109,5376,all,0.14678898453712463,33,node_disjoint,101,0.3623368740081787,0.5229358077049255,static_raw
0.41571980714797974,0.48643067479133606,0.6074891686439514,shuffled_diagonal,0.0015215629246085882,17,5376,hypernym,0.14678898453712463,33,node_disjoint,101,0.30828946828842163,0.47058823704719543,static_raw
0.42839860916137695,0.48643067479133606,0.6074891686439514,shuffled_diagonal,0.0014885453274473548,7,5376,instance_hypernym,0.14678898453712463,33,node_disjoint,101,0.2223297506570816,0.2857142984867096,static_raw
0.4633517265319824,0.48643067479133606,0.6074891686439514,shuffled_diagonal,0.0013975215842947364,16,5376,member_meronym,0.14678898453712463,33,node_disjoint,101,0.4186352491378784,0.5625,static_raw
0.5392195582389832,0.48643067479133606,0.6074891686439514,shuffled_diagonal,0.0011999491835013032,23,5376,substance_meronym,0.14678898453712463,33,node_disjoint,101,0.44913437962532043,0.6086956262588501,static_raw
0.40393537282943726,0.48643067479133606,0.6074891686439514,shuffled_diagonal,0.0015522517496719956,17,5376,part_meronym,0.14678898453712463,33,node_disjoint,101,0.25438380241394043,0.3529411852359772,static_raw
0.4534801244735718,0.48643067479133606,0.6074891686439514,shuffled_diagonal,0.0014232288813218474,11,5376,antonym,0.14678898453712463,33,node_disjoint,101,0.4328617751598358,0.6363636255264282,static_raw
0.44390207529067993,0.48643067479133606,0.6074891686439514,shuffled_diagonal,0.001448171678930521,18,5376,attribute,0.14678898453712463,33,node_disjoint,101,0.36573514342308044,0.6111111044883728,static_raw
0.4454638957977295,0.20008111000061035,0.6090662479400635,shuffled_low_rank,0.0014441045932471752,109,86016,all,0.15596330165863037,33,node_disjoint,101,0.17789439857006073,0.3486238420009613,static_raw
0.4226643741130829,0.20008111000061035,0.6090662479400635,shuffled_low_rank,0.0015034782700240612,17,86016,hypernym,0.15596330165863037,33,node_disjoint,101,0.10897587239742279,0.23529411852359772,static_raw
0.46186766028404236,0.20008111000061035,0.6090662479400635,shuffled_low_rank,0.0014013864565640688,7,86016,instance_hypernym,0.15596330165863037,33,node_disjoint,101,0.2107391208410263,0.2857142984867096,static_raw
0.46577557921409607,0.20008111000061035,0.6090662479400635,shuffled_low_rank,0.0013912093127146363,16,86016,member_meronym,0.15596330165863037,33,node_disjoint,101,0.2992054224014282,0.5,static_raw
0.4932345151901245,0.20008111000061035,0.6090662479400635,shuffled_low_rank,0.0013197020161896944,23,86016,substance_meronym,0.15596330165863037,33,node_disjoint,101,0.25824445486068726,0.43478259444236755,static_raw
0.40396085381507874,0.20008111000061035,0.6090662479400635,shuffled_low_rank,0.0015521852765232325,17,86016,part_meronym,0.15596330165863037,33,node_disjoint,101,0.05745496600866318,0.1764705926179886,static_raw
0.46338990330696106,0.20008111000061035,0.6090662479400635,shuffled_low_rank,0.0013974220491945744,11,86016,antonym,0.15596330165863037,33,node_disjoint,101,0.244591623544693,0.5454545617103577,static_raw
0.4097647964954376,0.20008111000061035,0.6090662479400635,shuffled_low_rank,0.0015370709588751197,18,86016,attribute,0.15596330165863037,33,node_disjoint,101,0.0926985815167427,0.2777777910232544,static_raw
0.21710337698459625,0.8015561103820801,0.8015561103820801,additive,0.0020387934055179358,109,0,all,0.15596330165863037,33,node_disjoint,101,0.42528846859931946,0.6330274939537048,static_centered
0.12377093732357025,0.8015561103820801,0.8015561103820801,additive,0.002281846711412072,17,0,hypernym,0.15596330165863037,33,node_disjoint,101,0.34938544034957886,0.6470588445663452,static_centered
0.039077647030353546,0.8015561103820801,0.8015561103820801,additive,0.002502401825040579,7,0,instance_hypernym,0.15596330165863037,33,node_disjoint,101,0.10763269662857056,0.1428571492433548,static_centered
0.2693685293197632,0.8015561103820801,0.8015561103820801,additive,0.0019026860827580094,16,0,member_meronym,0.15596330165863037,33,node_disjoint,101,0.4733217656612396,0.75,static_centered
0.36815401911735535,0.8015561103820801,0.8015561103820801,additive,0.001645432086661458,23,0,substance_meronym,0.15596330165863037,33,node_disjoint,101,0.5039337277412415,0.6086956262588501,static_centered
0.10436421632766724,0.8015561103820801,0.8015561103820801,additive,0.002332384930923581,17,0,part_meronym,0.15596330165863037,33,node_disjoint,101,0.3050921559333801,0.47058823704719543,static_centered
0.2328364998102188,0.8015561103820801,0.8015561103820801,additive,0.001997821731492877,11,0,antonym,0.15596330165863037,33,node_disjoint,101,0.6485645771026611,0.8181818127632141,static_centered
0.23187701404094696,0.8015561103820801,0.8015561103820801,additive,0.0020003202371299267,18,0,attribute,0.15596330165863037,33,node_disjoint,101,0.45439231395721436,0.7777777910232544,static_centered
0.09916350990533829,,,relation_mean,0.002345928456634283,109,,all,,33,node_disjoint,101,0.14089930057525635,0.3669724762439728,static_centered
0.04318680241703987,,,relation_mean,0.002491700928658247,17,,hypernym,,33,node_disjoint,101,0.10185432434082031,0.1764705926179886,static_centered
0.29706600308418274,,,relation_mean,0.0018305574776604772,7,,instance_hypernym,,33,node_disjoint,101,0.5111111402511597,1.0,static_centered
0.04678086191415787,,,relation_mean,0.002482341369614005,16,,member_meronym,,33,node_disjoint,101,0.08046083897352219,0.25,static_centered
0.17817631363868713,,,relation_mean,0.0021401657722890377,23,,substance_meronym,,33,node_disjoint,101,0.16064727306365967,0.3913043439388275,static_centered
0.02691509947180748,,,relation_mean,0.0025340754073113203,17,,part_meronym,,33,node_disjoint,101,0.07472047954797745,0.29411765933036804,static_centered
0.08749330788850784,,,relation_mean,0.002376319607719779,11,,antonym,,33,node_disjoint,101,0.08856948465108871,0.3636363744735718,static_centered
0.09603630006313324,,,relation_mean,0.0023540721740573645,18,,attribute,,33,node_disjoint,101,0.15677493810653687,0.4444444477558136,static_centered
0.20855119824409485,0.6472254991531372,0.803643524646759,offset,0.002061064587906003,109,5376,all,0.4128440320491791,33,node_disjoint,101,0.38808485865592957,0.5871559381484985,static_centered
0.09456901997327805,0.6472254991531372,0.803643524646759,offset,0.002357893157750368,17,5376,hypernym,0.4128440320491791,33,node_disjoint,101,0.2754955589771271,0.4117647111415863,static_centered
0.29626354575157166,0.6472254991531372,0.803643524646759,offset,0.0018326471326872706,7,5376,instance_hypernym,0.4128440320491791,33,node_disjoint,101,0.5117965340614319,0.8571428656578064,static_centered
0.2115766853094101,0.6472254991531372,0.803643524646759,offset,0.0020531858317553997,16,5376,member_meronym,0.4128440320491791,33,node_disjoint,101,0.4184589087963104,0.5625,static_centered
0.36181989312171936,0.6472254991531372,0.803643524646759,offset,0.0016619273228570819,23,5376,substance_meronym,0.4128440320491791,33,node_disjoint,101,0.5115194916725159,0.6086956262588501,static_centered
0.05658365786075592,0.6472254991531372,0.803643524646759,offset,0.0024568133521825075,17,5376,part_meronym,0.4128440320491791,33,node_disjoint,101,0.119634710252285,0.4117647111415863,static_centered
0.22756381332874298,0.6472254991531372,0.803643524646759,offset,0.0020115526858717203,11,5376,antonym,0.4128440320491791,33,node_disjoint,101,0.4539368450641632,0.7272727489471436,static_centered
0.2154640555381775,0.6472254991531372,0.803643524646759,offset,0.0020430623553693295,18,5376,attribute,0.4128440320491791,33,node_disjoint,101,0.47488144040107727,0.7222222089767456,static_centered
0.16919581592082977,0.7021926641464233,1.0068520307540894,hrr,0.0021635524462908506,109,5376,all,0.22018347680568695,33,node_disjoint,101,0.42825865745544434,0.5963302850723267,static_centered
0.0650126114487648,0.7021926641464233,1.0068520307540894,hrr,0.0024348630104213953,17,5376,hypernym,0.22018347680568695,33,node_disjoint,101,0.29805999994277954,0.529411792755127,static_centered
0.015482177957892418,0.7021926641464233,1.0068520307540894,hrr,0.0025638483930379152,7,5376,instance_hypernym,0.22018347680568695,33,node_disjoint,101,0.1799425184726715,0.2857142984867096,static_centered
0.20923388004302979,0.7021926641464233,1.0068520307540894,hrr,0.0020592869259417057,16,5376,member_meronym,0.22018347680568695,33,node_disjoint,101,0.5256814956665039,0.6875,static_centered
0.3225592374801636,0.7021926641464233,1.0068520307540894,hrr,0.0017641686135903,23,5376,substance_meronym,0.22018347680568695,33,node_disjoint,101,0.4926701486110687,0.6086956262588501,static_centered
0.04906059429049492,0.7021926641464233,1.0068520307540894,hrr,0.0024764046538621187,17,5376,part_meronym,0.22018347680568695,33,node_disjoint,101,0.2506271004676819,0.4117647111415863,static_centered
0.20113225281238556,0.7021926641464233,1.0068520307540894,hrr,0.0020803846418857574,11,5376,antonym,0.22018347680568695,33,node_disjoint,101,0.6609570980072021,0.8181818127632141,static_centered
0.18975919485092163,0.7021926641464233,1.0068520307540894,hrr,0.0021100020967423916,18,5376,attribute,0.22018347680568695,33,node_disjoint,101,0.5044484734535217,0.7222222089767456,static_centered
0.1700894981622696,0.7003320455551147,0.803643524646759,diagonal,0.00216122530400753,109,5376,all,0.2293577939271927,33,node_disjoint,101,0.40208831429481506,0.5963302850723267,static_centered
0.06375080347061157,0.7003320455551147,0.803643524646759,diagonal,0.0024381489492952824,17,5376,hypernym,0.2293577939271927,33,node_disjoint,101,0.2447923719882965,0.529411792755127,static_centered
0.019467303529381752,0.7003320455551147,0.803643524646759,diagonal,0.002553470665588975,7,5376,instance_hypernym,0.2293577939271927,33,node_disjoint,101,0.06401694566011429,0.2857142984867096,static_centered
0.21696354448795319,0.7003320455551147,0.803643524646759,diagonal,0.0020391575526446104,16,5376,member_meronym,0.2293577939271927,33,node_disjoint,101,0.49014630913734436,0.625,static_centered
0.331369549036026,0.7003320455551147,0.803643524646759,diagonal,0.0017412252491340041,23,5376,substance_meronym,0.2293577939271927,33,node_disjoint,101,0.49906960129737854,0.6086956262588501,static_centered
0.04889795184135437,0.7003320455551147,0.803643524646759,diagonal,0.0024768284056335688,17,5376,part_meronym,0.2293577939271927,33,node_disjoint,101,0.2188737392425537,0.47058823704719543,static_centered
0.20980380475521088,0.7003320455551147,0.803643524646759,diagonal,0.0020578023977577686,11,5376,antonym,0.2293577939271927,33,node_disjoint,101,0.7047250270843506,0.8181818127632141,static_centered
0.17153871059417725,0.7003320455551147,0.803643524646759,diagonal,0.0021574513521045446,18,5376,attribute,0.2293577939271927,33,node_disjoint,101,0.4680147171020508,0.7222222089767456,static_centered
0.14468500018119812,0.22162537276744843,0.8046956062316895,low_rank,0.002227382967248559,109,86016,all,0.3211008906364441,33,node_disjoint,101,0.36446261405944824,0.6330274939537048,static_centered
0.07807107269763947,0.22162537276744843,0.8046956062316895,low_rank,0.0024008566979318857,17,86016,hypernym,0.3211008906364441,33,node_disjoint,101,0.1855899542570114,0.47058823704719543,static_centered
0.13019566237926483,0.22162537276744843,0.8046956062316895,low_rank,0.002265115501359105,7,86016,instance_hypernym,0.3211008906364441,33,node_disjoint,101,0.27556174993515015,0.5714285969734192,static_centered
0.13315461575984955,0.22162537276744843,0.8046956062316895,low_rank,0.0022574099712073803,16,86016,member_meronym,0.3211008906364441,33,node_disjoint,101,0.39096108078956604,0.625,static_centered
0.23122872412204742,0.22162537276744843,0.8046956062316895,low_rank,0.002002008492127061,23,86016,substance_meronym,0.3211008906364441,33,node_disjoint,101,0.4996294677257538,0.739130437374115,static_centered
0.052307311445474625,0.22162537276744843,0.8046956062316895,low_rank,0.0024679498746991158,17,86016,part_meronym,0.3211008906364441,33,node_disjoint,101,0.24997320771217346,0.3529411852359772,static_centered
0.1467164307832718,0.22162537276744843,0.8046956062316895,low_rank,0.0022220925893634558,11,86016,antonym,0.3211008906364441,33,node_disjoint,101,0.3649539053440094,0.8181818127632141,static_centered
0.1989026516675949,0.22162537276744843,0.8046956062316895,low_rank,0.0020861912053078413,18,86016,attribute,0.3211008906364441,33,node_disjoint,101,0.4795319139957428,0.8333333134651184,static_centered
0.1485479325056076,0.7214423418045044,1.0087471008300781,shuffled_hrr,0.0022173230536282063,109,5376,all,0.11926604807376862,33,node_disjoint,101,0.40561532974243164,0.5871559381484985,static_centered
0.09303776174783707,0.7214423418045044,1.0087471008300781,shuffled_hrr,0.002361880848184228,17,5376,hypernym,0.11926604807376862,33,node_disjoint,101,0.35121387243270874,0.6470588445663452,static_centered
0.021497692912817,0.7214423418045044,1.0087471008300781,shuffled_hrr,0.0025481830816715956,7,5376,instance_hypernym,0.11926604807376862,33,node_disjoint,101,0.09884005784988403,0.1428571492433548,static_centered
0.16161173582077026,0.7214423418045044,1.0087471008300781,shuffled_hrr,0.0021833027713000774,16,5376,member_meronym,0.11926604807376862,33,node_disjoint,101,0.48427098989486694,0.625,static_centered
0.2725687623023987,0.7214423418045044,1.0087471008300781,shuffled_hrr,0.0018943522591143847,23,5376,substance_meronym,0.11926604807376862,33,node_disjoint,101,0.4936069846153259,0.5652173757553101,static_centered
0.0683005154132843,0.7214423418045044,1.0087471008300781,shuffled_hrr,0.002426300896331668,17,5376,part_meronym,0.11926604807376862,33,node_disjoint,101,0.2694646418094635,0.47058823704719543,static_centered
0.13194666802883148,0.7214423418045044,1.0087471008300781,shuffled_hrr,0.0022605552803725004,11,5376,antonym,0.11926604807376862,33,node_disjoint,101,0.4822131097316742,0.7272727489471436,static_centered
0.16623370349407196,0.7214423418045044,1.0087471008300781,shuffled_hrr,0.002171266358345747,18,5376,attribute,0.11926604807376862,33,node_disjoint,101,0.47572311758995056,0.7222222089767456,static_centered
0.14751145243644714,0.7205997109413147,0.803643524646759,shuffled_diagonal,0.0022200222592800856,109,5376,all,0.0917431116104126,33,node_disjoint,101,0.38877585530281067,0.5688073635101318,static_centered
0.07977651804685593,0.7205997109413147,0.803643524646759,shuffled_diagonal,0.0023964152205735445,17,5376,hypernym,0.0917431116104126,33,node_disjoint,101,0.31677746772766113,0.4117647111415863,static_centered
0.04508078470826149,0.7205997109413147,0.803643524646759,shuffled_diagonal,0.0024867686443030834,7,5376,instance_hypernym,0.0917431116104126,33,node_disjoint,101,0.11139462143182755,0.2857142984867096,static_centered
0.14254644513130188,0.7205997109413147,0.803643524646759,shuffled_diagonal,0.0022329518105834723,16,5376,member_meronym,0.0917431116104126,33,node_disjoint,101,0.3969961404800415,0.625,static_centered
0.2803078889846802,0.7205997109413147,0.803643524646759,shuffled_diagonal,0.0018741983221843839,23,5376,substance_meronym,0.0917431116104126,33,node_disjoint,101,0.48423629999160767,0.6086956262588501,static_centered
0.06889797747135162,0.7205997109413147,0.803643524646759,shuffled_diagonal,0.002424744889140129,17,5376,part_meronym,0.0917431116104126,33,node_disjoint,101,0.2993549406528473,0.4117647111415863,static_centered
0.13641497492790222,0.7205997109413147,0.803643524646759,shuffled_diagonal,0.0022489195689558983,11,5376,antonym,0.0917431116104126,33,node_disjoint,101,0.4992836117744446,0.8181818127632141,static_centered
0.16707366704940796,0.7205997109413147,0.803643524646759,shuffled_diagonal,0.002169078914448619,18,5376,attribute,0.0917431116104126,33,node_disjoint,101,0.4522812068462372,0.7222222089767456,static_centered
0.0926947295665741,0.27661335468292236,0.8045019507408142,shuffled_low_rank,0.002362773986533284,109,86016,all,0.16513760387897491,33,node_disjoint,101,0.2597992420196533,0.4220183491706848,static_centered
0.044902075082063675,0.27661335468292236,0.8045019507408142,shuffled_low_rank,0.002487234305590391,17,86016,hypernym,0.16513760387897491,33,node_disjoint,101,0.18373052775859833,0.3529411852359772,static_centered
0.00023457514180336148,0.27661335468292236,0.8045019507408142,shuffled_low_rank,0.0026035557966679335,7,86016,instance_hypernym,0.16513760387897491,33,node_disjoint,101,0.15752193331718445,0.1428571492433548,static_centered
0.11802950501441956,0.27661335468292236,0.8045019507408142,shuffled_low_rank,0.0022967983968555927,16,86016,member_meronym,0.16513760387897491,33,node_disjoint,101,0.26825231313705444,0.375,static_centered
0.1648632287979126,0.27661335468292236,0.8045019507408142,shuffled_low_rank,0.0021748351864516735,23,86016,substance_meronym,0.16513760387897491,33,node_disjoint,101,0.3893498182296753,0.6086956262588501,static_centered
0.052485715597867966,0.27661335468292236,0.8045019507408142,shuffled_low_rank,0.0024674851447343826,17,86016,part_meronym,0.16513760387897491,33,node_disjoint,101,0.2193509191274643,0.29411765933036804,static_centered
0.11206170916557312,0.27661335468292236,0.8045019507408142,shuffled_low_rank,0.0023123393766582012,11,86016,antonym,0.16513760387897491,33,node_disjoint,101,0.28012585639953613,0.4545454680919647,static_centered
0.0851936787366867,0.27661335468292236,0.8045019507408142,shuffled_low_rank,0.0023823080118745565,18,86016,attribute,0.16513760387897491,33,node_disjoint,101,0.2241450697183609,0.5,static_centered
0.9927905201911926,0.007666349411010742,0.007666349411010742,additive,1.8775050193653442e-05,109,0,all,0.15596330165863037,33,node_disjoint,101,0.23199455440044403,0.39449542760849,contextual_raw
0.9926673769950867,0.007666349411010742,0.007666349411010742,additive,1.9095634343102574e-05,17,0,hypernym,0.15596330165863037,33,node_disjoint,101,0.13632352650165558,0.29411765933036804,contextual_raw
0.9908904433250427,0.007666349411010742,0.007666349411010742,additive,2.3723050617263652e-05,7,0,instance_hypernym,0.15596330165863037,33,node_disjoint,101,0.2607475221157074,0.7142857313156128,contextual_raw
0.9919853210449219,0.007666349411010742,0.007666349411010742,additive,2.087181928800419e-05,16,0,member_meronym,0.15596330165863037,33,node_disjoint,101,0.2284819632768631,0.4375,contextual_raw
0.993529200553894,0.007666349411010742,0.007666349411010742,additive,1.685122879280243e-05,23,0,substance_meronym,0.15596330165863037,33,node_disjoint,101,0.3356802463531494,0.52173912525177,contextual_raw
0.9933222532272339,0.007666349411010742,0.007666349411010742,additive,1.739025719871279e-05,17,0,part_meronym,0.15596330165863037,33,node_disjoint,101,0.1771789789199829,0.29411765933036804,contextual_raw
0.9942258596420288,0.007666349411010742,0.007666349411010742,additive,1.503710063843755e-05,11,0,antonym,0.15596330165863037,33,node_disjoint,101,0.4200606346130371,0.5454545617103577,contextual_raw
0.9920380115509033,0.007666349411010742,0.007666349411010742,additive,2.0734636564156972e-05,18,0,attribute,0.15596330165863037,33,node_disjoint,101,0.11864486336708069,0.1666666716337204,contextual_raw
0.9949671626091003,,,relation_mean,1.3106444384902716e-05,109,,all,,33,node_disjoint,101,0.08497439324855804,0.2110091745853424,contextual_raw
0.9961904883384705,,,relation_mean,9.921041964844335e-06,17,,hypernym,,33,node_disjoint,101,0.07148373126983643,0.1764705926179886,contextual_raw
0.9969015717506409,,,relation_mean,8.06910429673735e-06,7,,instance_hypernym,,33,node_disjoint,101,0.0809774398803711,0.4285714328289032,contextual_raw
0.9919313192367554,,,relation_mean,2.10123325814493e-05,16,,member_meronym,,33,node_disjoint,101,0.056048683822155,0.125,contextual_raw
0.9942280054092407,,,relation_mean,1.5031605471449438e-05,23,,substance_meronym,,33,node_disjoint,101,0.09578216820955276,0.1304347813129425,contextual_raw
0.996487557888031,,,relation_mean,9.147243872575928e-06,17,,part_meronym,,33,node_disjoint,101,0.13294489681720734,0.4117647111415863,contextual_raw
0.994896650314331,,,relation_mean,1.3290190508996602e-05,11,,antonym,,33,node_disjoint,101,0.10546047240495682,0.27272728085517883,contextual_raw
0.9953100681304932,,,relation_mean,1.2213408808747772e-05,18,,attribute,,33,node_disjoint,101,0.05334701016545296,0.1111111119389534,contextual_raw
0.9947798252105713,0.004425934981554747,0.007686314173042774,offset,1.3594326446764171e-05,109,5376,all,0.2568807303905487,33,node_disjoint,101,0.21723686158657074,0.3486238420009613,contextual_raw
0.9951984286308289,0.004425934981554747,0.007686314173042774,offset,1.2504337064456195e-05,17,5376,hypernym,0.2568807303905487,33,node_disjoint,101,0.14174436032772064,0.3529411852359772,contextual_raw
0.9936461448669434,0.004425934981554747,0.007686314173042774,offset,1.654671723372303e-05,7,5376,instance_hypernym,0.2568807303905487,33,node_disjoint,101,0.23140749335289001,0.4285714328289032,contextual_raw
0.9934228658676147,0.004425934981554747,0.007686314173042774,offset,1.712819721433334e-05,16,5376,member_meronym,0.2568807303905487,33,node_disjoint,101,0.24004331231117249,0.25,contextual_raw
0.9946189522743225,0.004425934981554747,0.007686314173042774,offset,1.401334611728089e-05,23,5376,substance_meronym,0.2568807303905487,33,node_disjoint,101,0.3004646301269531,0.43478259444236755,contextual_raw
0.9960424900054932,0.004425934981554747,0.007686314173042774,offset,1.030613111652201e-05,17,5376,part_meronym,0.2568807303905487,33,node_disjoint,101,0.25358837842941284,0.4117647111415863,contextual_raw
0.9952053427696228,0.004425934981554747,0.007686314173042774,offset,1.248646185558755e-05,11,5376,antonym,0.2568807303905487,33,node_disjoint,101,0.31538447737693787,0.4545454680919647,contextual_raw
0.9947846531867981,0.004425934981554747,0.007686314173042774,offset,1.3581518032879103e-05,18,5376,attribute,0.2568807303905487,33,node_disjoint,101,0.06209452822804451,0.1666666716337204,contextual_raw
0.9924880266189575,0.006560557521879673,1.0289713144302368,hrr,1.9562394300010055e-05,109,5376,all,0.22018347680568695,33,node_disjoint,101,0.25304046273231506,0.3669724762439728,contextual_raw
0.9922725558280945,0.006560557521879673,1.0289713144302368,hrr,2.0123590729781426e-05,17,5376,hypernym,0.22018347680568695,33,node_disjoint,101,0.1278677135705948,0.29411765933036804,contextual_raw
0.9869533777236938,0.006560557521879673,1.0289713144302368,hrr,3.397572800167836e-05,7,5376,instance_hypernym,0.22018347680568695,33,node_disjoint,101,0.25760796666145325,0.4285714328289032,contextual_raw
0.9914022088050842,0.006560557521879673,1.0289713144302368,hrr,2.239016794192139e-05,16,5376,member_meronym,0.22018347680568695,33,node_disjoint,101,0.2190954089164734,0.3125,contextual_raw
0.9936215877532959,0.006560557521879673,1.0289713144302368,hrr,1.661070746195037e-05,23,5376,substance_meronym,0.22018347680568695,33,node_disjoint,101,0.4685766100883484,0.52173912525177,contextual_raw
0.9935811161994934,0.006560557521879673,1.0289713144302368,hrr,1.671609607001301e-05,17,5376,part_meronym,0.22018347680568695,33,node_disjoint,101,0.22658860683441162,0.3529411852359772,contextual_raw
0.9939947724342346,0.006560557521879673,1.0289713144302368,hrr,1.5638866898370907e-05,11,5376,antonym,0.22018347680568695,33,node_disjoint,101,0.3673633337020874,0.5454545617103577,contextual_raw
0.992408037185669,0.006560557521879673,1.0289713144302368,hrr,1.977109604922589e-05,18,5376,attribute,0.22018347680568695,33,node_disjoint,101,0.07936731725931168,0.1666666716337204,contextual_raw
0.9939655065536499,0.0060260058380663395,0.007686314173042774,diagonal,1.5715066183474846e-05,109,5376,all,0.302752286195755,33,node_disjoint,101,0.21206745505332947,0.3211009204387665,contextual_raw
0.9939263463020325,0.0060260058380663395,0.007686314173042774,diagonal,1.5817124221939594e-05,17,5376,hypernym,0.302752286195755,33,node_disjoint,101,0.07554028183221817,0.11764705926179886,contextual_raw
0.9965663552284241,0.0060260058380663395,0.007686314173042774,diagonal,8.942313797888346e-06,7,5376,instance_hypernym,0.302752286195755,33,node_disjoint,101,0.28857141733169556,0.7142857313156128,contextual_raw
0.9919041991233826,0.0060260058380663395,0.007686314173042774,diagonal,2.108302760461811e-05,16,5376,member_meronym,0.302752286195755,33,node_disjoint,101,0.28573983907699585,0.3125,contextual_raw
0.9940219521522522,0.0060260058380663395,0.007686314173042774,diagonal,1.556779352540616e-05,23,5376,substance_meronym,0.302752286195755,33,node_disjoint,101,0.3018023669719696,0.47826087474823,contextual_raw
0.9956679344177246,0.0060260058380663395,0.007686314173042774,diagonal,1.1281576007604599e-05,17,5376,part_meronym,0.302752286195755,33,node_disjoint,101,0.2172253429889679,0.29411765933036804,contextual_raw
0.9947894811630249,0.0060260058380663395,0.007686314173042774,diagonal,1.3569175280281343e-05,11,5376,antonym,0.302752286195755,33,node_disjoint,101,0.3512139320373535,0.5454545617103577,contextual_raw
0.9926396608352661,0.0060260058380663395,0.007686314173042774,diagonal,1.916774817800615e-05,18,5376,attribute,0.302752286195755,33,node_disjoint,101,0.04120505973696709,0.0555555559694767,contextual_raw
0.9935659170150757,0.0007732330705039203,0.012528834864497185,low_rank,1.6755477190599777e-05,109,86016,all,0.2293577939271927,33,node_disjoint,101,0.24270004034042358,0.39449542760849,contextual_raw
0.992538571357727,0.0007732330705039203,0.012528834864497185,low_rank,1.9431156033533625e-05,17,86016,hypernym,0.2293577939271927,33,node_disjoint,101,0.07740296423435211,0.1764705926179886,contextual_raw
0.9950011968612671,0.0007732330705039203,0.012528834864497185,low_rank,1.3018085155636072e-05,7,86016,instance_hypernym,0.2293577939271927,33,node_disjoint,101,0.20459601283073425,0.4285714328289032,contextual_raw
0.991989254951477,0.0007732330705039203,0.012528834864497185,low_rank,2.0861509256064892e-05,16,86016,member_meronym,0.2293577939271927,33,node_disjoint,101,0.33744239807128906,0.4375,contextual_raw
0.994310200214386,0.0007732330705039203,0.012528834864497185,low_rank,1.4817150258750189e-05,23,86016,substance_meronym,0.2293577939271927,33,node_disjoint,101,0.32866451144218445,0.47826087474823,contextual_raw
0.993984580039978,0.0007732330705039203,0.012528834864497185,low_rank,1.5665316823287867e-05,17,86016,part_meronym,0.2293577939271927,33,node_disjoint,101,0.21877463161945343,0.3529411852359772,contextual_raw
0.9951875805854797,0.0007732330705039203,0.012528834864497185,low_rank,1.2532595974334981e-05,11,86016,antonym,0.2293577939271927,33,node_disjoint,101,0.3675616979598999,0.5454545617103577,contextual_raw
0.9930424094200134,0.0007732330705039203,0.012528834864497185,low_rank,1.8119066226063296e-05,18,86016,attribute,0.2293577939271927,33,node_disjoint,101,0.16586512327194214,0.3888888955116272,contextual_raw
0.9921096563339233,0.0075951204635202885,1.0305010080337524,shuffled_hrr,2.0547820895444602e-05,109,5376,all,0.11926604807376862,33,node_disjoint,101,0.20727841556072235,0.3211009204387665,contextual_raw
0.9920974969863892,0.0075951204635202885,1.0305010080337524,shuffled_hrr,2.057953315670602e-05,17,5376,hypernym,0.11926604807376862,33,node_disjoint,101,0.12203386425971985,0.23529411852359772,contextual_raw
0.9907898306846619,0.0075951204635202885,1.0305010080337524,shuffled_hrr,2.3984994186321273e-05,7,5376,instance_hypernym,0.11926604807376862,33,node_disjoint,101,0.2606410086154938,0.7142857313156128,contextual_raw
0.9911784529685974,0.0075951204635202885,1.0305010080337524,shuffled_hrr,2.2972926672082394e-05,16,5376,member_meronym,0.11926604807376862,33,node_disjoint,101,0.20016513764858246,0.375,contextual_raw
0.9924951791763306,0.0075951204635202885,1.0305010080337524,shuffled_hrr,1.9544126189430244e-05,23,5376,substance_meronym,0.11926604807376862,33,node_disjoint,101,0.2612132132053375,0.30434781312942505,contextual_raw
0.992870569229126,0.0075951204635202885,1.0305010080337524,shuffled_hrr,1.8566612197901122e-05,17,5376,part_meronym,0.11926604807376862,33,node_disjoint,101,0.16831716895103455,0.23529411852359772,contextual_raw
0.9921846389770508,0.0075951204635202885,1.0305010080337524,shuffled_hrr,2.0352597857709043e-05,11,5376,antonym,0.11926604807376862,33,node_disjoint,101,0.4097253680229187,0.4545454680919647,contextual_raw
0.9922053813934326,0.0075951204635202885,1.0305010080337524,shuffled_hrr,2.0298488379921764e-05,18,5376,attribute,0.11926604807376862,33,node_disjoint,101,0.11752045154571533,0.2222222238779068,contextual_raw
0.9938016533851624,0.00627460703253746,0.007686314173042774,shuffled_diagonal,1.6141801097546704e-05,109,5376,all,0.11009173840284348,33,node_disjoint,101,0.1588367521762848,0.31192660331726074,contextual_raw
0.9941709041595459,0.00627460703253746,0.007686314173042774,shuffled_diagonal,1.5180025002337061e-05,17,5376,hypernym,0.11009173840284348,33,node_disjoint,101,0.11985325813293457,0.29411765933036804,contextual_raw
0.9957718849182129,0.00627460703253746,0.007686314173042774,shuffled_diagonal,1.1010849448211957e-05,7,5376,instance_hypernym,0.11009173840284348,33,node_disjoint,101,0.13418883085250854,0.5714285969734192,contextual_raw
0.9916521310806274,0.00627460703253746,0.007686314173042774,shuffled_diagonal,2.173928078263998e-05,16,5376,member_meronym,0.11009173840284348,33,node_disjoint,101,0.17831982672214508,0.375,contextual_raw
0.9943020939826965,0.00627460703253746,0.007686314173042774,shuffled_diagonal,1.4838490642432589e-05,23,5376,substance_meronym,0.11009173840284348,33,node_disjoint,101,0.21575476229190826,0.3478260934352875,contextual_raw
0.9949811100959778,0.00627460703253746,0.007686314173042774,shuffled_diagonal,1.3070313798380084e-05,17,5376,part_meronym,0.11009173840284348,33,node_disjoint,101,0.13097503781318665,0.23529411852359772,contextual_raw
0.9945062398910522,0.00627460703253746,0.007686314173042774,shuffled_diagonal,1.4306830053101294e-05,11,5376,antonym,0.11009173840284348,33,node_disjoint,101,0.32366660237312317,0.5454545617103577,contextual_raw
0.9924132227897644,0.00627460703253746,0.007686314173042774,shuffled_diagonal,1.9757539121201262e-05,18,5376,attribute,0.11009173840284348,33,node_disjoint,101,0.04077740013599396,0.0555555559694767,contextual_raw
0.9932669401168823,0.0008908999152481556,0.012671004049479961,shuffled_low_rank,1.7534150174469687e-05,109,86016,all,0.14678898453712463,33,node_disjoint,101,0.20052127540111542,0.3211009204387665,contextual_raw
0.9933009147644043,0.0008908999152481556,0.012671004049479961,shuffled_low_rank,1.7445590856368653e-05,17,86016,hypernym,0.14678898453712463,33,node_disjoint,101,0.18449924886226654,0.529411792755127,contextual_raw
0.9924944043159485,0.0008908999152481556,0.012671004049479961,shuffled_low_rank,1.9546261682990007e-05,7,86016,instance_hypernym,0.14678898453712463,33,node_disjoint,101,0.19219550490379333,0.4285714328289032,contextual_raw
0.9925081729888916,0.0008908999152481556,0.012671004049479961,shuffled_low_rank,1.950988189491909e-05,16,86016,member_meronym,0.14678898453712463,33,node_disjoint,101,0.09894581139087677,0.1875,contextual_raw
0.9941921830177307,0.0008908999152481556,0.012671004049479961,shuffled_low_rank,1.5124366655072663e-05,23,86016,substance_meronym,0.14678898453712463,33,node_disjoint,101,0.43487831950187683,0.47826087474823,contextual_raw
0.9936268925666809,0.0008908999152481556,0.012671004049479961,shuffled_low_rank,1.6596757632214576e-05,17,86016,part_meronym,0.14678898453712463,33,node_disjoint,101,0.10911720246076584,0.1764705926179886,contextual_raw
0.9936832785606384,0.0008908999152481556,0.012671004049479961,shuffled_low_rank,1.6450094335596077e-05,11,86016,antonym,0.14678898453712463,33,node_disjoint,101,0.27450329065322876,0.3636363744735718,contextual_raw
0.9924330115318298,0.0008908999152481556,0.012671004049479961,shuffled_low_rank,1.97060544451233e-05,18,86016,attribute,0.14678898453712463,33,node_disjoint,101,0.05083896219730377,0.1111111119389534,contextual_raw
0.31654760241508484,0.7126956582069397,0.7126956582069397,additive,0.0017798240296542645,109,0,all,0.15596330165863037,33,node_disjoint,101,0.24033969640731812,0.38532111048698425,contextual_centered
0.21303530037403107,0.7126956582069397,0.7126956582069397,additive,0.002049387199804187,17,0,hypernym,0.15596330165863037,33,node_disjoint,101,0.11809700727462769,0.23529411852359772,contextual_centered
0.2734852731227875,0.7126956582069397,0.7126956582069397,additive,0.0018919656286016107,7,0,instance_hypernym,0.15596330165863037,33,node_disjoint,101,0.20557264983654022,0.4285714328289032,contextual_centered
0.46700185537338257,0.7126956582069397,0.7126956582069397,additive,0.0013880161568522453,16,0,member_meronym,0.15596330165863037,33,node_disjoint,101,0.24867959320545197,0.5,contextual_centered
0.4898512363433838,0.7126956582069397,0.7126956582069397,additive,0.0013285124441608787,23,0,substance_meronym,0.15596330165863037,33,node_disjoint,101,0.3981688618659973,0.6086956262588501,contextual_centered
0.25265711545944214,0.7126956582069397,0.7126956582069397,additive,0.0019462055061012506,17,0,part_meronym,0.15596330165863037,33,node_disjoint,101,0.20945335924625397,0.23529411852359772,contextual_centered
0.38091498613357544,0.7126956582069397,0.7126956582069397,additive,0.0016122006345540285,11,0,antonym,0.15596330165863037,33,node_disjoint,101,0.38484668731689453,0.5454545617103577,contextual_centered
0.09688045084476471,0.7126956582069397,0.7126956582069397,additive,0.0023518740199506283,18,0,attribute,0.15596330165863037,33,node_disjoint,101,0.10108854621648788,0.1666666716337204,contextual_centered
0.2864612340927124,,,relation_mean,0.0018581738695502281,109,,all,,33,node_disjoint,101,0.11996084451675415,0.302752286195755,contextual_centered
0.11433618515729904,,,relation_mean,0.0023064161650836468,17,,hypernym,,33,node_disjoint,101,0.09378132224082947,0.11764705926179886,contextual_centered
0.41475364565849304,,,relation_mean,0.0015240792417898774,7,,instance_hypernym,,33,node_disjoint,101,0.1180451288819313,0.7142857313156128,contextual_centered
0.24911025166511536,,,relation_mean,0.0019554418977349997,16,,member_meronym,,33,node_disjoint,101,0.13731037080287933,0.3125,contextual_centered
0.5321524143218994,,,relation_mean,0.0012183532817289233,23,,substance_meronym,,33,node_disjoint,101,0.16618461906909943,0.43478259444236755,contextual_centered
0.27814775705337524,,,relation_mean,0.0018798235105350614,17,,part_meronym,,33,node_disjoint,101,0.07137352228164673,0.23529411852359772,contextual_centered
0.17114019393920898,,,relation_mean,0.00215848907828331,11,,antonym,,33,node_disjoint,101,0.1402309089899063,0.3636363744735718,contextual_centered
0.19671986997127533,,,relation_mean,0.0020918757654726505,18,,attribute,,33,node_disjoint,101,0.10444625467061996,0.1666666716337204,contextual_centered
0.3623274564743042,0.5126621127128601,0.7145516276359558,offset,0.0016606056597083807,109,5376,all,0.2752293348312378,33,node_disjoint,101,0.171915665268898,0.35779815912246704,contextual_centered
0.20673397183418274,0.5126621127128601,0.7145516276359558,offset,0.002065796870738268,17,5376,hypernym,0.2752293348312378,33,node_disjoint,101,0.05762604996562004,0.11764705926179886,contextual_centered
0.35408541560173035,0.5126621127128601,0.7145516276359558,offset,0.001682068919762969,7,5376,instance_hypernym,0.2752293348312378,33,node_disjoint,101,0.15553666651248932,0.7142857313156128,contextual_centered
0.3884027898311615,0.5126621127128601,0.7145516276359558,offset,0.0015927013009786606,16,5376,member_meronym,0.2752293348312378,33,node_disjoint,101,0.16525721549987793,0.375,contextual_centered
0.5802538394927979,0.5126621127128601,0.7145516276359558,offset,0.0010930889984592795,23,5376,substance_meronym,0.2752293348312378,33,node_disjoint,101,0.29579561948776245,0.5652173757553101,contextual_centered
0.3769673705101013,0.5126621127128601,0.7145516276359558,offset,0.0016224809223785996,17,5376,part_meronym,0.2752293348312378,33,node_disjoint,101,0.14453382790088654,0.23529411852359772,contextual_centered
0.3383347988128662,0.5126621127128601,0.7145516276359558,offset,0.0017230865778401494,11,5376,antonym,0.2752293348312378,33,node_disjoint,101,0.1944027990102768,0.5454545617103577,contextual_centered
0.21167810261249542,0.5126621127128601,0.7145516276359558,offset,0.0020529215689748526,18,5376,attribute,0.2752293348312378,33,node_disjoint,101,0.1459716260433197,0.1666666716337204,contextual_centered
0.2863069176673889,0.6177869439125061,1.0061359405517578,hrr,0.0018585756188258529,109,5376,all,0.2752293348312378,33,node_disjoint,101,0.2654113471508026,0.4403669834136963,contextual_centered
0.16829468309879303,0.6177869439125061,1.0061359405517578,hrr,0.0021658993791788816,17,5376,hypernym,0.2752293348312378,33,node_disjoint,101,0.12364748120307922,0.23529411852359772,contextual_centered
0.20240475237369537,0.6177869439125061,1.0061359405517578,hrr,0.002077070763334632,7,5376,instance_hypernym,0.2752293348312378,33,node_disjoint,101,0.25326603651046753,0.7142857313156128,contextual_centered
0.3693411350250244,0.6177869439125061,1.0061359405517578,hrr,0.0016423407942056656,16,5376,member_meronym,0.2752293348312378,33,node_disjoint,101,0.3631642460823059,0.5625,contextual_centered
0.4918130934238434,0.6177869439125061,1.0061359405517578,hrr,0.0013234035577625036,23,5376,substance_meronym,0.2752293348312378,33,node_disjoint,101,0.4072056710720062,0.6521739363670349,contextual_centered
0.20597173273563385,0.6177869439125061,1.0061359405517578,hrr,0.002067781751975417,17,5376,part_meronym,0.2752293348312378,33,node_disjoint,101,0.21639128029346466,0.29411765933036804,contextual_centered
0.36397501826286316,0.6177869439125061,1.0061359405517578,hrr,0.0016563150566071272,11,5376,antonym,0.2752293348312378,33,node_disjoint,101,0.39237213134765625,0.5454545617103577,contextual_centered
0.12240049242973328,0.6177869439125061,1.0061359405517578,hrr,0.002285415306687355,18,5376,attribute,0.2752293348312378,33,node_disjoint,101,0.1046590507030487,0.2222222238779068,contextual_centered
0.29381662607192993,0.6175675392150879,0.7145516276359558,diagonal,0.001839019125327468,109,5376,all,0.29357796907424927,33,node_disjoint,101,0.2453261911869049,0.4403669834136963,contextual_centered
0.20816223323345184,0.6175675392150879,0.7145516276359558,diagonal,0.0020620774012058973,17,5376,hypernym,0.29357796907424927,33,node_disjoint,101,0.0810454711318016,0.3529411852359772,contextual_centered
0.12674731016159058,0.6175675392150879,0.7145516276359558,diagonal,0.002274095546454191,7,5376,instance_hypernym,0.29357796907424927,33,node_disjoint,101,0.3344164490699768,0.4285714328289032,contextual_centered
0.3418205976486206,0.6175675392150879,0.7145516276359558,diagonal,0.0017140088602900505,16,5376,member_meronym,0.29357796907424927,33,node_disjoint,101,0.20122595131397247,0.5625,contextual_centered
0.513160228729248,0.6175675392150879,0.7145516276359558,diagonal,0.001267812098376453,23,5376,substance_meronym,0.29357796907424927,33,node_disjoint,101,0.3572389483451843,0.5652173757553101,contextual_centered
0.23642590641975403,0.6175675392150879,0.7145516276359558,diagonal,0.001988474279642105,17,5376,part_meronym,0.29357796907424927,33,node_disjoint,101,0.17896467447280884,0.29411765933036804,contextual_centered
0.38955047726631165,0.6175675392150879,0.7145516276359558,diagonal,0.0015897125704213977,11,5376,antonym,0.29357796907424927,33,node_disjoint,101,0.49926576018333435,0.5454545617103577,contextual_centered
0.11243988573551178,0.6175675392150879,0.7145516276359558,diagonal,0.0023113545030355453,18,5376,attribute,0.29357796907424927,33,node_disjoint,101,0.16952411830425262,0.3333333432674408,contextual_centered
0.3752547800540924,0.060445789247751236,0.7160643339157104,low_rank,0.0016269409097731113,109,86016,all,0.302752286195755,33,node_disjoint,101,0.2207058072090149,0.43119266629219055,contextual_centered
0.18011902272701263,0.060445789247751236,0.7160643339157104,low_rank,0.0021351068280637264,17,86016,hypernym,0.302752286195755,33,node_disjoint,101,0.10605661571025848,0.11764705926179886,contextual_centered
0.28535550832748413,0.060445789247751236,0.7160643339157104,low_rank,0.0018610534025356174,7,86016,instance_hypernym,0.302752286195755,33,node_disjoint,101,0.2348199188709259,0.7142857313156128,contextual_centered
0.3819305896759033,0.060445789247751236,0.7160643339157104,low_rank,0.0016095557948574424,16,86016,member_meronym,0.302752286195755,33,node_disjoint,101,0.24353571236133575,0.4375,contextual_centered
0.559611976146698,0.060445789247751236,0.7160643339157104,low_rank,0.0011468436568975449,23,86016,substance_meronym,0.302752286195755,33,node_disjoint,101,0.27258768677711487,0.6086956262588501,contextual_centered
0.31191879510879517,0.060445789247751236,0.7160643339157104,low_rank,0.0017918783705681562,17,86016,part_meronym,0.302752286195755,33,node_disjoint,101,0.19118264317512512,0.29411765933036804,contextual_centered
0.4379779100418091,0.060445789247751236,0.7160643339157104,low_rank,0.00146359927020967,11,86016,antonym,0.302752286195755,33,node_disjoint,101,0.1940556913614273,0.6363636255264282,contextual_centered
0.37449514865875244,0.060445789247751236,0.7160643339157104,low_rank,0.0016289189225062728,18,86016,attribute,0.302752286195755,33,node_disjoint,101,0.2810792028903961,0.3888888955116272,contextual_centered
0.273766428232193,0.6618017554283142,1.005952000617981,shuffled_hrr,0.0018912331433966756,109,5376,all,0.22018347680568695,33,node_disjoint,101,0.2431434541940689,0.39449542760849,contextual_centered
0.10949128121137619,0.6618017554283142,1.005952000617981,shuffled_hrr,0.0023190327920019627,17,5376,hypernym,0.22018347680568695,33,node_disjoint,101,0.0779620036482811,0.23529411852359772,contextual_centered
0.21734942495822906,0.6618017554283142,1.005952000617981,shuffled_hrr,0.0020381526555866003,7,5376,instance_hypernym,0.22018347680568695,33,node_disjoint,101,0.19878435134887695,0.4285714328289032,contextual_centered
0.40676090121269226,0.6618017554283142,1.005952000617981,shuffled_hrr,0.0015448936028406024,16,5376,member_meronym,0.22018347680568695,33,node_disjoint,101,0.22546012699604034,0.5625,contextual_centered
0.4665713906288147,0.6618017554283142,1.005952000617981,shuffled_hrr,0.001389137003570795,23,5376,substance_meronym,0.22018347680568695,33,node_disjoint,101,0.4283832907676697,0.6086956262588501,contextual_centered
0.23480455577373505,0.6618017554283142,1.005952000617981,shuffled_hrr,0.001992696663364768,17,5376,part_meronym,0.22018347680568695,33,node_disjoint,101,0.20904062688350677,0.23529411852359772,contextual_centered
0.325041800737381,0.6618017554283142,1.005952000617981,shuffled_hrr,0.001757703721523285,11,5376,antonym,0.22018347680568695,33,node_disjoint,101,0.4246401786804199,0.5454545617103577,contextual_centered
0.09173838049173355,0.6618017554283142,1.005952000617981,shuffled_hrr,0.0023652645759284496,18,5376,attribute,0.22018347680568695,33,node_disjoint,101,0.11671572178602219,0.1666666716337204,contextual_centered
0.2808521091938019,0.6436411142349243,0.7145516276359558,shuffled_diagonal,0.0018727808492258191,109,5376,all,0.14678898453712463,33,node_disjoint,101,0.23327961564064026,0.4128440320491791,contextual_centered
0.13495905697345734,0.6436411142349243,0.7145516276359558,shuffled_diagonal,0.0022527107503265142,17,5376,hypernym,0.14678898453712463,33,node_disjoint,101,0.2023448944091797,0.47058823704719543,contextual_centered
0.10672248899936676,0.6436411142349243,0.7145516276359558,shuffled_diagonal,0.0023262433242052794,7,5376,instance_hypernym,0.14678898453712463,33,node_disjoint,101,0.04685879498720169,0.1428571492433548,contextual_centered
0.4014119505882263,0.6436411142349243,0.7145516276359558,shuffled_diagonal,0.0015588231617584825,16,5376,member_meronym,0.14678898453712463,33,node_disjoint,101,0.2235681712627411,0.5625,contextual_centered
0.5099591612815857,0.6436411142349243,0.7145516276359558,shuffled_diagonal,0.0012761481339111924,23,5376,substance_meronym,0.14678898453712463,33,node_disjoint,101,0.37011560797691345,0.5652173757553101,contextual_centered
0.22986340522766113,0.6436411142349243,0.7145516276359558,shuffled_diagonal,0.002005564281716943,17,5376,part_meronym,0.14678898453712463,33,node_disjoint,101,0.16168659925460815,0.23529411852359772,contextual_centered
0.3587391674518585,0.6436411142349243,0.7145516276359558,shuffled_diagonal,0.0016699503175914288,11,5376,antonym,0.14678898453712463,33,node_disjoint,101,0.4419412910938263,0.5454545617103577,contextual_centered
0.08700335770845413,0.6436411142349243,0.7145516276359558,shuffled_diagonal,0.0023775955196470022,18,5376,attribute,0.14678898453712463,33,node_disjoint,101,0.1088794618844986,0.2222222238779068,contextual_centered
0.3004045784473419,0.07226867973804474,0.7162107229232788,shuffled_low_rank,0.0018218632321804762,109,86016,all,0.1376146674156189,33,node_disjoint,101,0.13212087750434875,0.29357796907424927,contextual_centered
0.2125798910856247,0.07226867973804474,0.7162107229232788,shuffled_low_rank,0.0020505732391029596,17,86016,hypernym,0.1376146674156189,33,node_disjoint,101,0.08264660835266113,0.23529411852359772,contextual_centered
0.13120804727077484,0.07226867973804474,0.7162107229232788,shuffled_low_rank,0.002262478694319725,7,86016,instance_hypernym,0.1376146674156189,33,node_disjoint,101,0.11931867897510529,0.2857142984867096,contextual_centered
0.21654081344604492,0.07226867973804474,0.7162107229232788,shuffled_low_rank,0.002040258375927806,16,86016,member_meronym,0.1376146674156189,33,node_disjoint,101,0.0712505504488945,0.3125,contextual_centered
0.5806032419204712,0.07226867973804474,0.7162107229232788,shuffled_low_rank,0.0010921790963038802,23,86016,substance_meronym,0.1376146674156189,33,node_disjoint,101,0.3312012255191803,0.52173912525177,contextual_centered
0.3022686243057251,0.07226867973804474,0.7162107229232788,shuffled_low_rank,0.0018170088296756148,17,86016,part_meronym,0.1376146674156189,33,node_disjoint,101,0.05351930111646652,0.11764705926179886,contextual_centered
0.35080811381340027,0.07226867973804474,0.7162107229232788,shuffled_low_rank,0.0016906039090827107,11,86016,antonym,0.1376146674156189,33,node_disjoint,101,0.11331212520599365,0.27272728085517883,contextual_centered
0.13309985399246216,0.07226867973804474,0.7162107229232788,shuffled_low_rank,0.0022575524635612965,18,86016,attribute,0.1376146674156189,33,node_disjoint,101,0.06928083300590515,0.2222222238779068,contextual_centered
