index,lemma,synset,taxonomy_degree,token_id,values
0,bog,bog.n.01,3,22922,"('lexname:noun.object', 'synset:wetland.n.01', 'synset:land.n.02', 'synset:object.n.01', 'synset:physical_entity.n.01')"
1,strategist,strategist.n.01,2,25651,"('lexname:noun.person', 'synset:planner.n.01', 'synset:person.n.01', 'synset:causal_agent.n.01', 'synset:physical_entity.n.01')"
2,aluminium,aluminum.n.01,3,40412,"('lexname:noun.substance', 'synset:metallic_element.n.01', 'synset:chemical_element.n.01', 'synset:substance.n.01', 'synset:matter.n.03')"
3,cycling,cycling.n.01,4,16259,"('lexname:noun.act', 'synset:sport.n.01', 'synset:diversion.n.01', 'synset:activity.n.01', 'synset:act.n.02')"
4,minus,subtraction.n.01,1,20208,"('lexname:noun.act', 'synset:arithmetic_operation.n.01', 'synset:mathematical_process.n.01', 'synset:calculation.n.01', 'synset:procedure.n.01')"
5,academic,academician.n.03,2,8233,"('lexname:noun.person', 'synset:educator.n.01', 'synset:professional.n.01', 'synset:adult.n.01', 'synset:person.n.01')"
6,glucose,glucose.n.01,5,15701,"('lexname:noun.substance', 'synset:aldohexose.n.01', 'synset:aldose.n.01', 'synset:monosaccharide.n.01', 'synset:carbohydrate.n.01')"
7,bombard,bombardon.n.02,2,35285,"('lexname:noun.artifact', 'synset:bass.n.07', 'synset:musical_instrument.n.01', 'synset:device.n.01', 'synset:instrumentality.n.03')"
8,fortress,fortress.n.01,5,28757,"('lexname:noun.artifact', 'synset:defensive_structure.n.01', 'synset:structure.n.01', 'synset:artifact.n.01', 'synset:whole.n.02')"
9,hate,hate.n.01,12,5465,"('lexname:noun.feeling', 'synset:emotion.n.01', 'synset:feeling.n.01', 'synset:state.n.02', 'synset:attribute.n.02')"
10,desperate,desperate.n.01,2,12111,"('lexname:noun.person', 'synset:unfortunate.n.01', 'synset:person.n.01', 'synset:causal_agent.n.01', 'synset:physical_entity.n.01')"
11,corrective,corrective.n.01,5,46534,"('lexname:noun.artifact', 'synset:device.n.01', 'synset:instrumentality.n.03', 'synset:artifact.n.01', 'synset:whole.n.02')"
12,spokesman,spokesman.n.01,1,6523,"('lexname:noun.person', 'synset:spokesperson.n.01', 'synset:advocate.n.01', 'synset:person.n.01', 'synset:causal_agent.n.01')"
13,tonight,tonight.n.01,1,9975,"('lexname:noun.time', 'synset:present.n.01', 'synset:time.n.05', 'synset:attribute.n.02', 'synset:abstraction.n.06')"
14,antioxidant,antioxidant.n.01,8,39766,"('lexname:noun.substance', 'synset:inhibitor.n.01', 'synset:substance.n.07', 'synset:matter.n.03', 'synset:physical_entity.n.01')"
15,viewers,viewing_audience.n.01,1,10209,"('lexname:noun.group', 'synset:audience.n.02', 'synset:multitude.n.03', 'synset:group.n.01', 'synset:abstraction.n.06')"
16,deepening,deepening.n.01,1,46539,"('lexname:noun.process', 'synset:development.n.02', 'synset:process.n.06', 'synset:physical_entity.n.01', 'synset:entity.n.01')"
17,assailant,attacker.n.01,15,45800,"('lexname:noun.person', 'synset:wrongdoer.n.01', 'synset:bad_person.n.01', 'synset:person.n.01', 'synset:causal_agent.n.01')"
18,tether,leash.n.01,1,49477,"('lexname:noun.artifact', 'synset:restraint.n.06', 'synset:device.n.01', 'synset:instrumentality.n.03', 'synset:artifact.n.01')"
19,wallpaper,wallpaper.n.01,1,39328,"('lexname:noun.substance', 'synset:paper.n.01', 'synset:material.n.01', 'synset:substance.n.01', 'synset:matter.n.03')"
20,drawback,drawback.n.01,2,43585,"('lexname:noun.attribute', 'synset:disadvantage.n.01', 'synset:liability.n.03', 'synset:bad.n.01', 'synset:quality.n.01')"
21,capacitor,capacitor.n.01,5,43212,"('lexname:noun.artifact', 'synset:electrical_device.n.01', 'synset:device.n.01', 'synset:instrumentality.n.03', 'synset:artifact.n.01')"
22,polio,poliomyelitis.n.01,1,42664,"('lexname:noun.state', 'synset:infectious_disease.n.01', 'synset:communicable_disease.n.01', 'synset:disease.n.01', 'synset:illness.n.01')"
23,rabbi,rabbi.n.01,2,47326,"('lexname:noun.person', 'synset:spiritual_leader.n.01', 'synset:leader.n.01', 'synset:person.n.01', 'synset:causal_agent.n.01')"
24,methane,methane.n.01,3,25006,"('lexname:noun.substance', 'synset:gas.n.02', 'synset:fluid.n.02', 'synset:matter.n.03', 'synset:physical_entity.n.01')"
25,trig,trigonometry.n.01,3,5192,"('lexname:noun.cognition', 'synset:pure_mathematics.n.01', 'synset:mathematics.n.01', 'synset:science.n.01', 'synset:discipline.n.01')"
26,flour,flour.n.01,5,10601,"('lexname:noun.food', 'synset:foodstuff.n.02', 'synset:food.n.01', 'synset:substance.n.07', 'synset:matter.n.03')"
27,lymph,lymph.n.01,1,28837,"('lexname:noun.body', 'synset:liquid_body_substance.n.01', 'synset:body_substance.n.01', 'synset:substance.n.01', 'synset:matter.n.03')"
28,wrist,wrist.n.01,1,15980,"('lexname:noun.body', 'synset:gliding_joint.n.01', 'synset:synovial_joint.n.01', 'synset:joint.n.01', 'synset:body_part.n.01')"
29,obesity,fleshiness.n.01,4,13825,"('lexname:noun.attribute', 'synset:fatness.n.01', 'synset:bodily_property.n.01', 'synset:property.n.02', 'synset:attribute.n.02')"
30,listener,hearer.n.01,2,24783,"('lexname:noun.person', 'synset:perceiver.n.01', 'synset:person.n.01', 'synset:causal_agent.n.01', 'synset:physical_entity.n.01')"
31,magistrate,magistrate.n.01,3,38620,"('lexname:noun.person', 'synset:judge.n.01', 'synset:adjudicator.n.01', 'synset:person.n.01', 'synset:causal_agent.n.01')"
32,aunt,aunt.n.01,3,25949,"('lexname:noun.person', 'synset:kinswoman.n.01', 'synset:relative.n.01', 'synset:person.n.01', 'synset:causal_agent.n.01')"
33,sensor,detector.n.01,5,12694,"('lexname:noun.artifact', 'synset:device.n.01', 'synset:instrumentality.n.03', 'synset:artifact.n.01', 'synset:whole.n.02')"
34,surname,surname.n.01,2,40358,"('lexname:noun.communication', 'synset:name.n.01', 'synset:language_unit.n.01', 'synset:part.n.01', 'synset:relation.n.01')"
35,roads,roads.n.01,1,9725,"('lexname:noun.location', 'synset:anchorage.n.04', 'synset:area.n.01', 'synset:region.n.03', 'synset:location.n.01')"
36,put,put_option.n.02,1,1234,"('lexname:noun.act', 'synset:option.n.01', 'synset:derivative_instrument.n.01', 'synset:legal_document.n.01', 'synset:document.n.01')"
37,elements,elements.n.01,1,4847,"('lexname:noun.phenomenon', 'synset:weather.n.01', 'synset:atmospheric_phenomenon.n.01', 'synset:physical_phenomenon.n.01', 'synset:natural_phenomenon.n.01')"
38,comp,comprehensive_examination.n.01,1,552,"('lexname:noun.communication', 'synset:examination.n.02', 'synset:communication.n.01', 'synset:act.n.02', 'synset:event.n.01')"
39,sclerosis,sclerosis.n.01,6,46225,"('lexname:noun.state', 'synset:pathology.n.02', 'synset:ill_health.n.01', 'synset:pathological_state.n.01', 'synset:physical_condition.n.01')"
40,polymer,polymer.n.01,10,30528,"('lexname:noun.substance', 'synset:compound.n.02', 'synset:chemical.n.01', 'synset:material.n.01', 'synset:substance.n.01')"
41,supplier,supplier.n.01,10,22693,"('lexname:noun.person', 'synset:businessperson.n.01', 'synset:capitalist.n.02', 'synset:person.n.01', 'synset:causal_agent.n.01')"
42,private,private.n.01,1,2839,"('lexname:noun.person', 'synset:enlisted_man.n.01', 'synset:enlisted_person.n.01', 'synset:serviceman.n.01', 'synset:skilled_worker.n.01')"
43,inevitable,inevitable.n.01,1,13203,"('lexname:noun.event', 'synset:destiny.n.01', 'synset:happening.n.01', 'synset:event.n.01', 'synset:psychological_feature.n.01')"
44,centrist,centrist.n.01,1,47609,"('lexname:noun.person', 'synset:adult.n.01', 'synset:person.n.01', 'synset:causal_agent.n.01', 'synset:physical_entity.n.01')"
45,editorial,column.n.05,2,13684,"('lexname:noun.communication', 'synset:article.n.01', 'synset:nonfiction.n.01', 'synset:prose.n.01', 'synset:writing_style.n.01')"
46,contemporary,contemporary.n.01,1,11811,"('lexname:noun.person', 'synset:peer.n.01', 'synset:person.n.01', 'synset:causal_agent.n.01', 'synset:physical_entity.n.01')"
47,stitching,sewing.n.01,3,48945,"('lexname:noun.act', 'synset:handicraft.n.02', 'synset:arts_and_crafts.n.01', 'synset:art.n.02', 'synset:creation.n.01')"
48,whiskey,whiskey.n.01,8,29219,"('lexname:noun.food', 'synset:liquor.n.01', 'synset:alcohol.n.01', 'synset:beverage.n.01', 'synset:food.n.01')"
49,mac,macintosh.n.02,2,8352,"('lexname:noun.artifact', 'synset:raincoat.n.01', 'synset:coat.n.01', 'synset:overgarment.n.01', 'synset:garment.n.01')"
50,garment,garment.n.01,49,30594,"('lexname:noun.artifact', 'synset:clothing.n.01', 'synset:consumer_goods.n.01', 'synset:commodity.n.01', 'synset:artifact.n.01')"
51,descendants,descendants.n.01,1,25321,"('lexname:noun.group', 'synset:biological_group.n.01', 'synset:group.n.01', 'synset:abstraction.n.06', 'synset:entity.n.01')"
52,retarded,mentally_retarded.n.01,1,34445,"('lexname:noun.group', 'synset:people.n.01', 'synset:group.n.01', 'synset:abstraction.n.06', 'synset:entity.n.01')"
53,smuggling,smuggling.n.01,2,29529,"('lexname:noun.act', 'synset:importing.n.01', 'synset:commerce.n.01', 'synset:transaction.n.01', 'synset:group_action.n.01')"
54,periphery,periphery.n.01,1,46628,"('lexname:noun.shape', 'synset:boundary.n.02', 'synset:line.n.04', 'synset:shape.n.02', 'synset:attribute.n.02')"
55,bisexual,bisexual.n.01,4,24249,"('lexname:noun.person', 'synset:sensualist.n.01', 'synset:person.n.01', 'synset:causal_agent.n.01', 'synset:physical_entity.n.01')"
56,owl,owl.n.01,16,39610,"('lexname:noun.animal', 'synset:bird_of_prey.n.01', 'synset:bird.n.01', 'synset:vertebrate.n.01', 'synset:chordate.n.01')"
57,lingering,tarriance.n.01,1,28528,"('lexname:noun.act', 'synset:delay.n.02', 'synset:inactivity.n.03', 'synset:act.n.02', 'synset:event.n.01')"
58,ankle,ankle.n.01,1,19847,"('lexname:noun.body', 'synset:gliding_joint.n.01', 'synset:synovial_joint.n.01', 'synset:joint.n.01', 'synset:body_part.n.01')"
59,fluoride,fluoride.n.01,5,40311,"('lexname:noun.substance', 'synset:halide.n.01', 'synset:salt.n.01', 'synset:compound.n.02', 'synset:chemical.n.01')"
60,morphine,morphine.n.01,3,43948,"('lexname:noun.artifact', 'synset:analgesic.n.01', 'synset:medicine.n.02', 'synset:drug.n.01', 'synset:agent.n.03')"
61,escalation,escalation.n.01,1,29459,"('lexname:noun.act', 'synset:increase.n.05', 'synset:change_of_magnitude.n.01', 'synset:change.n.03', 'synset:action.n.01')"
62,shy,shy.n.01,1,15800,"('lexname:noun.act', 'synset:throw.n.01', 'synset:propulsion.n.02', 'synset:act.n.02', 'synset:event.n.01')"
63,felony,felony.n.01,7,14544,"('lexname:noun.act', 'synset:crime.n.01', 'synset:transgression.n.01', 'synset:wrongdoing.n.02', 'synset:activity.n.01')"
64,autumn,fall.n.01,1,23608,"('lexname:noun.time', 'synset:season.n.02', 'synset:time_period.n.01', 'synset:fundamental_quantity.n.01', 'synset:measure.n.02')"
65,kb,kilobit.n.01,1,47823,"('lexname:noun.quantity', 'synset:computer_memory_unit.n.01', 'synset:unit_of_measurement.n.01', 'synset:definite_quantity.n.01', 'synset:measure.n.02')"
66,brigade,brigade.n.01,1,35889,"('lexname:noun.group', 'synset:army_unit.n.01', 'synset:military_unit.n.01', 'synset:unit.n.03', 'synset:organization.n.01')"
67,acne,acne.n.01,5,32877,"('lexname:noun.state', 'synset:inflammatory_disease.n.01', 'synset:disease.n.01', 'synset:illness.n.01', 'synset:ill_health.n.01')"
68,nephew,nephew.n.01,2,26301,"('lexname:noun.person', 'synset:kinsman.n.01', 'synset:relative.n.01', 'synset:person.n.01', 'synset:causal_agent.n.01')"
69,looting,looting.n.01,1,39473,"('lexname:noun.act', 'synset:plundering.n.01', 'synset:aggression.n.03', 'synset:action.n.01', 'synset:act.n.02')"
70,seventy,seventy.n.01,1,31989,"('lexname:noun.quantity', 'synset:large_integer.n.01', 'synset:integer.n.01', 'synset:number.n.02', 'synset:definite_quantity.n.01')"
71,deregulation,deregulation.n.01,1,50202,"('lexname:noun.act', 'synset:liberation.n.01', 'synset:accomplishment.n.01', 'synset:action.n.01', 'synset:act.n.02')"
72,funeral,funeral.n.01,3,14825,"('lexname:noun.event', 'synset:ceremony.n.01', 'synset:affair.n.03', 'synset:social_event.n.01', 'synset:event.n.01')"
73,basic,basic.n.02,1,4096,"('lexname:noun.artifact', 'synset:commodity.n.01', 'synset:artifact.n.01', 'synset:whole.n.02', 'synset:object.n.01')"
74,hue,hue.n.01,1,37409,"('lexname:noun.attribute', 'synset:color_property.n.01', 'synset:visual_property.n.01', 'synset:property.n.02', 'synset:attribute.n.02')"
75,heights,high.n.05,1,23245,"('lexname:noun.location', 'synset:topographic_point.n.01', 'synset:point.n.02', 'synset:location.n.01', 'synset:object.n.01')"
76,jeopardy,hazard.n.01,5,38606,"('lexname:noun.state', 'synset:danger.n.03', 'synset:causal_agent.n.01', 'synset:physical_entity.n.01', 'synset:entity.n.01')"
77,ill,ailment.n.01,3,2801,"('lexname:noun.state', 'synset:disorder.n.01', 'synset:physical_condition.n.01', 'synset:condition.n.01', 'synset:state.n.02')"
78,pretending,pretense.n.01,5,23662,"('lexname:noun.act', 'synset:deception.n.02', 'synset:falsification.n.02', 'synset:wrongdoing.n.02', 'synset:activity.n.01')"
79,cozy,cosy.n.01,1,37438,"('lexname:noun.artifact', 'synset:cloth_covering.n.01', 'synset:covering.n.02', 'synset:artifact.n.01', 'synset:whole.n.02')"
80,dating,dating.n.01,4,10691,"('lexname:noun.act', 'synset:chemical_analysis.n.01', 'synset:analysis.n.01', 'synset:investigation.n.02', 'synset:work.n.01')"
81,driveway,driveway.n.01,1,33515,"('lexname:noun.artifact', 'synset:road.n.01', 'synset:way.n.06', 'synset:artifact.n.01', 'synset:whole.n.02')"
82,instructions,instruction_manual.n.01,1,7729,"('lexname:noun.communication', 'synset:manual.n.01', 'synset:handbook.n.01', 'synset:reference_book.n.01', 'synset:book.n.01')"
83,least,least.n.01,1,1551,"('lexname:noun.cognition', 'synset:matter.n.01', 'synset:concern.n.01', 'synset:interest.n.01', 'synset:curiosity.n.01')"
84,antibiotic,antibiotic.n.01,43,29883,"('lexname:noun.artifact', 'synset:antibacterial.n.01', 'synset:medicine.n.02', 'synset:drug.n.01', 'synset:agent.n.03')"
85,monarchy,monarchy.n.01,4,35184,"('lexname:noun.group', 'synset:autocracy.n.01', 'synset:political_system.n.01', 'synset:social_group.n.01', 'synset:group.n.01')"
86,ecosystem,ecosystem.n.01,1,13187,"('lexname:noun.group', 'synset:system.n.02', 'synset:group.n.01', 'synset:abstraction.n.06', 'synset:entity.n.01')"
87,matchup,match-up.n.01,1,18406,"('lexname:noun.act', 'synset:pairing.n.02', 'synset:grouping.n.02', 'synset:activity.n.01', 'synset:act.n.02')"
88,chromosome,chromosome.n.01,7,34348,"('lexname:noun.body', 'synset:body.n.04', 'synset:natural_object.n.01', 'synset:whole.n.02', 'synset:object.n.01')"
89,voicing,voicing.n.01,1,47640,"('lexname:noun.act', 'synset:adjustment.n.03', 'synset:calibration.n.01', 'synset:activity.n.01', 'synset:act.n.02')"
90,found,found.n.01,1,1043,"('lexname:noun.possession', 'synset:wage.n.01', 'synset:regular_payment.n.01', 'synset:payment.n.01', 'synset:cost.n.01')"
91,starving,starvation.n.02,1,34253,"('lexname:noun.act', 'synset:privation.n.02', 'synset:social_control.n.01', 'synset:group_action.n.01', 'synset:act.n.02')"
92,tumor,tumor.n.01,19,22359,"('lexname:noun.state', 'synset:growth.n.06', 'synset:illness.n.01', 'synset:ill_health.n.01', 'synset:pathological_state.n.01')"
93,stair,step.n.04,2,18761,"('lexname:noun.artifact', 'synset:support.n.10', 'synset:device.n.01', 'synset:instrumentality.n.03', 'synset:artifact.n.01')"
94,puck,puck.n.02,1,20695,"('lexname:noun.artifact', 'synset:disk.n.02', 'synset:circle.n.08', 'synset:rotating_mechanism.n.01', 'synset:mechanism.n.05')"
95,adamant,diamond.n.02,3,36009,"('lexname:noun.substance', 'synset:carbon.n.01', 'synset:chemical_element.n.01', 'synset:substance.n.01', 'synset:matter.n.03')"
96,followers,following.n.01,4,10569,"('lexname:noun.group', 'synset:multitude.n.03', 'synset:group.n.01', 'synset:abstraction.n.06', 'synset:entity.n.01')"
97,neuron,nerve_cell.n.01,5,43164,"('lexname:noun.body', 'synset:somatic_cell.n.01', 'synset:cell.n.02', 'synset:living_thing.n.01', 'synset:whole.n.02')"
98,lac,lac.n.01,6,31123,"('lexname:noun.substance', 'synset:animal_product.n.01', 'synset:animal_material.n.01', 'synset:material.n.01', 'synset:substance.n.01')"
99,founding,initiation.n.02,2,16636,"('lexname:noun.act', 'synset:beginning.n.05', 'synset:change_of_state.n.01', 'synset:change.n.03', 'synset:action.n.01')"
100,wages,wages.n.01,1,9400,"('lexname:noun.event', 'synset:consequence.n.02', 'synset:result.n.03', 'synset:ending.n.04', 'synset:happening.n.01')"
101,riches,wealth.n.03,3,35000,"('lexname:noun.possession', 'synset:material_resource.n.01', 'synset:assets.n.01', 'synset:possession.n.02', 'synset:relation.n.01')"
102,impunity,impunity.n.01,1,37610,"('lexname:noun.state', 'synset:exemption.n.01', 'synset:unsusceptibility.n.01', 'synset:condition.n.01', 'synset:state.n.02')"
103,manure,manure.n.01,6,48577,"('lexname:noun.substance', 'synset:organic.n.01', 'synset:fertilizer.n.01', 'synset:chemical.n.01', 'synset:material.n.01')"
104,thumbnail,thumbnail.n.01,1,40901,"('lexname:noun.body', 'synset:fingernail.n.01', 'synset:nail.n.01', 'synset:horny_structure.n.01', 'synset:structure.n.04')"
105,sag,sag.n.01,1,45229,"('lexname:noun.shape', 'synset:depression.n.08', 'synset:concave_shape.n.01', 'synset:solid.n.03', 'synset:shape.n.02')"
106,syrup,syrup.n.01,8,24208,"('lexname:noun.food', 'synset:sweetening.n.01', 'synset:flavorer.n.01', 'synset:ingredient.n.03', 'synset:foodstuff.n.02')"
107,ail,garlic.n.02,2,31907,"('lexname:noun.food', 'synset:flavorer.n.01', 'synset:ingredient.n.03', 'synset:foodstuff.n.02', 'synset:food.n.01')"
108,coordinate,coordinate.n.01,3,20435,"('lexname:noun.cognition', 'synset:number.n.02', 'synset:definite_quantity.n.01', 'synset:measure.n.02', 'synset:abstraction.n.06')"
109,enzyme,enzyme.n.01,45,27679,"('lexname:noun.substance', 'synset:catalyst.n.01', 'synset:activator.n.01', 'synset:substance.n.01', 'synset:matter.n.03')"
110,values,values.n.01,1,3815,"('lexname:noun.cognition', 'synset:belief.n.01', 'synset:content.n.05', 'synset:cognition.n.01', 'synset:psychological_feature.n.01')"
111,width,width.n.01,4,9647,"('lexname:noun.attribute', 'synset:dimension.n.01', 'synset:magnitude.n.01', 'synset:property.n.02', 'synset:attribute.n.02')"
112,fiance,fiance.n.01,1,47819,"('lexname:noun.person', 'synset:betrothed.n.01', 'synset:lover.n.01', 'synset:person.n.01', 'synset:causal_agent.n.01')"
113,privatization,denationalization.n.01,1,41110,"('lexname:noun.act', 'synset:social_control.n.01', 'synset:group_action.n.01', 'synset:act.n.02', 'synset:event.n.01')"
114,query,question.n.01,1,12405,"('lexname:noun.communication', 'synset:questioning.n.01', 'synset:request.n.02', 'synset:speech_act.n.01', 'synset:act.n.02')"
115,tsunami,tsunami.n.01,2,31019,"('lexname:noun.event', 'synset:calamity.n.01', 'synset:misfortune.n.01', 'synset:trouble.n.03', 'synset:happening.n.01')"
116,turbine,turbine.n.01,7,36489,"('lexname:noun.artifact', 'synset:rotary_engine.n.01', 'synset:internal-combustion_engine.n.01', 'synset:heat_engine.n.01', 'synset:engine.n.01')"
117,tow,tow.n.01,1,6094,"('lexname:noun.act', 'synset:draw.n.09', 'synset:pull.n.01', 'synset:propulsion.n.02', 'synset:act.n.02')"
118,insanity,insanity.n.01,6,30949,"('lexname:noun.state', 'synset:mental_illness.n.01', 'synset:psychological_state.n.01', 'synset:condition.n.01', 'synset:state.n.02')"
119,morals,ethical_motive.n.01,4,35472,"('lexname:noun.motive', 'synset:motivation.n.01', 'synset:psychological_feature.n.01', 'synset:abstraction.n.06', 'synset:entity.n.01')"
120,academia,academia.n.01,1,34326,"('lexname:noun.group', 'synset:world.n.02', 'synset:class.n.03', 'synset:people.n.01', 'synset:group.n.01')"
121,setback,reverse.n.03,2,34116,"('lexname:noun.event', 'synset:happening.n.01', 'synset:event.n.01', 'synset:psychological_feature.n.01', 'synset:abstraction.n.06')"
122,repentance,repentance.n.01,1,45893,"('lexname:noun.feeling', 'synset:compunction.n.01', 'synset:sorrow.n.02', 'synset:sadness.n.01', 'synset:feeling.n.01')"
123,cling,cling.n.01,1,36331,"('lexname:noun.food', 'synset:edible_fruit.n.01', 'synset:fruit.n.01', 'synset:reproductive_structure.n.01', 'synset:plant_organ.n.01')"
124,info,information.n.01,27,7508,"('lexname:noun.communication', 'synset:message.n.02', 'synset:communication.n.02', 'synset:abstraction.n.06', 'synset:entity.n.01')"
125,programmer,programmer.n.01,5,24292,"('lexname:noun.person', 'synset:computer_user.n.01', 'synset:person.n.01', 'synset:causal_agent.n.01', 'synset:physical_entity.n.01')"
126,colonel,colonel.n.01,2,46969,"('lexname:noun.person', 'synset:commissioned_military_officer.n.01', 'synset:commissioned_officer.n.01', 'synset:military_officer.n.01', 'synset:serviceman.n.01')"
127,lava,lava.n.01,4,28856,"('lexname:noun.substance', 'synset:volcanic_rock.n.01', 'synset:igneous_rock.n.01', 'synset:rock.n.02', 'synset:material.n.01')"
128,resettlement,resettlement.n.01,1,45948,"('lexname:noun.act', 'synset:transportation.n.02', 'synset:movement.n.11', 'synset:change.n.03', 'synset:action.n.01')"
129,acupuncture,acupuncture.n.01,1,48647,"('lexname:noun.act', 'synset:treatment.n.01', 'synset:care.n.01', 'synset:work.n.01', 'synset:activity.n.01')"
130,embracing,embrace.n.01,3,26005,"('lexname:noun.act', 'synset:clasp.n.02', 'synset:grasping.n.02', 'synset:control.n.05', 'synset:activity.n.01')"
131,copyright,copyright.n.01,2,6634,"('lexname:noun.communication', 'synset:document.n.01', 'synset:writing.n.02', 'synset:written_communication.n.01', 'synset:communication.n.02')"
132,tracker,tracker.n.01,1,30013,"('lexname:noun.person', 'synset:hunter.n.01', 'synset:skilled_worker.n.01', 'synset:worker.n.01', 'synset:person.n.01')"
133,cop,bull.n.05,1,2243,"('lexname:noun.person', 'synset:policeman.n.01', 'synset:lawman.n.01', 'synset:defender.n.01', 'synset:preserver.n.03')"
134,incumbent,incumbent.n.01,3,23526,"('lexname:noun.person', 'synset:holder.n.02', 'synset:owner.n.02', 'synset:person.n.01', 'synset:causal_agent.n.01')"
135,burying,burying.n.01,2,48360,"('lexname:noun.act', 'synset:concealment.n.03', 'synset:activity.n.01', 'synset:act.n.02', 'synset:event.n.01')"
136,aesthetic,aesthetic.n.01,1,19713,"('lexname:noun.cognition', 'synset:philosophical_doctrine.n.01', 'synset:doctrine.n.01', 'synset:belief.n.01', 'synset:content.n.05')"
137,macro,macro.n.01,1,15021,"('lexname:noun.communication', 'synset:instruction.n.04', 'synset:code.n.03', 'synset:coding_system.n.01', 'synset:writing.n.04')"
138,chilling,cooling.n.01,4,28010,"('lexname:noun.process', 'synset:temperature_change.n.01', 'synset:natural_process.n.01', 'synset:process.n.06', 'synset:physical_entity.n.01')"
139,surfing,surfing.n.01,1,36254,"('lexname:noun.act', 'synset:water_sport.n.01', 'synset:sport.n.01', 'synset:diversion.n.01', 'synset:activity.n.01')"
140,compress,compress.n.01,1,27413,"('lexname:noun.artifact', 'synset:dressing.n.04', 'synset:cloth_covering.n.01', 'synset:covering.n.02', 'synset:artifact.n.01')"
141,teeth,dentition.n.02,3,9941,"('lexname:noun.body', 'synset:set.n.01', 'synset:collection.n.01', 'synset:group.n.01', 'synset:abstraction.n.06')"
142,min,minute.n.01,1,949,"('lexname:noun.time', 'synset:time_unit.n.01', 'synset:measure.n.02', 'synset:abstraction.n.06', 'synset:entity.n.01')"
143,over,over.n.01,2,625,"('lexname:noun.time', 'synset:part.n.09', 'synset:concept.n.01', 'synset:idea.n.01', 'synset:content.n.05')"
144,chairman,president.n.04,3,8900,"('lexname:noun.person', 'synset:presiding_officer.n.01', 'synset:leader.n.01', 'synset:person.n.01', 'synset:causal_agent.n.01')"
145,laying,laying.n.01,1,16299,"('lexname:noun.process', 'synset:parturition.n.01', 'synset:organic_process.n.01', 'synset:process.n.06', 'synset:physical_entity.n.01')"
146,assigning,assignment.n.03,2,38875,"('lexname:noun.act', 'synset:distribution.n.03', 'synset:act.n.02', 'synset:event.n.01', 'synset:psychological_feature.n.01')"
147,piety,piety.n.01,4,44296,"('lexname:noun.attribute', 'synset:righteousness.n.01', 'synset:morality.n.01', 'synset:quality.n.01', 'synset:attribute.n.02')"
148,ambush,ambush.n.01,2,34298,"('lexname:noun.act', 'synset:surprise_attack.n.01', 'synset:attack.n.01', 'synset:operation.n.05', 'synset:activity.n.01')"
149,tourist,tourist.n.01,2,18473,"('lexname:noun.person', 'synset:traveler.n.01', 'synset:person.n.01', 'synset:causal_agent.n.01', 'synset:physical_entity.n.01')"
150,cough,cough.n.01,1,22094,"('lexname:noun.state', 'synset:symptom.n.01', 'synset:evidence.n.01', 'synset:information.n.02', 'synset:cognition.n.01')"
151,monthly,monthly.n.01,1,9651,"('lexname:noun.communication', 'synset:series.n.03', 'synset:periodical.n.01', 'synset:publication.n.01', 'synset:work.n.02')"
152,sent,sent.n.01,1,1908,"('lexname:noun.quantity', 'synset:estonian_monetary_unit.n.01', 'synset:monetary_unit.n.01', 'synset:unit_of_measurement.n.01', 'synset:definite_quantity.n.01')"
153,petty,petit_larceny.n.01,1,25229,"('lexname:noun.act', 'synset:larceny.n.01', 'synset:felony.n.01', 'synset:crime.n.01', 'synset:transgression.n.01')"
154,hypertension,high_blood_pressure.n.01,5,37454,"('lexname:noun.state', 'synset:cardiovascular_disease.n.01', 'synset:disorder.n.01', 'synset:physical_condition.n.01', 'synset:condition.n.01')"
155,directive,directive.n.01,2,22644,"('lexname:noun.communication', 'synset:pronouncement.n.01', 'synset:declaration.n.01', 'synset:statement.n.01', 'synset:message.n.02')"
156,boulder,boulder.n.01,4,46483,"('lexname:noun.object', 'synset:rock.n.01', 'synset:natural_object.n.01', 'synset:whole.n.02', 'synset:object.n.01')"
157,inning,inning.n.01,1,21648,"('lexname:noun.time', 'synset:part.n.09', 'synset:concept.n.01', 'synset:idea.n.01', 'synset:content.n.05')"
158,clergy,clergy.n.01,4,26014,"('lexname:noun.group', 'synset:priesthood.n.01', 'synset:profession.n.01', 'synset:occupational_group.n.01', 'synset:body.n.02')"
159,sore,sore.n.01,5,19597,"('lexname:noun.state', 'synset:infection.n.01', 'synset:ill_health.n.01', 'synset:pathological_state.n.01', 'synset:physical_condition.n.01')"
160,classical,classical_music.n.01,8,15993,"('lexname:noun.communication', 'synset:music_genre.n.01', 'synset:expressive_style.n.01', 'synset:communication.n.02', 'synset:abstraction.n.06')"
161,revolutionary,revolutionist.n.01,5,12253,"('lexname:noun.person', 'synset:radical.n.03', 'synset:person.n.01', 'synset:causal_agent.n.01', 'synset:physical_entity.n.01')"
162,counterterrorism,counterterrorism.n.01,1,36573,"('lexname:noun.cognition', 'synset:scheme.n.01', 'synset:plan_of_action.n.01', 'synset:plan.n.01', 'synset:idea.n.01')"
163,beer,beer.n.01,5,6099,"('lexname:noun.food', 'synset:brew.n.01', 'synset:alcohol.n.01', 'synset:beverage.n.01', 'synset:food.n.01')"
164,photographer,photographer.n.01,4,16413,"('lexname:noun.person', 'synset:artist.n.01', 'synset:creator.n.02', 'synset:person.n.01', 'synset:causal_agent.n.01')"
165,sectarian,sectarian.n.01,1,28005,"('lexname:noun.person', 'synset:bigot.n.01', 'synset:partisan.n.01', 'synset:advocate.n.01', 'synset:person.n.01')"
166,pel,pixel.n.01,1,16176,"('lexname:noun.artifact', 'synset:component.n.03', 'synset:part.n.02', 'synset:object.n.01', 'synset:physical_entity.n.01')"
167,leukemia,leukemia.n.01,7,49030,"('lexname:noun.state', 'synset:cancer.n.01', 'synset:malignant_tumor.n.01', 'synset:malignancy.n.01', 'synset:disease.n.01')"
168,renown,fame.n.01,1,20287,"('lexname:noun.state', 'synset:honor.n.02', 'synset:standing.n.01', 'synset:status.n.01', 'synset:state.n.02')"
169,concrete,concrete.n.01,4,10017,"('lexname:noun.substance', 'synset:building_material.n.01', 'synset:artifact.n.01', 'synset:whole.n.02', 'synset:object.n.01')"
170,unemployment,unemployment.n.01,1,10681,"('lexname:noun.state', 'synset:state.n.02', 'synset:attribute.n.02', 'synset:abstraction.n.06', 'synset:entity.n.01')"
171,glitch,bug.n.02,1,29204,"('lexname:noun.state', 'synset:defect.n.03', 'synset:imperfection.n.01', 'synset:state.n.02', 'synset:attribute.n.02')"
172,firm,firm.n.01,8,4081,"('lexname:noun.group', 'synset:business.n.01', 'synset:enterprise.n.02', 'synset:organization.n.01', 'synset:social_group.n.01')"
173,paranoid,paranoid.n.01,1,30285,"('lexname:noun.person', 'synset:psychotic.n.01', 'synset:sick_person.n.01', 'synset:unfortunate.n.01', 'synset:person.n.01')"
174,amp,ampere.n.02,1,20766,"('lexname:noun.quantity', 'synset:current_unit.n.01', 'synset:electromagnetic_unit.n.01', 'synset:unit_of_measurement.n.01', 'synset:definite_quantity.n.01')"
175,tails,dress_suit.n.01,1,30514,"('lexname:noun.artifact', 'synset:formalwear.n.01', 'synset:attire.n.01', 'synset:clothing.n.01', 'synset:consumer_goods.n.01')"
176,listening,listening.n.01,3,8680,"('lexname:noun.act', 'synset:sensing.n.02', 'synset:sensory_activity.n.01', 'synset:activity.n.01', 'synset:act.n.02')"
177,narrow,narrow.n.01,1,7135,"('lexname:noun.object', 'synset:strait.n.01', 'synset:channel.n.04', 'synset:body_of_water.n.01', 'synset:thing.n.12')"
178,sands,littoral.n.01,1,30959,"('lexname:noun.location', 'synset:seashore.n.01', 'synset:shore.n.01', 'synset:geological_formation.n.01', 'synset:object.n.01')"
179,disinformation,disinformation.n.01,1,45054,"('lexname:noun.communication', 'synset:misinformation.n.01', 'synset:information.n.01', 'synset:message.n.02', 'synset:communication.n.02')"
180,locale,venue.n.01,1,36693,"('lexname:noun.location', 'synset:scene.n.01', 'synset:area.n.01', 'synset:region.n.03', 'synset:location.n.01')"
181,awakening,awakening.n.01,2,33971,"('lexname:noun.act', 'synset:arousal.n.01', 'synset:change_of_state.n.01', 'synset:change.n.03', 'synset:action.n.01')"
182,aboriginal,native.n.01,6,48328,"('lexname:noun.person', 'synset:person.n.01', 'synset:causal_agent.n.01', 'synset:physical_entity.n.01', 'synset:entity.n.01')"
183,temporal,temporal_role.n.01,1,21964,"('lexname:noun.communication', 'synset:semantic_role.n.01', 'synset:grammatical_category.n.01', 'synset:class.n.01', 'synset:collection.n.01')"
184,warehouse,warehouse.n.01,2,20933,"('lexname:noun.artifact', 'synset:storehouse.n.01', 'synset:depository.n.01', 'synset:facility.n.01', 'synset:artifact.n.01')"
185,standpoint,point_of_view.n.01,5,22116,"('lexname:noun.cognition', 'synset:position.n.12', 'synset:attitude.n.01', 'synset:cognition.n.01', 'synset:psychological_feature.n.01')"
186,lighthouse,beacon.n.03,1,46371,"('lexname:noun.artifact', 'synset:tower.n.01', 'synset:structure.n.01', 'synset:artifact.n.01', 'synset:whole.n.02')"
187,bends,decompression_sickness.n.01,1,44370,"('lexname:noun.state', 'synset:illness.n.01', 'synset:ill_health.n.01', 'synset:pathological_state.n.01', 'synset:physical_condition.n.01')"
188,fructose,fructose.n.01,1,38035,"('lexname:noun.substance', 'synset:ketohexose.n.01', 'synset:hexose.n.01', 'synset:monosaccharide.n.01', 'synset:carbohydrate.n.01')"
189,names,name_calling.n.01,1,3891,"('lexname:noun.communication', 'synset:defamation.n.01', 'synset:disparagement.n.01', 'synset:disrespect.n.01', 'synset:message.n.02')"
190,saliva,saliva.n.01,3,40333,"('lexname:noun.body', 'synset:secretion.n.02', 'synset:liquid_body_substance.n.01', 'synset:body_substance.n.01', 'synset:substance.n.01')"
191,exponential,exponential.n.01,1,39682,"('lexname:noun.relation', 'synset:function.n.01', 'synset:mathematical_relation.n.01', 'synset:relation.n.01', 'synset:abstraction.n.06')"
192,adviser,adviser.n.01,14,12534,"('lexname:noun.person', 'synset:authority.n.03', 'synset:expert.n.01', 'synset:person.n.01', 'synset:causal_agent.n.01')"
193,decoding,decoding.n.01,2,39938,"('lexname:noun.act', 'synset:cryptography.n.02', 'synset:writing.n.05', 'synset:activity.n.01', 'synset:act.n.02')"
194,tuning,tuning.n.01,1,24549,"('lexname:noun.act', 'synset:calibration.n.01', 'synset:activity.n.01', 'synset:act.n.02', 'synset:event.n.01')"
195,lied,lied.n.01,1,19837,"('lexname:noun.communication', 'synset:song.n.01', 'synset:musical_composition.n.01', 'synset:music.n.01', 'synset:auditory_communication.n.01')"
196,customer,customer.n.01,11,6491,"('lexname:noun.person', 'synset:consumer.n.01', 'synset:user.n.01', 'synset:person.n.01', 'synset:causal_agent.n.01')"
197,porn,pornography.n.01,2,8483,"('lexname:noun.act', 'synset:creation.n.01', 'synset:activity.n.01', 'synset:act.n.02', 'synset:event.n.01')"
198,minors,minor_league.n.01,1,21423,"('lexname:noun.group', 'synset:league.n.01', 'synset:association.n.01', 'synset:organization.n.01', 'synset:social_group.n.01')"
199,fore,bow.n.03,1,1674,"('lexname:noun.artifact', 'synset:front.n.04', 'synset:side.n.05', 'synset:surface.n.01', 'synset:artifact.n.01')"
200,doomed,doomed.n.01,1,24312,"('lexname:noun.group', 'synset:people.n.01', 'synset:group.n.01', 'synset:abstraction.n.06', 'synset:entity.n.01')"
201,wreckage,wreckage.n.01,3,31781,"('lexname:noun.artifact', 'synset:part.n.02', 'synset:object.n.01', 'synset:physical_entity.n.01', 'synset:entity.n.01')"
202,skinny,skinny.n.01,1,29494,"('lexname:noun.communication', 'synset:information.n.01', 'synset:message.n.02', 'synset:communication.n.02', 'synset:abstraction.n.06')"
203,fine,fine.n.01,2,3734,"('lexname:noun.possession', 'synset:penalty.n.02', 'synset:payment.n.01', 'synset:cost.n.01', 'synset:outgo.n.01')"
204,hype,ballyhoo.n.01,1,20606,"('lexname:noun.communication', 'synset:promotion.n.01', 'synset:message.n.02', 'synset:communication.n.02', 'synset:abstraction.n.06')"
205,rough,rough.n.01,1,5210,"('lexname:noun.location', 'synset:site.n.01', 'synset:tract.n.01', 'synset:geographical_area.n.01', 'synset:region.n.03')"
206,borrower,borrower.n.01,2,39740,"('lexname:noun.person', 'synset:recipient.n.01', 'synset:acquirer.n.01', 'synset:person.n.01', 'synset:causal_agent.n.01')"
207,feud,feud.n.01,2,21419,"('lexname:noun.act', 'synset:conflict.n.01', 'synset:group_action.n.01', 'synset:act.n.02', 'synset:event.n.01')"
208,believing,believing.n.01,2,14773,"('lexname:noun.cognition', 'synset:basic_cognitive_process.n.01', 'synset:process.n.02', 'synset:cognition.n.01', 'synset:psychological_feature.n.01')"
209,positioning,placement.n.03,12,22097,"('lexname:noun.act', 'synset:activity.n.01', 'synset:act.n.02', 'synset:event.n.01', 'synset:psychological_feature.n.01')"
210,ready,ready.n.01,1,3492,"('lexname:noun.state', 'synset:readiness.n.01', 'synset:state.n.02', 'synset:attribute.n.02', 'synset:abstraction.n.06')"
211,yuan,yuan.n.01,1,34847,"('lexname:noun.quantity', 'synset:chinese_monetary_unit.n.01', 'synset:monetary_unit.n.01', 'synset:unit_of_measurement.n.01', 'synset:definite_quantity.n.01')"
212,western,western.n.02,1,8830,"('lexname:noun.food', 'synset:sandwich.n.01', 'synset:snack_food.n.01', 'synset:dish.n.02', 'synset:nutriment.n.01')"
213,kitchen,kitchen.n.01,4,9592,"('lexname:noun.artifact', 'synset:room.n.01', 'synset:area.n.05', 'synset:structure.n.01', 'synset:artifact.n.01')"
214,bicycle,bicycle.n.01,7,17026,"('lexname:noun.artifact', 'synset:wheeled_vehicle.n.01', 'synset:container.n.01', 'synset:instrumentality.n.03', 'synset:artifact.n.01')"
215,audible,audible.n.01,1,35282,"('lexname:noun.act', 'synset:football_play.n.01', 'synset:play.n.03', 'synset:plan_of_action.n.01', 'synset:plan.n.01')"
216,excise,excise.n.01,4,47547,"('lexname:noun.possession', 'synset:indirect_tax.n.01', 'synset:tax.n.01', 'synset:levy.n.01', 'synset:charge.n.08')"
217,airs,airs.n.01,1,37112,"('lexname:noun.attribute', 'synset:affectedness.n.01', 'synset:unnaturalness.n.01', 'synset:quality.n.01', 'synset:attribute.n.02')"
218,shareholder,stockholder.n.01,2,29378,"('lexname:noun.person', 'synset:investor.n.01', 'synset:capitalist.n.02', 'synset:person.n.01', 'synset:causal_agent.n.01')"
219,apartheid,apartheid.n.01,1,38264,"('lexname:noun.communication', 'synset:social_policy.n.01', 'synset:policy.n.02', 'synset:argumentation.n.02', 'synset:reasoning.n.01')"
220,mercenary,mercenary.n.01,2,39876,"('lexname:noun.person', 'synset:adventurer.n.01', 'synset:person.n.01', 'synset:causal_agent.n.01', 'synset:physical_entity.n.01')"
221,multiple,multiple.n.01,5,3294,"('lexname:noun.cognition', 'synset:product.n.03', 'synset:quantity.n.03', 'synset:concept.n.01', 'synset:idea.n.01')"
222,scalp,scalp.n.01,1,39287,"('lexname:noun.body', 'synset:skin.n.01', 'synset:body_covering.n.01', 'synset:covering.n.01', 'synset:natural_object.n.01')"
223,costs,costs.n.01,1,3484,"('lexname:noun.possession', 'synset:reimbursement.n.01', 'synset:compensation.n.01', 'synset:recompense.n.01', 'synset:payment.n.01')"
224,greenhouse,greenhouse.n.01,3,16325,"('lexname:noun.artifact', 'synset:building.n.01', 'synset:structure.n.01', 'synset:artifact.n.01', 'synset:whole.n.02')"
225,indignation,indignation.n.01,2,48689,"('lexname:noun.feeling', 'synset:anger.n.01', 'synset:emotion.n.01', 'synset:feeling.n.01', 'synset:state.n.02')"
226,fray,affray.n.02,1,40606,"('lexname:noun.act', 'synset:fight.n.02', 'synset:conflict.n.01', 'synset:group_action.n.01', 'synset:act.n.02')"
227,tearing,lacrimation.n.01,1,24447,"('lexname:noun.process', 'synset:bodily_process.n.01', 'synset:organic_process.n.01', 'synset:process.n.06', 'synset:physical_entity.n.01')"
228,wearer,wearer.n.01,1,35958,"('lexname:noun.person', 'synset:user.n.01', 'synset:person.n.01', 'synset:causal_agent.n.01', 'synset:physical_entity.n.01')"
229,subcommittee,subcommittee.n.01,1,47014,"('lexname:noun.group', 'synset:committee.n.01', 'synset:administrative_unit.n.01', 'synset:unit.n.03', 'synset:organization.n.01')"
230,handle,handle.n.01,15,5412,"('lexname:noun.artifact', 'synset:appendage.n.03', 'synset:part.n.02', 'synset:object.n.01', 'synset:physical_entity.n.01')"
231,credits,credits.n.01,2,10824,"('lexname:noun.communication', 'synset:acknowledgment.n.03', 'synset:message.n.02', 'synset:communication.n.02', 'synset:abstraction.n.06')"
232,outfield,outfield.n.01,1,28307,"('lexname:noun.artifact', 'synset:tract.n.01', 'synset:geographical_area.n.01', 'synset:region.n.03', 'synset:location.n.01')"
233,underwear,underwear.n.01,5,26170,"('lexname:noun.artifact', 'synset:undergarment.n.01', 'synset:garment.n.01', 'synset:clothing.n.01', 'synset:consumer_goods.n.01')"
234,modem,modem.n.01,2,38053,"('lexname:noun.artifact', 'synset:electronic_equipment.n.01', 'synset:equipment.n.01', 'synset:instrumentality.n.03', 'synset:artifact.n.01')"
235,electron,electron.n.01,5,11538,"('lexname:noun.object', 'synset:lepton.n.02', 'synset:elementary_particle.n.01', 'synset:particle.n.02', 'synset:body.n.04')"
236,retrospect,retrospect.n.01,1,23583,"('lexname:noun.cognition', 'synset:contemplation.n.02', 'synset:consideration.n.01', 'synset:thinking.n.01', 'synset:higher_cognitive_process.n.01')"
237,weeds,weeds.n.01,1,36708,"('lexname:noun.artifact', 'synset:garment.n.01', 'synset:clothing.n.01', 'synset:consumer_goods.n.01', 'synset:commodity.n.01')"
238,vaccine,vaccine.n.01,5,12319,"('lexname:noun.artifact', 'synset:immunogen.n.01', 'synset:antigen.n.01', 'synset:substance.n.07', 'synset:matter.n.03')"
239,comic,comedian.n.01,6,9048,"('lexname:noun.person', 'synset:performer.n.01', 'synset:entertainer.n.01', 'synset:person.n.01', 'synset:causal_agent.n.01')"
240,jail,jail.n.01,7,7356,"('lexname:noun.artifact', 'synset:correctional_institution.n.01', 'synset:penal_institution.n.01', 'synset:institution.n.02', 'synset:establishment.n.04')"
241,refining,refining.n.01,2,39634,"('lexname:noun.process', 'synset:processing.n.01', 'synset:process.n.06', 'synset:physical_entity.n.01', 'synset:entity.n.01')"
242,channels,channels.n.01,1,9619,"('lexname:noun.communication', 'synset:transmission.n.02', 'synset:communication.n.01', 'synset:act.n.02', 'synset:event.n.01')"
243,prerequisite,prerequisite.n.01,4,43119,"('lexname:noun.cognition', 'synset:duty.n.01', 'synset:social_control.n.01', 'synset:group_action.n.01', 'synset:act.n.02')"
244,moth,moth.n.01,15,44400,"('lexname:noun.animal', 'synset:lepidopterous_insect.n.01', 'synset:insect.n.01', 'synset:arthropod.n.01', 'synset:invertebrate.n.01')"
245,garner,granary.n.01,2,34679,"('lexname:noun.artifact', 'synset:storehouse.n.01', 'synset:depository.n.01', 'synset:facility.n.01', 'synset:artifact.n.01')"
246,illness,illness.n.01,16,8526,"('lexname:noun.state', 'synset:ill_health.n.01', 'synset:pathological_state.n.01', 'synset:physical_condition.n.01', 'synset:condition.n.01')"
247,rational,rational_number.n.01,2,9377,"('lexname:noun.quantity', 'synset:real_number.n.01', 'synset:complex_number.n.01', 'synset:number.n.02', 'synset:definite_quantity.n.01')"
248,trave,trave.n.01,1,10160,"('lexname:noun.artifact', 'synset:beam.n.02', 'synset:piece.n.01', 'synset:part.n.02', 'synset:object.n.01')"
249,crore,crore.n.01,1,22306,"('lexname:noun.quantity', 'synset:large_integer.n.01', 'synset:integer.n.01', 'synset:number.n.02', 'synset:definite_quantity.n.01')"
250,cl,centiliter.n.01,1,537,"('lexname:noun.quantity', 'synset:metric_capacity_unit.n.01', 'synset:metric_unit.n.01', 'synset:unit_of_measurement.n.01', 'synset:definite_quantity.n.01')"
251,reasoning,reasoning.n.01,10,14607,"('lexname:noun.cognition', 'synset:thinking.n.01', 'synset:higher_cognitive_process.n.01', 'synset:process.n.02', 'synset:cognition.n.01')"
252,tavern,tavern.n.01,6,42488,"('lexname:noun.artifact', 'synset:building.n.01', 'synset:structure.n.01', 'synset:artifact.n.01', 'synset:whole.n.02')"
253,rethink,reconsideration.n.02,1,36437,"('lexname:noun.cognition', 'synset:reversal.n.04', 'synset:decision_making.n.01', 'synset:higher_cognitive_process.n.01', 'synset:process.n.02')"
254,nobody,cipher.n.04,3,8168,"('lexname:noun.person', 'synset:commoner.n.01', 'synset:person.n.01', 'synset:causal_agent.n.01', 'synset:physical_entity.n.01')"
255,mascara,mascara.n.01,1,48430,"('lexname:noun.artifact', 'synset:makeup.n.01', 'synset:cosmetic.n.01', 'synset:toiletry.n.01', 'synset:instrumentality.n.03')"
256,d,d.n.03,1,288,"('lexname:noun.communication', 'synset:letter.n.02', 'synset:character.n.08', 'synset:written_symbol.n.01', 'synset:symbol.n.01')"
257,interpreting,interpretation.n.04,2,35391,"('lexname:noun.cognition', 'synset:explanation.n.02', 'synset:thinking.n.01', 'synset:higher_cognitive_process.n.01', 'synset:process.n.02')"
258,additive,additive.n.01,3,38298,"('lexname:noun.artifact', 'synset:addition.n.01', 'synset:component.n.03', 'synset:part.n.02', 'synset:object.n.01')"
259,detainee,detainee.n.01,1,49436,"('lexname:noun.person', 'synset:prisoner.n.01', 'synset:unfortunate.n.01', 'synset:person.n.01', 'synset:causal_agent.n.01')"
260,vomiting,vomit.n.03,5,30874,"('lexname:noun.act', 'synset:expulsion.n.03', 'synset:propulsion.n.02', 'synset:act.n.02', 'synset:event.n.01')"
261,shack,hovel.n.01,3,32772,"('lexname:noun.artifact', 'synset:shelter.n.01', 'synset:structure.n.01', 'synset:artifact.n.01', 'synset:whole.n.02')"
262,mu,mu.n.01,1,38779,"('lexname:noun.communication', 'synset:letter.n.02', 'synset:character.n.08', 'synset:written_symbol.n.01', 'synset:symbol.n.01')"
263,widow,widow.n.01,3,27075,"('lexname:noun.person', 'synset:woman.n.01', 'synset:adult.n.01', 'synset:person.n.01', 'synset:causal_agent.n.01')"
264,hoax,fraud.n.03,2,25943,"('lexname:noun.act', 'synset:trickery.n.02', 'synset:deception.n.02', 'synset:falsification.n.02', 'synset:wrongdoing.n.02')"
265,z,z.n.02,1,1976,"('lexname:noun.communication', 'synset:letter.n.02', 'synset:character.n.08', 'synset:written_symbol.n.01', 'synset:symbol.n.01')"
266,sights,sights.n.01,3,21343,"('lexname:noun.artifact', 'synset:optical_instrument.n.01', 'synset:instrument.n.01', 'synset:device.n.01', 'synset:instrumentality.n.03')"
267,regimen,regimen.n.01,1,37086,"('lexname:noun.cognition', 'synset:plan.n.01', 'synset:idea.n.01', 'synset:content.n.05', 'synset:cognition.n.01')"
268,fundamentalist,fundamentalist.n.01,1,42277,"('lexname:noun.person', 'synset:protestant.n.01', 'synset:christian.n.01', 'synset:religious_person.n.01', 'synset:person.n.01')"
269,selling,selling.n.01,17,6301,"('lexname:noun.act', 'synset:commerce.n.01', 'synset:transaction.n.01', 'synset:group_action.n.01', 'synset:act.n.02')"
270,colonization,colonization.n.01,2,40337,"('lexname:noun.act', 'synset:constitution.n.02', 'synset:beginning.n.05', 'synset:change_of_state.n.01', 'synset:change.n.03')"
271,collagen,collagen.n.01,1,45452,"('lexname:noun.body', 'synset:scleroprotein.n.01', 'synset:simple_protein.n.01', 'synset:protein.n.01', 'synset:macromolecule.n.01')"
272,disadvantage,disadvantage.n.01,11,21407,"('lexname:noun.attribute', 'synset:liability.n.03', 'synset:bad.n.01', 'synset:quality.n.01', 'synset:attribute.n.02')"
273,overrun,overproduction.n.01,1,33713,"('lexname:noun.act', 'synset:production.n.07', 'synset:industry.n.02', 'synset:commercial_enterprise.n.02', 'synset:commerce.n.01')"
274,appetite,appetite.n.01,3,20788,"('lexname:noun.feeling', 'synset:craving.n.01', 'synset:desire.n.01', 'synset:feeling.n.01', 'synset:state.n.02')"
275,lam,getaway.n.02,1,30592,"('lexname:noun.act', 'synset:escape.n.01', 'synset:running_away.n.01', 'synset:act.n.02', 'synset:event.n.01')"
276,joining,joining.n.01,11,9679,"('lexname:noun.act', 'synset:change_of_integrity.n.01', 'synset:change.n.03', 'synset:action.n.01', 'synset:act.n.02')"
277,database,database.n.01,4,6831,"('lexname:noun.communication', 'synset:information.n.01', 'synset:message.n.02', 'synset:communication.n.02', 'synset:abstraction.n.06')"
278,perfect,perfective.n.01,4,2818,"('lexname:noun.relation', 'synset:tense.n.01', 'synset:grammatical_category.n.01', 'synset:class.n.01', 'synset:collection.n.01')"
279,dietary,dietary.n.01,1,15429,"('lexname:noun.food', 'synset:fare.n.04', 'synset:food.n.01', 'synset:substance.n.07', 'synset:matter.n.03')"
280,doctrine,doctrine.n.01,63,13115,"('lexname:noun.cognition', 'synset:belief.n.01', 'synset:content.n.05', 'synset:cognition.n.01', 'synset:psychological_feature.n.01')"
281,miser,miser.n.01,2,18790,"('lexname:noun.person', 'synset:hoarder.n.01', 'synset:saver.n.02', 'synset:owner.n.02', 'synset:person.n.01')"
282,penis,penis.n.01,3,16360,"('lexname:noun.body', 'synset:erectile_organ.n.01', 'synset:organ.n.01', 'synset:body_part.n.01', 'synset:part.n.03')"
283,rev,revolutions_per_minute.n.01,1,2710,"('lexname:noun.time', 'synset:rate.n.01', 'synset:magnitude_relation.n.01', 'synset:relation.n.01', 'synset:abstraction.n.06')"
284,might,might.n.01,1,1244,"('lexname:noun.attribute', 'synset:strength.n.01', 'synset:property.n.02', 'synset:attribute.n.02', 'synset:abstraction.n.06')"
285,psychiatry,psychiatry.n.01,3,43557,"('lexname:noun.cognition', 'synset:medicine.n.01', 'synset:medical_science.n.01', 'synset:life_science.n.01', 'synset:natural_science.n.01')"
286,analog,analogue.n.01,2,15075,"('lexname:noun.attribute', 'synset:similarity.n.01', 'synset:sameness.n.01', 'synset:quality.n.01', 'synset:attribute.n.02')"
287,twentieth,twentieth.n.01,1,29112,"('lexname:noun.relation', 'synset:rank.n.02', 'synset:status.n.01', 'synset:state.n.02', 'synset:attribute.n.02')"
288,human,homo.n.02,8,1692,"('lexname:noun.animal', 'synset:hominid.n.01', 'synset:primate.n.02', 'synset:placental.n.01', 'synset:mammal.n.01')"
289,voting,vote.n.01,9,6709,"('lexname:noun.act', 'synset:choice.n.02', 'synset:action.n.01', 'synset:act.n.02', 'synset:event.n.01')"
290,medal,decoration.n.02,16,18279,"('lexname:noun.communication', 'synset:award.n.02', 'synset:symbol.n.01', 'synset:signal.n.01', 'synset:communication.n.02')"
291,competitiveness,competitiveness.n.01,1,36812,"('lexname:noun.attribute', 'synset:aggressiveness.n.01', 'synset:drive.n.05', 'synset:trait.n.01', 'synset:attribute.n.02')"
292,meme,meme.n.01,1,25336,"('lexname:noun.cognition', 'synset:acculturation.n.02', 'synset:content.n.05', 'synset:cognition.n.01', 'synset:psychological_feature.n.01')"
293,latest,latest.n.01,1,3452,"('lexname:noun.communication', 'synset:news.n.01', 'synset:information.n.01', 'synset:message.n.02', 'synset:communication.n.02')"
294,euro,euro.n.01,1,11063,"('lexname:noun.quantity', 'synset:monetary_unit.n.01', 'synset:unit_of_measurement.n.01', 'synset:definite_quantity.n.01', 'synset:measure.n.02')"
295,webcam,webcam.n.01,1,49823,"('lexname:noun.artifact', 'synset:digital_camera.n.01', 'synset:camera.n.01', 'synset:photographic_equipment.n.01', 'synset:equipment.n.01')"
296,password,password.n.01,2,9206,"('lexname:noun.communication', 'synset:positive_identification.n.01', 'synset:identification.n.02', 'synset:evidence.n.02', 'synset:indication.n.01')"
297,digging,excavation.n.01,1,18894,"('lexname:noun.act', 'synset:creating_by_removal.n.01', 'synset:creation.n.01', 'synset:activity.n.01', 'synset:act.n.02')"
298,forecast,prognosis.n.01,3,11092,"('lexname:noun.communication', 'synset:prediction.n.02', 'synset:statement.n.01', 'synset:message.n.02', 'synset:communication.n.02')"
299,temp,temp.n.01,1,20218,"('lexname:noun.person', 'synset:worker.n.01', 'synset:person.n.01', 'synset:causal_agent.n.01', 'synset:physical_entity.n.01')"
300,invalid,invalid.n.01,1,12515,"('lexname:noun.person', 'synset:sick_person.n.01', 'synset:unfortunate.n.01', 'synset:person.n.01', 'synset:causal_agent.n.01')"
301,statistic,statistic.n.01,9,24696,"('lexname:noun.cognition', 'synset:datum.n.01', 'synset:information.n.02', 'synset:cognition.n.01', 'synset:psychological_feature.n.01')"
302,anti,anti.n.01,1,3098,"('lexname:noun.person', 'synset:person.n.01', 'synset:causal_agent.n.01', 'synset:physical_entity.n.01', 'synset:entity.n.01')"
303,grocer,grocer.n.01,2,34185,"('lexname:noun.person', 'synset:merchant.n.01', 'synset:businessperson.n.01', 'synset:capitalist.n.02', 'synset:person.n.01')"
304,think,think.n.01,1,892,"('lexname:noun.cognition', 'synset:deliberation.n.02', 'synset:consideration.n.01', 'synset:thinking.n.01', 'synset:higher_cognitive_process.n.01')"
305,operations,operations.n.01,1,4560,"('lexname:noun.act', 'synset:transaction.n.01', 'synset:group_action.n.01', 'synset:act.n.02', 'synset:event.n.01')"
306,sweeping,sweeping.n.01,1,18404,"('lexname:noun.act', 'synset:cleaning.n.01', 'synset:improvement.n.02', 'synset:change_of_state.n.01', 'synset:change.n.03')"
307,msec,millisecond.n.01,1,43242,"('lexname:noun.time', 'synset:time_unit.n.01', 'synset:measure.n.02', 'synset:abstraction.n.06', 'synset:entity.n.01')"
308,rifle,rifle.n.01,5,11575,"('lexname:noun.artifact', 'synset:firearm.n.01', 'synset:gun.n.01', 'synset:weapon.n.01', 'synset:instrument.n.01')"
309,preschool,preschool.n.01,4,38725,"('lexname:noun.group', 'synset:educational_institution.n.01', 'synset:institution.n.01', 'synset:organization.n.01', 'synset:social_group.n.01')"
310,equipment,equipment.n.01,24,5112,"('lexname:noun.artifact', 'synset:instrumentality.n.03', 'synset:artifact.n.01', 'synset:whole.n.02', 'synset:object.n.01')"
311,ion,ion.n.01,3,22088,"('lexname:noun.object', 'synset:particle.n.02', 'synset:body.n.04', 'synset:natural_object.n.01', 'synset:whole.n.02')"
312,n,n.n.05,1,299,"('lexname:noun.communication', 'synset:letter.n.02', 'synset:character.n.08', 'synset:written_symbol.n.01', 'synset:symbol.n.01')"
313,classroom,classroom.n.01,4,15806,"('lexname:noun.artifact', 'synset:room.n.01', 'synset:area.n.05', 'synset:structure.n.01', 'synset:artifact.n.01')"
314,whereabouts,whereabouts.n.01,1,33035,"('lexname:noun.location', 'synset:location.n.01', 'synset:object.n.01', 'synset:physical_entity.n.01', 'synset:entity.n.01')"
315,gaze,gaze.n.01,1,17841,"('lexname:noun.act', 'synset:stare.n.01', 'synset:look.n.02', 'synset:sensing.n.02', 'synset:sensory_activity.n.01')"
316,livestock,livestock.n.01,1,24424,"('lexname:noun.animal', 'synset:placental.n.01', 'synset:mammal.n.01', 'synset:vertebrate.n.01', 'synset:chordate.n.01')"
317,doom,doom.n.01,1,27666,"('lexname:noun.event', 'synset:destiny.n.01', 'synset:happening.n.01', 'synset:event.n.01', 'synset:psychological_feature.n.01')"
318,thermal,thermal.n.01,1,18411,"('lexname:noun.phenomenon', 'synset:wind.n.01', 'synset:weather.n.01', 'synset:atmospheric_phenomenon.n.01', 'synset:physical_phenomenon.n.01')"
319,affirmative,affirmative.n.01,4,27990,"('lexname:noun.communication', 'synset:avowal.n.01', 'synset:assertion.n.01', 'synset:declaration.n.01', 'synset:statement.n.01')"
320,super,superintendent.n.02,1,2208,"('lexname:noun.person', 'synset:caretaker.n.01', 'synset:custodian.n.01', 'synset:defender.n.01', 'synset:preserver.n.03')"
321,income,income.n.01,16,3739,"('lexname:noun.possession', 'synset:financial_gain.n.01', 'synset:gain.n.04', 'synset:sum.n.01', 'synset:assets.n.01')"
322,thou,thousand.n.01,2,14210,"('lexname:noun.quantity', 'synset:large_integer.n.01', 'synset:integer.n.01', 'synset:number.n.02', 'synset:definite_quantity.n.01')"
323,lat,latissimus_dorsi.n.01,1,3042,"('lexname:noun.body', 'synset:skeletal_muscle.n.01', 'synset:muscle.n.01', 'synset:contractile_organ.n.01', 'synset:organ.n.01')"
324,windshield,windshield.n.01,1,38866,"('lexname:noun.artifact', 'synset:screen.n.05', 'synset:protective_covering.n.01', 'synset:covering.n.02', 'synset:artifact.n.01')"
325,rotting,decomposition.n.04,1,44494,"('lexname:noun.process', 'synset:decay.n.01', 'synset:natural_process.n.01', 'synset:process.n.06', 'synset:physical_entity.n.01')"
326,mattress,mattress.n.01,8,33388,"('lexname:noun.artifact', 'synset:pad.n.04', 'synset:padding.n.01', 'synset:artifact.n.01', 'synset:whole.n.02')"
327,mindset,mentality.n.01,1,20527,"('lexname:noun.cognition', 'synset:attitude.n.01', 'synset:cognition.n.01', 'synset:psychological_feature.n.01', 'synset:abstraction.n.06')"
328,versatility,versatility.n.01,1,31689,"('lexname:noun.cognition', 'synset:skillfulness.n.01', 'synset:state.n.02', 'synset:attribute.n.02', 'synset:abstraction.n.06')"
329,disposable,disposable.n.01,1,32445,"('lexname:noun.artifact', 'synset:item.n.03', 'synset:whole.n.02', 'synset:object.n.01', 'synset:physical_entity.n.01')"
330,have,rich_person.n.01,10,423,"('lexname:noun.person', 'synset:person.n.01', 'synset:causal_agent.n.01', 'synset:physical_entity.n.01', 'synset:entity.n.01')"
331,geography,geography.n.01,4,27876,"('lexname:noun.cognition', 'synset:earth_science.n.01', 'synset:natural_science.n.01', 'synset:science.n.01', 'synset:discipline.n.01')"
332,numbers,numbers_pool.n.01,1,3146,"('lexname:noun.act', 'synset:lottery.n.02', 'synset:game_of_chance.n.01', 'synset:gambling.n.01', 'synset:diversion.n.01')"
333,cull,cull.n.01,1,37429,"('lexname:noun.cognition', 'synset:decision_making.n.01', 'synset:higher_cognitive_process.n.01', 'synset:process.n.02', 'synset:cognition.n.01')"
334,inequality,inequality.n.01,4,12791,"('lexname:noun.attribute', 'synset:difference.n.01', 'synset:quality.n.01', 'synset:attribute.n.02', 'synset:abstraction.n.06')"
335,posing,sitting.n.01,1,24380,"('lexname:noun.act', 'synset:motion.n.03', 'synset:change.n.03', 'synset:action.n.01', 'synset:act.n.02')"
336,java,coffee.n.01,14,20129,"('lexname:noun.food', 'synset:beverage.n.01', 'synset:food.n.01', 'synset:substance.n.07', 'synset:matter.n.03')"
337,darling,darling.n.01,5,40003,"('lexname:noun.person', 'synset:lover.n.01', 'synset:person.n.01', 'synset:causal_agent.n.01', 'synset:physical_entity.n.01')"
338,beta,beta.n.01,1,12159,"('lexname:noun.communication', 'synset:letter.n.02', 'synset:character.n.08', 'synset:written_symbol.n.01', 'synset:symbol.n.01')"
339,violin,violin.n.01,4,38283,"('lexname:noun.artifact', 'synset:bowed_stringed_instrument.n.01', 'synset:stringed_instrument.n.01', 'synset:musical_instrument.n.01', 'synset:device.n.01')"
340,refinery,refinery.n.01,3,44133,"('lexname:noun.artifact', 'synset:plant.n.01', 'synset:building_complex.n.01', 'synset:structure.n.01', 'synset:artifact.n.01')"
341,sang,american_ginseng.n.01,1,25889,"('lexname:noun.plant', 'synset:herb.n.01', 'synset:vascular_plant.n.01', 'synset:plant.n.02', 'synset:organism.n.01')"
342,emotion,emotion.n.01,10,9942,"('lexname:noun.feeling', 'synset:feeling.n.01', 'synset:state.n.02', 'synset:attribute.n.02', 'synset:abstraction.n.06')"
343,antic,antic.n.01,3,47792,"('lexname:noun.act', 'synset:diversion.n.01', 'synset:activity.n.01', 'synset:act.n.02', 'synset:event.n.01')"
344,gorilla,gorilla.n.01,5,45314,"('lexname:noun.animal', 'synset:great_ape.n.01', 'synset:anthropoid_ape.n.01', 'synset:ape.n.01', 'synset:primate.n.02')"
345,psychology,psychology.n.01,11,15119,"('lexname:noun.cognition', 'synset:science.n.01', 'synset:discipline.n.01', 'synset:knowledge_domain.n.01', 'synset:content.n.05')"
346,excerpt,excerpt.n.01,6,20911,"('lexname:noun.communication', 'synset:passage.n.02', 'synset:section.n.01', 'synset:music.n.01', 'synset:auditory_communication.n.01')"
347,coordinator,coordinator.n.01,1,16052,"('lexname:noun.person', 'synset:organizer.n.01', 'synset:thinker.n.02', 'synset:intellectual.n.01', 'synset:person.n.01')"
348,sexism,sexism.n.01,3,24953,"('lexname:noun.act', 'synset:discrimination.n.01', 'synset:social_control.n.01', 'synset:group_action.n.01', 'synset:act.n.02')"
349,sharper,cardsharp.n.01,2,41415,"('lexname:noun.person', 'synset:card_player.n.01', 'synset:player.n.01', 'synset:contestant.n.01', 'synset:person.n.01')"
350,hurricane,hurricane.n.01,1,23964,"('lexname:noun.phenomenon', 'synset:cyclone.n.02', 'synset:windstorm.n.01', 'synset:storm.n.01', 'synset:atmospheric_phenomenon.n.01')"
351,satire,sarcasm.n.01,1,35704,"('lexname:noun.communication', 'synset:wit.n.01', 'synset:message.n.02', 'synset:communication.n.02', 'synset:abstraction.n.06')"
352,lockout,lockout.n.01,1,48449,"('lexname:noun.act', 'synset:resistance.n.01', 'synset:action.n.01', 'synset:act.n.02', 'synset:event.n.01')"
353,sprawling,sprawl.n.02,1,30190,"('lexname:noun.attribute', 'synset:position.n.04', 'synset:bodily_property.n.01', 'synset:property.n.02', 'synset:attribute.n.02')"
354,retake,retake.n.01,1,41754,"('lexname:noun.act', 'synset:take.n.02', 'synset:filming.n.01', 'synset:photography.n.01', 'synset:pictorial_representation.n.01')"
355,massage,massage.n.01,8,26900,"('lexname:noun.act', 'synset:treatment.n.01', 'synset:care.n.01', 'synset:work.n.01', 'synset:activity.n.01')"
356,negotiator,negotiator.n.01,8,49194,"('lexname:noun.person', 'synset:communicator.n.01', 'synset:person.n.01', 'synset:causal_agent.n.01', 'synset:physical_entity.n.01')"
357,sovereign,sovereign.n.01,9,18901,"('lexname:noun.person', 'synset:head_of_state.n.01', 'synset:representative.n.01', 'synset:negotiator.n.01', 'synset:communicator.n.01')"
358,hone,hone.n.01,1,47267,"('lexname:noun.artifact', 'synset:whetstone.n.01', 'synset:stone.n.02', 'synset:building_material.n.01', 'synset:artifact.n.01')"
359,developing,development.n.08,2,5922,"('lexname:noun.process', 'synset:processing.n.01', 'synset:process.n.06', 'synset:physical_entity.n.01', 'synset:entity.n.01')"
360,shallow,shoal.n.02,1,19337,"('lexname:noun.object', 'synset:body_of_water.n.01', 'synset:thing.n.12', 'synset:physical_entity.n.01', 'synset:entity.n.01')"
361,policeman,policeman.n.01,15,32166,"('lexname:noun.person', 'synset:lawman.n.01', 'synset:defender.n.01', 'synset:preserver.n.03', 'synset:person.n.01')"
362,hindsight,hindsight.n.01,1,36412,"('lexname:noun.cognition', 'synset:understanding.n.01', 'synset:knowing.n.01', 'synset:higher_cognitive_process.n.01', 'synset:process.n.02')"
363,breakfast,breakfast.n.01,3,12607,"('lexname:noun.food', 'synset:meal.n.01', 'synset:nutriment.n.01', 'synset:food.n.01', 'synset:substance.n.07')"
364,oval,ellipse.n.01,2,41186,"('lexname:noun.shape', 'synset:conic_section.n.01', 'synset:plane_figure.n.01', 'synset:figure.n.06', 'synset:shape.n.02')"
365,yr,year.n.01,13,42635,"('lexname:noun.time', 'synset:time_period.n.01', 'synset:fundamental_quantity.n.01', 'synset:measure.n.02', 'synset:abstraction.n.06')"
366,liar,liar.n.01,3,31866,"('lexname:noun.person', 'synset:deceiver.n.01', 'synset:wrongdoer.n.01', 'synset:bad_person.n.01', 'synset:person.n.01')"
367,gasp,gasp.n.01,1,47440,"('lexname:noun.act', 'synset:inhalation.n.01', 'synset:breath.n.01', 'synset:bodily_process.n.01', 'synset:organic_process.n.01')"
368,external,external.n.01,1,7097,"('lexname:noun.cognition', 'synset:feature.n.01', 'synset:property.n.04', 'synset:concept.n.01', 'synset:idea.n.01')"
369,liter,liter.n.01,1,4187,"('lexname:noun.quantity', 'synset:metric_capacity_unit.n.01', 'synset:metric_unit.n.01', 'synset:unit_of_measurement.n.01', 'synset:definite_quantity.n.01')"
370,tending,care.n.01,21,44681,"('lexname:noun.act', 'synset:work.n.01', 'synset:activity.n.01', 'synset:act.n.02', 'synset:event.n.01')"
371,diabetes,diabetes.n.01,3,12593,"('lexname:noun.state', 'synset:polygenic_disorder.n.01', 'synset:genetic_disease.n.01', 'synset:disease.n.01', 'synset:illness.n.01')"
372,tray,tray.n.01,9,26473,"('lexname:noun.artifact', 'synset:receptacle.n.01', 'synset:container.n.01', 'synset:instrumentality.n.03', 'synset:artifact.n.01')"
373,egalitarian,egalitarian.n.01,1,41469,"('lexname:noun.person', 'synset:moralist.n.01', 'synset:philosopher.n.01', 'synset:scholar.n.01', 'synset:intellectual.n.01')"
374,dec,declination.n.03,1,875,"('lexname:noun.location', 'synset:angular_distance.n.01', 'synset:angle.n.01', 'synset:space.n.02', 'synset:amorphous_shape.n.01')"
375,git,rotter.n.01,1,17606,"('lexname:noun.person', 'synset:unpleasant_person.n.01', 'synset:unwelcome_person.n.01', 'synset:person.n.01', 'synset:causal_agent.n.01')"
376,orient,eastern_hemisphere.n.01,1,11367,"('lexname:noun.location', 'synset:hemisphere.n.01', 'synset:geographical_area.n.01', 'synset:region.n.03', 'synset:location.n.01')"
377,sunscreen,sunscreen.n.01,1,44221,"('lexname:noun.artifact', 'synset:cream.n.03', 'synset:toiletry.n.01', 'synset:instrumentality.n.03', 'synset:artifact.n.01')"
378,taxi,cab.n.03,3,17536,"('lexname:noun.artifact', 'synset:car.n.01', 'synset:motor_vehicle.n.01', 'synset:self-propelled_vehicle.n.01', 'synset:wheeled_vehicle.n.01')"
379,preempt,preemptive_bid.n.01,1,38726,"('lexname:noun.communication', 'synset:bid.n.04', 'synset:statement.n.01', 'synset:message.n.02', 'synset:communication.n.02')"
380,displeasure,displeasure.n.01,2,47313,"('lexname:noun.feeling', 'synset:annoyance.n.02', 'synset:anger.n.01', 'synset:emotion.n.01', 'synset:feeling.n.01')"
381,arranging,arrangement.n.06,4,41878,"('lexname:noun.act', 'synset:composing.n.02', 'synset:creating_by_mental_acts.n.01', 'synset:creation.n.01', 'synset:activity.n.01')"
382,farmer,farmer.n.01,14,18739,"('lexname:noun.person', 'synset:creator.n.02', 'synset:person.n.01', 'synset:causal_agent.n.01', 'synset:physical_entity.n.01')"
383,metrics,prosody.n.03,1,20731,"('lexname:noun.cognition', 'synset:poetics.n.01', 'synset:literary_study.n.01', 'synset:humanistic_discipline.n.01', 'synset:discipline.n.01')"
384,studying,perusal.n.01,1,11065,"('lexname:noun.communication', 'synset:reading.n.01', 'synset:linguistic_process.n.02', 'synset:higher_cognitive_process.n.01', 'synset:process.n.02')"
385,swap,barter.n.01,2,16075,"('lexname:noun.act', 'synset:exchange.n.08', 'synset:commerce.n.01', 'synset:transaction.n.01', 'synset:group_action.n.01')"
386,bankrupt,bankrupt.n.01,1,13158,"('lexname:noun.person', 'synset:failure.n.04', 'synset:unfortunate.n.01', 'synset:person.n.01', 'synset:causal_agent.n.01')"
387,appellant,appellant.n.01,1,44975,"('lexname:noun.person', 'synset:litigant.n.01', 'synset:party.n.05', 'synset:person.n.01', 'synset:causal_agent.n.01')"
388,webpage,web_page.n.01,2,35699,"('lexname:noun.communication', 'synset:text_file.n.01', 'synset:computer_file.n.01', 'synset:file.n.01', 'synset:record.n.01')"
389,puberty,puberty.n.01,1,35149,"('lexname:noun.time', 'synset:time_of_life.n.01', 'synset:time_period.n.01', 'synset:fundamental_quantity.n.01', 'synset:measure.n.02')"
390,sixty,sixty.n.01,1,24742,"('lexname:noun.quantity', 'synset:large_integer.n.01', 'synset:integer.n.01', 'synset:number.n.02', 'synset:definite_quantity.n.01')"
391,activism,activism.n.01,1,23034,"('lexname:noun.cognition', 'synset:policy.n.01', 'synset:plan_of_action.n.01', 'synset:plan.n.01', 'synset:idea.n.01')"
392,blazing,blaze.n.01,1,37019,"('lexname:noun.process', 'synset:fire.n.03', 'synset:combustion.n.01', 'synset:oxidation.n.01', 'synset:chemical_reaction.n.01')"
393,hug,hug.n.01,1,16225,"('lexname:noun.act', 'synset:embrace.n.01', 'synset:clasp.n.02', 'synset:grasping.n.02', 'synset:control.n.05')"
394,thinner,dilutant.n.01,1,30125,"('lexname:noun.substance', 'synset:agent.n.03', 'synset:causal_agent.n.01', 'synset:physical_entity.n.01', 'synset:entity.n.01')"
395,proverb,proverb.n.01,1,36950,"('lexname:noun.communication', 'synset:saying.n.01', 'synset:speech.n.02', 'synset:auditory_communication.n.01', 'synset:communication.n.02')"
396,gene,gene.n.01,22,9779,"('lexname:noun.body', 'synset:sequence.n.01', 'synset:series.n.01', 'synset:ordering.n.01', 'synset:arrangement.n.02')"
397,illegitimate,bastard.n.02,1,41368,"('lexname:noun.person', 'synset:offspring.n.01', 'synset:relative.n.01', 'synset:person.n.01', 'synset:causal_agent.n.01')"
398,humidity,humidity.n.01,2,27716,"('lexname:noun.state', 'synset:wetness.n.01', 'synset:condition.n.01', 'synset:state.n.02', 'synset:attribute.n.02')"
399,lung,lung.n.01,1,12317,"('lexname:noun.body', 'synset:respiratory_organ.n.01', 'synset:internal_organ.n.01', 'synset:organ.n.01', 'synset:body_part.n.01')"
400,salsa,salsa.n.01,1,49529,"('lexname:noun.food', 'synset:condiment.n.01', 'synset:flavorer.n.01', 'synset:ingredient.n.03', 'synset:foodstuff.n.02')"
401,acoustic,acoustic.n.01,1,26071,"('lexname:noun.artifact', 'synset:remedy.n.02', 'synset:medicine.n.02', 'synset:drug.n.01', 'synset:agent.n.03')"
402,dairy,dairy.n.01,1,17659,"('lexname:noun.artifact', 'synset:farm.n.01', 'synset:workplace.n.01', 'synset:geographic_point.n.01', 'synset:point.n.02')"
403,caring,lovingness.n.01,2,18088,"('lexname:noun.feeling', 'synset:love.n.01', 'synset:emotion.n.01', 'synset:feeling.n.01', 'synset:state.n.02')"
404,heroic,heroic_verse.n.01,1,23523,"('lexname:noun.communication', 'synset:epic_poem.n.01', 'synset:poem.n.01', 'synset:literary_composition.n.01', 'synset:writing.n.02')"
405,globalization,globalization.n.01,1,39155,"('lexname:noun.process', 'synset:economic_process.n.01', 'synset:process.n.06', 'synset:physical_entity.n.01', 'synset:entity.n.01')"
406,brunt,brunt.n.01,1,48850,"('lexname:noun.attribute', 'synset:force.n.03', 'synset:intensity.n.02', 'synset:degree.n.01', 'synset:property.n.02')"
407,descendant,descendant.n.01,3,45923,"('lexname:noun.person', 'synset:relative.n.01', 'synset:person.n.01', 'synset:causal_agent.n.01', 'synset:physical_entity.n.01')"
408,gram,gram.n.01,1,14599,"('lexname:noun.quantity', 'synset:metric_weight_unit.n.01', 'synset:mass_unit.n.01', 'synset:unit_of_measurement.n.01', 'synset:definite_quantity.n.01')"
409,mar,blemish.n.01,14,1667,"('lexname:noun.attribute', 'synset:appearance.n.01', 'synset:quality.n.01', 'synset:attribute.n.02', 'synset:abstraction.n.06')"
410,anthropology,anthropology.n.01,6,45424,"('lexname:noun.cognition', 'synset:social_science.n.01', 'synset:science.n.01', 'synset:discipline.n.01', 'synset:knowledge_domain.n.01')"
411,eyebrow,eyebrow.n.01,1,38220,"('lexname:noun.body', 'synset:hair.n.01', 'synset:body_covering.n.01', 'synset:covering.n.01', 'synset:natural_object.n.01')"
412,cooper,cooper.n.04,1,6788,"('lexname:noun.person', 'synset:craftsman.n.03', 'synset:skilled_worker.n.01', 'synset:worker.n.01', 'synset:person.n.01')"
413,tall,tall.n.01,1,7331,"('lexname:noun.attribute', 'synset:size.n.02', 'synset:property.n.02', 'synset:attribute.n.02', 'synset:abstraction.n.06')"
414,invoice,bill.n.02,8,45458,"('lexname:noun.communication', 'synset:statement.n.07', 'synset:commercial_document.n.01', 'synset:document.n.01', 'synset:writing.n.02')"
415,former,former.n.01,1,1966,"('lexname:noun.relation', 'synset:first.n.01', 'synset:rank.n.02', 'synset:status.n.01', 'synset:state.n.02')"
416,rapid,rapid.n.01,1,5801,"('lexname:noun.object', 'synset:waterway.n.01', 'synset:body_of_water.n.01', 'synset:thing.n.12', 'synset:physical_entity.n.01')"
417,chef,chef.n.01,3,21221,"('lexname:noun.person', 'synset:cook.n.01', 'synset:skilled_worker.n.01', 'synset:worker.n.01', 'synset:person.n.01')"
418,wastewater,effluent.n.01,1,42073,"('lexname:noun.substance', 'synset:waste.n.01', 'synset:material.n.01', 'synset:substance.n.01', 'synset:matter.n.03')"
419,factory,factory.n.01,12,8860,"('lexname:noun.artifact', 'synset:plant.n.01', 'synset:building_complex.n.01', 'synset:structure.n.01', 'synset:artifact.n.01')"
420,cassette,cassette.n.01,3,42812,"('lexname:noun.artifact', 'synset:container.n.01', 'synset:instrumentality.n.03', 'synset:artifact.n.01', 'synset:whole.n.02')"
421,percent,percentage.n.01,5,1411,"('lexname:noun.relation', 'synset:proportion.n.01', 'synset:quotient.n.01', 'synset:ratio.n.01', 'synset:magnitude_relation.n.01')"
422,majors,major_league.n.01,1,26353,"('lexname:noun.group', 'synset:league.n.01', 'synset:association.n.01', 'synset:organization.n.01', 'synset:social_group.n.01')"
423,arts,humanistic_discipline.n.01,21,10848,"('lexname:noun.cognition', 'synset:discipline.n.01', 'synset:knowledge_domain.n.01', 'synset:content.n.05', 'synset:cognition.n.01')"
424,harvesting,harvest.n.03,2,34102,"('lexname:noun.act', 'synset:gather.n.02', 'synset:collection.n.04', 'synset:grouping.n.02', 'synset:activity.n.01')"
425,glutamate,glutamate.n.01,1,48402,"('lexname:noun.substance', 'synset:salt.n.01', 'synset:compound.n.02', 'synset:chemical.n.01', 'synset:material.n.01')"
426,masturbation,masturbation.n.01,4,41054,"('lexname:noun.act', 'synset:autoeroticism.n.01', 'synset:sexual_activity.n.01', 'synset:bodily_process.n.01', 'synset:organic_process.n.01')"
427,lab,lab.n.01,5,2248,"('lexname:noun.artifact', 'synset:workplace.n.01', 'synset:geographic_point.n.01', 'synset:point.n.02', 'synset:location.n.01')"
428,bacon,bacon.n.01,5,21385,"('lexname:noun.food', 'synset:cut_of_pork.n.01', 'synset:cut.n.06', 'synset:meat.n.01', 'synset:food.n.02')"
429,camel,camel.n.01,3,41021,"('lexname:noun.animal', 'synset:even-toed_ungulate.n.01', 'synset:ungulate.n.01', 'synset:placental.n.01', 'synset:mammal.n.01')"
430,blacklist,blacklist.n.01,1,38810,"('lexname:noun.communication', 'synset:list.n.01', 'synset:database.n.01', 'synset:information.n.01', 'synset:message.n.02')"
431,asking,request.n.02,12,4737,"('lexname:noun.communication', 'synset:speech_act.n.01', 'synset:act.n.02', 'synset:event.n.01', 'synset:psychological_feature.n.01')"
432,hops,hop.n.02,4,29438,"('lexname:noun.plant', 'synset:vine.n.01', 'synset:vascular_plant.n.01', 'synset:plant.n.02', 'synset:organism.n.01')"
433,bakery,bakery.n.01,3,38164,"('lexname:noun.artifact', 'synset:shop.n.01', 'synset:mercantile_establishment.n.01', 'synset:place_of_business.n.01', 'synset:establishment.n.04')"
434,filename,filename.n.01,1,29472,"('lexname:noun.communication', 'synset:name.n.01', 'synset:language_unit.n.01', 'synset:part.n.01', 'synset:relation.n.01')"
435,cert,cert.n.01,1,5051,"('lexname:noun.attribute', 'synset:certainty.n.02', 'synset:quality.n.01', 'synset:attribute.n.02', 'synset:abstraction.n.06')"
436,pension,pension.n.01,2,13553,"('lexname:noun.possession', 'synset:regular_payment.n.01', 'synset:payment.n.01', 'synset:cost.n.01', 'synset:outgo.n.01')"
437,sword,sword.n.01,8,8429,"('lexname:noun.artifact', 'synset:weapon.n.01', 'synset:instrument.n.01', 'synset:device.n.01', 'synset:instrumentality.n.03')"
438,mg,milligram.n.01,1,10527,"('lexname:noun.quantity', 'synset:metric_weight_unit.n.01', 'synset:mass_unit.n.01', 'synset:unit_of_measurement.n.01', 'synset:definite_quantity.n.01')"
439,raven,raven.n.01,1,37735,"('lexname:noun.animal', 'synset:corvine_bird.n.01', 'synset:oscine.n.01', 'synset:passerine.n.01', 'synset:bird.n.01')"
440,eating,eating.n.01,16,6600,"('lexname:noun.act', 'synset:consumption.n.01', 'synset:bodily_process.n.01', 'synset:organic_process.n.01', 'synset:process.n.06')"
441,congressman,congressman.n.01,2,29545,"('lexname:noun.person', 'synset:legislator.n.01', 'synset:lawgiver.n.01', 'synset:leader.n.01', 'synset:person.n.01')"
442,portable,portable.n.01,1,17726,"('lexname:noun.artifact', 'synset:typewriter.n.01', 'synset:character_printer.n.01', 'synset:printer.n.03', 'synset:machine.n.01')"
443,nm,nanometer.n.01,1,28642,"('lexname:noun.quantity', 'synset:metric_linear_unit.n.01', 'synset:linear_unit.n.01', 'synset:unit_of_measurement.n.01', 'synset:definite_quantity.n.01')"
444,repeat,repeat.n.01,5,9585,"('lexname:noun.event', 'synset:periodic_event.n.01', 'synset:happening.n.01', 'synset:event.n.01', 'synset:psychological_feature.n.01')"
445,wheelchair,wheelchair.n.01,3,27181,"('lexname:noun.artifact', 'synset:chair.n.01', 'synset:seat.n.03', 'synset:furniture.n.01', 'synset:furnishing.n.02')"
446,lack,lack.n.01,7,3092,"('lexname:noun.state', 'synset:need.n.01', 'synset:condition.n.01', 'synset:state.n.02', 'synset:attribute.n.02')"
447,miner,miner.n.01,6,16285,"('lexname:noun.person', 'synset:laborer.n.01', 'synset:workman.n.01', 'synset:employee.n.01', 'synset:worker.n.01')"
448,drug,drug.n.01,33,2563,"('lexname:noun.artifact', 'synset:agent.n.03', 'synset:causal_agent.n.01', 'synset:physical_entity.n.01', 'synset:entity.n.01')"
449,mainstream,mainstream.n.01,1,8661,"('lexname:noun.cognition', 'synset:thought.n.03', 'synset:belief.n.01', 'synset:content.n.05', 'synset:cognition.n.01')"
450,upstairs,upstairs.n.01,1,26148,"('lexname:noun.artifact', 'synset:part.n.02', 'synset:object.n.01', 'synset:physical_entity.n.01', 'synset:entity.n.01')"
451,zoo,menagerie.n.02,1,26626,"('lexname:noun.artifact', 'synset:facility.n.01', 'synset:artifact.n.01', 'synset:whole.n.02', 'synset:object.n.01')"
452,procurement,procurement.n.01,1,31156,"('lexname:noun.act', 'synset:acquisition.n.01', 'synset:acquiring.n.01', 'synset:act.n.02', 'synset:event.n.01')"
453,acronym,acronym.n.01,1,38787,"('lexname:noun.communication', 'synset:form.n.01', 'synset:word.n.01', 'synset:language_unit.n.01', 'synset:part.n.01')"
454,auxiliary,aide.n.02,2,37419,"('lexname:noun.person', 'synset:assistant.n.01', 'synset:worker.n.01', 'synset:person.n.01', 'synset:causal_agent.n.01')"
455,pants,bloomers.n.01,1,12581,"('lexname:noun.artifact', 'synset:underpants.n.01', 'synset:undergarment.n.01', 'synset:garment.n.01', 'synset:clothing.n.01')"
456,cure,remedy.n.02,11,13996,"('lexname:noun.artifact', 'synset:medicine.n.02', 'synset:drug.n.01', 'synset:agent.n.03', 'synset:causal_agent.n.01')"
457,performer,performer.n.01,26,26960,"('lexname:noun.person', 'synset:entertainer.n.01', 'synset:person.n.01', 'synset:causal_agent.n.01', 'synset:physical_entity.n.01')"
458,elves,elves.n.01,1,31959,"('lexname:noun.phenomenon', 'synset:atmospheric_electricity.n.01', 'synset:atmospheric_phenomenon.n.01', 'synset:physical_phenomenon.n.01', 'synset:natural_phenomenon.n.01')"
459,organic,organic.n.01,6,10469,"('lexname:noun.substance', 'synset:fertilizer.n.01', 'synset:chemical.n.01', 'synset:material.n.01', 'synset:substance.n.01')"
460,forearm,forearm.n.01,1,41031,"('lexname:noun.body', 'synset:limb.n.01', 'synset:extremity.n.01', 'synset:external_body_part.n.01', 'synset:body_part.n.01')"
461,swat,swat.n.01,1,44284,"('lexname:noun.act', 'synset:blow.n.01', 'synset:stroke.n.12', 'synset:motion.n.03', 'synset:change.n.03')"
462,hometown,hometown.n.01,1,20994,"('lexname:noun.location', 'synset:town.n.01', 'synset:municipality.n.01', 'synset:administrative_district.n.01', 'synset:district.n.01')"
463,cannibal,cannibal.n.01,1,39904,"('lexname:noun.person', 'synset:savage.n.01', 'synset:primitive.n.01', 'synset:person.n.01', 'synset:causal_agent.n.01')"
464,dread,apprehension.n.01,6,15157,"('lexname:noun.feeling', 'synset:fear.n.01', 'synset:emotion.n.01', 'synset:feeling.n.01', 'synset:state.n.02')"
465,eats,chow.n.02,1,25365,"('lexname:noun.food', 'synset:fare.n.04', 'synset:food.n.01', 'synset:substance.n.07', 'synset:matter.n.03')"
466,vac,vac.n.01,1,6658,"('lexname:noun.time', 'synset:vacation.n.01', 'synset:leisure.n.01', 'synset:time_off.n.01', 'synset:time_period.n.01')"
467,rooms,suite.n.02,1,9519,"('lexname:noun.artifact', 'synset:apartment.n.01', 'synset:housing.n.01', 'synset:structure.n.01', 'synset:artifact.n.01')"
468,emancipation,emancipation.n.01,1,48936,"('lexname:noun.act', 'synset:liberation.n.01', 'synset:accomplishment.n.01', 'synset:action.n.01', 'synset:act.n.02')"
469,rapport,rapport.n.01,1,49498,"('lexname:noun.relation', 'synset:affinity.n.04', 'synset:relation.n.01', 'synset:abstraction.n.06', 'synset:entity.n.01')"
470,toxin,toxin.n.01,11,43026,"('lexname:noun.substance', 'synset:poison.n.01', 'synset:substance.n.07', 'synset:matter.n.03', 'synset:physical_entity.n.01')"
471,premise,premise.n.01,6,18659,"('lexname:noun.communication', 'synset:postulate.n.01', 'synset:proposition.n.01', 'synset:statement.n.01', 'synset:message.n.02')"
472,full,full_moon.n.01,2,1336,"('lexname:noun.time', 'synset:phase_of_the_moon.n.01', 'synset:phase.n.04', 'synset:appearance.n.01', 'synset:quality.n.01')"
473,eggs,egg.n.02,1,9653,"('lexname:noun.food', 'synset:foodstuff.n.02', 'synset:food.n.01', 'synset:substance.n.07', 'synset:matter.n.03')"
474,countryside,countryside.n.01,1,25708,"('lexname:noun.location', 'synset:country.n.04', 'synset:geographical_area.n.01', 'synset:region.n.03', 'synset:location.n.01')"
475,catering,catering.n.01,1,39211,"('lexname:noun.act', 'synset:occupation.n.01', 'synset:activity.n.01', 'synset:act.n.02', 'synset:event.n.01')"
476,populism,populism.n.01,1,47584,"('lexname:noun.cognition', 'synset:doctrine.n.01', 'synset:belief.n.01', 'synset:content.n.05', 'synset:cognition.n.01')"
477,autopsy,autopsy.n.01,1,30241,"('lexname:noun.act', 'synset:examination.n.01', 'synset:investigation.n.02', 'synset:work.n.01', 'synset:activity.n.01')"
478,novelist,novelist.n.01,1,37986,"('lexname:noun.person', 'synset:writer.n.01', 'synset:communicator.n.01', 'synset:person.n.01', 'synset:causal_agent.n.01')"
479,thirty,thirty.n.01,1,12277,"('lexname:noun.quantity', 'synset:large_integer.n.01', 'synset:integer.n.01', 'synset:number.n.02', 'synset:definite_quantity.n.01')"
480,murder,murder.n.01,19,5123,"('lexname:noun.act', 'synset:homicide.n.01', 'synset:killing.n.02', 'synset:termination.n.05', 'synset:change_of_state.n.01')"
481,inception,origin.n.03,5,30839,"('lexname:noun.event', 'synset:beginning.n.01', 'synset:happening.n.01', 'synset:event.n.01', 'synset:psychological_feature.n.01')"
482,winger,winger.n.01,1,31389,"('lexname:noun.person', 'synset:athlete.n.01', 'synset:contestant.n.01', 'synset:person.n.01', 'synset:causal_agent.n.01')"
483,finances,funds.n.01,9,20903,"('lexname:noun.possession', 'synset:assets.n.01', 'synset:possession.n.02', 'synset:relation.n.01', 'synset:abstraction.n.06')"
484,subsidy,subsidy.n.01,3,28646,"('lexname:noun.possession', 'synset:grant.n.01', 'synset:aid.n.03', 'synset:gift.n.01', 'synset:acquisition.n.02')"
485,assistant,assistant.n.01,28,8796,"('lexname:noun.person', 'synset:worker.n.01', 'synset:person.n.01', 'synset:causal_agent.n.01', 'synset:physical_entity.n.01')"
486,trope,trope.n.01,12,32463,"('lexname:noun.communication', 'synset:rhetorical_device.n.01', 'synset:device.n.02', 'synset:expressive_style.n.01', 'synset:communication.n.02')"
487,latter,latter.n.01,1,6846,"('lexname:noun.relation', 'synset:second.n.05', 'synset:rank.n.02', 'synset:status.n.01', 'synset:state.n.02')"
488,oxidation,oxidation.n.01,5,37767,"('lexname:noun.process', 'synset:chemical_reaction.n.01', 'synset:chemical_process.n.01', 'synset:natural_process.n.01', 'synset:process.n.06')"
489,monastery,monastery.n.01,5,38139,"('lexname:noun.artifact', 'synset:religious_residence.n.01', 'synset:residence.n.02', 'synset:house.n.01', 'synset:building.n.01')"
490,heed,attentiveness.n.01,2,32420,"('lexname:noun.cognition', 'synset:attention.n.01', 'synset:basic_cognitive_process.n.01', 'synset:process.n.02', 'synset:cognition.n.01')"
491,data,data.n.01,4,1366,"('lexname:noun.group', 'synset:collection.n.01', 'synset:group.n.01', 'synset:abstraction.n.06', 'synset:entity.n.01')"
492,uniform,uniform.n.01,4,8187,"('lexname:noun.artifact', 'synset:clothing.n.01', 'synset:consumer_goods.n.01', 'synset:commodity.n.01', 'synset:artifact.n.01')"
493,exporting,exporting.n.01,1,39133,"('lexname:noun.act', 'synset:commerce.n.01', 'synset:transaction.n.01', 'synset:group_action.n.01', 'synset:act.n.02')"
494,kind,kind.n.01,17,1611,"('lexname:noun.cognition', 'synset:category.n.02', 'synset:concept.n.01', 'synset:idea.n.01', 'synset:content.n.05')"
495,indicative,indicative_mood.n.01,1,29105,"('lexname:noun.relation', 'synset:mood.n.03', 'synset:grammatical_relation.n.01', 'synset:linguistic_relation.n.01', 'synset:relation.n.01')"
496,legs,legs.n.01,1,7405,"('lexname:noun.attribute', 'synset:stamina.n.01', 'synset:endurance.n.01', 'synset:strength.n.01', 'synset:property.n.02')"
497,grenade,grenade.n.01,3,26168,"('lexname:noun.artifact', 'synset:bomb.n.01', 'synset:explosive_device.n.01', 'synset:device.n.01', 'synset:instrumentality.n.03')"
498,circuitry,circuitry.n.01,1,42344,"('lexname:noun.artifact', 'synset:electronic_equipment.n.01', 'synset:equipment.n.01', 'synset:instrumentality.n.03', 'synset:artifact.n.01')"
499,worse,worse.n.01,1,4785,"('lexname:noun.attribute', 'synset:bad.n.01', 'synset:quality.n.01', 'synset:attribute.n.02', 'synset:abstraction.n.06')"
500,swim,swimming.n.01,7,9422,"('lexname:noun.act', 'synset:water_sport.n.01', 'synset:sport.n.01', 'synset:diversion.n.01', 'synset:activity.n.01')"
501,outset,beginning.n.02,5,30761,"('lexname:noun.time', 'synset:point.n.06', 'synset:measure.n.02', 'synset:abstraction.n.06', 'synset:entity.n.01')"
502,prostate,prostate_gland.n.01,1,26711,"('lexname:noun.body', 'synset:endocrine_gland.n.01', 'synset:gland.n.01', 'synset:organ.n.01', 'synset:body_part.n.01')"
503,steak,steak.n.01,3,26320,"('lexname:noun.food', 'synset:cut.n.06', 'synset:meat.n.01', 'synset:food.n.02', 'synset:solid.n.01')"
504,deceased,dead_person.n.01,3,20117,"('lexname:noun.person', 'synset:person.n.01', 'synset:causal_agent.n.01', 'synset:physical_entity.n.01', 'synset:entity.n.01')"
505,bikini,bikini.n.02,1,45810,"('lexname:noun.artifact', 'synset:swimsuit.n.01', 'synset:garment.n.01', 'synset:clothing.n.01', 'synset:consumer_goods.n.01')"
506,know,know.n.01,1,760,"('lexname:noun.cognition', 'synset:knowing.n.01', 'synset:higher_cognitive_process.n.01', 'synset:process.n.02', 'synset:cognition.n.01')"
507,uniqueness,singularity.n.01,1,49650,"('lexname:noun.attribute', 'synset:individuality.n.01', 'synset:trait.n.01', 'synset:attribute.n.02', 'synset:abstraction.n.06')"
508,blur,blur.n.01,1,23671,"('lexname:noun.cognition', 'synset:representation.n.01', 'synset:content.n.05', 'synset:cognition.n.01', 'synset:psychological_feature.n.01')"
509,innings,innings.n.01,2,16267,"('lexname:noun.act', 'synset:turn.n.03', 'synset:activity.n.01', 'synset:act.n.02', 'synset:event.n.01')"
510,advent,advent.n.01,1,19980,"('lexname:noun.act', 'synset:arrival.n.01', 'synset:accomplishment.n.01', 'synset:action.n.01', 'synset:act.n.02')"
511,inquest,inquest.n.01,1,48314,"('lexname:noun.act', 'synset:inquiry.n.03', 'synset:investigation.n.02', 'synset:work.n.01', 'synset:activity.n.01')"
512,chemical,chemical.n.01,23,5931,"('lexname:noun.substance', 'synset:material.n.01', 'synset:substance.n.01', 'synset:matter.n.03', 'synset:physical_entity.n.01')"
513,update,update.n.01,1,4296,"('lexname:noun.communication', 'synset:news.n.01', 'synset:information.n.01', 'synset:message.n.02', 'synset:communication.n.02')"
514,ad,ad.n.01,10,512,"('lexname:noun.communication', 'synset:promotion.n.01', 'synset:message.n.02', 'synset:communication.n.02', 'synset:abstraction.n.06')"
515,breathing,breathing.n.01,14,12704,"('lexname:noun.act', 'synset:bodily_process.n.01', 'synset:organic_process.n.01', 'synset:process.n.06', 'synset:physical_entity.n.01')"
516,wow,belly_laugh.n.02,1,28796,"('lexname:noun.communication', 'synset:joke.n.01', 'synset:wit.n.01', 'synset:message.n.02', 'synset:communication.n.02')"
517,spiritual,spiritual.n.01,1,8557,"('lexname:noun.communication', 'synset:religious_song.n.01', 'synset:religious_music.n.01', 'synset:music_genre.n.01', 'synset:expressive_style.n.01')"
518,cursor,cursor.n.01,1,23493,"('lexname:noun.artifact', 'synset:indicator.n.03', 'synset:device.n.01', 'synset:instrumentality.n.03', 'synset:artifact.n.01')"
519,separatist,separatist.n.01,2,40680,"('lexname:noun.person', 'synset:advocate.n.01', 'synset:person.n.01', 'synset:causal_agent.n.01', 'synset:physical_entity.n.01')"
520,hamstring,hamstring.n.01,1,36744,"('lexname:noun.body', 'synset:tendon.n.01', 'synset:connective_tissue.n.01', 'synset:animal_tissue.n.01', 'synset:tissue.n.01')"
521,handshake,handshake.n.01,1,42231,"('lexname:noun.communication', 'synset:acknowledgment.n.03', 'synset:message.n.02', 'synset:communication.n.02', 'synset:abstraction.n.06')"
522,torque,torsion.n.02,2,26415,"('lexname:noun.phenomenon', 'synset:force.n.02', 'synset:physical_phenomenon.n.01', 'synset:natural_phenomenon.n.01', 'synset:phenomenon.n.01')"
523,ante,ante.n.01,1,29692,"('lexname:noun.possession', 'synset:stake.n.04', 'synset:gamble.n.01', 'synset:speculation.n.03', 'synset:investment.n.02')"
524,princess,princess.n.01,5,21752,"('lexname:noun.person', 'synset:aristocrat.n.01', 'synset:leader.n.01', 'synset:person.n.01', 'synset:causal_agent.n.01')"
525,tint,shade.n.02,4,34791,"('lexname:noun.attribute', 'synset:color.n.01', 'synset:visual_property.n.01', 'synset:property.n.02', 'synset:attribute.n.02')"
526,executing,execution.n.01,6,23710,"('lexname:noun.act', 'synset:corporal_punishment.n.01', 'synset:punishment.n.01', 'synset:social_control.n.01', 'synset:group_action.n.01')"
527,disillusion,disenchantment.n.01,1,39977,"('lexname:noun.cognition', 'synset:edification.n.01', 'synset:enlightenment.n.01', 'synset:education.n.02', 'synset:content.n.05')"
528,quake,earthquake.n.01,4,36606,"('lexname:noun.event', 'synset:geological_phenomenon.n.01', 'synset:natural_phenomenon.n.01', 'synset:phenomenon.n.01', 'synset:process.n.06')"
529,minutes,minutes.n.01,3,2431,"('lexname:noun.communication', 'synset:written_record.n.01', 'synset:record.n.01', 'synset:evidence.n.02', 'synset:indication.n.01')"
530,manslaughter,manslaughter.n.01,2,35083,"('lexname:noun.act', 'synset:homicide.n.01', 'synset:killing.n.02', 'synset:termination.n.05', 'synset:change_of_state.n.01')"
531,slew,batch.n.02,3,26891,"('lexname:noun.quantity', 'synset:large_indefinite_quantity.n.01', 'synset:indefinite_quantity.n.01', 'synset:measure.n.02', 'synset:abstraction.n.06')"
532,quick,quick.n.01,1,2068,"('lexname:noun.body', 'synset:area.n.03', 'synset:body_part.n.01', 'synset:part.n.03', 'synset:thing.n.12')"
533,folklore,folklore.n.01,1,46623,"('lexname:noun.cognition', 'synset:lore.n.01', 'synset:content.n.05', 'synset:cognition.n.01', 'synset:psychological_feature.n.01')"
534,racist,racist.n.01,1,9811,"('lexname:noun.person', 'synset:bigot.n.01', 'synset:partisan.n.01', 'synset:advocate.n.01', 'synset:person.n.01')"
535,publishing,publication.n.04,5,12407,"('lexname:noun.act', 'synset:commercial_enterprise.n.02', 'synset:commerce.n.01', 'synset:transaction.n.01', 'synset:group_action.n.01')"
536,spec,specification.n.01,3,1020,"('lexname:noun.communication', 'synset:description.n.01', 'synset:statement.n.01', 'synset:message.n.02', 'synset:communication.n.02')"
537,relevance,relevance.n.01,5,23082,"('lexname:noun.relation', 'synset:connection.n.01', 'synset:relation.n.01', 'synset:abstraction.n.06', 'synset:entity.n.01')"
538,cere,cere.n.01,1,6736,"('lexname:noun.animal', 'synset:beak.n.02', 'synset:mouth.n.02', 'synset:orifice.n.01', 'synset:passage.n.07')"
539,backyard,backyard.n.01,1,24296,"('lexname:noun.artifact', 'synset:yard.n.02', 'synset:field.n.01', 'synset:tract.n.01', 'synset:geographical_area.n.01')"
540,stare,stare.n.01,5,24170,"('lexname:noun.act', 'synset:look.n.02', 'synset:sensing.n.02', 'synset:sensory_activity.n.01', 'synset:activity.n.01')"
541,pneumonia,pneumonia.n.01,7,35647,"('lexname:noun.state', 'synset:respiratory_disease.n.01', 'synset:disease.n.01', 'synset:illness.n.01', 'synset:ill_health.n.01')"
542,bacteria,bacteria.n.01,15,11492,"('lexname:noun.animal', 'synset:microorganism.n.01', 'synset:organism.n.01', 'synset:living_thing.n.01', 'synset:whole.n.02')"
543,marine,marine.n.02,1,16050,"('lexname:noun.person', 'synset:soldier.n.01', 'synset:enlisted_person.n.01', 'synset:serviceman.n.01', 'synset:skilled_worker.n.01')"
544,propaganda,propaganda.n.01,2,11613,"('lexname:noun.communication', 'synset:information.n.01', 'synset:message.n.02', 'synset:communication.n.02', 'synset:abstraction.n.06')"
545,stripes,chevron.n.01,1,28806,"('lexname:noun.communication', 'synset:badge.n.01', 'synset:emblem.n.02', 'synset:symbol.n.02', 'synset:representational_process.n.01')"
546,infield,baseball_diamond.n.01,1,43262,"('lexname:noun.artifact', 'synset:tract.n.01', 'synset:geographical_area.n.01', 'synset:region.n.03', 'synset:location.n.01')"
547,prejudice,bias.n.01,8,20226,"('lexname:noun.cognition', 'synset:partiality.n.02', 'synset:inclination.n.01', 'synset:attitude.n.01', 'synset:cognition.n.01')"
548,educator,educator.n.01,6,45562,"('lexname:noun.person', 'synset:professional.n.01', 'synset:adult.n.01', 'synset:person.n.01', 'synset:causal_agent.n.01')"
549,firearm,firearm.n.01,10,13988,"('lexname:noun.artifact', 'synset:gun.n.01', 'synset:weapon.n.01', 'synset:instrument.n.01', 'synset:device.n.01')"
550,gib,gib.n.02,1,46795,"('lexname:noun.animal', 'synset:tom.n.02', 'synset:domestic_cat.n.01', 'synset:cat.n.01', 'synset:feline.n.01')"
551,sniper,sniper.n.01,1,26160,"('lexname:noun.person', 'synset:marksman.n.01', 'synset:shot.n.05', 'synset:expert.n.01', 'synset:person.n.01')"
552,homepage,home_page.n.01,1,34940,"('lexname:noun.communication', 'synset:web_page.n.01', 'synset:text_file.n.01', 'synset:computer_file.n.01', 'synset:file.n.01')"
553,savings,savings.n.01,1,10653,"('lexname:noun.possession', 'synset:fund.n.01', 'synset:money.n.01', 'synset:medium_of_exchange.n.01', 'synset:standard.n.01')"
554,subsystem,subsystem.n.01,1,39335,"('lexname:noun.group', 'synset:system.n.02', 'synset:group.n.01', 'synset:abstraction.n.06', 'synset:entity.n.01')"
555,resid,residual_oil.n.01,1,15384,"('lexname:noun.substance', 'synset:petroleum.n.01', 'synset:fossil_fuel.n.01', 'synset:fuel.n.01', 'synset:substance.n.07')"
556,grandson,grandson.n.01,1,31845,"('lexname:noun.person', 'synset:grandchild.n.01', 'synset:offspring.n.01', 'synset:relative.n.01', 'synset:person.n.01')"
557,hepatitis,hepatitis.n.01,4,37439,"('lexname:noun.state', 'synset:infectious_disease.n.01', 'synset:communicable_disease.n.01', 'synset:disease.n.01', 'synset:illness.n.01')"
558,debtor,debtor.n.01,4,49519,"('lexname:noun.person', 'synset:person.n.01', 'synset:causal_agent.n.01', 'synset:physical_entity.n.01', 'synset:entity.n.01')"
559,docker,stevedore.n.01,1,36253,"('lexname:noun.person', 'synset:laborer.n.01', 'synset:workman.n.01', 'synset:employee.n.01', 'synset:worker.n.01')"
560,tort,tort.n.01,4,7619,"('lexname:noun.act', 'synset:wrongdoing.n.02', 'synset:activity.n.01', 'synset:act.n.02', 'synset:event.n.01')"
561,kidnapping,kidnapping.n.01,1,25201,"('lexname:noun.act', 'synset:capture.n.04', 'synset:felony.n.01', 'synset:crime.n.01', 'synset:transgression.n.01')"
562,downturn,downturn.n.01,2,34540,"('lexname:noun.act', 'synset:worsening.n.02', 'synset:change_of_state.n.01', 'synset:change.n.03', 'synset:action.n.01')"
563,ultimate,ultimate.n.01,1,8713,"('lexname:noun.attribute', 'synset:quality.n.01', 'synset:attribute.n.02', 'synset:abstraction.n.06', 'synset:entity.n.01')"
564,mono,infectious_mononucleosis.n.01,1,33361,"('lexname:noun.state', 'synset:infectious_disease.n.01', 'synset:communicable_disease.n.01', 'synset:disease.n.01', 'synset:illness.n.01')"
565,flats,flats.n.01,1,38157,"('lexname:noun.artifact', 'synset:footwear.n.02', 'synset:covering.n.02', 'synset:artifact.n.01', 'synset:whole.n.02')"
566,ship,ship.n.01,29,4074,"('lexname:noun.artifact', 'synset:vessel.n.02', 'synset:craft.n.02', 'synset:vehicle.n.01', 'synset:conveyance.n.03')"
567,pigeon,pigeon.n.01,9,46387,"('lexname:noun.animal', 'synset:columbiform_bird.n.01', 'synset:gallinaceous_bird.n.01', 'synset:bird.n.01', 'synset:vertebrate.n.01')"
568,dry,dry.n.01,1,5894,"('lexname:noun.person', 'synset:reformer.n.01', 'synset:disputant.n.01', 'synset:person.n.01', 'synset:causal_agent.n.01')"
569,staffer,staff_member.n.01,1,29685,"('lexname:noun.person', 'synset:employee.n.01', 'synset:worker.n.01', 'synset:person.n.01', 'synset:causal_agent.n.01')"
570,invite,invite.n.01,1,14037,"('lexname:noun.communication', 'synset:invitation.n.01', 'synset:letter.n.01', 'synset:document.n.02', 'synset:representation.n.02')"
571,river,river.n.01,1,7850,"('lexname:noun.object', 'synset:stream.n.01', 'synset:body_of_water.n.01', 'synset:thing.n.12', 'synset:physical_entity.n.01')"
572,amino,amino.n.01,2,23206,"('lexname:noun.substance', 'synset:group.n.02', 'synset:unit.n.05', 'synset:thing.n.12', 'synset:physical_entity.n.01')"
573,tactic,tactic.n.01,1,18543,"('lexname:noun.cognition', 'synset:plan_of_action.n.01', 'synset:plan.n.01', 'synset:idea.n.01', 'synset:content.n.05')"
574,notoriety,notoriety.n.01,2,46283,"('lexname:noun.state', 'synset:infamy.n.02', 'synset:disrepute.n.01', 'synset:dishonor.n.01', 'synset:standing.n.01')"
575,discontent,discontentment.n.01,4,39784,"('lexname:noun.feeling', 'synset:longing.n.01', 'synset:desire.n.01', 'synset:feeling.n.01', 'synset:state.n.02')"
576,bot,bot.n.01,1,10214,"('lexname:noun.animal', 'synset:larva.n.01', 'synset:animal.n.01', 'synset:organism.n.01', 'synset:living_thing.n.01')"
577,conservative,conservative.n.01,12,5940,"('lexname:noun.person', 'synset:adult.n.01', 'synset:person.n.01', 'synset:causal_agent.n.01', 'synset:physical_entity.n.01')"
578,farm,farm.n.01,14,5318,"('lexname:noun.artifact', 'synset:workplace.n.01', 'synset:geographic_point.n.01', 'synset:point.n.02', 'synset:location.n.01')"
579,blindness,blindness.n.01,6,37673,"('lexname:noun.state', 'synset:visual_impairment.n.01', 'synset:disability.n.01', 'synset:unfitness.n.01', 'synset:ill_health.n.01')"
580,architect,architect.n.01,3,7068,"('lexname:noun.person', 'synset:creator.n.02', 'synset:person.n.01', 'synset:causal_agent.n.01', 'synset:physical_entity.n.01')"
581,shortfall,deficit.n.01,2,41688,"('lexname:noun.attribute', 'synset:insufficiency.n.03', 'synset:amount.n.02', 'synset:magnitude.n.01', 'synset:property.n.02')"
582,metaphor,metaphor.n.01,4,23094,"('lexname:noun.communication', 'synset:trope.n.01', 'synset:rhetorical_device.n.01', 'synset:device.n.02', 'synset:expressive_style.n.01')"
583,journey,journey.n.01,17,7002,"('lexname:noun.act', 'synset:travel.n.01', 'synset:motion.n.06', 'synset:change.n.03', 'synset:action.n.01')"
584,impossible,impossible.n.01,1,5340,"('lexname:noun.cognition', 'synset:impossibility.n.02', 'synset:option.n.02', 'synset:decision_making.n.01', 'synset:higher_cognitive_process.n.01')"
585,ruining,laying_waste.n.01,1,39842,"('lexname:noun.act', 'synset:destruction.n.01', 'synset:termination.n.05', 'synset:change_of_state.n.01', 'synset:change.n.03')"
586,erg,erg.n.01,1,39035,"('lexname:noun.quantity', 'synset:work_unit.n.01', 'synset:unit_of_measurement.n.01', 'synset:definite_quantity.n.01', 'synset:measure.n.02')"
587,plateau,tableland.n.01,3,38008,"('lexname:noun.object', 'synset:highland.n.01', 'synset:natural_elevation.n.01', 'synset:geological_formation.n.01', 'synset:object.n.01')"
588,acclaim,acclaim.n.01,1,21684,"('lexname:noun.communication', 'synset:approval.n.04', 'synset:message.n.02', 'synset:communication.n.02', 'synset:abstraction.n.06')"
589,starting,start.n.03,1,3599,"('lexname:noun.act', 'synset:turn.n.03', 'synset:activity.n.01', 'synset:act.n.02', 'synset:event.n.01')"
590,worthy,worthy.n.01,1,12733,"('lexname:noun.person', 'synset:important_person.n.01', 'synset:adult.n.01', 'synset:person.n.01', 'synset:causal_agent.n.01')"
591,inverse,inverse.n.01,3,34062,"('lexname:noun.relation', 'synset:opposition.n.02', 'synset:relation.n.01', 'synset:abstraction.n.06', 'synset:entity.n.01')"
592,cellphone,cellular_telephone.n.01,1,26346,"('lexname:noun.artifact', 'synset:radiotelephone.n.02', 'synset:telephone.n.01', 'synset:electronic_equipment.n.01', 'synset:equipment.n.01')"
593,poet,poet.n.01,8,21810,"('lexname:noun.person', 'synset:writer.n.01', 'synset:communicator.n.01', 'synset:person.n.01', 'synset:causal_agent.n.01')"
594,contraceptive,contraceptive.n.01,9,37832,"('lexname:noun.artifact', 'synset:device.n.01', 'synset:instrumentality.n.03', 'synset:artifact.n.01', 'synset:whole.n.02')"
595,stink,malodor.n.01,2,48305,"('lexname:noun.cognition', 'synset:smell.n.01', 'synset:sensation.n.01', 'synset:perception.n.03', 'synset:basic_cognitive_process.n.01')"
596,discredit,disrepute.n.01,2,34019,"('lexname:noun.state', 'synset:dishonor.n.01', 'synset:standing.n.01', 'synset:status.n.01', 'synset:state.n.02')"
597,scheduling,scheduling.n.01,1,26925,"('lexname:noun.act', 'synset:planning.n.01', 'synset:preparation.n.01', 'synset:activity.n.01', 'synset:act.n.02')"
598,hostile,hostile.n.01,1,12524,"('lexname:noun.group', 'synset:military_personnel.n.01', 'synset:force.n.04', 'synset:organization.n.01', 'synset:social_group.n.01')"
599,cuisine,cuisine.n.01,6,33072,"('lexname:noun.food', 'synset:cooking.n.01', 'synset:change_of_state.n.01', 'synset:change.n.03', 'synset:action.n.01')"
600,waving,wave.n.05,2,25849,"('lexname:noun.communication', 'synset:gesture.n.02', 'synset:visual_communication.n.01', 'synset:communication.n.02', 'synset:abstraction.n.06')"
601,out,out.n.01,3,503,"('lexname:noun.act', 'synset:failure.n.01', 'synset:nonaccomplishment.n.01', 'synset:act.n.02', 'synset:event.n.01')"
602,ethnic,ethnic.n.01,1,9450,"('lexname:noun.person', 'synset:person.n.01', 'synset:causal_agent.n.01', 'synset:physical_entity.n.01', 'synset:entity.n.01')"
603,lithium,lithium.n.01,1,28444,"('lexname:noun.substance', 'synset:metallic_element.n.01', 'synset:chemical_element.n.01', 'synset:substance.n.01', 'synset:matter.n.03')"
604,merchandise,merchandise.n.01,16,20813,"('lexname:noun.artifact', 'synset:commodity.n.01', 'synset:artifact.n.01', 'synset:whole.n.02', 'synset:object.n.01')"
605,homeland,fatherland.n.01,2,23184,"('lexname:noun.location', 'synset:country.n.02', 'synset:administrative_district.n.01', 'synset:district.n.01', 'synset:region.n.03')"
606,utmost,utmost.n.01,1,27878,"('lexname:noun.attribute', 'synset:limit.n.01', 'synset:extent.n.02', 'synset:magnitude.n.01', 'synset:property.n.02')"
607,necklace,necklace.n.01,4,38987,"('lexname:noun.artifact', 'synset:jewelry.n.01', 'synset:adornment.n.01', 'synset:decoration.n.01', 'synset:artifact.n.01')"
608,algebra,algebra.n.01,5,37139,"('lexname:noun.cognition', 'synset:pure_mathematics.n.01', 'synset:mathematics.n.01', 'synset:science.n.01', 'synset:discipline.n.01')"
609,forestry,forestry.n.01,3,37683,"('lexname:noun.cognition', 'synset:biology.n.01', 'synset:life_science.n.01', 'synset:natural_science.n.01', 'synset:science.n.01')"
610,sprites,sprites.n.01,1,42866,"('lexname:noun.phenomenon', 'synset:atmospheric_electricity.n.01', 'synset:atmospheric_phenomenon.n.01', 'synset:physical_phenomenon.n.01', 'synset:natural_phenomenon.n.01')"
611,lit,literature.n.02,1,6578,"('lexname:noun.cognition', 'synset:literary_study.n.01', 'synset:humanistic_discipline.n.01', 'synset:discipline.n.01', 'synset:knowledge_domain.n.01')"
612,brewing,brewing.n.01,1,21778,"('lexname:noun.act', 'synset:production.n.07', 'synset:industry.n.02', 'synset:commercial_enterprise.n.02', 'synset:commerce.n.01')"
613,communist,communist.n.02,5,20555,"('lexname:noun.person', 'synset:socialist.n.01', 'synset:politician.n.02', 'synset:leader.n.01', 'synset:person.n.01')"
614,hopeful,aspirant.n.01,1,17836,"('lexname:noun.person', 'synset:applicant.n.01', 'synset:person.n.01', 'synset:causal_agent.n.01', 'synset:physical_entity.n.01')"
615,sacrament,sacrament.n.01,8,49081,"('lexname:noun.act', 'synset:religious_ceremony.n.01', 'synset:ceremony.n.03', 'synset:activity.n.01', 'synset:act.n.02')"
616,premises,premises.n.01,1,17095,"('lexname:noun.location', 'synset:site.n.01', 'synset:tract.n.01', 'synset:geographical_area.n.01', 'synset:region.n.03')"
617,mascot,mascot.n.01,1,37358,"('lexname:noun.person', 'synset:organism.n.01', 'synset:living_thing.n.01', 'synset:whole.n.02', 'synset:object.n.01')"
618,el,elevated_railway.n.01,2,1288,"('lexname:noun.artifact', 'synset:railway.n.01', 'synset:line.n.23', 'synset:carrier.n.05', 'synset:business.n.01')"
619,flies,flies.n.01,1,17607,"('lexname:noun.location', 'synset:space.n.03', 'synset:area.n.01', 'synset:region.n.03', 'synset:location.n.01')"
620,deciding,decision_making.n.01,11,14615,"('lexname:noun.cognition', 'synset:higher_cognitive_process.n.01', 'synset:process.n.02', 'synset:cognition.n.01', 'synset:psychological_feature.n.01')"
621,mull,mull.n.01,1,35024,"('lexname:noun.object', 'synset:promontory.n.01', 'synset:natural_elevation.n.01', 'synset:geological_formation.n.01', 'synset:object.n.01')"
622,jewelry,jewelry.n.01,13,22634,"('lexname:noun.artifact', 'synset:adornment.n.01', 'synset:decoration.n.01', 'synset:artifact.n.01', 'synset:whole.n.02')"
623,robber,robber.n.01,3,29979,"('lexname:noun.person', 'synset:thief.n.01', 'synset:criminal.n.01', 'synset:principal.n.05', 'synset:wrongdoer.n.01')"
624,sip,sip.n.01,1,31145,"('lexname:noun.act', 'synset:swallow.n.02', 'synset:consumption.n.01', 'synset:bodily_process.n.01', 'synset:organic_process.n.01')"
625,cliff,cliff.n.01,3,19516,"('lexname:noun.object', 'synset:geological_formation.n.01', 'synset:object.n.01', 'synset:physical_entity.n.01', 'synset:entity.n.01')"
626,leaping,leap.n.01,3,45583,"('lexname:noun.act', 'synset:jump.n.06', 'synset:propulsion.n.02', 'synset:act.n.02', 'synset:event.n.01')"
627,moot,moot.n.01,1,41264,"('lexname:noun.act', 'synset:lawsuit.n.01', 'synset:proceeding.n.01', 'synset:due_process.n.01', 'synset:group_action.n.01')"
628,blah,bombast.n.01,1,33367,"('lexname:noun.communication', 'synset:grandiosity.n.01', 'synset:expressive_style.n.01', 'synset:communication.n.02', 'synset:abstraction.n.06')"
629,stays,corset.n.01,2,14768,"('lexname:noun.artifact', 'synset:foundation_garment.n.01', 'synset:undergarment.n.01', 'synset:garment.n.01', 'synset:clothing.n.01')"
630,deserts,deserts.n.01,1,45288,"('lexname:noun.event', 'synset:consequence.n.02', 'synset:result.n.03', 'synset:ending.n.04', 'synset:happening.n.01')"
631,wording,wording.n.01,3,26814,"('lexname:noun.communication', 'synset:formulation.n.03', 'synset:expressive_style.n.01', 'synset:communication.n.02', 'synset:abstraction.n.06')"
632,witchcraft,witchcraft.n.01,1,48646,"('lexname:noun.cognition', 'synset:sorcery.n.01', 'synset:magic.n.01', 'synset:supernaturalism.n.01', 'synset:belief.n.01')"
633,freshwater,fresh_water.n.01,3,40941,"('lexname:noun.substance', 'synset:water.n.01', 'synset:binary_compound.n.01', 'synset:compound.n.02', 'synset:chemical.n.01')"
634,usefulness,utility.n.02,9,37496,"('lexname:noun.attribute', 'synset:quality.n.01', 'synset:attribute.n.02', 'synset:abstraction.n.06', 'synset:entity.n.01')"
635,married,married.n.01,1,6405,"('lexname:noun.person', 'synset:person.n.01', 'synset:causal_agent.n.01', 'synset:physical_entity.n.01', 'synset:entity.n.01')"
636,freezer,deep-freeze.n.01,1,30967,"('lexname:noun.artifact', 'synset:electric_refrigerator.n.01', 'synset:refrigerator.n.01', 'synset:white_goods.n.01', 'synset:home_appliance.n.01')"
637,electric,electric.n.01,1,5186,"('lexname:noun.artifact', 'synset:car.n.01', 'synset:motor_vehicle.n.01', 'synset:self-propelled_vehicle.n.01', 'synset:wheeled_vehicle.n.01')"
638,spoof,parody.n.01,1,42078,"('lexname:noun.communication', 'synset:caricature.n.01', 'synset:wit.n.01', 'synset:message.n.02', 'synset:communication.n.02')"
639,laptop,laptop.n.01,1,13224,"('lexname:noun.artifact', 'synset:portable_computer.n.01', 'synset:personal_computer.n.01', 'synset:digital_computer.n.01', 'synset:computer.n.01')"
640,downgrade,downgrade.n.01,1,48514,"('lexname:noun.attribute', 'synset:grade.n.03', 'synset:gradient.n.02', 'synset:position.n.07', 'synset:relation.n.01')"
641,brittle,brittle.n.01,2,49307,"('lexname:noun.food', 'synset:candy.n.01', 'synset:sweet.n.03', 'synset:dainty.n.01', 'synset:nutriment.n.01')"
642,prostitution,prostitution.n.01,1,22679,"('lexname:noun.act', 'synset:vice_crime.n.01', 'synset:crime.n.01', 'synset:transgression.n.01', 'synset:wrongdoing.n.02')"
643,tweak,pinch.n.06,1,25393,"('lexname:noun.act', 'synset:squeeze.n.01', 'synset:compression.n.04', 'synset:press.n.09', 'synset:push.n.01')"
644,mural,mural.n.01,2,36192,"('lexname:noun.artifact', 'synset:painting.n.01', 'synset:graphic_art.n.01', 'synset:art.n.01', 'synset:creation.n.02')"
645,legislator,legislator.n.01,14,44840,"('lexname:noun.person', 'synset:lawgiver.n.01', 'synset:leader.n.01', 'synset:person.n.01', 'synset:causal_agent.n.01')"
646,fright,fear.n.01,12,12773,"('lexname:noun.feeling', 'synset:emotion.n.01', 'synset:feeling.n.01', 'synset:state.n.02', 'synset:attribute.n.02')"
647,cook,cook.n.01,7,4255,"('lexname:noun.person', 'synset:skilled_worker.n.01', 'synset:worker.n.01', 'synset:person.n.01', 'synset:causal_agent.n.01')"
648,no,no.n.01,1,645,"('lexname:noun.communication', 'synset:negative.n.01', 'synset:denial.n.01', 'synset:speech_act.n.01', 'synset:act.n.02')"
649,theft,larceny.n.01,11,12402,"('lexname:noun.act', 'synset:felony.n.01', 'synset:crime.n.01', 'synset:transgression.n.01', 'synset:wrongdoing.n.02')"
650,internship,internship.n.01,1,42329,"('lexname:noun.act', 'synset:position.n.06', 'synset:occupation.n.01', 'synset:activity.n.01', 'synset:act.n.02')"
651,transmitting,transmission.n.01,4,39573,"('lexname:noun.act', 'synset:sending.n.01', 'synset:causing.n.01', 'synset:act.n.02', 'synset:event.n.01')"
652,intercept,intercept.n.01,1,15788,"('lexname:noun.cognition', 'synset:point.n.01', 'synset:component.n.01', 'synset:part.n.09', 'synset:concept.n.01')"
653,amulet,amulet.n.01,2,38335,"('lexname:noun.artifact', 'synset:charm.n.03', 'synset:object.n.01', 'synset:physical_entity.n.01', 'synset:entity.n.01')"
654,intimate,confidant.n.01,3,16584,"('lexname:noun.person', 'synset:friend.n.01', 'synset:person.n.01', 'synset:causal_agent.n.01', 'synset:physical_entity.n.01')"
655,concept,concept.n.01,16,3721,"('lexname:noun.cognition', 'synset:idea.n.01', 'synset:content.n.05', 'synset:cognition.n.01', 'synset:psychological_feature.n.01')"
656,locality,vicinity.n.01,6,48036,"('lexname:noun.location', 'synset:section.n.03', 'synset:area.n.01', 'synset:region.n.03', 'synset:location.n.01')"
657,paperback,paperback_book.n.01,2,46771,"('lexname:noun.artifact', 'synset:book.n.02', 'synset:product.n.02', 'synset:creation.n.02', 'synset:artifact.n.01')"
658,conquering,conquest.n.01,1,49977,"('lexname:noun.act', 'synset:capture.n.01', 'synset:acquiring.n.01', 'synset:act.n.02', 'synset:event.n.01')"
659,utilitarian,utilitarian.n.01,1,48239,"('lexname:noun.person', 'synset:moralist.n.01', 'synset:philosopher.n.01', 'synset:scholar.n.01', 'synset:intellectual.n.01')"
660,y,y.n.02,1,331,"('lexname:noun.communication', 'synset:letter.n.02', 'synset:character.n.08', 'synset:written_symbol.n.01', 'synset:symbol.n.01')"
661,fetch,fetch.n.01,1,21207,"('lexname:noun.act', 'synset:action.n.01', 'synset:act.n.02', 'synset:event.n.01', 'synset:psychological_feature.n.01')"
662,rumor,rumor.n.01,1,24989,"('lexname:noun.communication', 'synset:gossip.n.02', 'synset:report.n.02', 'synset:informing.n.02', 'synset:speech_act.n.01')"
663,stupid,stupid.n.01,4,8531,"('lexname:noun.person', 'synset:simpleton.n.01', 'synset:person.n.01', 'synset:causal_agent.n.01', 'synset:physical_entity.n.01')"
664,soundtrack,soundtrack.n.01,3,21751,"('lexname:noun.artifact', 'synset:sound_recording.n.01', 'synset:recording.n.03', 'synset:memory_device.n.01', 'synset:device.n.01')"
665,insulin,insulin.n.01,4,14588,"('lexname:noun.body', 'synset:hormone.n.01', 'synset:secretion.n.02', 'synset:liquid_body_substance.n.01', 'synset:body_substance.n.01')"
666,resolving,resolution.n.06,3,31038,"('lexname:noun.cognition', 'synset:breakdown.n.04', 'synset:analysis.n.02', 'synset:reasoning.n.01', 'synset:thinking.n.01')"
667,leather,leather.n.01,27,11620,"('lexname:noun.substance', 'synset:animal_skin.n.01', 'synset:animal_product.n.01', 'synset:animal_material.n.01', 'synset:material.n.01')"
668,pillow,pillow.n.01,3,28774,"('lexname:noun.artifact', 'synset:cushion.n.03', 'synset:padding.n.01', 'synset:artifact.n.01', 'synset:whole.n.02')"
669,dynamics,dynamics.n.01,2,17262,"('lexname:noun.cognition', 'synset:mechanics.n.01', 'synset:physics.n.01', 'synset:natural_science.n.01', 'synset:science.n.01')"
670,pave,pave.n.01,1,23000,"('lexname:noun.artifact', 'synset:mount.n.04', 'synset:mounting.n.02', 'synset:framework.n.03', 'synset:supporting_structure.n.01')"
671,sulfur,sulfur.n.01,2,37402,"('lexname:noun.substance', 'synset:chemical_element.n.01', 'synset:substance.n.01', 'synset:matter.n.03', 'synset:physical_entity.n.01')"
672,conservatism,conservatism.n.01,3,33933,"('lexname:noun.cognition', 'synset:political_orientation.n.01', 'synset:orientation.n.02', 'synset:attitude.n.01', 'synset:cognition.n.01')"
673,disparity,disparity.n.01,5,30137,"('lexname:noun.attribute', 'synset:inequality.n.01', 'synset:difference.n.01', 'synset:quality.n.01', 'synset:attribute.n.02')"
674,diarrhea,diarrhea.n.01,3,36004,"('lexname:noun.state', 'synset:symptom.n.01', 'synset:evidence.n.01', 'synset:information.n.02', 'synset:cognition.n.01')"
675,bragging,brag.n.01,1,43018,"('lexname:noun.communication', 'synset:boast.n.01', 'synset:speech_act.n.01', 'synset:act.n.02', 'synset:event.n.01')"
676,borderline,boundary_line.n.01,5,38422,"('lexname:noun.location', 'synset:boundary.n.01', 'synset:extremity.n.04', 'synset:region.n.01', 'synset:location.n.01')"
677,photon,photon.n.01,1,48190,"('lexname:noun.object', 'synset:gauge_boson.n.01', 'synset:boson.n.01', 'synset:particle.n.02', 'synset:body.n.04')"
678,implement,implement.n.01,31,3494,"('lexname:noun.artifact', 'synset:instrumentality.n.03', 'synset:artifact.n.01', 'synset:whole.n.02', 'synset:object.n.01')"
679,heaven,eden.n.01,1,9538,"('lexname:noun.location', 'synset:region.n.01', 'synset:location.n.01', 'synset:object.n.01', 'synset:physical_entity.n.01')"
680,composer,composer.n.01,5,26777,"('lexname:noun.person', 'synset:musician.n.02', 'synset:artist.n.01', 'synset:creator.n.02', 'synset:person.n.01')"
681,astronaut,astronaut.n.01,2,33779,"('lexname:noun.person', 'synset:traveler.n.01', 'synset:person.n.01', 'synset:causal_agent.n.01', 'synset:physical_entity.n.01')"
682,android,android.n.01,1,19286,"('lexname:noun.artifact', 'synset:automaton.n.02', 'synset:mechanism.n.05', 'synset:device.n.01', 'synset:instrumentality.n.03')"
683,melee,melee.n.01,1,16837,"('lexname:noun.act', 'synset:disturbance.n.05', 'synset:motion.n.03', 'synset:change.n.03', 'synset:action.n.01')"
684,nutshell,nutshell.n.01,1,43875,"('lexname:noun.plant', 'synset:shell.n.04', 'synset:hull.n.01', 'synset:husk.n.02', 'synset:sheath.n.02')"
685,sixteen,sixteen.n.01,1,27913,"('lexname:noun.quantity', 'synset:large_integer.n.01', 'synset:integer.n.01', 'synset:number.n.02', 'synset:definite_quantity.n.01')"
686,landfill,landfill.n.01,2,47712,"('lexname:noun.object', 'synset:lowland.n.01', 'synset:natural_depression.n.01', 'synset:geological_formation.n.01', 'synset:object.n.01')"
687,dad,dad.n.01,1,9955,"('lexname:noun.person', 'synset:father.n.01', 'synset:parent.n.01', 'synset:genitor.n.01', 'synset:progenitor.n.01')"
688,silicon,silicon.n.01,2,29867,"('lexname:noun.substance', 'synset:chemical_element.n.01', 'synset:substance.n.01', 'synset:matter.n.03', 'synset:physical_entity.n.01')"
689,homeowner,homeowner.n.01,2,40130,"('lexname:noun.person', 'synset:owner.n.02', 'synset:person.n.01', 'synset:causal_agent.n.01', 'synset:physical_entity.n.01')"
690,cyclist,cyclist.n.01,1,34632,"('lexname:noun.person', 'synset:pedaler.n.01', 'synset:rider.n.01', 'synset:traveler.n.01', 'synset:person.n.01')"
691,guessing,guess.n.02,1,25260,"('lexname:noun.cognition', 'synset:estimate.n.01', 'synset:calculation.n.02', 'synset:problem_solving.n.02', 'synset:thinking.n.01')"
692,lipstick,lipstick.n.01,1,41429,"('lexname:noun.artifact', 'synset:makeup.n.01', 'synset:cosmetic.n.01', 'synset:toiletry.n.01', 'synset:instrumentality.n.03')"
693,snack,bite.n.04,4,26906,"('lexname:noun.food', 'synset:meal.n.01', 'synset:nutriment.n.01', 'synset:food.n.01', 'synset:substance.n.07')"
694,radial,radial.n.01,1,44503,"('lexname:noun.artifact', 'synset:pneumatic_tire.n.01', 'synset:tire.n.01', 'synset:hoop.n.02', 'synset:band.n.07')"
695,savvy,understanding.n.01,9,32800,"('lexname:noun.cognition', 'synset:knowing.n.01', 'synset:higher_cognitive_process.n.01', 'synset:process.n.02', 'synset:cognition.n.01')"
696,clubhouse,clubhouse.n.01,1,48018,"('lexname:noun.artifact', 'synset:building.n.01', 'synset:structure.n.01', 'synset:artifact.n.01', 'synset:whole.n.02')"
697,smoother,drum_sander.n.01,1,32686,"('lexname:noun.artifact', 'synset:power_tool.n.01', 'synset:machine.n.01', 'synset:device.n.01', 'synset:instrumentality.n.03')"
698,visitor,visitor.n.01,5,21493,"('lexname:noun.person', 'synset:traveler.n.01', 'synset:person.n.01', 'synset:causal_agent.n.01', 'synset:physical_entity.n.01')"
699,feasibility,feasibility.n.01,1,40460,"('lexname:noun.attribute', 'synset:practicability.n.01', 'synset:utility.n.02', 'synset:quality.n.01', 'synset:attribute.n.02')"
700,nineteenth,nineteenth.n.01,1,29666,"('lexname:noun.relation', 'synset:rank.n.02', 'synset:status.n.01', 'synset:state.n.02', 'synset:attribute.n.02')"
701,infinity,eternity.n.01,2,37174,"('lexname:noun.time', 'synset:time.n.05', 'synset:attribute.n.02', 'synset:abstraction.n.06', 'synset:entity.n.01')"
702,uphill,uphill.n.01,1,35256,"('lexname:noun.object', 'synset:ascent.n.01', 'synset:slope.n.01', 'synset:geological_formation.n.01', 'synset:object.n.01')"
703,math,mathematics.n.01,3,10688,"('lexname:noun.cognition', 'synset:science.n.01', 'synset:discipline.n.01', 'synset:knowledge_domain.n.01', 'synset:content.n.05')"
704,initialization,low-level_formatting.n.01,1,37588,"('lexname:noun.communication', 'synset:format.n.01', 'synset:information.n.01', 'synset:message.n.02', 'synset:communication.n.02')"
705,payable,account_payable.n.01,1,28538,"('lexname:noun.state', 'synset:indebtedness.n.01', 'synset:obligation.n.02', 'synset:state.n.02', 'synset:attribute.n.02')"
706,perjury,perjury.n.01,1,47816,"('lexname:noun.act', 'synset:misdemeanor.n.01', 'synset:crime.n.01', 'synset:transgression.n.01', 'synset:wrongdoing.n.02')"
707,genetics,genetics.n.01,6,25862,"('lexname:noun.cognition', 'synset:biology.n.01', 'synset:life_science.n.01', 'synset:natural_science.n.01', 'synset:science.n.01')"
708,yea,yea.n.01,1,44642,"('lexname:noun.communication', 'synset:affirmative.n.01', 'synset:avowal.n.01', 'synset:assertion.n.01', 'synset:declaration.n.01')"
709,dunk,dunk.n.01,2,35434,"('lexname:noun.act', 'synset:basketball_shot.n.01', 'synset:shot.n.15', 'synset:attempt.n.01', 'synset:activity.n.01')"
710,caucus,caucus.n.01,1,24402,"('lexname:noun.group', 'synset:meeting.n.01', 'synset:gathering.n.01', 'synset:social_group.n.01', 'synset:group.n.01')"
711,reelection,reelection.n.01,1,36630,"('lexname:noun.act', 'synset:election.n.01', 'synset:vote.n.02', 'synset:group_action.n.01', 'synset:act.n.02')"
712,trembling,shaking.n.02,3,39228,"('lexname:noun.state', 'synset:motion.n.04', 'synset:state.n.02', 'synset:attribute.n.02', 'synset:abstraction.n.06')"
713,rails,track.n.09,2,27587,"('lexname:noun.artifact', 'synset:bar.n.03', 'synset:implement.n.01', 'synset:instrumentality.n.03', 'synset:artifact.n.01')"
714,prostitute,prostitute.n.01,7,37833,"('lexname:noun.person', 'synset:woman.n.01', 'synset:adult.n.01', 'synset:person.n.01', 'synset:causal_agent.n.01')"
715,agon,agon.n.01,5,26990,"('lexname:noun.act', 'synset:celebration.n.02', 'synset:diversion.n.01', 'synset:activity.n.01', 'synset:act.n.02')"
716,chains,irons.n.01,1,14659,"('lexname:noun.artifact', 'synset:shackle.n.01', 'synset:restraint.n.06', 'synset:device.n.01', 'synset:instrumentality.n.03')"
717,floppy,diskette.n.01,1,49415,"('lexname:noun.artifact', 'synset:magnetic_disk.n.01', 'synset:memory_device.n.01', 'synset:device.n.01', 'synset:instrumentality.n.03')"
718,son,son.n.01,3,3367,"('lexname:noun.person', 'synset:male_offspring.n.01', 'synset:child.n.02', 'synset:offspring.n.01', 'synset:relative.n.01')"
719,workspace,workspace.n.01,1,44573,"('lexname:noun.location', 'synset:space.n.03', 'synset:area.n.01', 'synset:region.n.03', 'synset:location.n.01')"
720,moisture,moisture.n.01,1,20160,"('lexname:noun.state', 'synset:wetness.n.01', 'synset:condition.n.01', 'synset:state.n.02', 'synset:attribute.n.02')"
721,intern,intern.n.01,1,1788,"('lexname:noun.person', 'synset:doctor.n.01', 'synset:medical_practitioner.n.01', 'synset:health_professional.n.01', 'synset:professional.n.01')"
722,respects,respects.n.01,1,19410,"('lexname:noun.communication', 'synset:message.n.02', 'synset:communication.n.02', 'synset:abstraction.n.06', 'synset:entity.n.01')"
723,algae,alga.n.01,12,33773,"('lexname:noun.animal', 'synset:protoctist.n.01', 'synset:microorganism.n.01', 'synset:organism.n.01', 'synset:living_thing.n.01')"
724,losses,losings.n.01,1,9089,"('lexname:noun.possession', 'synset:financial_loss.n.01', 'synset:loss.n.01', 'synset:transferred_property.n.01', 'synset:possession.n.02')"
725,nowadays,present.n.01,7,26760,"('lexname:noun.time', 'synset:time.n.05', 'synset:attribute.n.02', 'synset:abstraction.n.06', 'synset:entity.n.01')"
726,rainfall,rain.n.01,6,25807,"('lexname:noun.phenomenon', 'synset:precipitation.n.03', 'synset:weather.n.01', 'synset:atmospheric_phenomenon.n.01', 'synset:physical_phenomenon.n.01')"
727,willingness,willingness.n.01,4,16826,"('lexname:noun.attribute', 'synset:disposition.n.01', 'synset:nature.n.04', 'synset:trait.n.01', 'synset:attribute.n.02')"
728,tripod,tripod.n.01,3,47439,"('lexname:noun.artifact', 'synset:rack.n.05', 'synset:support.n.10', 'synset:device.n.01', 'synset:instrumentality.n.03')"
729,timeline,timeline.n.01,1,15264,"('lexname:noun.communication', 'synset:chronology.n.02', 'synset:written_record.n.01', 'synset:record.n.01', 'synset:evidence.n.02')"
730,sewage,sewage.n.01,1,34939,"('lexname:noun.substance', 'synset:waste.n.01', 'synset:material.n.01', 'synset:substance.n.01', 'synset:matter.n.03')"
731,inventor,inventor.n.01,2,33475,"('lexname:noun.person', 'synset:creator.n.02', 'synset:person.n.01', 'synset:causal_agent.n.01', 'synset:physical_entity.n.01')"
732,gradual,gradual.n.01,1,24972,"('lexname:noun.communication', 'synset:antiphon.n.01', 'synset:religious_music.n.01', 'synset:music_genre.n.01', 'synset:expressive_style.n.01')"
733,diam,diameter.n.01,3,48428,"('lexname:noun.attribute', 'synset:length.n.01', 'synset:dimension.n.01', 'synset:magnitude.n.01', 'synset:property.n.02')"
734,vegan,vegan.n.01,1,15169,"('lexname:noun.person', 'synset:vegetarian.n.01', 'synset:eater.n.01', 'synset:consumer.n.01', 'synset:user.n.01')"
735,shirt,shirt.n.01,10,10147,"('lexname:noun.artifact', 'synset:garment.n.01', 'synset:clothing.n.01', 'synset:consumer_goods.n.01', 'synset:commodity.n.01')"
736,sorcerer,sorcerer.n.01,6,47063,"('lexname:noun.person', 'synset:occultist.n.01', 'synset:person.n.01', 'synset:causal_agent.n.01', 'synset:physical_entity.n.01')"
737,towel,towel.n.01,7,24808,"('lexname:noun.artifact', 'synset:piece_of_cloth.n.01', 'synset:fabric.n.01', 'synset:artifact.n.01', 'synset:whole.n.02')"
738,blink,blink.n.01,2,21019,"('lexname:noun.act', 'synset:reflex.n.01', 'synset:reaction.n.03', 'synset:bodily_process.n.01', 'synset:organic_process.n.01')"
739,cameo,cameo.n.01,1,40794,"('lexname:noun.artifact', 'synset:anaglyph.n.02', 'synset:glyptic_art.n.01', 'synset:carving.n.01', 'synset:sculpture.n.01')"
740,pol,politician.n.02,20,755,"('lexname:noun.person', 'synset:leader.n.01', 'synset:person.n.01', 'synset:causal_agent.n.01', 'synset:physical_entity.n.01')"
741,coroner,coroner.n.01,1,39723,"('lexname:noun.person', 'synset:investigator.n.02', 'synset:expert.n.01', 'synset:person.n.01', 'synset:causal_agent.n.01')"
742,crude,petroleum.n.01,3,14897,"('lexname:noun.substance', 'synset:fossil_fuel.n.01', 'synset:fuel.n.01', 'synset:substance.n.07', 'synset:matter.n.03')"
743,exercising,exercise.n.01,17,25352,"('lexname:noun.act', 'synset:effort.n.02', 'synset:labor.n.02', 'synset:work.n.01', 'synset:activity.n.01')"
744,township,township.n.01,1,42823,"('lexname:noun.location', 'synset:administrative_district.n.01', 'synset:district.n.01', 'synset:region.n.03', 'synset:location.n.01')"
745,percept,percept.n.01,4,34953,"('lexname:noun.cognition', 'synset:representation.n.01', 'synset:content.n.05', 'synset:cognition.n.01', 'synset:psychological_feature.n.01')"
746,hex,hex.n.01,1,17910,"('lexname:noun.communication', 'synset:spell.n.04', 'synset:speech.n.02', 'synset:auditory_communication.n.01', 'synset:communication.n.02')"
747,frenzy,craze.n.02,3,31934,"('lexname:noun.state', 'synset:mania.n.02', 'synset:affective_disorder.n.01', 'synset:mental_disorder.n.01', 'synset:disorder.n.01')"
748,ar,are.n.01,1,610,"('lexname:noun.quantity', 'synset:area_unit.n.01', 'synset:unit_of_measurement.n.01', 'synset:definite_quantity.n.01', 'synset:measure.n.02')"
749,forecasting,prediction.n.02,7,41164,"('lexname:noun.communication', 'synset:statement.n.01', 'synset:message.n.02', 'synset:communication.n.02', 'synset:abstraction.n.06')"
750,broker,agent.n.04,9,20426,"('lexname:noun.person', 'synset:businessperson.n.01', 'synset:capitalist.n.02', 'synset:person.n.01', 'synset:causal_agent.n.01')"
751,espionage,espionage.n.01,1,30113,"('lexname:noun.act', 'synset:spying.n.02', 'synset:intelligence.n.05', 'synset:information_gathering.n.01', 'synset:operation.n.05')"
752,tribunal,court.n.01,27,30105,"('lexname:noun.group', 'synset:assembly.n.04', 'synset:gathering.n.01', 'synset:social_group.n.01', 'synset:group.n.01')"
753,sett,cobble.n.01,1,2970,"('lexname:noun.artifact', 'synset:paving_stone.n.01', 'synset:stone.n.02', 'synset:building_material.n.01', 'synset:artifact.n.01')"
754,highway,highway.n.01,7,12763,"('lexname:noun.artifact', 'synset:road.n.01', 'synset:way.n.06', 'synset:artifact.n.01', 'synset:whole.n.02')"
755,applause,applause.n.01,4,28445,"('lexname:noun.communication', 'synset:approval.n.04', 'synset:message.n.02', 'synset:communication.n.02', 'synset:abstraction.n.06')"
756,mobile,mobile.n.03,1,5175,"('lexname:noun.artifact', 'synset:sculpture.n.01', 'synset:plastic_art.n.01', 'synset:art.n.01', 'synset:creation.n.02')"
757,imaginary,complex_number.n.01,4,26726,"('lexname:noun.quantity', 'synset:number.n.02', 'synset:definite_quantity.n.01', 'synset:measure.n.02', 'synset:abstraction.n.06')"
758,epic,epic_poem.n.01,4,12191,"('lexname:noun.communication', 'synset:poem.n.01', 'synset:literary_composition.n.01', 'synset:writing.n.02', 'synset:written_communication.n.01')"
759,paradox,paradox.n.01,1,22226,"('lexname:noun.communication', 'synset:contradiction.n.02', 'synset:falsehood.n.01', 'synset:statement.n.01', 'synset:message.n.02')"
760,creator,creator.n.02,15,13172,"('lexname:noun.person', 'synset:person.n.01', 'synset:causal_agent.n.01', 'synset:physical_entity.n.01', 'synset:entity.n.01')"
761,fighting,fight.n.02,19,4330,"('lexname:noun.act', 'synset:conflict.n.01', 'synset:group_action.n.01', 'synset:act.n.02', 'synset:event.n.01')"
762,spelling,spelling.n.01,2,24993,"('lexname:noun.communication', 'synset:orthography.n.01', 'synset:writing.n.04', 'synset:written_communication.n.01', 'synset:communication.n.02')"
763,anesthesia,anesthesia.n.01,7,49592,"('lexname:noun.state', 'synset:physical_condition.n.01', 'synset:condition.n.01', 'synset:state.n.02', 'synset:attribute.n.02')"
764,ratification,ratification.n.01,1,48815,"('lexname:noun.communication', 'synset:agreement.n.06', 'synset:speech_act.n.01', 'synset:act.n.02', 'synset:event.n.01')"
765,deaf,deaf.n.01,1,21815,"('lexname:noun.group', 'synset:people.n.01', 'synset:group.n.01', 'synset:abstraction.n.06', 'synset:entity.n.01')"
766,saying,saying.n.01,19,2282,"('lexname:noun.communication', 'synset:speech.n.02', 'synset:auditory_communication.n.01', 'synset:communication.n.02', 'synset:abstraction.n.06')"
767,evangel,gospel.n.01,2,17138,"('lexname:noun.communication', 'synset:sacred_text.n.01', 'synset:writing.n.02', 'synset:written_communication.n.01', 'synset:communication.n.02')"
768,phony,hypocrite.n.01,4,41421,"('lexname:noun.person', 'synset:deceiver.n.01', 'synset:wrongdoer.n.01', 'synset:bad_person.n.01', 'synset:person.n.01')"
769,pale,picket.n.05,1,14005,"('lexname:noun.artifact', 'synset:strip.n.05', 'synset:lumber.n.01', 'synset:building_material.n.01', 'synset:artifact.n.01')"
770,above,above.n.01,1,2029,"('lexname:noun.communication', 'synset:section.n.01', 'synset:music.n.01', 'synset:auditory_communication.n.01', 'synset:communication.n.02')"
771,trumpet,cornet.n.01,2,40334,"('lexname:noun.artifact', 'synset:brass.n.02', 'synset:wind_instrument.n.01', 'synset:musical_instrument.n.01', 'synset:device.n.01')"
772,microscope,microscope.n.01,4,36396,"('lexname:noun.artifact', 'synset:magnifier.n.01', 'synset:scientific_instrument.n.01', 'synset:instrument.n.01', 'synset:device.n.01')"
773,debugger,debugger.n.01,1,49518,"('lexname:noun.communication', 'synset:program.n.07', 'synset:software.n.01', 'synset:code.n.03', 'synset:coding_system.n.01')"
774,anarchist,anarchist.n.01,1,26177,"('lexname:noun.person', 'synset:radical.n.03', 'synset:person.n.01', 'synset:causal_agent.n.01', 'synset:physical_entity.n.01')"
775,camping,camping.n.01,1,22498,"('lexname:noun.act', 'synset:inhabitancy.n.01', 'synset:occupancy.n.01', 'synset:residency.n.01', 'synset:act.n.02')"
776,mustache,mustache.n.01,4,49303,"('lexname:noun.body', 'synset:facial_hair.n.01', 'synset:hair.n.01', 'synset:body_covering.n.01', 'synset:covering.n.01')"
777,corpse,cadaver.n.01,2,21304,"('lexname:noun.body', 'synset:body.n.03', 'synset:natural_object.n.01', 'synset:whole.n.02', 'synset:object.n.01')"
778,slight,rebuff.n.01,3,3731,"('lexname:noun.act', 'synset:discourtesy.n.03', 'synset:behavior.n.01', 'synset:activity.n.01', 'synset:act.n.02')"
779,cred,street_credibility.n.01,1,2600,"('lexname:noun.attribute', 'synset:credibility.n.01', 'synset:quality.n.01', 'synset:attribute.n.02', 'synset:abstraction.n.06')"
780,instinct,instinct.n.01,2,13311,"('lexname:noun.cognition', 'synset:aptitude.n.01', 'synset:ability.n.02', 'synset:cognition.n.01', 'synset:psychological_feature.n.01')"
781,synthetic,synthetic.n.01,4,18512,"('lexname:noun.substance', 'synset:compound.n.02', 'synset:chemical.n.01', 'synset:material.n.01', 'synset:substance.n.01')"
782,snug,cubby.n.01,1,47032,"('lexname:noun.artifact', 'synset:room.n.01', 'synset:area.n.05', 'synset:structure.n.01', 'synset:artifact.n.01')"
783,sofa,sofa.n.01,7,34902,"('lexname:noun.artifact', 'synset:seat.n.03', 'synset:furniture.n.01', 'synset:furnishing.n.02', 'synset:instrumentality.n.03')"
784,oxide,oxide.n.01,18,30788,"('lexname:noun.substance', 'synset:compound.n.02', 'synset:chemical.n.01', 'synset:material.n.01', 'synset:substance.n.01')"
785,sizing,size.n.03,1,47016,"('lexname:noun.substance', 'synset:filler.n.01', 'synset:sealing_material.n.01', 'synset:material.n.01', 'synset:substance.n.01')"
786,stakes,stake.n.04,4,21147,"('lexname:noun.possession', 'synset:gamble.n.01', 'synset:speculation.n.03', 'synset:investment.n.02', 'synset:assets.n.01')"
787,compressor,compressor.n.01,3,49395,"('lexname:noun.artifact', 'synset:mechanical_device.n.01', 'synset:mechanism.n.05', 'synset:device.n.01', 'synset:instrumentality.n.03')"
788,cleaning,cleaning.n.01,13,12724,"('lexname:noun.act', 'synset:improvement.n.02', 'synset:change_of_state.n.01', 'synset:change.n.03', 'synset:action.n.01')"
789,mimic,mimic.n.01,1,26332,"('lexname:noun.person', 'synset:impersonator.n.01', 'synset:deceiver.n.01', 'synset:wrongdoer.n.01', 'synset:bad_person.n.01')"
790,wax,wax.n.01,18,20302,"('lexname:noun.substance', 'synset:lipid.n.01', 'synset:macromolecule.n.01', 'synset:molecule.n.01', 'synset:unit.n.05')"
791,supporting,support.n.08,3,6493,"('lexname:noun.act', 'synset:activity.n.01', 'synset:act.n.02', 'synset:event.n.01', 'synset:psychological_feature.n.01')"
792,constituency,constituency.n.01,1,28280,"('lexname:noun.group', 'synset:body.n.02', 'synset:social_group.n.01', 'synset:group.n.01', 'synset:abstraction.n.06')"
793,blob,blob.n.01,1,44812,"('lexname:noun.shape', 'synset:amorphous_shape.n.01', 'synset:shape.n.02', 'synset:attribute.n.02', 'synset:abstraction.n.06')"
794,eligibility,eligibility.n.01,3,20069,"('lexname:noun.attribute', 'synset:qualification.n.01', 'synset:fitness.n.01', 'synset:suitability.n.01', 'synset:quality.n.01')"
795,fueling,fueling.n.01,1,43881,"('lexname:noun.act', 'synset:provision.n.02', 'synset:activity.n.01', 'synset:act.n.02', 'synset:event.n.01')"
796,cloning,cloning.n.01,3,45973,"('lexname:noun.act', 'synset:biological_research.n.01', 'synset:scientific_research.n.01', 'synset:research.n.01', 'synset:investigation.n.02')"
797,cottage,bungalow.n.01,1,36856,"('lexname:noun.artifact', 'synset:house.n.01', 'synset:building.n.01', 'synset:structure.n.01', 'synset:artifact.n.01')"
798,wandering,wandering.n.01,2,24504,"('lexname:noun.act', 'synset:travel.n.01', 'synset:motion.n.06', 'synset:change.n.03', 'synset:action.n.01')"
799,nightclub,cabaret.n.01,3,26617,"('lexname:noun.artifact', 'synset:spot.n.07', 'synset:place_of_business.n.01', 'synset:establishment.n.04', 'synset:structure.n.01')"
800,gasoline,gasoline.n.01,5,21408,"('lexname:noun.substance', 'synset:fuel.n.01', 'synset:substance.n.07', 'synset:matter.n.03', 'synset:physical_entity.n.01')"
801,military,military.n.01,2,2422,"('lexname:noun.group', 'synset:force.n.04', 'synset:organization.n.01', 'synset:social_group.n.01', 'synset:group.n.01')"
802,culprit,perpetrator.n.01,1,26581,"('lexname:noun.person', 'synset:wrongdoer.n.01', 'synset:bad_person.n.01', 'synset:person.n.01', 'synset:causal_agent.n.01')"
803,tenancy,occupancy.n.01,2,46543,"('lexname:noun.act', 'synset:residency.n.01', 'synset:act.n.02', 'synset:event.n.01', 'synset:psychological_feature.n.01')"
804,baptism,baptism.n.01,5,33422,"('lexname:noun.act', 'synset:sacrament.n.01', 'synset:religious_ceremony.n.01', 'synset:ceremony.n.03', 'synset:activity.n.01')"
805,dissertation,dissertation.n.01,1,46793,"('lexname:noun.communication', 'synset:treatise.n.01', 'synset:writing.n.02', 'synset:written_communication.n.01', 'synset:communication.n.02')"
806,idiot,idiot.n.01,2,22324,"('lexname:noun.person', 'synset:simpleton.n.01', 'synset:person.n.01', 'synset:causal_agent.n.01', 'synset:physical_entity.n.01')"
807,switching,switch.n.07,2,15430,"('lexname:noun.act', 'synset:change.n.03', 'synset:action.n.01', 'synset:act.n.02', 'synset:event.n.01')"
808,col,col.n.01,3,951,"('lexname:noun.object', 'synset:pass.n.04', 'synset:location.n.01', 'synset:object.n.01', 'synset:physical_entity.n.01')"
809,conduit,conduit.n.01,9,44457,"('lexname:noun.artifact', 'synset:passage.n.03', 'synset:way.n.06', 'synset:artifact.n.01', 'synset:whole.n.02')"
810,espresso,espresso.n.01,2,48247,"('lexname:noun.food', 'synset:coffee.n.01', 'synset:beverage.n.01', 'synset:food.n.01', 'synset:substance.n.07')"
811,guild,club.n.02,19,19806,"('lexname:noun.group', 'synset:association.n.01', 'synset:organization.n.01', 'synset:social_group.n.01', 'synset:group.n.01')"
812,offender,wrongdoer.n.01,23,19595,"('lexname:noun.person', 'synset:bad_person.n.01', 'synset:person.n.01', 'synset:causal_agent.n.01', 'synset:physical_entity.n.01')"
813,burg,burg.n.01,1,15601,"('lexname:noun.location', 'synset:town.n.01', 'synset:municipality.n.01', 'synset:administrative_district.n.01', 'synset:district.n.01')"
814,imperialist,imperialist.n.01,1,40061,"('lexname:noun.person', 'synset:believer.n.01', 'synset:supporter.n.01', 'synset:advocate.n.01', 'synset:person.n.01')"
815,eyes,eyes.n.01,1,2951,"('lexname:noun.cognition', 'synset:opinion.n.01', 'synset:belief.n.01', 'synset:content.n.05', 'synset:cognition.n.01')"
816,mating,coupling.n.03,6,31993,"('lexname:noun.act', 'synset:sexual_activity.n.01', 'synset:bodily_process.n.01', 'synset:organic_process.n.01', 'synset:process.n.06')"
817,cad,cad.n.01,2,20603,"('lexname:noun.person', 'synset:villain.n.01', 'synset:unwelcome_person.n.01', 'synset:person.n.01', 'synset:causal_agent.n.01')"
818,w,w.n.04,1,266,"('lexname:noun.communication', 'synset:letter.n.02', 'synset:character.n.08', 'synset:written_symbol.n.01', 'synset:symbol.n.01')"
819,phon,phon.n.01,1,32896,"('lexname:noun.quantity', 'synset:sound_unit.n.01', 'synset:unit_of_measurement.n.01', 'synset:definite_quantity.n.01', 'synset:measure.n.02')"
820,antidepressant,antidepressant.n.01,8,41897,"('lexname:noun.artifact', 'synset:medicine.n.02', 'synset:drug.n.01', 'synset:agent.n.03', 'synset:causal_agent.n.01')"
821,plummet,plumb_bob.n.01,1,28940,"('lexname:noun.artifact', 'synset:bob.n.04', 'synset:weight.n.04', 'synset:artifact.n.01', 'synset:whole.n.02')"
822,homophobia,homophobia.n.01,1,42583,"('lexname:noun.cognition', 'synset:bias.n.01', 'synset:partiality.n.02', 'synset:inclination.n.01', 'synset:attitude.n.01')"
823,teamwork,teamwork.n.01,1,48424,"('lexname:noun.act', 'synset:cooperation.n.01', 'synset:group_action.n.01', 'synset:act.n.02', 'synset:event.n.01')"
824,motivating,motivation.n.03,1,46891,"('lexname:noun.act', 'synset:act.n.02', 'synset:event.n.01', 'synset:psychological_feature.n.01', 'synset:abstraction.n.06')"
825,spokesperson,spokesperson.n.01,7,11821,"('lexname:noun.person', 'synset:advocate.n.01', 'synset:person.n.01', 'synset:causal_agent.n.01', 'synset:physical_entity.n.01')"
826,footballer,football_player.n.01,12,44185,"('lexname:noun.person', 'synset:athlete.n.01', 'synset:contestant.n.01', 'synset:person.n.01', 'synset:causal_agent.n.01')"
827,deity,deity.n.01,24,26462,"('lexname:noun.person', 'synset:spiritual_being.n.01', 'synset:belief.n.01', 'synset:content.n.05', 'synset:cognition.n.01')"
828,si,ti.n.03,1,33721,"('lexname:noun.communication', 'synset:solfa_syllable.n.01', 'synset:syllable.n.01', 'synset:language_unit.n.01', 'synset:part.n.01')"
829,converter,converter.n.01,7,38394,"('lexname:noun.artifact', 'synset:device.n.01', 'synset:instrumentality.n.03', 'synset:artifact.n.01', 'synset:whole.n.02')"
830,resin,resin.n.01,4,36536,"('lexname:noun.substance', 'synset:organic_compound.n.01', 'synset:compound.n.02', 'synset:chemical.n.01', 'synset:material.n.01')"
831,fuel,fuel.n.01,22,5252,"('lexname:noun.substance', 'synset:substance.n.07', 'synset:matter.n.03', 'synset:physical_entity.n.01', 'synset:entity.n.01')"
832,prisoner,prisoner.n.01,7,17234,"('lexname:noun.person', 'synset:unfortunate.n.01', 'synset:person.n.01', 'synset:causal_agent.n.01', 'synset:physical_entity.n.01')"
833,waters,amniotic_fluid.n.01,1,10150,"('lexname:noun.body', 'synset:liquid_body_substance.n.01', 'synset:body_substance.n.01', 'synset:substance.n.01', 'synset:matter.n.03')"
834,reflex,reflex.n.01,26,24133,"('lexname:noun.act', 'synset:reaction.n.03', 'synset:bodily_process.n.01', 'synset:organic_process.n.01', 'synset:process.n.06')"
835,influx,inflow.n.01,2,25065,"('lexname:noun.process', 'synset:flow.n.04', 'synset:natural_process.n.01', 'synset:process.n.06', 'synset:physical_entity.n.01')"
836,incarceration,captivity.n.01,4,27224,"('lexname:noun.state', 'synset:confinement.n.03', 'synset:subjugation.n.01', 'synset:relationship.n.03', 'synset:state.n.02')"
837,tarn,tarn.n.01,1,40851,"('lexname:noun.object', 'synset:lake.n.01', 'synset:body_of_water.n.01', 'synset:thing.n.12', 'synset:physical_entity.n.01')"
838,punishment,punishment.n.01,12,9837,"('lexname:noun.act', 'synset:social_control.n.01', 'synset:group_action.n.01', 'synset:act.n.02', 'synset:event.n.01')"
839,backer,angel.n.03,1,37617,"('lexname:noun.person', 'synset:patron.n.03', 'synset:benefactor.n.01', 'synset:good_person.n.01', 'synset:person.n.01')"
840,messaging,messaging.n.01,1,19925,"('lexname:noun.communication', 'synset:electronic_communication.n.01', 'synset:transmission.n.02', 'synset:communication.n.01', 'synset:act.n.02')"
841,adept,ace.n.03,2,34080,"('lexname:noun.person', 'synset:expert.n.01', 'synset:person.n.01', 'synset:causal_agent.n.01', 'synset:physical_entity.n.01')"
842,kosher,kosher.n.01,1,43951,"('lexname:noun.food', 'synset:nutriment.n.01', 'synset:food.n.01', 'synset:substance.n.07', 'synset:matter.n.03')"
843,bind,bind.n.01,1,11007,"('lexname:noun.cognition', 'synset:hindrance.n.01', 'synset:difficulty.n.02', 'synset:cognitive_factor.n.01', 'synset:cognition.n.01')"
844,proportional,proportional.n.01,1,27111,"('lexname:noun.cognition', 'synset:quantity.n.03', 'synset:concept.n.01', 'synset:idea.n.01', 'synset:content.n.05')"
845,shutdown,closure.n.07,4,18325,"('lexname:noun.act', 'synset:termination.n.05', 'synset:change_of_state.n.01', 'synset:change.n.03', 'synset:action.n.01')"
846,outcry,cry.n.01,15,34334,"('lexname:noun.communication', 'synset:utterance.n.01', 'synset:auditory_communication.n.01', 'synset:communication.n.02', 'synset:abstraction.n.06')"
847,serve,serve.n.01,4,4691,"('lexname:noun.act', 'synset:tennis_stroke.n.01', 'synset:stroke.n.01', 'synset:maneuver.n.03', 'synset:motion.n.06')"
848,storefront,shopfront.n.01,1,45527,"('lexname:noun.artifact', 'synset:front.n.04', 'synset:side.n.05', 'synset:surface.n.01', 'synset:artifact.n.01')"
849,branding,stigmatization.n.01,1,24150,"('lexname:noun.act', 'synset:disapproval.n.04', 'synset:judgment.n.02', 'synset:act.n.02', 'synset:event.n.01')"
850,barren,barren.n.01,2,39497,"('lexname:noun.location', 'synset:wilderness.n.03', 'synset:geographical_area.n.01', 'synset:region.n.03', 'synset:location.n.01')"
851,cocaine,cocaine.n.01,4,15144,"('lexname:noun.artifact', 'synset:hard_drug.n.01', 'synset:controlled_substance.n.01', 'synset:drug.n.01', 'synset:agent.n.03')"
852,blackmail,blackmail.n.01,1,32625,"('lexname:noun.act', 'synset:extortion.n.03', 'synset:felony.n.01', 'synset:crime.n.01', 'synset:transgression.n.01')"
853,integrating,integration.n.01,1,32029,"('lexname:noun.act', 'synset:group_action.n.01', 'synset:act.n.02', 'synset:event.n.01', 'synset:psychological_feature.n.01')"
854,hump,bulge.n.01,9,49779,"('lexname:noun.shape', 'synset:projection.n.05', 'synset:convex_shape.n.01', 'synset:solid.n.03', 'synset:shape.n.02')"
855,probable,probable.n.01,1,17939,"('lexname:noun.person', 'synset:applicant.n.01', 'synset:person.n.01', 'synset:causal_agent.n.01', 'synset:physical_entity.n.01')"
856,barring,barring.n.01,1,34928,"('lexname:noun.act', 'synset:ejection.n.02', 'synset:banishment.n.02', 'synset:rejection.n.01', 'synset:act.n.02')"
857,misuse,misuse.n.01,2,29169,"('lexname:noun.act', 'synset:use.n.01', 'synset:activity.n.01', 'synset:act.n.02', 'synset:event.n.01')"
858,peanuts,peanuts.n.01,1,45612,"('lexname:noun.possession', 'synset:sum.n.01', 'synset:assets.n.01', 'synset:possession.n.02', 'synset:relation.n.01')"
859,sell,sell.n.01,1,3677,"('lexname:noun.act', 'synset:sale.n.02', 'synset:selling.n.01', 'synset:commerce.n.01', 'synset:transaction.n.01')"
860,vas,vessel.n.01,2,34439,"('lexname:noun.body', 'synset:tube.n.04', 'synset:structure.n.04', 'synset:body_part.n.01', 'synset:part.n.03')"
861,goodbye,adieu.n.01,1,24829,"('lexname:noun.communication', 'synset:farewell.n.01', 'synset:acknowledgment.n.03', 'synset:message.n.02', 'synset:communication.n.02')"
862,buying,buying.n.01,4,7067,"('lexname:noun.act', 'synset:purchase.n.01', 'synset:acquisition.n.01', 'synset:acquiring.n.01', 'synset:act.n.02')"
863,bloodstream,bloodstream.n.01,1,46005,"('lexname:noun.body', 'synset:blood.n.01', 'synset:liquid_body_substance.n.01', 'synset:body_substance.n.01', 'synset:substance.n.01')"
864,legality,legality.n.01,2,38209,"('lexname:noun.attribute', 'synset:lawfulness.n.01', 'synset:quality.n.01', 'synset:attribute.n.02', 'synset:abstraction.n.06')"
865,roadside,wayside.n.01,1,39479,"('lexname:noun.artifact', 'synset:edge.n.06', 'synset:limit.n.04', 'synset:boundary.n.01', 'synset:extremity.n.04')"
866,so,sol.n.03,1,523,"('lexname:noun.communication', 'synset:solfa_syllable.n.01', 'synset:syllable.n.01', 'synset:language_unit.n.01', 'synset:part.n.01')"
867,reconnaissance,reconnaissance.n.01,8,39471,"('lexname:noun.act', 'synset:intelligence.n.05', 'synset:information_gathering.n.01', 'synset:operation.n.05', 'synset:activity.n.01')"
868,bullshit,bullshit.n.01,1,20041,"('lexname:noun.communication', 'synset:bunk.n.04', 'synset:drivel.n.01', 'synset:message.n.02', 'synset:communication.n.02')"
869,sheriff,sheriff.n.01,1,16570,"('lexname:noun.person', 'synset:lawman.n.01', 'synset:defender.n.01', 'synset:preserver.n.03', 'synset:person.n.01')"
870,lender,lender.n.01,3,35747,"('lexname:noun.person', 'synset:investor.n.01', 'synset:capitalist.n.02', 'synset:person.n.01', 'synset:causal_agent.n.01')"
871,sensitive,medium.n.09,1,8564,"('lexname:noun.person', 'synset:psychic.n.01', 'synset:occultist.n.01', 'synset:person.n.01', 'synset:causal_agent.n.01')"
872,unseen,spiritual_world.n.01,2,29587,"('lexname:noun.cognition', 'synset:belief.n.01', 'synset:content.n.05', 'synset:cognition.n.01', 'synset:psychological_feature.n.01')"
873,terrorist,terrorist.n.01,5,7417,"('lexname:noun.person', 'synset:radical.n.03', 'synset:person.n.01', 'synset:causal_agent.n.01', 'synset:physical_entity.n.01')"
874,mineral,mineral.n.01,132,18352,"('lexname:noun.substance', 'synset:material.n.01', 'synset:substance.n.01', 'synset:matter.n.03', 'synset:physical_entity.n.01')"
875,branching,branching.n.01,5,49526,"('lexname:noun.act', 'synset:division.n.03', 'synset:separation.n.09', 'synset:change_of_integrity.n.01', 'synset:change.n.03')"
876,logger,lumberman.n.01,2,49706,"('lexname:noun.person', 'synset:laborer.n.01', 'synset:workman.n.01', 'synset:employee.n.01', 'synset:worker.n.01')"
877,dialect,dialect.n.01,3,23637,"('lexname:noun.communication', 'synset:non-standard_speech.n.01', 'synset:speech.n.02', 'synset:auditory_communication.n.01', 'synset:communication.n.02')"
878,rewrite,rewrite.n.01,1,28183,"('lexname:noun.communication', 'synset:writing.n.02', 'synset:written_communication.n.01', 'synset:communication.n.02', 'synset:abstraction.n.06')"
879,mixing,mix.n.03,1,17090,"('lexname:noun.act', 'synset:combination.n.07', 'synset:change_of_integrity.n.01', 'synset:change.n.03', 'synset:action.n.01')"
880,services,services.n.01,1,2594,"('lexname:noun.act', 'synset:employment.n.02', 'synset:occupation.n.01', 'synset:activity.n.01', 'synset:act.n.02')"
881,ana,ana.n.02,1,44763,"('lexname:noun.group', 'synset:collection.n.01', 'synset:group.n.01', 'synset:abstraction.n.06', 'synset:entity.n.01')"
882,acre,acre.n.01,1,31244,"('lexname:noun.quantity', 'synset:area_unit.n.01', 'synset:unit_of_measurement.n.01', 'synset:definite_quantity.n.01', 'synset:measure.n.02')"
883,fumble,fumble.n.01,1,41405,"('lexname:noun.act', 'synset:blunder.n.01', 'synset:mistake.n.01', 'synset:nonaccomplishment.n.01', 'synset:act.n.02')"
884,demographic,demographic.n.01,1,16728,"('lexname:noun.cognition', 'synset:statistic.n.01', 'synset:datum.n.01', 'synset:information.n.02', 'synset:cognition.n.01')"
885,curing,hardening.n.02,2,46053,"('lexname:noun.process', 'synset:natural_process.n.01', 'synset:process.n.06', 'synset:physical_entity.n.01', 'synset:entity.n.01')"
886,psychiatrist,psychiatrist.n.01,3,31207,"('lexname:noun.person', 'synset:specialist.n.02', 'synset:doctor.n.01', 'synset:medical_practitioner.n.01', 'synset:health_professional.n.01')"
887,rogue,rogue.n.01,1,23586,"('lexname:noun.person', 'synset:villain.n.01', 'synset:unwelcome_person.n.01', 'synset:person.n.01', 'synset:causal_agent.n.01')"
888,unfolding,unfolding.n.01,1,34502,"('lexname:noun.process', 'synset:development.n.02', 'synset:process.n.06', 'synset:physical_entity.n.01', 'synset:entity.n.01')"
889,healthcare,healthcare.n.01,1,11409,"('lexname:noun.act', 'synset:care.n.01', 'synset:work.n.01', 'synset:activity.n.01', 'synset:act.n.02')"
890,spectacular,spectacular.n.01,1,15013,"('lexname:noun.communication', 'synset:performance.n.01', 'synset:show.n.03', 'synset:social_event.n.01', 'synset:event.n.01')"
891,papers,document.n.01,21,9473,"('lexname:noun.communication', 'synset:writing.n.02', 'synset:written_communication.n.01', 'synset:communication.n.02', 'synset:abstraction.n.06')"
892,yacht,yacht.n.01,1,43207,"('lexname:noun.artifact', 'synset:vessel.n.02', 'synset:craft.n.02', 'synset:vehicle.n.01', 'synset:conveyance.n.03')"
893,mystic,mystic.n.01,2,37311,"('lexname:noun.person', 'synset:believer.n.02', 'synset:religious_person.n.01', 'synset:person.n.01', 'synset:causal_agent.n.01')"
894,weekly,weekly.n.01,1,10273,"('lexname:noun.communication', 'synset:series.n.03', 'synset:periodical.n.01', 'synset:publication.n.01', 'synset:work.n.02')"
895,coronary,coronary_thrombosis.n.01,2,37151,"('lexname:noun.state', 'synset:coronary_heart_disease.n.01', 'synset:heart_disease.n.01', 'synset:cardiovascular_disease.n.01', 'synset:disorder.n.01')"
896,skiing,skiing.n.01,3,41348,"('lexname:noun.act', 'synset:sport.n.01', 'synset:diversion.n.01', 'synset:activity.n.01', 'synset:act.n.02')"
897,volt,volt.n.01,1,13161,"('lexname:noun.quantity', 'synset:potential_unit.n.01', 'synset:electromagnetic_unit.n.01', 'synset:unit_of_measurement.n.01', 'synset:definite_quantity.n.01')"
898,integer,integer.n.01,9,18253,"('lexname:noun.quantity', 'synset:number.n.02', 'synset:definite_quantity.n.01', 'synset:measure.n.02', 'synset:abstraction.n.06')"
899,motto,motto.n.01,4,33600,"('lexname:noun.communication', 'synset:saying.n.01', 'synset:speech.n.02', 'synset:auditory_communication.n.01', 'synset:communication.n.02')"
900,optimum,optimum.n.01,1,39475,"('lexname:noun.attribute', 'synset:good.n.03', 'synset:quality.n.01', 'synset:attribute.n.02', 'synset:abstraction.n.06')"
901,beach,beach.n.01,2,10481,"('lexname:noun.object', 'synset:geological_formation.n.01', 'synset:object.n.01', 'synset:physical_entity.n.01', 'synset:entity.n.01')"
902,identifier,identifier.n.01,1,27421,"('lexname:noun.communication', 'synset:symbol.n.01', 'synset:signal.n.01', 'synset:communication.n.02', 'synset:abstraction.n.06')"
903,encoding,encoding.n.01,3,21004,"('lexname:noun.act', 'synset:cryptography.n.02', 'synset:writing.n.05', 'synset:activity.n.01', 'synset:act.n.02')"
904,shootout,gunfight.n.01,1,34995,"('lexname:noun.act', 'synset:fight.n.02', 'synset:conflict.n.01', 'synset:group_action.n.01', 'synset:act.n.02')"
905,institute,institute.n.01,1,24224,"('lexname:noun.group', 'synset:association.n.01', 'synset:organization.n.01', 'synset:social_group.n.01', 'synset:group.n.01')"
906,tofu,bean_curd.n.01,1,40108,"('lexname:noun.food', 'synset:curd.n.01', 'synset:foodstuff.n.02', 'synset:food.n.01', 'synset:substance.n.07')"
907,statute,legislative_act.n.01,7,14195,"('lexname:noun.communication', 'synset:act.n.01', 'synset:legal_document.n.01', 'synset:document.n.01', 'synset:writing.n.02')"
908,headline,headline.n.01,4,16534,"('lexname:noun.communication', 'synset:heading.n.01', 'synset:line.n.05', 'synset:text.n.01', 'synset:matter.n.06')"
909,u,u.n.03,1,334,"('lexname:noun.communication', 'synset:letter.n.02', 'synset:character.n.08', 'synset:written_symbol.n.01', 'synset:symbol.n.01')"
910,rectangle,rectangle.n.01,3,35991,"('lexname:noun.shape', 'synset:parallelogram.n.01', 'synset:quadrilateral.n.01', 'synset:polygon.n.01', 'synset:plane_figure.n.01')"
911,drib,drop.n.02,5,35003,"('lexname:noun.quantity', 'synset:small_indefinite_quantity.n.01', 'synset:indefinite_quantity.n.01', 'synset:measure.n.02', 'synset:abstraction.n.06')"
912,p,p.n.02,1,279,"('lexname:noun.communication', 'synset:letter.n.02', 'synset:character.n.08', 'synset:written_symbol.n.01', 'synset:symbol.n.01')"
913,cam,cam.n.02,2,12172,"('lexname:noun.artifact', 'synset:rotating_mechanism.n.01', 'synset:mechanism.n.05', 'synset:device.n.01', 'synset:instrumentality.n.03')"
914,contemporaries,coevals.n.01,3,46028,"('lexname:noun.group', 'synset:people.n.01', 'synset:group.n.01', 'synset:abstraction.n.06', 'synset:entity.n.01')"
915,animal,animal.n.01,48,5044,"('lexname:noun.Tops', 'synset:organism.n.01', 'synset:living_thing.n.01', 'synset:whole.n.02', 'synset:object.n.01')"
916,spinning,spinning.n.01,1,19493,"('lexname:noun.act', 'synset:handicraft.n.02', 'synset:arts_and_crafts.n.01', 'synset:art.n.02', 'synset:creation.n.01')"
917,beaut,beauty.n.03,1,3566,"('lexname:noun.cognition', 'synset:exemplar.n.01', 'synset:ideal.n.01', 'synset:idea.n.01', 'synset:content.n.05')"
918,debris,debris.n.01,2,16468,"('lexname:noun.substance', 'synset:rubbish.n.01', 'synset:waste.n.01', 'synset:material.n.01', 'synset:substance.n.01')"
919,paperwork,paperwork.n.01,1,23143,"('lexname:noun.act', 'synset:work.n.01', 'synset:activity.n.01', 'synset:act.n.02', 'synset:event.n.01')"
920,bung,bung.n.01,1,43974,"('lexname:noun.artifact', 'synset:plug.n.01', 'synset:blockage.n.02', 'synset:obstruction.n.01', 'synset:structure.n.01')"
921,pleading,pleading.n.01,14,30279,"('lexname:noun.communication', 'synset:statement.n.01', 'synset:message.n.02', 'synset:communication.n.02', 'synset:abstraction.n.06')"
922,husband,husband.n.01,6,5229,"('lexname:noun.person', 'synset:spouse.n.01', 'synset:domestic_partner.n.01', 'synset:person.n.01', 'synset:causal_agent.n.01')"
923,potassium,potassium.n.01,1,33156,"('lexname:noun.substance', 'synset:metallic_element.n.01', 'synset:chemical_element.n.01', 'synset:substance.n.01', 'synset:matter.n.03')"
924,refrigerator,refrigerator.n.01,3,30500,"('lexname:noun.artifact', 'synset:white_goods.n.01', 'synset:home_appliance.n.01', 'synset:appliance.n.02', 'synset:durables.n.01')"
925,complainant,plaintiff.n.01,2,42764,"('lexname:noun.person', 'synset:litigant.n.01', 'synset:party.n.05', 'synset:person.n.01', 'synset:causal_agent.n.01')"
926,entire,stallion.n.01,2,2104,"('lexname:noun.animal', 'synset:male_horse.n.01', 'synset:horse.n.01', 'synset:equine.n.01', 'synset:odd-toed_ungulate.n.01')"
927,sabotage,sabotage.n.01,2,31983,"('lexname:noun.act', 'synset:destruction.n.01', 'synset:termination.n.05', 'synset:change_of_state.n.01', 'synset:change.n.03')"
928,issuance,issue.n.04,2,30145,"('lexname:noun.act', 'synset:provision.n.02', 'synset:activity.n.01', 'synset:act.n.02', 'synset:event.n.01')"
929,heavens,celestial_sphere.n.01,1,27636,"('lexname:noun.location', 'synset:surface.n.02', 'synset:boundary.n.01', 'synset:extremity.n.04', 'synset:region.n.01')"
930,friendship,friendship.n.01,4,14738,"('lexname:noun.state', 'synset:relationship.n.03', 'synset:state.n.02', 'synset:attribute.n.02', 'synset:abstraction.n.06')"
931,whirlwind,whirlwind.n.01,2,49676,"('lexname:noun.phenomenon', 'synset:windstorm.n.01', 'synset:storm.n.01', 'synset:atmospheric_phenomenon.n.01', 'synset:physical_phenomenon.n.01')"
932,advice,advice.n.01,4,5608,"('lexname:noun.communication', 'synset:proposal.n.01', 'synset:message.n.02', 'synset:communication.n.02', 'synset:abstraction.n.06')"
933,trader,trader.n.01,17,31791,"('lexname:noun.person', 'synset:merchant.n.01', 'synset:businessperson.n.01', 'synset:capitalist.n.02', 'synset:person.n.01')"
934,internet,internet.n.01,1,5230,"('lexname:noun.artifact', 'synset:computer_network.n.01', 'synset:network.n.05', 'synset:system.n.01', 'synset:instrumentality.n.03')"
935,deeds,works.n.03,1,23777,"('lexname:noun.act', 'synset:activity.n.01', 'synset:act.n.02', 'synset:event.n.01', 'synset:psychological_feature.n.01')"
936,watt,watt.n.01,1,40114,"('lexname:noun.quantity', 'synset:power_unit.n.01', 'synset:electromagnetic_unit.n.01', 'synset:unit_of_measurement.n.01', 'synset:definite_quantity.n.01')"
937,doorway,doorway.n.01,2,32439,"('lexname:noun.artifact', 'synset:entrance.n.01', 'synset:access.n.03', 'synset:way.n.06', 'synset:artifact.n.01')"
938,extradition,extradition.n.01,1,34908,"('lexname:noun.act', 'synset:surrender.n.03', 'synset:delivery.n.04', 'synset:conveyance.n.04', 'synset:transfer.n.06')"
939,artisan,craftsman.n.03,34,43259,"('lexname:noun.person', 'synset:skilled_worker.n.01', 'synset:worker.n.01', 'synset:person.n.01', 'synset:causal_agent.n.01')"
940,dioxide,dioxide.n.01,5,17556,"('lexname:noun.substance', 'synset:oxide.n.01', 'synset:compound.n.02', 'synset:chemical.n.01', 'synset:material.n.01')"
941,canoe,canoe.n.01,5,47434,"('lexname:noun.artifact', 'synset:small_boat.n.01', 'synset:boat.n.01', 'synset:vessel.n.02', 'synset:craft.n.02')"
942,prosecutor,prosecutor.n.01,4,13683,"('lexname:noun.person', 'synset:lawyer.n.01', 'synset:professional.n.01', 'synset:adult.n.01', 'synset:person.n.01')"
943,visiting,visiting.n.01,1,10013,"('lexname:noun.act', 'synset:visit.n.01', 'synset:meeting.n.04', 'synset:assembly.n.06', 'synset:group_action.n.01')"
944,tidy,tidy.n.01,1,43044,"('lexname:noun.artifact', 'synset:receptacle.n.01', 'synset:container.n.01', 'synset:instrumentality.n.03', 'synset:artifact.n.01')"
945,soar,soar.n.01,1,48701,"('lexname:noun.act', 'synset:rise.n.02', 'synset:motion.n.06', 'synset:change.n.03', 'synset:action.n.01')"
946,shave,shave.n.01,2,34494,"('lexname:noun.act', 'synset:depilation.n.02', 'synset:cleaning.n.01', 'synset:improvement.n.02', 'synset:change_of_state.n.01')"
947,winter,winter.n.01,1,7374,"('lexname:noun.time', 'synset:season.n.02', 'synset:time_period.n.01', 'synset:fundamental_quantity.n.01', 'synset:measure.n.02')"
948,furniture,furniture.n.01,25,13091,"('lexname:noun.artifact', 'synset:furnishing.n.02', 'synset:instrumentality.n.03', 'synset:artifact.n.01', 'synset:whole.n.02')"
949,at,at.n.02,1,379,"('lexname:noun.quantity', 'synset:laotian_monetary_unit.n.01', 'synset:monetary_unit.n.01', 'synset:unit_of_measurement.n.01', 'synset:definite_quantity.n.01')"
950,eighty,eighty.n.01,1,37516,"('lexname:noun.quantity', 'synset:large_integer.n.01', 'synset:integer.n.01', 'synset:number.n.02', 'synset:definite_quantity.n.01')"
951,fandom,fandom.n.01,1,35387,"('lexname:noun.group', 'synset:following.n.01', 'synset:multitude.n.03', 'synset:group.n.01', 'synset:abstraction.n.06')"
952,insured,insured.n.01,1,31977,"('lexname:noun.person', 'synset:person.n.01', 'synset:causal_agent.n.01', 'synset:physical_entity.n.01', 'synset:entity.n.01')"
953,rebuke,rebuke.n.01,10,45830,"('lexname:noun.communication', 'synset:criticism.n.01', 'synset:disapproval.n.02', 'synset:message.n.02', 'synset:communication.n.02')"
954,marsh,marsh.n.01,2,22397,"('lexname:noun.object', 'synset:wetland.n.01', 'synset:land.n.02', 'synset:object.n.01', 'synset:physical_entity.n.01')"
955,playoff,playoff.n.01,2,13119,"('lexname:noun.event', 'synset:contest.n.01', 'synset:social_event.n.01', 'synset:event.n.01', 'synset:psychological_feature.n.01')"
956,commodity,commodity.n.01,16,19464,"('lexname:noun.artifact', 'synset:artifact.n.01', 'synset:whole.n.02', 'synset:object.n.01', 'synset:physical_entity.n.01')"
957,slain,slain.n.01,1,27029,"('lexname:noun.group', 'synset:dead.n.01', 'synset:people.n.01', 'synset:group.n.01', 'synset:abstraction.n.06')"
958,manners,manners.n.01,1,33558,"('lexname:noun.attribute', 'synset:demeanor.n.01', 'synset:trait.n.01', 'synset:attribute.n.02', 'synset:abstraction.n.06')"
959,interrupt,interrupt.n.01,1,11313,"('lexname:noun.phenomenon', 'synset:signal.n.03', 'synset:electricity.n.02', 'synset:energy.n.01', 'synset:physical_phenomenon.n.01')"
960,limited,express.n.02,1,3614,"('lexname:noun.artifact', 'synset:public_transport.n.01', 'synset:conveyance.n.03', 'synset:instrumentality.n.03', 'synset:artifact.n.01')"
961,autism,autism.n.01,2,15998,"('lexname:noun.cognition', 'synset:syndrome.n.02', 'synset:symptom.n.01', 'synset:evidence.n.01', 'synset:information.n.02')"
962,poem,poem.n.01,17,21247,"('lexname:noun.communication', 'synset:literary_composition.n.01', 'synset:writing.n.02', 'synset:written_communication.n.01', 'synset:communication.n.02')"
963,there,there.n.01,1,612,"('lexname:noun.location', 'synset:location.n.01', 'synset:object.n.01', 'synset:physical_entity.n.01', 'synset:entity.n.01')"
964,pains,striving.n.01,2,24985,"('lexname:noun.act', 'synset:attempt.n.01', 'synset:activity.n.01', 'synset:act.n.02', 'synset:event.n.01')"
965,surplus,excess.n.01,1,18201,"('lexname:noun.attribute', 'synset:overabundance.n.02', 'synset:abundance.n.01', 'synset:quantity.n.02', 'synset:amount.n.02')"
966,geometry,geometry.n.01,10,22939,"('lexname:noun.cognition', 'synset:pure_mathematics.n.01', 'synset:mathematics.n.01', 'synset:science.n.01', 'synset:discipline.n.01')"
967,epilepsy,epilepsy.n.01,12,35325,"('lexname:noun.state', 'synset:brain_disorder.n.01', 'synset:nervous_disorder.n.01', 'synset:disorder.n.01', 'synset:physical_condition.n.01')"
968,bowls,lawn_bowling.n.01,1,34796,"('lexname:noun.act', 'synset:bowling.n.01', 'synset:game.n.01', 'synset:activity.n.01', 'synset:act.n.02')"
969,retail,retail.n.01,1,6308,"('lexname:noun.act', 'synset:selling.n.01', 'synset:commerce.n.01', 'synset:transaction.n.01', 'synset:group_action.n.01')"
970,unconscious,unconscious_mind.n.01,1,14917,"('lexname:noun.cognition', 'synset:mind.n.01', 'synset:cognition.n.01', 'synset:psychological_feature.n.01', 'synset:abstraction.n.06')"
971,accuser,accuser.n.01,1,43738,"('lexname:noun.person', 'synset:disputant.n.01', 'synset:person.n.01', 'synset:causal_agent.n.01', 'synset:physical_entity.n.01')"
972,daily,daily.n.01,1,4445,"('lexname:noun.communication', 'synset:newspaper.n.01', 'synset:press.n.02', 'synset:print_media.n.01', 'synset:medium.n.01')"
973,ell,ell.n.01,1,30004,"('lexname:noun.artifact', 'synset:annex.n.01', 'synset:addition.n.01', 'synset:component.n.03', 'synset:part.n.02')"
974,paraph,paraph.n.01,1,38624,"('lexname:noun.communication', 'synset:flourish.n.02', 'synset:embellishment.n.02', 'synset:decoration.n.01', 'synset:artifact.n.01')"
975,cafeteria,cafeteria.n.01,2,43075,"('lexname:noun.artifact', 'synset:restaurant.n.01', 'synset:building.n.01', 'synset:structure.n.01', 'synset:artifact.n.01')"
976,dj,disk_jockey.n.01,1,42625,"('lexname:noun.person', 'synset:broadcaster.n.01', 'synset:communicator.n.01', 'synset:person.n.01', 'synset:causal_agent.n.01')"
977,subscript,subscript.n.01,1,32891,"('lexname:noun.communication', 'synset:character.n.08', 'synset:written_symbol.n.01', 'synset:symbol.n.01', 'synset:signal.n.01')"
978,snapshot,snapshot.n.01,1,27479,"('lexname:noun.artifact', 'synset:photograph.n.01', 'synset:representation.n.02', 'synset:creation.n.02', 'synset:artifact.n.01')"
979,concert,concert.n.01,2,10010,"('lexname:noun.communication', 'synset:performance.n.01', 'synset:show.n.03', 'synset:social_event.n.01', 'synset:event.n.01')"
980,homebrew,home_brew.n.01,1,45729,"('lexname:noun.food', 'synset:alcohol.n.01', 'synset:beverage.n.01', 'synset:food.n.01', 'synset:substance.n.07')"
981,creek,brook.n.01,2,39459,"('lexname:noun.object', 'synset:stream.n.01', 'synset:body_of_water.n.01', 'synset:thing.n.12', 'synset:physical_entity.n.01')"
982,k,k.n.06,1,479,"('lexname:noun.communication', 'synset:letter.n.02', 'synset:character.n.08', 'synset:written_symbol.n.01', 'synset:symbol.n.01')"
983,eq,equivalent.n.02,1,37430,"('lexname:noun.attribute', 'synset:atomic_mass.n.01', 'synset:mass.n.01', 'synset:fundamental_quantity.n.01', 'synset:measure.n.02')"
984,leaders,leadership.n.02,3,2766,"('lexname:noun.group', 'synset:body.n.02', 'synset:social_group.n.01', 'synset:group.n.01', 'synset:abstraction.n.06')"
985,namesake,namesake.n.01,1,49829,"('lexname:noun.person', 'synset:person.n.01', 'synset:causal_agent.n.01', 'synset:physical_entity.n.01', 'synset:entity.n.01')"
986,why,why.n.01,1,1521,"('lexname:noun.motive', 'synset:reason.n.01', 'synset:rational_motive.n.01', 'synset:motivation.n.01', 'synset:psychological_feature.n.01')"
987,churn,churn.n.01,1,28488,"('lexname:noun.artifact', 'synset:vessel.n.03', 'synset:container.n.01', 'synset:instrumentality.n.03', 'synset:artifact.n.01')"
988,sociology,sociology.n.01,5,39625,"('lexname:noun.cognition', 'synset:social_science.n.01', 'synset:science.n.01', 'synset:discipline.n.01', 'synset:knowledge_domain.n.01')"
989,franc,franc.n.01,22,46754,"('lexname:noun.quantity', 'synset:monetary_unit.n.01', 'synset:unit_of_measurement.n.01', 'synset:definite_quantity.n.01', 'synset:measure.n.02')"
990,willing,volition.n.02,2,4684,"('lexname:noun.act', 'synset:choice.n.02', 'synset:action.n.01', 'synset:act.n.02', 'synset:event.n.01')"
991,judging,judgment.n.04,2,22989,"('lexname:noun.cognition', 'synset:decision_making.n.01', 'synset:higher_cognitive_process.n.01', 'synset:process.n.02', 'synset:cognition.n.01')"
992,salient,salient.n.01,1,49156,"('lexname:noun.location', 'synset:projection.n.05', 'synset:convex_shape.n.01', 'synset:solid.n.03', 'synset:shape.n.02')"
993,republican,republican.n.02,1,41477,"('lexname:noun.person', 'synset:advocate.n.01', 'synset:person.n.01', 'synset:causal_agent.n.01', 'synset:physical_entity.n.01')"
994,vandalism,vandalism.n.01,2,37260,"('lexname:noun.act', 'synset:destruction.n.01', 'synset:termination.n.05', 'synset:change_of_state.n.01', 'synset:change.n.03')"
995,tomb,grave.n.02,3,22234,"('lexname:noun.artifact', 'synset:topographic_point.n.01', 'synset:point.n.02', 'synset:location.n.01', 'synset:object.n.01')"
996,clamp,clamp.n.01,6,29405,"('lexname:noun.artifact', 'synset:holding_device.n.01', 'synset:device.n.01', 'synset:instrumentality.n.03', 'synset:artifact.n.01')"
997,litigation,litigation.n.01,3,19284,"('lexname:noun.act', 'synset:proceeding.n.01', 'synset:due_process.n.01', 'synset:group_action.n.01', 'synset:act.n.02')"
998,seasonal,seasonal_worker.n.01,1,21819,"('lexname:noun.person', 'synset:worker.n.01', 'synset:person.n.01', 'synset:causal_agent.n.01', 'synset:physical_entity.n.01')"
999,mo,moment.n.02,2,6941,"('lexname:noun.time', 'synset:time.n.03', 'synset:time_period.n.01', 'synset:fundamental_quantity.n.01', 'synset:measure.n.02')"
1000,handgun,pistol.n.01,12,17849,"('lexname:noun.artifact', 'synset:firearm.n.01', 'synset:gun.n.01', 'synset:weapon.n.01', 'synset:instrument.n.01')"
1001,simmer,simmer.n.01,1,32857,"('lexname:noun.attribute', 'synset:temperature.n.01', 'synset:fundamental_quantity.n.01', 'synset:measure.n.02', 'synset:abstraction.n.06')"
1002,glad,gladiolus.n.01,1,9675,"('lexname:noun.plant', 'synset:iridaceous_plant.n.01', 'synset:bulbous_plant.n.01', 'synset:vascular_plant.n.01', 'synset:plant.n.02')"
1003,totalitarian,totalitarian.n.01,1,34524,"('lexname:noun.person', 'synset:disciple.n.01', 'synset:follower.n.01', 'synset:person.n.01', 'synset:causal_agent.n.01')"
1004,dice,die.n.01,5,17963,"('lexname:noun.artifact', 'synset:cube.n.05', 'synset:block.n.01', 'synset:artifact.n.01', 'synset:whole.n.02')"
1005,paycheck,paycheck.n.01,1,37751,"('lexname:noun.possession', 'synset:check.n.01', 'synset:draft.n.01', 'synset:negotiable_instrument.n.01', 'synset:legal_document.n.01')"
1006,vow,vow.n.01,1,23268,"('lexname:noun.communication', 'synset:assurance.n.02', 'synset:commitment.n.04', 'synset:message.n.02', 'synset:communication.n.02')"
1007,even,evening.n.01,2,772,"('lexname:noun.time', 'synset:day.n.04', 'synset:time_period.n.01', 'synset:fundamental_quantity.n.01', 'synset:measure.n.02')"
1008,composure,composure.n.01,3,49994,"('lexname:noun.attribute', 'synset:disposition.n.01', 'synset:nature.n.04', 'synset:trait.n.01', 'synset:attribute.n.02')"
1009,screenplay,screenplay.n.01,1,39769,"('lexname:noun.communication', 'synset:script.n.01', 'synset:dramatic_composition.n.01', 'synset:writing.n.02', 'synset:written_communication.n.01')"
1010,charisma,charisma.n.01,2,45581,"('lexname:noun.attribute', 'synset:attractiveness.n.02', 'synset:beauty.n.01', 'synset:appearance.n.01', 'synset:quality.n.01')"
1011,economics,economics.n.01,6,12446,"('lexname:noun.cognition', 'synset:social_science.n.01', 'synset:science.n.01', 'synset:discipline.n.01', 'synset:knowledge_domain.n.01')"
1012,depressive,depressive.n.01,2,36568,"('lexname:noun.person', 'synset:sick_person.n.01', 'synset:unfortunate.n.01', 'synset:person.n.01', 'synset:causal_agent.n.01')"
1013,fax,facsimile.n.02,1,35168,"('lexname:noun.artifact', 'synset:duplicator.n.01', 'synset:apparatus.n.01', 'synset:equipment.n.01', 'synset:instrumentality.n.03')"
1014,try,attempt.n.01,20,1949,"('lexname:noun.act', 'synset:activity.n.01', 'synset:act.n.02', 'synset:event.n.01', 'synset:psychological_feature.n.01')"
1015,hearts,hearts.n.01,1,11954,"('lexname:noun.act', 'synset:whist.n.01', 'synset:card_game.n.01', 'synset:game.n.01', 'synset:activity.n.01')"
1016,eager,tidal_bore.n.01,1,11069,"('lexname:noun.event', 'synset:tidal_flow.n.01', 'synset:current.n.02', 'synset:flow.n.01', 'synset:change_of_location.n.01')"
1017,belongings,property.n.01,23,30985,"('lexname:noun.possession', 'synset:possession.n.02', 'synset:relation.n.01', 'synset:abstraction.n.06', 'synset:entity.n.01')"
1018,dossier,dossier.n.01,1,34602,"('lexname:noun.communication', 'synset:written_record.n.01', 'synset:record.n.01', 'synset:evidence.n.02', 'synset:indication.n.01')"
1019,boutique,boutique.n.01,1,45753,"('lexname:noun.artifact', 'synset:shop.n.01', 'synset:mercantile_establishment.n.01', 'synset:place_of_business.n.01', 'synset:establishment.n.04')"
1020,unemployed,unemployed_people.n.01,1,21021,"('lexname:noun.group', 'synset:people.n.01', 'synset:group.n.01', 'synset:abstraction.n.06', 'synset:entity.n.01')"
1021,ma,ma.n.01,1,17266,"('lexname:noun.person', 'synset:mother.n.01', 'synset:parent.n.01', 'synset:genitor.n.01', 'synset:progenitor.n.01')"
1022,apocalypse,apocalypse.n.01,1,37251,"('lexname:noun.event', 'synset:calamity.n.01', 'synset:misfortune.n.01', 'synset:trouble.n.03', 'synset:happening.n.01')"
1023,annex,annex.n.01,2,22768,"('lexname:noun.artifact', 'synset:addition.n.01', 'synset:component.n.03', 'synset:part.n.02', 'synset:object.n.01')"
1024,prototype,prototype.n.01,3,14879,"('lexname:noun.cognition', 'synset:model.n.07', 'synset:representation.n.01', 'synset:content.n.05', 'synset:cognition.n.01')"
1025,caffeine,caffeine.n.01,1,22511,"('lexname:noun.substance', 'synset:alkaloid.n.01', 'synset:organic_compound.n.01', 'synset:compound.n.02', 'synset:chemical.n.01')"
1026,wise,wise.n.01,1,10787,"('lexname:noun.attribute', 'synset:manner.n.01', 'synset:property.n.02', 'synset:attribute.n.02', 'synset:abstraction.n.06')"
1027,eighteenth,eighteenth.n.01,1,45592,"('lexname:noun.relation', 'synset:rank.n.02', 'synset:status.n.01', 'synset:state.n.02', 'synset:attribute.n.02')"
1028,tum,stomach.n.01,6,11814,"('lexname:noun.body', 'synset:internal_organ.n.01', 'synset:organ.n.01', 'synset:body_part.n.01', 'synset:part.n.03')"
1029,airflow,airflow.n.01,1,45771,"('lexname:noun.event', 'synset:flow.n.01', 'synset:change_of_location.n.01', 'synset:movement.n.03', 'synset:happening.n.01')"
1030,museum,museum.n.01,2,13257,"('lexname:noun.artifact', 'synset:depository.n.01', 'synset:facility.n.01', 'synset:artifact.n.01', 'synset:whole.n.02')"
1031,homelessness,homelessness.n.01,2,28822,"('lexname:noun.state', 'synset:condition.n.01', 'synset:state.n.02', 'synset:attribute.n.02', 'synset:abstraction.n.06')"
1032,reporter,reporter.n.01,3,9095,"('lexname:noun.person', 'synset:communicator.n.01', 'synset:person.n.01', 'synset:causal_agent.n.01', 'synset:physical_entity.n.01')"
1033,scientist,scientist.n.01,21,11444,"('lexname:noun.person', 'synset:person.n.01', 'synset:causal_agent.n.01', 'synset:physical_entity.n.01', 'synset:entity.n.01')"
1034,mot,bon_mot.n.01,1,2369,"('lexname:noun.communication', 'synset:wit.n.01', 'synset:message.n.02', 'synset:communication.n.02', 'synset:abstraction.n.06')"
1035,therm,therm.n.01,1,21969,"('lexname:noun.quantity', 'synset:work_unit.n.01', 'synset:unit_of_measurement.n.01', 'synset:definite_quantity.n.01', 'synset:measure.n.02')"
1036,unwillingness,unwillingness.n.01,3,47836,"('lexname:noun.attribute', 'synset:disposition.n.01', 'synset:nature.n.04', 'synset:trait.n.01', 'synset:attribute.n.02')"
1037,skating,skating.n.01,5,33051,"('lexname:noun.act', 'synset:sport.n.01', 'synset:diversion.n.01', 'synset:activity.n.01', 'synset:act.n.02')"
1038,ab,abdominal.n.01,3,450,"('lexname:noun.body', 'synset:skeletal_muscle.n.01', 'synset:muscle.n.01', 'synset:contractile_organ.n.01', 'synset:organ.n.01')"
1039,neon,neon.n.01,2,25988,"('lexname:noun.substance', 'synset:chemical_element.n.01', 'synset:substance.n.01', 'synset:matter.n.03', 'synset:physical_entity.n.01')"
1040,surround,environment.n.02,8,4573,"('lexname:noun.location', 'synset:geographical_area.n.01', 'synset:region.n.03', 'synset:location.n.01', 'synset:object.n.01')"
1041,insomnia,insomnia.n.01,1,47104,"('lexname:noun.state', 'synset:sleep_disorder.n.01', 'synset:disorder.n.01', 'synset:physical_condition.n.01', 'synset:condition.n.01')"
1042,poaching,poaching.n.01,1,49879,"('lexname:noun.act', 'synset:cooking.n.01', 'synset:change_of_state.n.01', 'synset:change.n.03', 'synset:action.n.01')"
1043,trading,trading.n.01,6,7313,"('lexname:noun.act', 'synset:commerce.n.01', 'synset:transaction.n.01', 'synset:group_action.n.01', 'synset:act.n.02')"
1044,mortgage,mortgage.n.01,4,13682,"('lexname:noun.possession', 'synset:security_interest.n.01', 'synset:interest.n.05', 'synset:share.n.01', 'synset:assets.n.01')"
1045,let,let.n.02,1,1309,"('lexname:noun.act', 'synset:serve.n.01', 'synset:tennis_stroke.n.01', 'synset:stroke.n.01', 'synset:maneuver.n.03')"
1046,damned,damned.n.01,1,28911,"('lexname:noun.group', 'synset:people.n.01', 'synset:group.n.01', 'synset:abstraction.n.06', 'synset:entity.n.01')"
1047,opium,opium.n.01,2,40299,"('lexname:noun.artifact', 'synset:controlled_substance.n.01', 'synset:drug.n.01', 'synset:agent.n.03', 'synset:causal_agent.n.01')"
1048,curator,curator.n.01,1,46132,"('lexname:noun.person', 'synset:custodian.n.01', 'synset:defender.n.01', 'synset:preserver.n.03', 'synset:person.n.01')"
1049,rookie,cub.n.01,1,12302,"('lexname:noun.person', 'synset:novice.n.02', 'synset:unskilled_person.n.01', 'synset:person.n.01', 'synset:causal_agent.n.01')"
1050,defensive,defensive.n.01,1,6110,"('lexname:noun.cognition', 'synset:attitude.n.01', 'synset:cognition.n.01', 'synset:psychological_feature.n.01', 'synset:abstraction.n.06')"
1051,causation,causing.n.01,6,46850,"('lexname:noun.act', 'synset:act.n.02', 'synset:event.n.01', 'synset:psychological_feature.n.01', 'synset:abstraction.n.06')"
1052,phosphorus,phosphorus.n.01,1,48980,"('lexname:noun.substance', 'synset:chemical_element.n.01', 'synset:substance.n.01', 'synset:matter.n.03', 'synset:physical_entity.n.01')"
1053,cite,citation.n.03,3,21729,"('lexname:noun.communication', 'synset:note.n.07', 'synset:comment.n.02', 'synset:statement.n.01', 'synset:message.n.02')"
1054,capitalism,capitalism.n.01,2,12129,"('lexname:noun.group', 'synset:market_economy.n.01', 'synset:economy.n.01', 'synset:system.n.02', 'synset:group.n.01')"
1055,kicker,kicker.n.01,4,38297,"('lexname:noun.person', 'synset:football_player.n.01', 'synset:athlete.n.01', 'synset:contestant.n.01', 'synset:person.n.01')"
1056,outdoors,outdoors.n.01,1,24349,"('lexname:noun.location', 'synset:outside.n.01', 'synset:region.n.01', 'synset:location.n.01', 'synset:object.n.01')"
1057,incoming,entrance.n.03,8,15619,"('lexname:noun.act', 'synset:arrival.n.02', 'synset:action.n.01', 'synset:act.n.02', 'synset:event.n.01')"
1058,zoning,zoning.n.01,1,31784,"('lexname:noun.act', 'synset:division.n.12', 'synset:separation.n.09', 'synset:change_of_integrity.n.01', 'synset:change.n.03')"
1059,knack,bent.n.04,1,47868,"('lexname:noun.cognition', 'synset:endowment.n.01', 'synset:natural_ability.n.01', 'synset:aptitude.n.01', 'synset:ability.n.02')"
1060,subcontract,subcontract.n.01,1,47980,"('lexname:noun.communication', 'synset:contract.n.01', 'synset:written_agreement.n.01', 'synset:agreement.n.01', 'synset:statement.n.01')"
1061,contracting,catching.n.03,1,29148,"('lexname:noun.act', 'synset:acquiring.n.01', 'synset:act.n.02', 'synset:event.n.01', 'synset:psychological_feature.n.01')"
1062,interim,interim.n.01,2,19303,"('lexname:noun.time', 'synset:time_interval.n.01', 'synset:measure.n.02', 'synset:abstraction.n.06', 'synset:entity.n.01')"
1063,chant,chant.n.01,2,33541,"('lexname:noun.communication', 'synset:religious_song.n.01', 'synset:religious_music.n.01', 'synset:music_genre.n.01', 'synset:expressive_style.n.01')"
1064,summary,summary.n.01,13,10638,"('lexname:noun.communication', 'synset:statement.n.01', 'synset:message.n.02', 'synset:communication.n.02', 'synset:abstraction.n.06')"
1065,ranch,ranch.n.01,1,28752,"('lexname:noun.artifact', 'synset:farm.n.01', 'synset:workplace.n.01', 'synset:geographic_point.n.01', 'synset:point.n.02')"
1066,daughter,daughter.n.01,2,4957,"('lexname:noun.person', 'synset:female_offspring.n.01', 'synset:child.n.02', 'synset:offspring.n.01', 'synset:relative.n.01')"
1067,copying,copying.n.01,4,23345,"('lexname:noun.act', 'synset:repetition.n.02', 'synset:continuance.n.01', 'synset:activity.n.01', 'synset:act.n.02')"
1068,immune,immune.n.01,2,10900,"('lexname:noun.person', 'synset:person.n.01', 'synset:causal_agent.n.01', 'synset:physical_entity.n.01', 'synset:entity.n.01')"
1069,lifestyle,life_style.n.01,4,12263,"('lexname:noun.attribute', 'synset:manner.n.01', 'synset:property.n.02', 'synset:attribute.n.02', 'synset:abstraction.n.06')"
1070,subconscious,subconscious_mind.n.01,1,30931,"('lexname:noun.cognition', 'synset:mind.n.01', 'synset:cognition.n.01', 'synset:psychological_feature.n.01', 'synset:abstraction.n.06')"
1071,mag,magazine.n.01,8,2153,"('lexname:noun.communication', 'synset:press.n.02', 'synset:print_media.n.01', 'synset:medium.n.01', 'synset:instrumentality.n.03')"
1072,baffled,baffled.n.01,1,44432,"('lexname:noun.group', 'synset:people.n.01', 'synset:group.n.01', 'synset:abstraction.n.06', 'synset:entity.n.01')"
1073,regret,sorrow.n.02,3,13721,"('lexname:noun.feeling', 'synset:sadness.n.01', 'synset:feeling.n.01', 'synset:state.n.02', 'synset:attribute.n.02')"
1074,updating,updating.n.01,1,19698,"('lexname:noun.act', 'synset:change.n.03', 'synset:action.n.01', 'synset:act.n.02', 'synset:event.n.01')"
1075,blowing,blowing.n.01,2,19280,"('lexname:noun.process', 'synset:processing.n.01', 'synset:process.n.06', 'synset:physical_entity.n.01', 'synset:entity.n.01')"
1076,apprentice,apprentice.n.01,2,39252,"('lexname:noun.person', 'synset:novice.n.02', 'synset:unskilled_person.n.01', 'synset:person.n.01', 'synset:causal_agent.n.01')"
1077,boast,boast.n.01,5,28020,"('lexname:noun.communication', 'synset:speech_act.n.01', 'synset:act.n.02', 'synset:event.n.01', 'synset:psychological_feature.n.01')"
1078,cessation,cessation.n.01,2,35120,"('lexname:noun.event', 'synset:stop.n.01', 'synset:ending.n.04', 'synset:happening.n.01', 'synset:event.n.01')"
1079,professionalism,professionalism.n.01,1,42554,"('lexname:noun.cognition', 'synset:expertness.n.01', 'synset:skillfulness.n.01', 'synset:state.n.02', 'synset:attribute.n.02')"
1080,mosquito,mosquito.n.01,8,35446,"('lexname:noun.animal', 'synset:dipterous_insect.n.01', 'synset:insect.n.01', 'synset:arthropod.n.01', 'synset:invertebrate.n.01')"
1081,spots,musca_volitans.n.01,1,10222,"('lexname:noun.state', 'synset:symptom.n.01', 'synset:evidence.n.01', 'synset:information.n.02', 'synset:cognition.n.01')"
1082,criminality,criminalism.n.01,1,49950,"('lexname:noun.state', 'synset:guilt.n.01', 'synset:condition.n.01', 'synset:state.n.02', 'synset:attribute.n.02')"
1083,boyfriend,boyfriend.n.01,2,13850,"('lexname:noun.person', 'synset:lover.n.01', 'synset:person.n.01', 'synset:causal_agent.n.01', 'synset:physical_entity.n.01')"
1084,demeanor,demeanor.n.01,7,40309,"('lexname:noun.attribute', 'synset:trait.n.01', 'synset:attribute.n.02', 'synset:abstraction.n.06', 'synset:entity.n.01')"
1085,aesthetics,aesthetics.n.01,1,35431,"('lexname:noun.cognition', 'synset:philosophy.n.02', 'synset:humanistic_discipline.n.01', 'synset:discipline.n.01', 'synset:knowledge_domain.n.01')"
1086,patriotism,patriotism.n.01,3,36994,"('lexname:noun.attribute', 'synset:loyalty.n.01', 'synset:fidelity.n.02', 'synset:quality.n.01', 'synset:attribute.n.02')"
1087,mammoth,mammoth.n.01,4,44268,"('lexname:noun.animal', 'synset:elephant.n.01', 'synset:pachyderm.n.01', 'synset:placental.n.01', 'synset:mammal.n.01')"
1088,signage,signage.n.01,1,46924,"('lexname:noun.group', 'synset:collection.n.01', 'synset:group.n.01', 'synset:abstraction.n.06', 'synset:entity.n.01')"
1089,retailer,retailer.n.01,4,21538,"('lexname:noun.person', 'synset:distributor.n.01', 'synset:supplier.n.01', 'synset:businessperson.n.01', 'synset:capitalist.n.02')"
1090,clot,clot.n.01,3,5148,"('lexname:noun.body', 'synset:ball.n.08', 'synset:agglomeration.n.01', 'synset:collection.n.01', 'synset:group.n.01')"
1091,pandemonium,chaos.n.01,2,41274,"('lexname:noun.state', 'synset:confusion.n.01', 'synset:disorder.n.03', 'synset:state.n.02', 'synset:attribute.n.02')"
1092,begging,beggary.n.01,1,26732,"('lexname:noun.communication', 'synset:solicitation.n.01', 'synset:entreaty.n.01', 'synset:request.n.02', 'synset:speech_act.n.01')"
1093,seek,seek.n.01,1,5380,"('lexname:noun.event', 'synset:movement.n.03', 'synset:happening.n.01', 'synset:event.n.01', 'synset:psychological_feature.n.01')"
1094,microphone,microphone.n.01,6,21822,"('lexname:noun.artifact', 'synset:electro-acoustic_transducer.n.01', 'synset:transducer.n.01', 'synset:electrical_device.n.01', 'synset:device.n.01')"
1095,boredom,boredom.n.01,3,43515,"('lexname:noun.feeling', 'synset:dissatisfaction.n.01', 'synset:discontentment.n.01', 'synset:longing.n.01', 'synset:desire.n.01')"
1096,diesel,diesel.n.02,1,21866,"('lexname:noun.artifact', 'synset:internal-combustion_engine.n.01', 'synset:heat_engine.n.01', 'synset:engine.n.01', 'synset:motor.n.01')"
1097,countdown,countdown.n.01,1,33970,"('lexname:noun.act', 'synset:count.n.02', 'synset:investigation.n.02', 'synset:work.n.01', 'synset:activity.n.01')"
1098,sen,sen.n.01,1,3308,"('lexname:noun.quantity', 'synset:fractional_monetary_unit.n.01', 'synset:monetary_unit.n.01', 'synset:unit_of_measurement.n.01', 'synset:definite_quantity.n.01')"
1099,willpower,self-control.n.02,3,50094,"('lexname:noun.attribute', 'synset:resoluteness.n.01', 'synset:trait.n.01', 'synset:attribute.n.02', 'synset:abstraction.n.06')"
1100,neuroscience,neuroscience.n.01,4,39738,"('lexname:noun.cognition', 'synset:neurobiology.n.01', 'synset:biology.n.01', 'synset:life_science.n.01', 'synset:natural_science.n.01')"
1101,stray,stray.n.01,1,28583,"('lexname:noun.animal', 'synset:domestic_animal.n.01', 'synset:animal.n.01', 'synset:organism.n.01', 'synset:living_thing.n.01')"
1102,spinal,spinal_anesthesia.n.01,2,26234,"('lexname:noun.state', 'synset:regional_anesthesia.n.01', 'synset:anesthesia.n.01', 'synset:physical_condition.n.01', 'synset:condition.n.01')"
1103,guitar,guitar.n.01,7,10047,"('lexname:noun.artifact', 'synset:stringed_instrument.n.01', 'synset:musical_instrument.n.01', 'synset:device.n.01', 'synset:instrumentality.n.03')"
1104,export,export.n.01,1,10784,"('lexname:noun.artifact', 'synset:commodity.n.01', 'synset:artifact.n.01', 'synset:whole.n.02', 'synset:object.n.01')"
1105,likelihood,likelihood.n.01,2,14955,"('lexname:noun.attribute', 'synset:probability.n.02', 'synset:quality.n.01', 'synset:attribute.n.02', 'synset:abstraction.n.06')"
1106,limp,hitch.n.07,1,42102,"('lexname:noun.act', 'synset:gait.n.03', 'synset:walk.n.01', 'synset:locomotion.n.02', 'synset:motion.n.06')"
1107,shutting,shutting.n.01,1,25136,"('lexname:noun.act', 'synset:motion.n.03', 'synset:change.n.03', 'synset:action.n.01', 'synset:act.n.02')"
1108,grin,smile.n.01,3,16770,"('lexname:noun.communication', 'synset:facial_expression.n.01', 'synset:gesture.n.02', 'synset:visual_communication.n.01', 'synset:communication.n.02')"
1109,proprietary,proprietorship.n.01,1,20622,"('lexname:noun.possession', 'synset:ownership.n.01', 'synset:relation.n.01', 'synset:abstraction.n.06', 'synset:entity.n.01')"
1110,bliss,bliss.n.01,2,30533,"('lexname:noun.state', 'synset:elation.n.01', 'synset:psychological_state.n.01', 'synset:condition.n.01', 'synset:state.n.02')"
1111,crawling,crawl.n.03,1,34499,"('lexname:noun.act', 'synset:locomotion.n.02', 'synset:motion.n.06', 'synset:change.n.03', 'synset:action.n.01')"
1112,phot,phot.n.01,1,2825,"('lexname:noun.quantity', 'synset:illumination_unit.n.01', 'synset:light_unit.n.01', 'synset:electromagnetic_unit.n.01', 'synset:unit_of_measurement.n.01')"
1113,disgust,disgust.n.01,4,16234,"('lexname:noun.feeling', 'synset:dislike.n.02', 'synset:feeling.n.01', 'synset:state.n.02', 'synset:attribute.n.02')"
1114,pact,treaty.n.01,5,28242,"('lexname:noun.communication', 'synset:written_agreement.n.01', 'synset:agreement.n.01', 'synset:statement.n.01', 'synset:message.n.02')"
1115,chanting,intonation.n.03,2,31138,"('lexname:noun.act', 'synset:singing.n.01', 'synset:musical_performance.n.01', 'synset:performance.n.02', 'synset:presentation.n.02')"
1116,reliability,dependability.n.01,4,17843,"('lexname:noun.attribute', 'synset:responsibility.n.03', 'synset:trustworthiness.n.01', 'synset:trait.n.01', 'synset:attribute.n.02')"
1117,gateway,gateway.n.01,1,24308,"('lexname:noun.artifact', 'synset:entrance.n.01', 'synset:access.n.03', 'synset:way.n.06', 'synset:artifact.n.01')"
1118,dinosaur,dinosaur.n.01,8,28257,"('lexname:noun.animal', 'synset:archosaur.n.01', 'synset:diapsid.n.01', 'synset:reptile.n.01', 'synset:vertebrate.n.01')"
1119,landlord,landlord.n.01,2,17335,"('lexname:noun.person', 'synset:landowner.n.01', 'synset:holder.n.02', 'synset:owner.n.02', 'synset:person.n.01')"
1120,challenger,rival.n.01,13,32127,"('lexname:noun.person', 'synset:contestant.n.01', 'synset:person.n.01', 'synset:causal_agent.n.01', 'synset:physical_entity.n.01')"
1121,juvenile,juvenile.n.01,6,21904,"('lexname:noun.person', 'synset:person.n.01', 'synset:causal_agent.n.01', 'synset:physical_entity.n.01', 'synset:entity.n.01')"
1122,battlefield,battlefield.n.01,1,13480,"('lexname:noun.location', 'synset:tract.n.01', 'synset:geographical_area.n.01', 'synset:region.n.03', 'synset:location.n.01')"
1123,penchant,preference.n.01,3,41773,"('lexname:noun.feeling', 'synset:liking.n.01', 'synset:feeling.n.01', 'synset:state.n.02', 'synset:attribute.n.02')"
1124,fanatic,fanatic.n.01,1,43631,"('lexname:noun.person', 'synset:enthusiast.n.01', 'synset:supporter.n.01', 'synset:advocate.n.01', 'synset:person.n.01')"
1125,yellow,yellow.n.01,9,7872,"('lexname:noun.attribute', 'synset:chromatic_color.n.01', 'synset:color.n.01', 'synset:visual_property.n.01', 'synset:property.n.02')"
1126,astronomy,astronomy.n.01,8,37145,"('lexname:noun.cognition', 'synset:physics.n.01', 'synset:natural_science.n.01', 'synset:science.n.01', 'synset:discipline.n.01')"
1127,recount,recount.n.01,1,16369,"('lexname:noun.act', 'synset:count.n.02', 'synset:investigation.n.02', 'synset:work.n.01', 'synset:activity.n.01')"
1128,masculine,masculine.n.01,1,27543,"('lexname:noun.communication', 'synset:gender.n.01', 'synset:grammatical_category.n.01', 'synset:class.n.01', 'synset:collection.n.01')"
1129,ki,qi.n.01,1,47748,"('lexname:noun.state', 'synset:energy.n.05', 'synset:good_health.n.01', 'synset:physical_condition.n.01', 'synset:condition.n.01')"
1130,lore,lore.n.01,3,24044,"('lexname:noun.cognition', 'synset:content.n.05', 'synset:cognition.n.01', 'synset:psychological_feature.n.01', 'synset:abstraction.n.06')"
1131,arithmetic,arithmetic.n.01,2,34768,"('lexname:noun.cognition', 'synset:pure_mathematics.n.01', 'synset:mathematics.n.01', 'synset:science.n.01', 'synset:discipline.n.01')"
1132,credential,certificate.n.01,9,49920,"('lexname:noun.communication', 'synset:document.n.01', 'synset:writing.n.02', 'synset:written_communication.n.01', 'synset:communication.n.02')"
1133,trolling,troll.n.04,1,38098,"('lexname:noun.act', 'synset:angling.n.01', 'synset:fishing.n.01', 'synset:outdoor_sport.n.01', 'synset:sport.n.01')"
1134,fungus,fungus.n.01,69,39526,"('lexname:noun.plant', 'synset:organism.n.01', 'synset:living_thing.n.01', 'synset:whole.n.02', 'synset:object.n.01')"
1135,thyroid,thyroid_gland.n.01,1,30523,"('lexname:noun.body', 'synset:endocrine_gland.n.01', 'synset:gland.n.01', 'synset:organ.n.01', 'synset:body_part.n.01')"
1136,waking,waking.n.01,2,23137,"('lexname:noun.cognition', 'synset:consciousness.n.01', 'synset:cognitive_state.n.01', 'synset:psychological_state.n.01', 'synset:condition.n.01')"
1137,fetus,fetus.n.01,4,31076,"('lexname:noun.animal', 'synset:vertebrate.n.01', 'synset:chordate.n.01', 'synset:animal.n.01', 'synset:organism.n.01')"
1138,cheering,cheering.n.01,1,29732,"('lexname:noun.communication', 'synset:encouragement.n.01', 'synset:approval.n.04', 'synset:message.n.02', 'synset:communication.n.02')"
1139,zinc,zinc.n.01,2,31861,"('lexname:noun.substance', 'synset:metallic_element.n.01', 'synset:chemical_element.n.01', 'synset:substance.n.01', 'synset:matter.n.03')"
1140,mock,mock.n.01,1,15290,"('lexname:noun.act', 'synset:derision.n.02', 'synset:discourtesy.n.03', 'synset:behavior.n.01', 'synset:activity.n.01')"
1141,combo,jazz_band.n.01,1,14831,"('lexname:noun.group', 'synset:dance_band.n.01', 'synset:musical_organization.n.01', 'synset:organization.n.01', 'synset:social_group.n.01')"
1142,thug,hood.n.01,2,47641,"('lexname:noun.person', 'synset:criminal.n.01', 'synset:principal.n.05', 'synset:wrongdoer.n.01', 'synset:bad_person.n.01')"
1143,lev,lev.n.01,1,23145,"('lexname:noun.quantity', 'synset:bulgarian_monetary_unit.n.01', 'synset:monetary_unit.n.01', 'synset:unit_of_measurement.n.01', 'synset:definite_quantity.n.01')"
1144,legislature,legislature.n.01,9,15928,"('lexname:noun.group', 'synset:assembly.n.04', 'synset:gathering.n.01', 'synset:social_group.n.01', 'synset:group.n.01')"
1145,laser,laser.n.01,1,12855,"('lexname:noun.artifact', 'synset:optical_device.n.01', 'synset:device.n.01', 'synset:instrumentality.n.03', 'synset:artifact.n.01')"
1146,defendant,defendant.n.01,3,11304,"('lexname:noun.person', 'synset:litigant.n.01', 'synset:party.n.05', 'synset:person.n.01', 'synset:causal_agent.n.01')"
1147,steady,sweetheart.n.01,4,11831,"('lexname:noun.person', 'synset:lover.n.01', 'synset:person.n.01', 'synset:causal_agent.n.01', 'synset:physical_entity.n.01')"
1148,dismantling,dismantling.n.01,1,41928,"('lexname:noun.act', 'synset:activity.n.01', 'synset:act.n.02', 'synset:event.n.01', 'synset:psychological_feature.n.01')"
1149,deer,deer.n.01,17,20096,"('lexname:noun.animal', 'synset:ruminant.n.01', 'synset:even-toed_ungulate.n.01', 'synset:ungulate.n.01', 'synset:placental.n.01')"
1150,divorce,divorce.n.01,1,13609,"('lexname:noun.act', 'synset:separation.n.05', 'synset:group_action.n.01', 'synset:act.n.02', 'synset:event.n.01')"
1151,thirteen,thirteen.n.01,1,28306,"('lexname:noun.quantity', 'synset:large_integer.n.01', 'synset:integer.n.01', 'synset:number.n.02', 'synset:definite_quantity.n.01')"
1152,herbal,herb_tea.n.01,2,35867,"('lexname:noun.food', 'synset:tea.n.01', 'synset:beverage.n.01', 'synset:food.n.01', 'synset:substance.n.07')"
1153,funny,funny_story.n.01,1,8258,"('lexname:noun.communication', 'synset:joke.n.01', 'synset:wit.n.01', 'synset:message.n.02', 'synset:communication.n.02')"
1154,mobility,mobility.n.01,7,15873,"('lexname:noun.attribute', 'synset:quality.n.01', 'synset:attribute.n.02', 'synset:abstraction.n.06', 'synset:entity.n.01')"
1155,dangling,suspension.n.06,1,47270,"('lexname:noun.act', 'synset:support.n.08', 'synset:activity.n.01', 'synset:act.n.02', 'synset:event.n.01')"
1156,incest,incest.n.01,1,35961,"('lexname:noun.act', 'synset:unlawful_carnal_knowledge.n.01', 'synset:sexual_intercourse.n.01', 'synset:sexual_activity.n.01', 'synset:bodily_process.n.01')"
1157,yelling,yelling.n.01,1,22187,"('lexname:noun.communication', 'synset:cry.n.01', 'synset:utterance.n.01', 'synset:auditory_communication.n.01', 'synset:communication.n.02')"
1158,remove,remove.n.01,1,4781,"('lexname:noun.attribute', 'synset:distance.n.01', 'synset:spacing.n.02', 'synset:placement.n.01', 'synset:position.n.07')"
1159,cancer,cancer.n.01,5,4890,"('lexname:noun.state', 'synset:malignant_tumor.n.01', 'synset:malignancy.n.01', 'synset:disease.n.01', 'synset:illness.n.01')"
1160,brethren,brethren.n.01,1,29644,"('lexname:noun.group', 'synset:sect.n.01', 'synset:religion.n.02', 'synset:institution.n.01', 'synset:organization.n.01')"
1161,reimbursement,reimbursement.n.01,4,37030,"('lexname:noun.possession', 'synset:compensation.n.01', 'synset:recompense.n.01', 'synset:payment.n.01', 'synset:cost.n.01')"
1162,hostilities,hostilities.n.01,1,39082,"('lexname:noun.act', 'synset:combat.n.01', 'synset:battle.n.01', 'synset:military_action.n.01', 'synset:group_action.n.01')"
1163,contents,contents.n.01,2,10154,"('lexname:noun.communication', 'synset:list.n.01', 'synset:database.n.01', 'synset:information.n.01', 'synset:message.n.02')"
1164,telescope,telescope.n.01,6,24344,"('lexname:noun.artifact', 'synset:magnifier.n.01', 'synset:scientific_instrument.n.01', 'synset:instrument.n.01', 'synset:device.n.01')"
1165,daytime,day.n.04,4,32899,"('lexname:noun.time', 'synset:time_period.n.01', 'synset:fundamental_quantity.n.01', 'synset:measure.n.02', 'synset:abstraction.n.06')"
1166,dwelling,dwelling.n.01,14,26765,"('lexname:noun.artifact', 'synset:housing.n.01', 'synset:structure.n.01', 'synset:artifact.n.01', 'synset:whole.n.02')"
1167,relapse,backsliding.n.01,2,47861,"('lexname:noun.act', 'synset:failure.n.01', 'synset:nonaccomplishment.n.01', 'synset:act.n.02', 'synset:event.n.01')"
1168,km,kilometer.n.01,1,10571,"('lexname:noun.quantity', 'synset:metric_linear_unit.n.01', 'synset:linear_unit.n.01', 'synset:unit_of_measurement.n.01', 'synset:definite_quantity.n.01')"
1169,outskirts,outskirts.n.01,1,30140,"('lexname:noun.location', 'synset:section.n.03', 'synset:area.n.01', 'synset:region.n.03', 'synset:location.n.01')"
1170,tore,torus.n.02,1,26197,"('lexname:noun.artifact', 'synset:molding.n.02', 'synset:decoration.n.01', 'synset:artifact.n.01', 'synset:whole.n.02')"
1171,infertility,sterility.n.02,5,47906,"('lexname:noun.state', 'synset:physical_condition.n.01', 'synset:condition.n.01', 'synset:state.n.02', 'synset:attribute.n.02')"
1172,literacy,literacy.n.01,1,31231,"('lexname:noun.cognition', 'synset:skill.n.01', 'synset:ability.n.02', 'synset:cognition.n.01', 'synset:psychological_feature.n.01')"
1173,entrepreneur,entrepreneur.n.01,1,19500,"('lexname:noun.person', 'synset:businessperson.n.01', 'synset:capitalist.n.02', 'synset:person.n.01', 'synset:causal_agent.n.01')"
1174,lifespan,life.n.05,2,30458,"('lexname:noun.time', 'synset:time_period.n.01', 'synset:fundamental_quantity.n.01', 'synset:measure.n.02', 'synset:abstraction.n.06')"
1175,fumes,exhaust.n.01,2,47301,"('lexname:noun.substance', 'synset:gas.n.02', 'synset:fluid.n.02', 'synset:matter.n.03', 'synset:physical_entity.n.01')"
1176,topping,topping.n.01,6,34366,"('lexname:noun.food', 'synset:garnish.n.01', 'synset:decoration.n.01', 'synset:artifact.n.01', 'synset:whole.n.02')"
1177,recipe,recipe.n.01,1,8364,"('lexname:noun.communication', 'synset:direction.n.06', 'synset:message.n.02', 'synset:communication.n.02', 'synset:abstraction.n.06')"
1178,creditor,creditor.n.01,2,45848,"('lexname:noun.person', 'synset:person.n.01', 'synset:causal_agent.n.01', 'synset:physical_entity.n.01', 'synset:entity.n.01')"
1179,carbohydrate,carbohydrate.n.01,12,28205,"('lexname:noun.substance', 'synset:macromolecule.n.01', 'synset:molecule.n.01', 'synset:unit.n.05', 'synset:thing.n.12')"
1180,shelling,barrage.n.02,1,38406,"('lexname:noun.act', 'synset:fire.n.02', 'synset:attack.n.01', 'synset:operation.n.05', 'synset:activity.n.01')"
1181,masse,masse.n.01,1,41869,"('lexname:noun.act', 'synset:stroke.n.01', 'synset:maneuver.n.03', 'synset:motion.n.06', 'synset:change.n.03')"
1182,optic,eye.n.01,7,43151,"('lexname:noun.body', 'synset:sense_organ.n.01', 'synset:organ.n.01', 'synset:body_part.n.01', 'synset:part.n.03')"
1183,seats,seating.n.01,8,8632,"('lexname:noun.artifact', 'synset:room.n.02', 'synset:position.n.07', 'synset:relation.n.01', 'synset:abstraction.n.06')"
1184,fascist,fascist.n.01,5,28342,"('lexname:noun.person', 'synset:rightist.n.01', 'synset:conservative.n.01', 'synset:adult.n.01', 'synset:person.n.01')"
1185,comparative,comparative.n.01,2,29270,"('lexname:noun.communication', 'synset:adjective.n.01', 'synset:modifier.n.01', 'synset:content_word.n.01', 'synset:word.n.01')"
1186,wellness,health.n.01,1,42506,"('lexname:noun.state', 'synset:wellbeing.n.01', 'synset:prosperity.n.02', 'synset:good_fortune.n.01', 'synset:fortune.n.04')"
1187,transistor,transistor.n.01,3,49176,"('lexname:noun.artifact', 'synset:semiconductor_device.n.01', 'synset:conductor.n.04', 'synset:device.n.01', 'synset:instrumentality.n.03')"
1188,locking,locking.n.01,1,22656,"('lexname:noun.act', 'synset:protection.n.01', 'synset:activity.n.01', 'synset:act.n.02', 'synset:event.n.01')"
1189,phenotype,phenotype.n.01,1,47174,"('lexname:noun.attribute', 'synset:constitution.n.04', 'synset:property.n.02', 'synset:attribute.n.02', 'synset:abstraction.n.06')"
1190,emulator,copycat.n.01,3,38274,"('lexname:noun.person', 'synset:person.n.01', 'synset:causal_agent.n.01', 'synset:physical_entity.n.01', 'synset:entity.n.01')"
1191,lower,lower_berth.n.01,1,2793,"('lexname:noun.artifact', 'synset:berth.n.03', 'synset:bed.n.01', 'synset:bedroom_furniture.n.01', 'synset:furniture.n.01')"
1192,preseason,preseason.n.01,2,18913,"('lexname:noun.time', 'synset:season.n.01', 'synset:time_period.n.01', 'synset:fundamental_quantity.n.01', 'synset:measure.n.02')"
1193,scoff,jeer.n.01,1,39247,"('lexname:noun.communication', 'synset:derision.n.01', 'synset:disrespect.n.01', 'synset:message.n.02', 'synset:communication.n.02')"
1194,knocking,knock.n.01,1,21500,"('lexname:noun.event', 'synset:sound.n.04', 'synset:happening.n.01', 'synset:event.n.01', 'synset:psychological_feature.n.01')"
1195,midway,midway.n.01,1,37720,"('lexname:noun.location', 'synset:tract.n.01', 'synset:geographical_area.n.01', 'synset:region.n.03', 'synset:location.n.01')"
1196,payday,payday.n.01,1,45691,"('lexname:noun.time', 'synset:day.n.03', 'synset:calendar_day.n.01', 'synset:time_period.n.01', 'synset:fundamental_quantity.n.01')"
1197,signing,sign_language.n.01,3,8415,"('lexname:noun.communication', 'synset:language.n.01', 'synset:communication.n.02', 'synset:abstraction.n.06', 'synset:entity.n.01')"
1198,coin,coin.n.01,38,10752,"('lexname:noun.possession', 'synset:coinage.n.01', 'synset:currency.n.01', 'synset:medium_of_exchange.n.01', 'synset:standard.n.01')"
1199,true,true.n.01,1,2081,"('lexname:noun.attribute', 'synset:alignment.n.02', 'synset:placement.n.01', 'synset:position.n.07', 'synset:relation.n.01')"
