ui	alias	key	domain	general
C000020	sialyllactose	sialyllactose	60	0
C000050	alisol A	alisol a	24	0
C000061	2-aminoadipic semialdehyde	2 - aminoadipic semialdehyde	1	0
C000061	allysine	allysine	8	0
C000090	galactaric acid	galactaric acid	3	0
C000090	mucic acid	mucic acid	3	0
C000154	alpinumisoflavone	alpinumisoflavone	18	0
C000168	benzyltrimethylammonium	benzyltrimethylammonium	5	0
C000168	benzyltrimethylammonium chloride	benzyltrimethylammonium chloride	1	0
C000168	benzyltrimethylammonium hydroxide	benzyltrimethylammonium hydroxide	1	0
C000168	benzyltrimethylammonium iodide	benzyltrimethylammonium iodide	1	0
C000219	2-aminobenzamide	2 - aminobenzamide	8	0
C000219	anthranilamide	anthranilamide	9	0
C000232	azalomycin F	azalomycin f	5	0
C000252	betalamic acid	betalamic acid	5	0
C000269	bikaverin	bikaverin	6	0
C000352	elenolic acid	elenolic acid	5	0
C000430	CDMT	cdmt	8	0
C000433	3-chloroperbenzoic acid	3 - chloroperbenzoic acid	1	0
C000433	MCPBA	mcpba	18	0
C000433	m-CPBA	m - cpba	4	0
C000433	m-chloroperbenzoic acid	m - chloroperbenzoic acid	2	0
C000433	meta-chloroperoxybenzoic acid	meta - chloroperoxybenzoic acid	5	0
C000458	N-acetyllactosamine	n - acetyllactosamine	13	0
C000475	4-cholesten-3-one	4 - cholesten - 3 - one	9	0
C000475	cholest-4-en-3-one	cholest - 4 - en - 3 - one	3	0
C000515	cremophor EL	cremophor el	11	0
C000515	polyoxyl 35 castor oil	polyoxyl 35 castor oil	1	0
C000516	CBDP	cbdp	34	0
C000588473	letermovir	letermovir	242	0
C000588556	remodelin	remodelin	57	0
C000588659	theranekron	theranekron	12	0
C000588709	GK921	gk921	5	0
C000588741	saroglitazar	saroglitazar	77	0
C000588820	carotegrast methyl	carotegrast methyl	10	0
C000588857	CNTO 1959	cnto 1959	1	0
C000588857	Tremfya	tremfya	2	0
C000588857	guselkumab	guselkumab	385	0
C000588862	P3HT polymer	p3ht polymer	1	0
C000588862	poly(3-hexylthiophene-2,5-diyl)	poly ( 3 - hexylthiophene - 2 , 5 - diyl )	14	0
C000588959	AG NPP709	ag npp709	7	0
C000589002	afoxolaner	afoxolaner	56	0
C000589253	copanlisib	copanlisib	41	0
C000589254	UNC569	unc569	5	0
C000589308	naloxegol	naloxegol	20	0
C000589319	MM-121	mm - 121	1	0
C000589319	seribantumab	seribantumab	6	0
C000589325	RX-3117	rx - 3117	3	0
C000589325	fluorocyclopentenylcytosine	fluorocyclopentenylcytosine	8	0
C000589391	GS-9973	gs - 9973	1	0
C000589391	entospletinib	entospletinib	6	0
C000589473	PEG-PLGA	peg - plga	49	0
C000589490	RTA-408	rta - 408	20	0
C000589490	omaveloxolone	omaveloxolone	57	0
C000589611	CMC2.24	cmc2 . 24	5	0
C000589635	MIL-101	mil - 101	247	0
C000589719	hsa-mir-1293	hsa - mir - 1293	8	0
C000590217	TAS-115	tas - 115	7	0
C000590226	RGC100	rgc100	11	0
C000590234	racotumomab	racotumomab	14	0
C000590371	EW-7197	ew - 7197	15	0
C000590371	vactosertib	vactosertib	11	0
C000590692	rebaudioside M	rebaudioside m	17	0
C000590780	contezolid	contezolid	123	0
C000590912	Addavax	addavax	37	0
C000590915	Aticaprant	aticaprant	4	0
C000590915	CERC-501	cerc - 501	2	0
C000590915	LY2456302	ly2456302	2	0
C000590992	Filtek Supreme Ultra	filtek supreme ultra	8	0
C000591008	AV-1451	av - 1451	7	0
C000591008	AV1451	av1451	13	0
C000591008	flortaucipir	flortaucipir	123	0
C000591018	Xenleta	xenleta	1	0
C000591018	lefamulin	lefamulin	38	0
C000591191	strigolactone	strigolactone	106	0
C000591235	spautin-1	spautin - 1	24	0
C000591478	CD1530	cd1530	11	0
C000591488	ECa 233	eca 233	6	0
C000591612	T7 peptide	t7 peptide	10	0
C000591640	omadacycline	omadacycline	245	0
C000591716	protectin DX	protectin dx	18	0
C000591843	litronesib	litronesib	7	0
C000591844	fruquintinib	fruquintinib	218	0
C000591860	fluralaner	fluralaner	150	0
C000591892	cyenopyrafen	cyenopyrafen	9	0
C000592123	tagraxofusp	tagraxofusp	46	0
C000592123	tagraxofusp-erzs	tagraxofusp - erzs	1	0
C000592144	ASP7663	asp7663	11	0
C000592351	AZD3965	azd3965	12	0
C000592400	olokizumab	olokizumab	10	0
C000592413	ozenoxacin	ozenoxacin	6	0
C000592454	AZ-628	az - 628	13	0
C000592472	pyroxasulfone	pyroxasulfone	26	0
C000592493	LX1606	lx1606	1	0
C000592493	telotristat	telotristat	12	0
C000592638	Wuji pill	wuji pill	5	0
C000592662	doravirine	doravirine	140	0
C000592704	2,3,5-trimethylpyrazine	2 , 3 , 5 - trimethylpyrazine	8	0
C000592783	PBTZ169	pbtz169	9	0
C000592793	VCH-222	vch - 222	1	0
C000592793	VX-222	vx - 222	1	0
C000592793	lomibuvir	lomibuvir	4	0
C000592878	UMI-77	umi - 77	10	0
C000592924	BS-181	bs - 181	8	0
C000592937	ISA-2011B	isa - 2011b	8	0
C000593030	GSK-J4	gsk - j4	54	0
C000593120	maxresorb	maxresorb	7	0
C000593132	6-methoxyflavone	6 - methoxyflavone	12	0
C000593255	apcin	apcin	10	0
C000593259	savolitinib	savolitinib	108	0
C000593263	afuresertib	afuresertib	14	0
C000593291	huaiqihuang	huaiqihuang	8	0
C000593333	EPZ-6438	epz - 6438	8	0
C000593333	EPZ6438	epz6438	7	0
C000593333	tazemetostat	tazemetostat	62	0
C000593334	CB-839	cb - 839	61	0
C000593345	linalool oxide	linalool oxide	24	0
C000593569	periplocymarin	periplocymarin	7	0
C000593572	VPS34-IN1	vps34 - in1	10	0
C000593612	Volanesorsen	volanesorsen	33	0
C000593616	TAS-117	tas - 117	8	0
C000593855	KPT-335	kpt - 335	5	0
C000593855	verdinexor	verdinexor	4	0
C000593860	relamorelin	relamorelin	6	0
C000593861	anamorelin	anamorelin	67	0
C000593861	anamorelin hydrochloride	anamorelin hydrochloride	1	0
C000594008	3-O-ETHYL ASCORBIC ACID	3 - o - ethyl ascorbic acid	3	0
C000594008	3-O-ethylascorbic acid	3 - o - ethylascorbic acid	2	0
C000594038	ceftolozane - tazobactam	ceftolozane - tazobactam	60	0
C000594049	microRNA-27a	microrna - 27a	5	0
C000594124	3,4,3-LI(1,2-HOPO)	3 , 4 , 3 - li ( 1 , 2 - hopo )	6	0
C000594137	hsa-mir-620	hsa - mir - 620	8	0
C000594239	benzosuberone	benzosuberone	7	0
C000594254	ningnanmycin	ningnanmycin	12	0
C000594652	SAR405	sar405	5	0
C000594993	JNJ-40411813	jnj - 40411813	10	0
C000595064	urolithin B	urolithin b	23	0
C000595156	3,4-DMMC	3 , 4 - dmmc	5	0
C000595156	3,4-dimethylmethcathinone	3 , 4 - dimethylmethcathinone	1	0
C000595188	Asparlas	asparlas	5	0
C000595188	calaspargase pegol	calaspargase pegol	2	0
C000595205	duhuo	duhuo	26	0
C000595209	PEG 1000	peg 1000	3	0
C000595209	polyethylene glycol 1000	polyethylene glycol 1000	18	0
C000595210	PEG 2000	peg 2000	9	0
C000595210	PEG-2000	peg - 2000	4	0
C000595210	polyethylene glycol 2000	polyethylene glycol 2000	3	0
C000595214	polyethylene glycol 4000	polyethylene glycol 4000	5	0
C000595449	trelagliptin	trelagliptin	8	0
C000595455	LY2510924	ly2510924	7	0
C000595478	GLPG0974	glpg0974	8	0
C000595610	3-methylmethcathinone	3 - methylmethcathinone	12	0
C000595639	erinacine A	erinacine a	10	0
C000595640	tralopyril	tralopyril	15	0
C000595926	25B-NBOMe	25b - nbome	7	0
C000595957	Akynzeo	akynzeo	9	0
C000595972	AZD8186	azd8186	7	0
C000596092	garcinone C	garcinone c	9	0
C000596355	re du ning	re du ning	1	0
C000596355	reduning	reduning	7	0
C000596356	ermiao	ermiao	3	0
C000596356	ermiao fang	ermiao fang	2	0
C000596357	jianpi jiedu	jianpi jiedu	5	0
C000596361	AZD-9291	azd - 9291	3	0
C000596361	AZD9291	azd9291	13	0
C000596361	Tagrisso	tagrisso	1	0
C000596361	osimertinib	osimertinib	1734	0
C000596361	osimertinib mesylate	osimertinib mesylate	2	0
C000596367	bimagrumab	bimagrumab	39	0
C000596368	riparin A	riparin a	6	0
C000596385	Cone-Rod Dystrophy And Amelogenesis Imperfecta	cone - rod dystrophy and amelogenesis imperfecta	1	0
C000596385	Jalili syndrome	jalili syndrome	4	0
C000596495	Jeselhy	jeselhy	1	0
C000596495	TAS-116	tas - 116	7	0
C000596495	pimitespib	pimitespib	21	0
C000596536	Paris saponin VII	paris saponin vii	8	0
C000596538	gnetin H	gnetin h	8	0
C000596550	Takhzyro	takhzyro	3	0
C000596550	lanadelumab	lanadelumab	101	0
C000596749	oroxylin A-7-O-glucuronide	oroxylin a - 7 - o - glucuronide	2	0
C000596749	oroxyloside	oroxyloside	7	0
C000597020	sephin1	sephin1	19	0
C000597194	IRMOF-3	irmof - 3	8	0
C000597302	GSK2656157	gsk2656157	7	0
C000597304	polyphyllin H	polyphyllin h	6	0
C000597312	Gefapixant	gefapixant	22	0
C000597368	ontamalimab	ontamalimab	9	0
C000597460	puberulic acid	puberulic acid	20	0
C000597572	intermedine	intermedine	5	0
C000597686	68Ga-pentixafor	68ga - pentixafor	66	0
C000597686	pentixafor	pentixafor	177	0
C000597744	diethylamino hydroxybenzoyl hexyl benzoate	diethylamino hydroxybenzoyl hexyl benzoate	5	0
C000597811	malabaricane	malabaricane	5	0
C000597819	salvianolic acid C	salvianolic acid c	19	0
C000597839	MitoSox Red	mitosox red	22	0
C000597954	xiaoji	xiaoji	10	0
C000598109	4,4'-DMAR	4 , 4 ' - dmar	14	0
C000598109	4,4'-dimethylaminorex	4 , 4 ' - dimethylaminorex	1	0
C000598250	XTSJ decoction	xtsj decoction	3	0
C000598250	xiaotan sanjie	xiaotan sanjie	4	0
C000598346	tiliacorinine	tiliacorinine	8	0
C000598415	duhuo jisheng	duhuo jisheng	13	0
C000598434	Ilumya	ilumya	1	0
C000598434	MK-3222	mk - 3222	1	0
C000598434	tildrakizumab	tildrakizumab	137	0
C000598562	poacic acid	poacic acid	8	0
C000598564	AKB-9778	akb - 9778	8	0
C000598580	brigatinib	brigatinib	128	0
C000598618	mirogabalin	mirogabalin	110	0
C000598619	phloretin-4'-O-glucoside	phloretin - 4 ' - o - glucoside	1	0
C000598619	trilobatin	trilobatin	27	0
C000598753	xihuang	xihuang	17	0
C000598891	ligelizumab	ligelizumab	27	0
C000599097	LCR-263	lcr - 263	2	0
C000599097	centrinone	centrinone	4	0
C000599113	premarineosin A	premarineosin a	9	0
C000599117	CaMoO4	camoo4	13	0
C000599177	Ti-Zr alloy	ti - zr alloy	2	0
C000599177	TiZr alloy	tizr alloy	4	0
C000599187	VT-1161	vt - 1161	1	0
C000599187	oteseconazole	oteseconazole	29	0
C000599192	SW033291	sw033291	5	0
C000599209	Sarclisa	sarclisa	1	0
C000599209	isatuximab	isatuximab	106	0
C000599209	isatuximab-irfc	isatuximab - irfc	1	0
C000599293	CG100649	cg100649	1	0
C000599293	polmacoxib	polmacoxib	13	0
C000599307	STF-31	stf - 31	5	0
C000599310	hsa-mir-324	hsa - mir - 324	6	0
C000599417	tenapanor	tenapanor	70	0
C000599478	Bi2MoO6	bi2moo6	87	0
C000599569	xin-ji-er-kang	xin - ji - er - kang	8	0
C000599718	daprodustat	daprodustat	56	0
C000599896	EPZ015666	epz015666	20	0
C000599921	2,5-dihydroxyterephthalic acid	2 , 5 - dihydroxyterephthalic acid	5	0
C000599967	lupalbigenin	lupalbigenin	8	0
C000600177	iRoot BP Plus	iroot bp plus	42	0
C000600260	licochalcone C	licochalcone c	8	0
C000600304	LLY-507	lly - 507	9	0
C000600334	VO-OHpic	vo - ohpic	11	0
C000600619	SBA-16	sba - 16	21	0
C000600621	pyroligneous acid	pyroligneous acid	5	0
C000600920	shexiang tongxin	shexiang tongxin	9	0
C000600949	leu-lys	leu - lys	5	0
C000601074	sappanone A	sappanone a	6	0
C000601108	Braftovi	braftovi	1	0
C000601108	encorafenib	encorafenib	124	0
C000601156	hemicyanine	hemicyanine	74	0
C000601169	Curodont	curodont	22	0
C000601169	P11-4 peptide	p11 - 4 peptide	2	0
C000601362	SL25.1188	sl25 . 1188	16	0
C000601502	LY3000328	ly3000328	9	0
C000601538	2-(N-methylperfluorooctanesulfonamido)acetic acid	2 - ( n - methylperfluorooctanesulfonamido ) acetic acid	1	0
C000601538	N-MeFOSAA	n - mefosaa	6	0
C000601818	jinlida	jinlida	11	0
C000601820	ampreloxetine	ampreloxetine	9	0
C000601857	ametoctradin	ametoctradin	11	0
C000601947	PEX168	pex168	3	0
C000601947	polyethylene glycol loxenatide	polyethylene glycol loxenatide	16	0
C000602100	lupiwighteone	lupiwighteone	9	0
C000602389	PSMA-617	psma - 617	457	0
C000602429	antcin K	antcin k	8	0
C000602450	C-terminal agrin fragment	c - terminal agrin fragment	12	0
C000602458	AZ10606120	az10606120	10	0
C000602662	4-chloromethcathinone	4 - chloromethcathinone	1	0
C000602662	clephedrone	clephedrone	9	0
C000602878	mitazalimab	mitazalimab	6	0
C000602884	leucettamine B	leucettamine b	5	0
C000603040	gintonin	gintonin	49	0
C000603069	3-nitrooxypropanol	3 - nitrooxypropanol	33	0
C000603360	gemilukast	gemilukast	8	0
C000603433	benzovindiflupyr	benzovindiflupyr	13	0
C000603580	A-1331852	a - 1331852	16	0
C000603606	SPR720	spr720	13	0
C000603861	RGFP966	rgfp966	40	0
C000603935	aripiprazole lauroxil	aripiprazole lauroxil	8	0
C000603944	netarsudil	netarsudil	53	0
C000603960	vericiguat	vericiguat	341	0
C000603960	verquvo	verquvo	1	0
C000603972	molidustat	molidustat	29	0
C000603996	1,1- diethoxyethane	1 , 1 - diethoxyethane	11	0
C000603996	1,1-diethoxyethane	1 , 1 - diethoxyethane	11	0
C000604051	danshen dripping	danshen dripping	6	0
C000604051	danshen dripping pill	danshen dripping pill	3	0
C000604054	folenolide	folenolide	5	0
C000604116	oroxin B	oroxin b	9	0
C000604167	NSC697923	nsc697923	7	0
C000604171	velpatasvir	velpatasvir	70	0
C000604197	mecasermin	mecasermin	5	0
C000604315	fremanezumab	fremanezumab	125	0
C000604362	jieduquyuziyin	jieduquyuziyin	10	0
C000604456	ABT-806	abt - 806	1	0
C000604456	depatuxizumab	depatuxizumab	8	0
C000604523	Cypate	cypate	5	0
C000604568	qiangzhi	qiangzhi	7	0
C000604580	JNJ-42756493	jnj - 42756493	7	0
C000604580	erdafitinib	erdafitinib	111	0
C000604601	5-demethylnobiletin	5 - demethylnobiletin	5	0
C000604661	Sinus Tarsi Syndrome	sinus tarsi syndrome	10	0
C000604698	lipofermata	lipofermata	10	0
C000604732	tozuleristide	tozuleristide	10	0
C000604908	ACP-196	acp - 196	1	0
C000604908	acalabrutinib	acalabrutinib	260	0
C000604955	ALD518	ald518	1	0
C000604955	clazakizumab	clazakizumab	12	0
C000604998	GSK1482160	gsk1482160	12	0
C000605010	VX-787	vx - 787	3	0
C000605010	pimodivir	pimodivir	6	0
C000605263	DanQi	danqi	4	0
C000605263	danqi tongmai	danqi tongmai	2	0
C000605298	JBIR-141	jbir - 141	5	0
C000605331	OTX015	otx015	14	0
C000605449	Kai-Xin-San	kai - xin - san	10	0
C000605449	kai xin san	kai xin san	2	0
C000605449	kaixinsan	kaixinsan	4	0
C000605453	HJD decoction	hjd decoction	1	0
C000605453	huanglian jiedu	huanglian jiedu	17	0
C000605453	huanglian jiedu decoction	huanglian jiedu decoction	14	0
C000605548	hsa-mir-1247	hsa - mir - 1247	11	0
C000605706	bamboo salt	bamboo salt	7	0
C000605748	5-methoxyflavone	5 - methoxyflavone	19	0
C000605878	azoramide	azoramide	7	0
C000605975	dihydrozeatin	dihydrozeatin	10	0
C000606131	samidorphan	samidorphan	17	0
C000606272	CB-5083	cb - 5083	13	0
C000606503	1,2-benzothiazine	1 , 2 - benzothiazine	9	0
C000606545	AKB-48	akb - 48	11	0
C000606673	MR-409	mr - 409	13	0
C000606701	Trp-Trp	trp - trp	12	0
C000606701	tryptophan-tryptophan	tryptophan - tryptophan	3	0
C000606714	PF-5190457	pf - 5190457	5	0
C000606751	radotinib	radotinib	18	0
C000606873	ursane	ursane	25	0
C000606894	3-O-rutinoside	3 - o - rutinoside	74	0
C000606954	Onpattro	onpattro	15	0
C000606954	patisiran	patisiran	34	0
C000606979	DSM265	dsm265	10	0
C000607289	Elahere	elahere	15	0
C000607289	mirvetuximab soravtansine	mirvetuximab soravtansine	78	0
C000607289	mirvetuximab soravtansine-gynx	mirvetuximab soravtansine - gynx	8	0
C000607300	ONO-2952	ono - 2952	5	0
C000607342	YW3-56	yw3 - 56	7	0
C000607343	TJ-M2010-5	tj - m2010 - 5	7	0
C000607367	SOMCL-668	somcl - 668	10	0
C000607438	1-butyl-1-methylpyrrolidinium	1 - butyl - 1 - methylpyrrolidinium	6	0
C000607488	rhodol	rhodol	9	0
C000607503	massa medicata fermentata	massa medicata fermentata	5	0
C000607547	CS-3150	cs - 3150	8	0
C000607547	esaxerenone	esaxerenone	91	0
C000607554	SAR7334	sar7334	5	0
C000607558	GSK2795039	gsk2795039	20	0
C000607739	darolutamide	darolutamide	250	0
C000607776	ozanimod	ozanimod	124	0
C000607776	zeposia	zeposia	1	0
C000607859	1,3,5-triformylphloroglucinol	1 , 3 , 5 - triformylphloroglucinol	7	0
C000607972	dapirolizumab pegol	dapirolizumab pegol	15	0
C000607999	99mTc-methoxyisobutylisonitrile	99mtc - methoxyisobutylisonitrile	9	0
C000608065	peficitinib	peficitinib	20	0
C000608114	MBX-2982	mbx - 2982	5	0
C000608118	ibiglustat	ibiglustat	1	0
C000608118	venglustat	venglustat	8	0
C000608121	LY2606368	ly2606368	1	0
C000608121	prexasertib	prexasertib	21	0
C000608132	IMMU-132	immu - 132	15	0
C000608132	Trodelvy	trodelvy	11	0
C000608132	sacituzumab govitecan	sacituzumab govitecan	250	0
C000608225	18F-THK5351	18f - thk5351	12	0
C000608225	THK5351	thk5351	21	0
C000608232	vibegron	vibegron	80	0
C000608238	ONO-4059	ono - 4059	1	0
C000608238	tirabrutinib	tirabrutinib	49	0
C000608358	heterophyllin B	heterophyllin b	5	0
C000608364	oroxin A	oroxin a	13	0
C000608388	AZD3293	azd3293	1	0
C000608388	lanabecestat	lanabecestat	5	0
C000608435	N-desmethyl-acetamiprid	n - desmethyl - acetamiprid	6	0
C000608518	OP0595	op0595	7	0
C000608518	nacubactam	nacubactam	105	0
C000608559	ARQ 092	arq 092	1	0
C000608559	Miransertib	miransertib	13	0
C000608700	aluminum chloride phthalocyanine	aluminum chloride phthalocyanine	6	0
C000608782	olipudase alfa	olipudase alfa	30	0
C000608782	xenpozyme	xenpozyme	1	0
C000608808	Veozah	veozah	2	0
C000608808	fezolinetant	fezolinetant	79	0
C000608927	erinacine S	erinacine s	12	0
C000608952	bismerthiazol	bismerthiazol	13	0
C000608976	amicarbazone	amicarbazone	6	0
C000609080	gilteritinib	gilteritinib	190	0
C000609395	3-keto-DON	3 - keto - don	8	0
C000609455	dasotraline	dasotraline	20	0
C000609471	SHP099	shp099	16	0
C000609635	CDN1163	cdn1163	28	0
C000609675	curzerene	curzerene	30	0
C000609735	CC-885	cc - 885	8	0
C000609745	inebilizumab	inebilizumab	115	0
C000609766	LTX-315	ltx - 315	14	0
C000609769	Fmoc-FF	fmoc - ff	25	0
C000609791	AZD8797	azd8797	6	0
C000609819	squaramide	squaramide	61	0
C000609913	AZD1979	azd1979	5	0
C000609985	lugdunin	lugdunin	6	0
C000610110	177Lu-PSMA-617	177lu - psma - 617	118	0
C000610110	Pluvicto	pluvicto	36	0
C000610110	lutetium (177Lu) vipivotide tetraxetan	lutetium ( 177lu ) vipivotide tetraxetan	2	0
C000610367	BDA-366	bda - 366	8	0
C000610527	CIN-102	cin - 102	8	0
C000610588	danzhi jiangtang	danzhi jiangtang	5	0
C000610643	majoon ushba	majoon ushba	9	0
C000610906	1,2,4-butanetriol	1 , 2 , 4 - butanetriol	5	0
C000610954	danvatirsen	danvatirsen	5	0
C000611095	henagliflozin	henagliflozin	44	0
C000611222	guibi-tang	guibi - tang	7	0
C000611266	Anthim	anthim	1	0
C000611266	obiltoxaximab	obiltoxaximab	4	0
C000611309	xuanbai chengqi	xuanbai chengqi	5	0
C000611371	Aurantii fructus immaturus	aurantii fructus immaturus	24	0
C000611371	fructus aurantii immaturus	fructus aurantii immaturus	2	0
C000611387	lusutrombopag	lusutrombopag	7	0
C000611441	broflanilide	broflanilide	65	0
C000611702	germylene	germylene	10	0
C000611742	glutathione persulfide	glutathione persulfide	5	0
C000611840	ADX71743	adx71743	6	0
C000611863	cemtirestat	cemtirestat	15	0
C000611865	sitravatinib	sitravatinib	24	0
C000611951	AZD6738	azd6738	18	0
C000611951	ceralasertib	ceralasertib	68	0
C000611982	4-formylphenylboronic acid	4 - formylphenylboronic acid	7	0
C000612033	CEM cement	cem cement	11	0
C000612033	calcium-enriched mixture cement	calcium - enriched mixture cement	4	0
C000612073	BIA 10-2474	bia 10 - 2474	5	0
C000612165	AUTEN-67	auten - 67	5	0
C000612342	Xingren	xingren	6	0
C000612641	Visio.link	visio . link	8	0
C000612722	hsa-mir-4262	hsa - mir - 4262	5	0
C000612723	carboxyethyllysine	carboxyethyllysine	17	0
C000612830	shufeng jiedu	shufeng jiedu	9	0
C000612853	glecaprevir	glecaprevir	71	0
C000612856	Blujepa	blujepa	2	0
C000612856	GSK2140944	gsk2140944	2	0
C000612856	gepotidacin	gepotidacin	169	0
C000612881	nemolizumab	nemolizumab	166	0
C000612945	colla corii asini	colla corii asini	3	0
C000612945	ejiao	ejiao	22	0
C000612955	GO-Y078	go - y078	9	0
C000612969	Enamel Pro Varnish	enamel pro varnish	5	0
C000612973	Filtek Z550	filtek z550	15	0
C000612974	PRG Barrier Coat	prg barrier coat	6	0
C000613032	IRX4204	irx4204	10	0
C000613078	ADB-FUBINACA	adb - fubinaca	5	0
C000613158	IDegLira	ideglira	37	0
C000613185	SonicFill	sonicfill	11	0
C000613206	Poroid hidradenoma	poroid hidradenoma	6	0
C000613213	cobalt phosphide	cobalt phosphide	21	0
C000613388	1-ethyl-3-(3-dimethylaminopropyl)carbodiimide hydrochloride	1 - ethyl - 3 - ( 3 - dimethylaminopropyl ) carbodiimide hydrochloride	6	0
C000613417	aza-bodipy	aza - bodipy	29	0
C000613469	tafasitamab	tafasitamab	53	0
C000613732	Rinvoq	rinvoq	2	0
C000613732	upadacitinib	upadacitinib	1105	0
C000613752	epacadostat	epacadostat	10	0
C000613954	Opallis	opallis	14	0
C000613958	ENAMIC	enamic	78	0
C000613976	capmatinib	capmatinib	74	0
C000613977	Viperfav	viperfav	12	0
C000614007	moringin	moringin	15	0
C000614027	fangji huangqi decoction	fangji huangqi decoction	2	0
C000614027	huangqi decoction	huangqi decoction	5	0
C000614036	4SC-202	4sc - 202	1	0
C000614036	domatinostat	domatinostat	8	0
C000614067	AKT activator SC79	akt activator sc79	19	0
C000614079	2-dihydroailanthone	2 - dihydroailanthone	11	0
C000614279	PT2385	pt2385	18	0
C000614368	4-thiazolidinone	4 - thiazolidinone	13	0
C000614392	goreisan	goreisan	43	0
C000614552	alphitolic acid	alphitolic acid	10	0
C000614661	hetrombopag	hetrombopag	96	0
C000614713	Filtek Bulk Fill	filtek bulk fill	20	0
C000614727	S63845	s63845	21	0
C000614741	isopropylphenylbutanal	isopropylphenylbutanal	6	0
C000614924	ritlecitinib	ritlecitinib	122	0
C000614931	PNU-142300	pnu - 142300	6	0
C000614932	PNU-142586	pnu - 142586	11	0
C000614942	hsa-mir-1276	hsa - mir - 1276	7	0
C000614971	HP 129XE	hp 129xe	8	0
C000614971	Xenon-129	xenon - 129	6	0
C000614985	Cesium-131	cesium - 131	12	0
C000615038	Terbium-161	terbium - 161	38	0
C000615125	Lead-212	lead - 212	19	0
C000615149	Francium-221	francium - 221	6	0
C000615359	Scandium-47	scandium - 47	8	0
C000615412	Copper-67	copper - 67	6	0
C000615522	Ruthenium-106	ruthenium - 106	23	0
C000615592	Cereboost	cereboost	5	0
C000615602	AB-FUBINACA	ab - fubinaca	7	0
C000615620	ubrelvy	ubrelvy	1	0
C000615620	ubrogepant	ubrogepant	52	0
C000615713	SHR0302	shr0302	20	0
C000615713	ivarmacitinib	ivarmacitinib	92	0
C000616023	AS01B adjuvant	as01b adjuvant	5	0
C000616260	SAPO-34	sapo - 34	37	0
C000616653	BMS-986187	bms - 986187	11	0
C000616976	5F-ADB	5f - adb	30	0
C000617013	111Ag	111ag	3	0
C000617013	Silver-111	silver - 111	4	0
C000617020	CaFe2O4	cafe2o4	5	0
C000617020	calcium ferrite	calcium ferrite	2	0
C000617116	tetraphenylethylene	tetraphenylethylene	56	0
C000617219	2,3-dimethylpyrazine	2 , 3 - dimethylpyrazine	6	0
C000617862	KR-36996	kr - 36996	5	0
C000618147	heterophyllin J	heterophyllin j	6	0
C000618291	MK-6240	mk - 6240	74	0
C000618314	ulixertinib	ulixertinib	16	0
C000618323	11C-UCB-J	11c - ucb - j	17	0
C000618354	guanxin shutong	guanxin shutong	3	0
C000618354	guanxinshutong	guanxinshutong	2	0
C000618382	xinmailong	xinmailong	9	0
C000618388	gancidin W	gancidin w	12	0
C000618651	G-Coat Plus	g - coat plus	10	0
C000618653	EverX Posterior	everx posterior	15	0
C000619007	ublituximab	ublituximab	68	0
C000619415	fenebrutinib	fenebrutinib	11	0
C000619446	GIP (3-30)NH2	gip ( 3 - 30 ) nh2	6	0
C000619446	GIP(3-30)NH2	gip ( 3 - 30 ) nh2	6	0
C000619473	ACT-451840	act - 451840	7	0
C000619503	voxilaprevir	voxilaprevir	12	0
C000619516	IVA337	iva337	14	0
C000619516	lanifibranor	lanifibranor	16	0
C000619660	imidazopyridine	imidazopyridine	22	0
C000619717	4-EOTC	4 - eotc	7	0
C000619755	KD025	kd025	13	0
C000619812	perfluoropentanoate	perfluoropentanoate	1	0
C000619812	perfluoropentanoic acid	perfluoropentanoic acid	18	0
C000619852	NEO-102	neo - 102	7	0
C000619852	ensituximab	ensituximab	1	0
C000619914	ZP1609	zp1609	2	0
C000619914	danegaptide	danegaptide	5	0
C000619932	AZD7986	azd7986	5	0
C000619932	Brinsupri	brinsupri	1	0
C000619932	brensocatib	brensocatib	64	0
C000619933	pocapavir	pocapavir	14	0
C000619938	GC33	gc33	11	0
C000619938	codrituzumab	codrituzumab	3	0
C000620175	BAY-876	bay - 876	29	0
C000620228	follitropin delta	follitropin delta	55	0
C000620229	IBI302	ibi302	13	0
C000620232	CCX168	ccx168	5	0
C000620232	avacopan	avacopan	231	0
C000620234	ABT-414	abt - 414	5	0
C000620331	KRM-II-81	krm - ii - 81	5	0
C000620436	furanylfentanyl	furanylfentanyl	11	0
C000620474	anemoside B4	anemoside b4	19	0
C000620491	naldemedine	naldemedine	52	0
C000620557	garcinone D	garcinone d	6	0
C000620716	Angong Niuhuang Pill	angong niuhuang pill	8	0
C000620717	kuntai capsule	kuntai capsule	5	0
C000620801	HBK-15	hbk - 15	8	0
C000620833	urelumab	urelumab	13	0
C000620847	triflumezopyrim	triflumezopyrim	19	0
C000620905	yangxin decoction	yangxin decoction	9	0
C000620911	levistilide A	levistilide a	5	0
C000620913	Hb Rush	hb rush	4	0
C000620913	Hemoglobin Rush	hemoglobin rush	1	0
C000621033	BBI608	bbi608	14	0
C000621033	napabucasin	napabucasin	15	0
C000621040	rodatristat	rodatristat	5	0
C000621040	rodatristat ethyl	rodatristat ethyl	5	0
C000621069	ralinepag	ralinepag	8	0
C000621120	AZD5153	azd5153	15	0
C000621145	Beautifil Flow Plus F00	beautifil flow plus f00	5	0
C000621265	ENOblock	enoblock	12	0
C000621293	Dentapreg	dentapreg	5	0
C000621297	VITA Enamic	vita enamic	66	0
C000621298	VITA Suprinity	vita suprinity	31	0
C000621301	Clearfil Ceramic Primer	clearfil ceramic primer	5	0
C000621519	iRoot SP	iroot sp	25	0
C000621530	fluazaindolizine	fluazaindolizine	10	0
C000621572	Anzupgo	anzupgo	1	0
C000621572	delgocitinib	delgocitinib	58	0
C000621590	evinacumab	evinacumab	77	0
C000621593	fadraciclib	fadraciclib	30	0
C000621638	CAM4066	cam4066	5	0
C000621654	ruzasvir	ruzasvir	8	0
C000621679	huaier	huaier	43	0
C000621704	IsoUro-A	isouro - a	1	0
C000621704	isourolithin A	isourolithin a	6	0
C000621725	telotristat ethyl	telotristat ethyl	10	0
C000621792	ABBV-075	abbv - 075	2	0
C000621792	mivebresib	mivebresib	9	0
C000621805	derazantinib	derazantinib	14	0
C000621806	ABL001	abl001	1	0
C000621806	Scemblix	scemblix	2	0
C000621806	asciminib	asciminib	212	0
C000621860	UNC0642	unc0642	16	0
C000621940	pinacol	pinacol	39	0
C000621986	hydronidone	hydronidone	9	0
C000622072	GBT1118	gbt1118	6	0
C000622091	brolucizumab	brolucizumab	216	0
C000622120	CDX-1127	cdx - 1127	2	0
C000622120	varlilumab	varlilumab	15	0
C000622232	afidopyropen	afidopyropen	12	0
C000622261	GNE-9278	gne - 9278	7	0
C000622300	KPT-9274	kpt - 9274	15	0
C000622337	OTS964	ots964	20	0
C000622367	ethyl valerate	ethyl valerate	5	0
C000622458	eppikajutsuto	eppikajutsuto	5	0
C000622606	AZ3451	az3451	9	0
C000622612	Ac4ManNAz	ac4mannaz	7	0
C000622612	peracetylated N-azidoacetylmannosamine	peracetylated n - azidoacetylmannosamine	1	0
C000622638	MLN-7243	mln - 7243	1	0
C000622638	MLN7243	mln7243	1	0
C000622638	TAK-243	tak - 243	11	0
C000622691	pibrentasvir	pibrentasvir	70	0
C000622721	tezepelumab	tezepelumab	312	0
C000622723	setrusumab	setrusumab	6	0
C000622733	isoindoline-1,3-dione	isoindoline - 1 , 3 - dione	7	0
C000622746	MCLA-128	mcla - 128	1	0
C000622746	zenocutuzumab	zenocutuzumab	13	0
C000622954	pyrotinib	pyrotinib	144	0
C000622956	kangfuxin	kangfuxin	45	0
C000623135	takinib	takinib	7	0
C000623155	NTproCNP	ntprocnp	7	0
C000623170	chitosan-tripolyphosphate	chitosan - tripolyphosphate	14	0
C000623193	VLX1570	vlx1570	6	0
C000623308	solriamfetol	solriamfetol	44	0
C000623340	desidustat	desidustat	39	0
C000623341	echinatin	echinatin	10	0
C000623364	TM5441	tm5441	11	0
C000623366	CIM0216	cim0216	10	0
C000623377	Mucoderm	mucoderm	25	0
C000623721	Beet necrotic yellow vein virus	beet necrotic yellow vein virus	6	0
C000623722	Bovine rotavirus C	bovine rotavirus c	2	0
C000623722	Group C rotavirus	group c rotavirus	4	0
C000623722	Human rotavirus C	human rotavirus c	2	0
C000623722	Porcine rotavirus	porcine rotavirus	41	0
C000623722	Rotavirus C	rotavirus c	9	0
C000623726	DTMUV	dtmuv	97	0
C000623726	Duck Tembusu virus	duck tembusu virus	31	0
C000623726	Tembusu virus	tembusu virus	57	0
C000623728	Human rhinovirus C	human rhinovirus c	1	0
C000623728	Rhinovirus C	rhinovirus c	5	0
C000623730	Ovine gammaherpesvirus 2	ovine gammaherpesvirus 2	7	0
C000623738	Infectious spleen and kidney necrosis virus	infectious spleen and kidney necrosis virus	16	0
C000623739	Tula virus	tula virus	5	0
C000623741	Ostreid herpesvirus 1	ostreid herpesvirus 1	7	0
C000623742	Duck parvovirus	duck parvovirus	4	0
C000623742	Goose parvovirus	goose parvovirus	53	0
C000623742	Muscovy duck parvovirus	muscovy duck parvovirus	4	0
C000623749	Cricket paralysis virus	cricket paralysis virus	6	0
C000623752	Cyprinid herpesvirus 2	cyprinid herpesvirus 2	10	0
C000623753	Duck circovirus	duck circovirus	19	0
C000623756	Spring viraemia of carp virus	spring viraemia of carp virus	6	0
C000623764	Drosophila C virus	drosophila c virus	8	0
C000623765	Adeno-associated virus 1	adeno - associated virus 1	4	0
C000623765	Adeno-associated virus 6	adeno - associated virus 6	2	0
C000623775	Acute bee paralysis virus	acute bee paralysis virus	14	0
C000623778	Piscine orthoreovirus	piscine orthoreovirus	8	0
C000623787	Rhinovirus A	rhinovirus a	5	0
C000623790	Bovine astrovirus	bovine astrovirus	4	0
C000623790	Bovine kobuvirus	bovine kobuvirus	4	0
C000623792	Felid alphaherpesvirus 1	felid alphaherpesvirus 1	3	0
C000623792	Felid herpesvirus 1	felid herpesvirus 1	2	0
C000623794	Porcine astrovirus	porcine astrovirus	6	0
C000623807	Goose circovirus	goose circovirus	11	0
C000623838	Snakehead rhabdovirus	snakehead rhabdovirus	5	0
C000623845	Duck astrovirus	duck astrovirus	5	0
C000623888	Adeno-associated virus 2	adeno - associated virus 2	13	0
C000623892	Turnip mosaic virus	turnip mosaic virus	18	0
C000623898	Rice dwarf virus	rice dwarf virus	8	0
C000623910	Pepino mosaic virus	pepino mosaic virus	8	0
C000623916	Southern rice black-streaked dwarf virus	southern rice black - streaked dwarf virus	14	0
C000623917	Grapevine leafroll-associated virus 3	grapevine leafroll - associated virus 3	7	0
C000623922	Pepper mild mottle virus	pepper mild mottle virus	28	0
C000623926	Tomato leaf curl New Delhi virus	tomato leaf curl new delhi virus	11	0
C000623928	Cymbidium mosaic virus	cymbidium mosaic virus	5	0
C000623932	Tomato leaf curl virus	tomato leaf curl virus	8	0
C000623948	Mungbean yellow mosaic India virus	mungbean yellow mosaic india virus	8	0
C000623967	Tomato chlorosis virus	tomato chlorosis virus	9	0
C000623998	Sri Lankan cassava mosaic virus	sri lankan cassava mosaic virus	6	0
C000624031	Plantago asiatica mosaic virus	plantago asiatica mosaic virus	7	0
C000624033	Spodoptera frugiperda multiple nucleopolyhedrovirus	spodoptera frugiperda multiple nucleopolyhedrovirus	5	0
C000624058	Beet mild yellowing virus	beet mild yellowing virus	5	0
C000624073	Cherry virus A	cherry virus a	6	0
C000624075	Cotton leafroll dwarf virus	cotton leafroll dwarf virus	6	0
C000624167	Utrogestan	utrogestan	10	0
C000624220	CC-220	cc - 220	1	0
C000624220	iberdomide	iberdomide	27	0
C000624232	jacareubin	jacareubin	8	0
C000624274	AZD2811	azd2811	7	0
C000624313	vadadustat	vadadustat	20	0
C000624433	MEDI0382	medi0382	1	0
C000624433	cotadutide	cotadutide	24	0
C000624484	zidebactam	zidebactam	66	0
C000624485	cefepime-zidebactam	cefepime - zidebactam	17	0
C000624546	mizagliflozin	mizagliflozin	8	0
C000624565	ProRoot MTA	proroot mta	25	0
C000624633	99mTc-HDP	99mtc - hdp	8	0
C000624634	PSMA-1007	psma - 1007	231	0
C000624694	polyetherketoneketone	polyetherketoneketone	22	0
C000624713	namilumab	namilumab	8	0
C000625030	pseudopaline	pseudopaline	6	0
C000625085	gigastasin	gigastasin	8	0
C000625155	cendakimab	cendakimab	21	0
C000625192	anlotinib	anlotinib	666	0
C000625213	VX-661	vx - 661	5	0
C000625213	tezacaftor	tezacaftor	401	0
C000625275	EDC-NHS	edc - nhs	16	0
C000625353	SLC-0111	slc - 0111	7	0
C000625376	leniolisib	leniolisib	44	0
C000625407	ITI-214	iti - 214	5	0
C000625487	5F-ADB-PINACA	5f - adb - pinaca	5	0
C000625499	calcifying aponeurotic fibroma	calcifying aponeurotic fibroma	5	0
C000625617	XMU-MP-1	xmu - mp - 1	26	0
C000625634	ansatrienin B	ansatrienin b	7	0
C000625635	brexanolone	brexanolone	43	0
C000625648	Cadi-05	cadi - 05	1	0
C000625648	Immuvac	immuvac	8	0
C000625666	Matrix-M	matrix - m	62	0
C000625742	PF-06840003	pf - 06840003	7	0
C000625752	Omiganan	omiganan	5	0
C000625770	BIIB033	biib033	1	0
C000625770	opicinumab	opicinumab	8	0
C000625810	guhong	guhong	7	0
C000625830	Smart Dentin Replacement	smart dentin replacement	6	0
C000625840	MK-8722	mk - 8722	12	0
C000625840	MK8722	mk8722	5	0
C000625861	STAT3 inhibitor TTI-101	stat3 inhibitor tti - 101	1	0
C000625861	TTI-101	tti - 101	20	0
C000625977	GSK2018682	gsk2018682	9	0
C000625981	Bimzelx	bimzelx	1	0
C000625981	bimekizumab	bimekizumab	377	0
C000626035	iscalimab	iscalimab	20	0
C000626065	NLG919	nlg919	16	0
C000626124	Congenital disorder of deglycosylation	congenital disorder of deglycosylation	1	0
C000626124	NGLY1 deficiency	ngly1 deficiency	12	0
C000626164	RRD4	rrd4	6	0
C000626176	elacestrant	elacestrant	57	0
C000626193	durlobactam	durlobactam	163	0
C000626207	hydroxybutyl chitosan	hydroxybutyl chitosan	12	0
C000626235	Emrelis	emrelis	2	0
C000626235	telisotuzumab vedotin	telisotuzumab vedotin	12	0
C000626235	telisotuzumab vedotin-tllv	telisotuzumab vedotin - tllv	2	0
C000626286	1-deoxysphingolipid	1 - deoxysphingolipid	8	0
C000626319	umbralisib	umbralisib	14	0
C000626327	lascufloxacin	lascufloxacin	13	0
C000626346	4-methoxybenzoic acid	4 - methoxybenzoic acid	9	0
C000626357	LCS1269	lcs1269	8	0
C000626414	SRA737	sra737	7	0
C000626495	PD149163	pd149163	19	0
C000626497	polyphyllin II	polyphyllin ii	21	0
C000626505	IMB5043	imb5043	8	0
C000626548	MBIC	mbic	62	0
C000626611	KKL-35	kkl - 35	5	0
C000626638	Halogranum	halogranum	6	0
C000626656	Natrinema	natrinema	6	0
C000626660	Natronorubrum	natronorubrum	13	0
C000626784	6-sulfo sialyl Lewis X	6 - sulfo sialyl lewis x	1	0
C000626784	cutaneous lymphocyte antigen	cutaneous lymphocyte antigen	2	0
C000626784	cutaneous lymphocyte-associated antigen	cutaneous lymphocyte - associated antigen	3	0
C000626801	radiprodil	radiprodil	14	0
C000626829	WT161	wt161	7	0
C000626907	F901318	f901318	3	0
C000626907	olorofim	olorofim	99	0
C000626952	ODN2088	odn2088	7	0
C000626991	3M-052	3m - 052	16	0
C000627008	delpazolid	delpazolid	19	0
C000627026	4-AcO-DMT	4 - aco - dmt	4	0
C000627026	4-acetoxy-N,N-dimethyltryptamine	4 - acetoxy - n , n - dimethyltryptamine	1	0
C000627026	O-acetylpsilocin	o - acetylpsilocin	2	0
C000627033	SADS-CoV	sads - cov	125	0
C000627033	Swine acute diarrhea syndrome coronavirus	swine acute diarrhea syndrome coronavirus	29	0
C000627036	agalsidase alfa	agalsidase alfa	15	0
C000627038	nafithromycin	nafithromycin	6	0
C000627087	BMH-21	bmh - 21	17	0
C000627108	RNS60	rns60	22	0
C000627121	metconazole	metconazole	19	0
C000627191	hsa-mir-1229	hsa - mir - 1229	1	0
C000627191	miR-1229-3p	mir - 1229 - 3p	4	0
C000627250	gladiolin	gladiolin	14	0
C000627516	45b5	45b5	7	0
C000627612	cyanobactin	cyanobactin	5	0
C000627612	cyanobactins	cyanobactins	4	0
C000627641	macrolactin F	macrolactin f	5	0
C000627678	neovestitol	neovestitol	5	0
C000627685	Sublocade	sublocade	10	0
C000627803	rebastinib	rebastinib	23	0
C000627812	Rystiggo	rystiggo	1	0
C000627812	rozanolixizumab	rozanolixizumab	104	0
C000627847	CSA-131	csa - 131	9	0
C000627850	GL13K	gl13k	19	0
C000627876	RAD140	rad140	7	0
C000627877	OLT1177	olt1177	18	0
C000627877	dapansutrile	dapansutrile	17	0
C000627985	sophorolipid	sophorolipid	30	0
C000628010	4-anilinoquinazoline	4 - anilinoquinazoline	6	0
C000628010	anilino quinazoline	anilino quinazoline	1	0
C000628010	anilinoquinazoline	anilinoquinazoline	9	0
C000628091	THJ-2201	thj - 2201	10	0
C000628107	velagliflozin	velagliflozin	24	0
C000628246	Stafib-2	stafib - 2	11	0
C000628261	poly-adenine	poly - adenine	1	0
C000628261	polyadenine	polyadenine	13	0
C000628360	galcanezumab	galcanezumab	95	0
C000628361	eptinezumab	eptinezumab	155	0
C000628385	pyrazolam	pyrazolam	8	0
C000628639	isoviolanthin	isoviolanthin	9	0
C000628674	Sotyktu	sotyktu	2	0
C000628674	deucravacitinib	deucravacitinib	193	0
C000628794	RVX-208	rvx - 208	2	0
C000628794	apabetalone	apabetalone	17	0
C000628804	N-docosahexaenoylethanolamine	n - docosahexaenoylethanolamine	1	0
C000628804	synaptamide	synaptamide	9	0
C000628859	GSK2193874	gsk2193874	7	0
C000629004	Palynziq	palynziq	2	0
C000629004	pegvaliase	pegvaliase	34	0
C000629046	SJZD	sjzd	105	0
C000629046	Sijunzi decoction	sijunzi decoction	22	0
C000629053	Baoyuan decoction	baoyuan decoction	7	0
C000629066	N-halamine	n - halamine	10	0
C000629074	VX-445	vx - 445	28	0
C000629074	VX445	vx445	1	0
C000629074	elexacaftor	elexacaftor	361	0
C000629094	aminophosphine	aminophosphine	5	0
C000629097	mmu-mir-664	mmu - mir - 664	7	0
C000629141	fezakinumab	fezakinumab	9	0
C000629143	2-Oxo-PCE	2 - oxo - pce	8	0
C000629167	hsa-mir-607	hsa - mir - 607	5	0
C000629250	firsocostat	firsocostat	9	0
C000629291	Hu5F9-G4	hu5f9 - g4	2	0
C000629291	magrolimab	magrolimab	36	0
C000629294	ensartinib	ensartinib	62	0
C000629385	CSA-ceragenin	csa - ceragenin	1	0
C000629385	cationic steroid antimicrobials	cationic steroid antimicrobials	1	0
C000629385	ceragenins	ceragenins	8	0
C000629390	BBOEP	bboep	4	0
C000629390	bis(2-butoxyethyl)phosphate	bis ( 2 - butoxyethyl ) phosphate	1	0
C000629391	BCIPP	bcipp	16	0
C000629391	bis(1-chloro-2-propyl)phosphate	bis ( 1 - chloro - 2 - propyl ) phosphate	5	0
C000629393	marmelosin	marmelosin	7	0
C000629408	KBU2046	kbu2046	6	0
C000629409	ravulizumab	ravulizumab	235	0
C000629412	2H-chromen-2-one	2h - chromen - 2 - one	7	0
C000629413	SyrSpend	syrspend	6	0
C000629413	SyrSpend SF	syrspend sf	1	0
C000629420	trifarotene	trifarotene	18	0
C000629536	Inotersen	inotersen	20	0
C000629536	Tegsedi	tegsedi	1	0
C000629556	glucarpidase	glucarpidase	50	0
C000629581	Surgiflo	surgiflo	22	0
C000629586	abietane	abietane	58	0
C000629591	CPUK02	cpuk02	6	0
C000629634	Rezafungin	rezafungin	114	0
C000629639	5-PAHSA	5 - pahsa	7	0
C000629696	ddhCTP	ddhctp	7	0
C000629704	AZD5991	azd5991	6	0
C000629713	ARS-1620	ars - 1620	6	0
C000629744	Mulberrin	mulberrin	5	0
C000629758	IsoLG	isolg	18	0
C000629758	isolevuglandin	isolevuglandin	7	0
C000629807	Dorzagliatin	dorzagliatin	36	0
C000629807	HMS5552	hms5552	1	0
C000629812	CPX-351	cpx - 351	85	0
C000629817	SC83288	sc83288	5	0
C000629830	VU0486846	vu0486846	7	0
C000629884	Risdiplam	risdiplam	201	0
C000629966	UiO-67	uio - 67	90	0
C000629976	PrNMI	prnmi	21	0
C000629986	KT203	kt203	5	0
C000630124	givosiran	givosiran	24	0
C000630206	pseudouridimycin	pseudouridimycin	6	0
C000630231	PLX5622	plx5622	58	0
C000630234	Macaca thibetana	macaca thibetana	13	0
C000630234	Tibetan macaque	tibetan macaque	7	0
C000630244	A. belzebul	a . belzebul	3	0
C000630244	A. nigerrima	a . nigerrima	3	0
C000630244	Alouatta belzebul	alouatta belzebul	2	0
C000630244	red-handed howler	red - handed howler	2	0
C000630244	red-handed howler monkey	red - handed howler monkey	2	0
C000630262	salmochelin	salmochelin	14	0
C000630281	Trachypithecus francoisi	trachypithecus francoisi	8	0
C000630283	Trachypithecus leucocephalus	trachypithecus leucocephalus	4	0
C000630283	white-headed langur	white - headed langur	7	0
C000630474	JNJ-55308942	jnj - 55308942	6	0
C000630478	Delacour's langur	delacour ' s langur	3	0
C000630478	Trachypithecus delacouri	trachypithecus delacouri	2	0
C000630573	tropifexor	tropifexor	16	0
C000630574	BMS-986205	bms - 986205	11	0
C000630574	linrodostat	linrodostat	6	0
C000630584	banxia xiexin decoction	banxia xiexin decoction	16	0
C000630589	xylonic acid	xylonic acid	12	0
C000630655	at-403	at - 403	5	0
C000630674	cellotriose	cellotriose	5	0
C000630676	ABP 501	abp 501	12	0
C000630740	DA-8010	da - 8010	28	0
C000630785	eFT508	eft508	11	0
C000630785	tomivosertib	tomivosertib	1	0
C000630837	DBTTF	dbttf	4	0
C000630837	dibenzotetrathiafulvalene	dibenzotetrathiafulvalene	2	0
C000630847	CT-P6	ct - p6	7	0
C000630864	procyanidin C1	procyanidin c1	20	0
C000630865	GP1111	gp1111	7	0
C000630913	veverimer	veverimer	8	0
C000631033	JNJ-64619178	jnj - 64619178	7	0
C000631239	tegoprazan	tegoprazan	133	0
C000631408	Triumeq	triumeq	13	0
C000631408	abacavir, dolutegravir, lamivudine	abacavir , dolutegravir , lamivudine	1	0
C000631411	isocostic acid	isocostic acid	5	0
C000631425	AZD0156	azd0156	11	0
C000631483	PCSO-524	pcso - 524	5	0
C000631565	MHAA4549A	mhaa4549a	6	0
C000631569	Bi2O2Se	bi2o2se	77	0
C000631685	depatux-m	depatux - m	2	0
C000631685	depatuxizumab mafodotin	depatuxizumab mafodotin	8	0
C000631688	evocalcet	evocalcet	23	0
C000631691	belantamab mafodotin	belantamab mafodotin	83	0
C000631724	SHR-1210	shr - 1210	3	0
C000631724	camrelizumab	camrelizumab	432	0
C000631908	N-hydroxypipecolic acid	n - hydroxypipecolic acid	10	0
C000632109	2-(3,4-dichlorophenoxy)triethylamine	2 - ( 3 , 4 - dichlorophenoxy ) triethylamine	2	0
C000632109	DCPTA	dcpta	10	0
C000632111	evobrutinib	evobrutinib	5	0
C000632381	NU172	nu172	6	0
C000632382	FGF401	fgf401	9	0
C000632572	vosoritide	vosoritide	121	0
C000632577	enfortumab vedotin	enfortumab vedotin	317	0
C000632580	TheraCal	theracal	90	0
C000632586	NYX-2925	nyx - 2925	7	0
C000632624	fitusiran	fitusiran	44	0
C000632664	Microcystic adnexal carcinoma	microcystic adnexal carcinoma	11	0
C000632826	sintilimab	sintilimab	514	0
C000632951	omidenepag	omidenepag	24	0
C000632951	omidenepag isopropyl	omidenepag isopropyl	23	0
C000633405	GSK872	gsk872	20	0
C000633444	CORT125134	cort125134	1	0
C000633444	Lifyorli	lifyorli	3	0
C000633444	relacorilant	relacorilant	23	0
C000633547	trihex	trihex	16	0
C000633644	rufomycin	rufomycin	5	0
C000633704	Talisia	talisia	8	0
C000633944	cedazuridine	cedazuridine	32	0
C000634045	ceramsite	ceramsite	83	0
C000634065	fexuprazan	fexuprazan	38	0
C000634098	sutimlimab	sutimlimab	47	0
C000634102	CSN5i-3	csn5i - 3	14	0
C000634104	dayvigo	dayvigo	5	0
C000634104	lemborexant	lemborexant	104	0
C000634149	CYH33	cyh33	11	0
C000634228	RapaLink-1	rapalink - 1	17	0
C000634265	KM-819	km - 819	7	0
C000634267	somatrogon	somatrogon	108	0
C000634267	somatrogon-ghla	somatrogon - ghla	1	0
C000634366	MW150	mw150	5	0
C000634383	Quviviq	quviviq	5	0
C000634383	daridorexant	daridorexant	83	0
C000634424	sparsentan	sparsentan	83	0
C000634504	AG-348	ag - 348	5	0
C000634504	mitapivat	mitapivat	42	0
C000634505	Zurzuvae	zurzuvae	1	0
C000634505	zuranolone	zuranolone	84	0
C000634527	levornidazole	levornidazole	13	0
C000634628	Streptomyces griseorubens	streptomyces griseorubens	6	0
C000634659	Sinorhizobium medicae	sinorhizobium medicae	5	0
C000634857	Thermus scotoductus	thermus scotoductus	11	0
C000634898	Thermosynechococcus elongatus	thermosynechococcus elongatus	6	0
C000635088	Shewanella baltica	shewanella baltica	9	0
C000635099	Serratia ureilytica	serratia ureilytica	10	0
C000635100	Serratia symbiotica	serratia symbiotica	6	0
C000635103	Serratia proteamaculans	serratia proteamaculans	9	0
C000635105	Serratia plymuthica	serratia plymuthica	16	0
C000635108	Serratia nematodiphila	serratia nematodiphila	13	0
C000635113	Serratia fonticola	serratia fonticola	6	0
C000635281	Thermoanaerobacterium saccharolyticum	thermoanaerobacterium saccharolyticum	6	0
C000635367	Streptomyces clavuligerus	streptomyces clavuligerus	7	0
C000635391	Selenomonas sputigena	selenomonas sputigena	14	0
C000635394	Selenomonas noxia	selenomonas noxia	7	0
C000635472	Pseudonocardia alni	pseudonocardia alni	7	0
C000635472	Pseudonocardia antarctica	pseudonocardia antarctica	2	0
C000635489	Pseudomonas viridiflava	pseudomonas viridiflava	14	0
C000635491	Pseudomonas veronii	pseudomonas veronii	5	0
C000635493	Pseudomonas umsongensis	pseudomonas umsongensis	5	0
C000635500	Pseudomonas tolaasii	pseudomonas tolaasii	10	0
C000635507	Pseudomonas taiwanensis	pseudomonas taiwanensis	12	0
C000635510	Pseudomonas synxantha	pseudomonas synxantha	5	0
C000635514	Pseudomonas soli	pseudomonas soli	7	0
C000635515	Pseudomonas simiae	pseudomonas simiae	12	0
C000635543	Pseudomonas psychrophila	pseudomonas psychrophila	10	0
C000635545	Pseudomonas protegens	pseudomonas protegens	47	0
C000635551	Pseudomonas plecoglossicida	pseudomonas plecoglossicida	34	0
C000635558	Pseudomonas parafulva	pseudomonas parafulva	6	0
C000635563	Pseudomonas otitidis	pseudomonas otitidis	7	0
C000635564	Pseudomonas oryzihabitans	pseudomonas oryzihabitans	12	0
C000635564	Pseudomonas psychrotolerans	pseudomonas psychrotolerans	2	0
C000635571	Pseudomonas nitroreducens	pseudomonas nitroreducens	6	0
C000635759	Actinomyces turicensis	actinomyces turicensis	5	0
C000635759	Schaalia turicensis	schaalia turicensis	5	0
C000635761	Actinomyces radingae	actinomyces radingae	5	0
C000635761	Schaalia radingae	schaalia radingae	1	0
C000635762	Schaalia odontolytica	schaalia odontolytica	8	0
C000635770	Scardovia wiggsiae	scardovia wiggsiae	5	0
C000635836	Pseudomonas mosselii	pseudomonas mosselii	10	0
C000635840	Pseudomonas monteilii	pseudomonas monteilii	7	0
C000635856	Pseudomonas lurida	pseudomonas lurida	7	0
C000635857	Pseudomonas lundensis	pseudomonas lundensis	5	0
C000635869	Pseudomonas koreensis	pseudomonas koreensis	26	0
C000635870	Pseudomonas knackmussii	pseudomonas knackmussii	5	0
C000635885	Pseudomonas hunanensis	pseudomonas hunanensis	5	0
C000635893	Pseudomonas guguanensis	pseudomonas guguanensis	5	0
C000635903	Pseudomonas gessardii	pseudomonas gessardii	7	0
C000635908	Pseudomonas fulva	pseudomonas fulva	7	0
C000636204	Pseudoflavonifractor capillosus	pseudoflavonifractor capillosus	5	0
C000637475	Tenacibaculum maritimum	tenacibaculum maritimum	6	0
C000637523	Streptomyces albus	streptomyces albus	17	0
C000637524	Streptomyces albulus	streptomyces albulus	5	0
C000637524	Streptomyces noursei	streptomyces noursei	3	0
C000637543	Streptomyces albidoflavus	streptomyces albidoflavus	13	0
C000637590	Streptococcus vestibularis	streptococcus vestibularis	5	0
C000637604	Saccharothrix yanglingensis	saccharothrix yanglingensis	5	0
C000637705	Pseudomonas capeferrum	pseudomonas capeferrum	6	0
C000637729	Pseudomonas asiatica	pseudomonas asiatica	6	0
C000637818	Syntrophomonas wolfei	syntrophomonas wolfei	5	0
C000637852	Synechococcus elongatus	synechococcus elongatus	55	0
C000637895	Streptococcus pluranimalium	streptococcus pluranimalium	5	0
C000637902	Streptococcus gallolyticus subsp. pasteurianus	streptococcus gallolyticus subsp . pasteurianus	10	0
C000637902	Streptococcus pasteurianus	streptococcus pasteurianus	6	0
C000637904	Streptococcus parauberis	streptococcus parauberis	13	0
C000637905	Streptococcus parasuis	streptococcus parasuis	12	0
C000637906	Streptococcus parasanguinis	streptococcus parasanguinis	16	0
C000637925	Streptococcus gallolyticus subsp. macedonicus	streptococcus gallolyticus subsp . macedonicus	1	0
C000637925	Streptococcus macedonicus	streptococcus macedonicus	4	0
C000637927	Streptococcus lutetiensis	streptococcus lutetiensis	7	0
C000637948	Streptococcus equi subsp. equi	streptococcus equi subsp . equi	7	0
C000637951	Streptococcus dysgalactiae subsp. equisimilis	streptococcus dysgalactiae subsp . equisimilis	19	0
C000637951	Streptococcus equisimilis	streptococcus equisimilis	2	0
C000637964	Streptococcus cristatus	streptococcus cristatus	11	0
C000637993	Ruminococcus torques	ruminococcus torques	34	0
C000637996	Ruminococcus gauvreauii	ruminococcus gauvreauii	9	0
C000638001	Ruminococcus bromii	ruminococcus bromii	21	0
C000638116	Koserella trabulsii	koserella trabulsii	2	0
C000638116	Yokenella regensburgei	yokenella regensburgei	4	0
C000638155	Sutterella wadsworthensis	sutterella wadsworthensis	8	0
C000638210	Sulfobacillus thermosulfidooxidans	sulfobacillus thermosulfidooxidans	5	0
C000638253	Streptococcus canis	streptococcus canis	31	0
C000638264	Streptococcus acidominimus	streptococcus acidominimus	7	0
C000638267	Streptobacillus moniliformis	streptobacillus moniliformis	13	0
C000638324	Stenotrophomonas rhizophila	stenotrophomonas rhizophila	7	0
C000638370	Rothia dentocariosa	rothia dentocariosa	11	0
C000638374	Rothia aeria	rothia aeria	8	0
C000638467	Xanthomonas translucens	xanthomonas translucens	9	0
C000638475	Xanthomonas phaseoli	xanthomonas phaseoli	5	0
C000638476	Xanthomonas perforans	xanthomonas perforans	5	0
C000638483	Xanthomonas hortorum	xanthomonas hortorum	8	0
C000638486	Xanthomonas fragariae	xanthomonas fragariae	6	0
C000638488	Xanthomonas euvesicatoria	xanthomonas euvesicatoria	11	0
C000638497	Xanthomonas arboricola	xanthomonas arboricola	21	0
C000638517	Wohlfahrtiimonas chitiniclastica	wohlfahrtiimonas chitiniclastica	10	0
C000638648	Staphylococcus warneri	staphylococcus warneri	20	0
C000638652	Staphylococcus succinus	staphylococcus succinus	5	0
C000638669	Staphylococcus pseudintermedius	staphylococcus pseudintermedius	118	0
C000638678	Staphylococcus nepalensis	staphylococcus nepalensis	12	0
C000638684	Staphylococcus lentus	staphylococcus lentus	5	0
C000638684	Staphylococcus sciuri subsp. lentus	staphylococcus sciuri subsp . lentus	1	0
C000638695	Staphylococcus equorum	staphylococcus equorum	9	0
C000638704	Staphylococcus chromogenes	staphylococcus chromogenes	29	0
C000638707	Staphylococcus carnosus	staphylococcus carnosus	12	0
C000638708	Staphylococcus caprae	staphylococcus caprae	13	0
C000638788	Roseburia inulinivorans	roseburia inulinivorans	7	0
C000638789	Roseburia intestinalis	roseburia intestinalis	31	0
C000638790	Roseburia hominis	roseburia hominis	18	0
C000638791	Roseburia faecis	roseburia faecis	6	0
C000638803	Romboutsia ilealis	romboutsia ilealis	8	0
C000638861	Weissella paramesenteroides	weissella paramesenteroides	21	0
C000638874	Weissella confusa	weissella confusa	28	0
C000638884	Waddlia chondrophila	waddlia chondrophila	5	0
C000638922	Streptomyces virginiae	streptomyces virginiae	6	0
C000638932	Streptomyces violaceoruber	streptomyces violaceoruber	8	0
C000638943	Streptomyces venezuelae	streptomyces venezuelae	13	0
C000638994	Staphylococcus arlettae	staphylococcus arlettae	6	0
C000638995	Staphylococcus argenteus	staphylococcus argenteus	19	0
C000639032	Sporomusa ovata	sporomusa ovata	8	0
C000639132	Rickettsia sibirica	rickettsia sibirica	8	0
C000639133	Rickettsia rhipicephali	rickettsia rhipicephali	5	0
C000639134	Rickettsia raoultii	rickettsia raoultii	12	0
C000639141	Rickettsia monacensis	rickettsia monacensis	10	0
C000639142	Rickettsia massiliae	rickettsia massiliae	15	0
C000639150	Rickettsia hoogstraalii	rickettsia hoogstraalii	8	0
C000639158	Rickettsia conorii subsp. israelensis	rickettsia conorii subsp . israelensis	5	0
C000639164	Rickettsia bellii	rickettsia bellii	8	0
C000639169	Rickettsia amblyommatis	rickettsia amblyommatis	12	0
C000639170	Rickettsia africae	rickettsia africae	20	0
C000639171	Rickettsia aeschlimannii	rickettsia aeschlimannii	13	0
C000639429	Spiroplasma melliferum	spiroplasma melliferum	6	0
C000639436	Spiroplasma ixodetis	spiroplasma ixodetis	8	0
C000639569	Nocardia rubra	nocardia rubra	6	0
C000639569	Rhodococcus ruber	rhodococcus ruber	17	0
C000639572	Rhodococcus enclensis	rhodococcus enclensis	1	0
C000639572	Rhodococcus qingshengii	rhodococcus qingshengii	17	0
C000639573	Rhodococcus pyridinivorans	rhodococcus pyridinivorans	8	0
C000639578	Rhodococcus opacus	rhodococcus opacus	15	0
C000639594	Vibrio natriegens	vibrio natriegens	30	0
C000639631	Vibrio fluvialis	vibrio fluvialis	13	0
C000639633	Vibrio europaeus	vibrio europaeus	6	0
C000639637	Vibrio diabolicus	vibrio diabolicus	7	0
C000639643	Vibrio coralliilyticus	vibrio coralliilyticus	9	0
C000639652	Vibrio campbellii	vibrio campbellii	17	0
C000639666	Listonella anguillarum	listonella anguillarum	1	0
C000639666	Vibrio anguillarum	vibrio anguillarum	42	0
C000639673	Vibrio aestuarianus	vibrio aestuarianus	7	0
C000639754	Streptomyces rochei	streptomyces rochei	10	0
C000639872	Rhodococcus jostii	rhodococcus jostii	12	0
C000639881	Mycobacterium erythropolis	mycobacterium erythropolis	1	0
C000639881	Rhodococcus erythropolis	rhodococcus erythropolis	36	0
C000639978	Veillonella atypica	veillonella atypica	14	0
C000640003	Vagococcus fluvialis	vagococcus fluvialis	6	0
C000640078	Streptomyces californicus	streptomyces californicus	4	0
C000640078	Streptomyces puniceus	streptomyces puniceus	1	0
C000640216	Sphingobium yanoikuyae	sphingobium yanoikuyae	6	0
C000640219	Sphingobium wenxiniae	sphingobium wenxiniae	7	0
C000640264	Agrobacterium pusense	agrobacterium pusense	3	0
C000640264	Rhizobium pusense	rhizobium pusense	4	0
C000640292	Rhizobium laguerreae	rhizobium laguerreae	6	0
C000640359	Turicibacter sanguinis	turicibacter sanguinis	11	0
C000640514	Streptomyces murinus	streptomyces murinus	15	0
C000640534	Sphingobium baderi	sphingobium baderi	7	0
C000640677	Ralstonia pseudosolanacearum	ralstonia pseudosolanacearum	41	0
C000640678	Ralstonia mannitolilytica	ralstonia mannitolilytica	13	0
C000640679	Ralstonia insidiosa	ralstonia insidiosa	5	0
C000640713	Treponema pallidum subsp. pallidum	treponema pallidum subsp . pallidum	17	0
C000640802	Streptomyces mobaraensis	streptomyces mobaraensis	11	0
C000640847	Streptomyces lydicus	streptomyces lydicus	5	0
C000640918	Solobacterium moorei	solobacterium moorei	9	0
C000640950	Sneathia sanguinegens	sneathia sanguinegens	6	0
C000641237	Mycoplasma mycoides subsp. mycoides	mycoplasma mycoides subsp . mycoides	5	0
C000641238	Mycoplasma mycoides subsp. capri	mycoplasma mycoides subsp . capri	7	0
C000641263	Mycoplasma haemocanis	mycoplasma haemocanis	8	0
C000641272	Mycoplasma felis	mycoplasma felis	9	0
C000641298	Mycoplasma capricolum subsp. capripneumoniae	mycoplasma capricolum subsp . capripneumoniae	6	0
C000641322	Mycobacterium wolinskyi	mycobacterium wolinskyi	8	0
C000641481	Intestinimonas butyriciproducens	intestinimonas butyriciproducens	7	0
C000641482	Intestinibacter bartlettii	intestinibacter bartlettii	6	0
C000641524	Paraburkholderia phymatum	paraburkholderia phymatum	7	0
C000641574	Parabacteroides merdae	parabacteroides merdae	15	0
C000641577	Parabacteroides goldsteinii	parabacteroides goldsteinii	25	0
C000641579	Parabacteroides distasonis	parabacteroides distasonis	58	0
C000641587	Pantoea vagans	pantoea vagans	8	0
C000641607	Mycolicibacterium neworleansense	mycolicibacterium neworleansense	6	0
C000641608	Mycobacterium neoaurum	mycobacterium neoaurum	10	0
C000641613	Mycobacterium monacense	mycobacterium monacense	7	0
C000641615	Mycobacterium mageritense	mycobacterium mageritense	8	0
C000641615	Mycolicibacterium mageritense	mycolicibacterium mageritense	3	0
C000641651	Mycobacterium brisbanense	mycobacterium brisbanense	6	0
C000641657	Magnetospirillum magneticum	magnetospirillum magneticum	8	0
C000641658	Magnetospirillum gryphiswaldense	magnetospirillum gryphiswaldense	13	0
C000641675	Macrococcus caseolyticus	macrococcus caseolyticus	7	0
C000641727	Lysobacter enzymogenes	lysobacter enzymogenes	13	0
C000641760	Ignatzschineria larvae	ignatzschineria larvae	6	0
C000641761	Ignatzschineria indica	ignatzschineria indica	7	0
C000641791	Ideonella sakaiensis	ideonella sakaiensis	28	0
C000641851	Pantoea stewartii	pantoea stewartii	7	0
C000641862	Pantoea dispersa	pantoea dispersa	10	0
C000641871	Pantoea ananatis	pantoea ananatis	20	0
C000641882	Pandoraea sputorum	pandoraea sputorum	10	0
C000641973	Mycobacterium immunogenum	mycobacterium immunogenum	5	0
C000641983	Mycobacterium tilburgii	mycobacterium tilburgii	7	0
C000641994	Mycobacterium shinjukuense	mycobacterium shinjukuense	8	0
C000642002	Mycobacterium riyadhense	mycobacterium riyadhense	6	0
C000642016	Mycobacterium orygis	mycobacterium orygis	5	0
C000642048	Lysinibacillus macroides	lysinibacillus macroides	13	0
C000642052	Lysinibacillus fusiformis	lysinibacillus fusiformis	19	0
C000642180	Hydrogenovibrio marinus	hydrogenovibrio marinus	5	0
C000642321	Mycobacterium lepromatosis	mycobacterium lepromatosis	11	0
C000642358	Mycobacterium colombiense	mycobacterium colombiense	12	0
C000642376	Mycobacterium avium subsp. hominissuis	mycobacterium avium subsp . hominissuis	13	0
C000642507	Listeria ivanovii	listeria ivanovii	17	0
C000642557	Pseudanabaena galeata	pseudanabaena galeata	5	0
C000642579	Providencia vermicola	providencia vermicola	7	0
C000642581	Providencia stuartii	providencia stuartii	14	0
C000642584	Providencia rettgeri	providencia rettgeri	32	0
C000642587	Providencia alcalifaciens	providencia alcalifaciens	11	0
C000642613	Bacillus mucilaginosus	bacillus mucilaginosus	6	0
C000642613	Paenibacillus mucilaginosus	paenibacillus mucilaginosus	4	0
C000642700	Muribaculum intestinale	muribaculum intestinale	23	0
C000642784	Moraxella osloensis	moraxella osloensis	15	0
C000642795	Moraxella bovoculi	moraxella bovoculi	9	0
C000642801	Listeria aquatica	listeria aquatica	6	0
C000642812	Limnospira fusiformis	limnospira fusiformis	6	0
C000642858	Leuconostoc pseudomesenteroides	leuconostoc pseudomesenteroides	9	0
C000642866	Leuconostoc lactis	leuconostoc lactis	15	0
C000642876	Leuconostoc citreum	leuconostoc citreum	12	0
C000642913	Propionimicrobium lymphophilum	propionimicrobium lymphophilum	6	0
C000642925	Propionibacterium freudenreichii subsp. shermanii	propionibacterium freudenreichii subsp . shermanii	5	0
C000642930	Propionibacterium acidifaciens	propionibacterium acidifaciens	7	0
C000642964	Prevotella timonensis	prevotella timonensis	5	0
C000642965	Prevotella stercorea	prevotella stercorea	6	0
C000642968	Prevotella salivae	prevotella salivae	6	0
C000642970	Prevotella pleuritidis	prevotella pleuritidis	6	0
C000642973	Prevotella pallens	prevotella pallens	5	0
C000642976	Prevotella oris	prevotella oris	10	0
C000642982	Paenibacillus dendritiformis	paenibacillus dendritiformis	5	0
C000643017	Paenibacillus barengoltzii	paenibacillus barengoltzii	7	0
C000643119	Mixta calida	mixta calida	5	0
C000643218	Leptospira santarosai	leptospira santarosai	9	0
C000643263	Leptospira borgpetersenii	leptospira borgpetersenii	9	0
C000643281	Prevotella histicola	prevotella histicola	7	0
C000643285	Prevotella disiens	prevotella disiens	6	0
C000643286	Prevotella denticola	prevotella denticola	9	0
C000643298	Prevotella bivia	prevotella bivia	15	0
C000643340	Porphyromonas gulae	porphyromonas gulae	11	0
C000643816	Ochrobactrum intermedium	ochrobactrum intermedium	7	0
C000643900	Micrococcus yunnanensis	micrococcus yunnanensis	6	0
C000643921	Fremyella diplosiphon	fremyella diplosiphon	6	0
C000644054	Pluralibacter gergoviae	pluralibacter gergoviae	12	0
C000644263	Microbacterium testaceum	microbacterium testaceum	6	0
C000644292	Microbacterium paraoxydans	microbacterium paraoxydans	8	0
C000644316	Leclercia adecarboxylata	leclercia adecarboxylata	22	0
C000644331	Lawsonella clevelandensis	lawsonella clevelandensis	8	0
C000644332	Lautropia mirabilis	lautropia mirabilis	8	0
C000644367	Lactococcus raffinolactis	lactococcus raffinolactis	10	0
C000644370	Lactococcus petauri	lactococcus petauri	11	0
C000644379	Lactococcus garviae	lactococcus garviae	2	0
C000644379	Lactococcus garvieae	lactococcus garvieae	45	0
C000644483	Phytobacter diazotrophicus	phytobacter diazotrophicus	9	0
C000644532	Novosphingobium aromaticivorans	novosphingobium aromaticivorans	9	0
C000644557	Nostoc sphaeroides	nostoc sphaeroides	9	0
C000644568	Nostoc linckia	nostoc linckia	6	0
C000644621	Microbacterium foliorum	microbacterium foliorum	20	0
C000644728	Lactobacillus paragasseri	lactobacillus paragasseri	18	0
C000644732	Lacticaseibacillus paracasei subsp. paracasei	lacticaseibacillus paracasei subsp . paracasei	14	0
C000644732	Lactobacillus paracasei subsp. paracasei	lactobacillus paracasei subsp . paracasei	1	0
C000644753	Lactobacillus murinus	lactobacillus murinus	25	0
C000644755	Lactobacillus mucosae	lactobacillus mucosae	12	0
C000644813	Photorhabdus laumondii	photorhabdus laumondii	5	0
C000644854	Photobacterium damselae subsp. damselae	photobacterium damselae subsp . damselae	17	0
C000644855	Photobacterium damselae	photobacterium damselae	36	0
C000644897	Nonomuraea gerenzanensis	nonomuraea gerenzanensis	6	0
C000645033	Lactobacillus kefir	lactobacillus kefir	1	0
C000645033	Lactobacillus kefiri	lactobacillus kefiri	4	0
C000645042	Lactobacillus intestinalis	lactobacillus intestinalis	10	0
C000645082	Lactobacillus farciminis	lactobacillus farciminis	5	0
C000645201	Phascolarctobacterium faecium	phascolarctobacterium faecium	11	0
C000645400	Mesorhizobium tianshanense	mesorhizobium tianshanense	5	0
C000645417	Lactobacillus amylolyticus	lactobacillus amylolyticus	5	0
C000645423	Lactobacillus agilis	lactobacillus agilis	13	0
C000645426	Lactobacillus acetotolerans	lactobacillus acetotolerans	7	0
C000645498	Phaeobacter inhibens	phaeobacter inhibens	6	0
C000645527	Peptostreptococcus stomatis	peptostreptococcus stomatis	8	0
C000645531	Peptostreptococcus anaerobius	peptostreptococcus anaerobius	14	0
C000645669	Nocardia transvalensis	nocardia transvalensis	5	0
C000645686	Nocardia seriolae	nocardia seriolae	24	0
C000645718	Mesorhizobium japonicum	mesorhizobium japonicum	5	0
C000645720	Mesorhizobium huakuii	mesorhizobium huakuii	7	0
C000645727	Mesorhizobium ciceri	mesorhizobium ciceri	6	0
C000645811	Kurthia gibsonii	kurthia gibsonii	16	0
C000645864	Kosakonia oryzendophytica	kosakonia oryzendophytica	5	0
C000645998	Nocardia pneumoniae	nocardia pneumoniae	5	0
C000646000	Nocardia paucivorans	nocardia paucivorans	6	0
C000646001	Nocardia otitidiscaviarum	nocardia otitidiscaviarum	23	0
C000646036	Nocardia farcinica	nocardia farcinica	54	0
C000646042	Nocardia cyriacigeorgica	nocardia cyriacigeorgica	19	0
C000646058	Nocardia brasiliensis	nocardia brasiliensis	24	0
C000646062	Nocardia beijingensis	nocardia beijingensis	5	0
C000646063	Nocardia asiatica	nocardia asiatica	6	0
C000646110	Megamonas funiformis	megamonas funiformis	8	0
C000646201	Komagataeibacter rhaeticus	komagataeibacter rhaeticus	6	0
C000646208	Komagataeibacter intermedius	komagataeibacter intermedius	6	0
C000646210	Komagataeibacter europaeus	komagataeibacter europaeus	5	0
C000646223	Kocuria rosea	kocuria rosea	19	0
C000646224	Kocuria rhizophila	kocuria rhizophila	17	0
C000646251	Kluyvera georgiana	kluyvera georgiana	5	0
C000646253	Kluyvera cryocrescens	kluyvera cryocrescens	6	0
C000646264	Klebsiella variicola	klebsiella variicola	51	0
C000646268	Klebsiella quasipneumoniae subsp. similipneumoniae	klebsiella quasipneumoniae subsp . similipneumoniae	8	0
C000646270	Klebsiella quasipneumoniae	klebsiella quasipneumoniae	36	0
C000646271	Klebsiella pneumoniae subsp. pneumoniae	klebsiella pneumoniae subsp . pneumoniae	12	0
C000646274	Klebsiella michiganensis	klebsiella michiganensis	25	0
C000646276	Klebsiella grimontii	klebsiella grimontii	6	0
C000646320	Pectobacterium atrosepticum	pectobacterium atrosepticum	7	0
C000646339	Pasteuria ramosa	pasteuria ramosa	5	0
C000646354	Pasteurella canis	pasteurella canis	6	0
C000646398	Nitrobacter winogradskyi	nitrobacter winogradskyi	6	0
C000646499	Marinovum algicola	marinovum algicola	5	0
C000646647	Parvimonas micra	parvimonas micra	47	0
C000646647	Peptostreptococcus micros	peptostreptococcus micros	2	0
C000646656	Parasutterella excrementihominis	parasutterella excrementihominis	10	0
C000646729	Geobacillus thermoglucosidans	geobacillus thermoglucosidans	1	0
C000646729	Parageobacillus thermoglucosidasius	parageobacillus thermoglucosidasius	8	0
C000646790	Neisseria subflava	neisseria subflava	6	0
C000647038	Paracoccus versutus	paracoccus versutus	5	0
C000647064	Paracoccus marcusii	paracoccus marcusii	5	0
C000647168	Myxococcus fulvus	myxococcus fulvus	10	0
C000647176	Myroides odoratimimus	myroides odoratimimus	12	0
C000647211	Mycoplasma ovis	mycoplasma ovis	5	0
C000647362	Agrobacterium fabrum	agrobacterium fabrum	10	0
C000647376	Agathobaculum butyriciproducens	agathobaculum butyriciproducens	7	0
C000647429	Oxervate	oxervate	2	0
C000647429	cenegermin	cenegermin	25	0
C000647448	Aeromonas dhakensis	aeromonas dhakensis	22	0
C000647475	Aerococcus urinae	aerococcus urinae	16	0
C000647478	Aerococcus christensenii	aerococcus christensenii	6	0
C000647480	Aeribacillus pallidus	aeribacillus pallidus	6	0
C000647500	Advenella alkanexedens	advenella alkanexedens	7	0
C000647501	Adlercreutzia equolifaciens	adlercreutzia equolifaciens	5	0
C000647514	Actinotignum schaalii	actinotignum schaalii	11	0
C000647582	Actinoplanes missouriensis	actinoplanes missouriensis	10	0
C000647653	Actinomyces oris	actinomyces oris	8	0
C000647659	Actinomyces neuii	actinomyces neuii	6	0
C000647682	Actinomyces europaeus	actinomyces europaeus	9	0
C000647728	Actinomadura madurae	actinomadura madurae	5	0
C000647803	Actinobacillus succinogenes	actinobacillus succinogenes	8	0
C000647856	Acinetobacter ursingii	acinetobacter ursingii	5	0
C000647857	Acinetobacter towneri	acinetobacter towneri	5	0
C000647860	Acinetobacter soli	acinetobacter soli	8	0
C000647868	Acinetobacter radioresistens	acinetobacter radioresistens	10	0
C000647876	Acinetobacter pittii	acinetobacter pittii	18	0
C000647886	Acinetobacter lwoffii	acinetobacter lwoffii	22	0
C000647891	Acinetobacter junii	acinetobacter junii	5	0
C000647892	Acinetobacter johnsonii	acinetobacter johnsonii	23	0
C000647893	Acinetobacter indicus	acinetobacter indicus	5	0
C000647897	Acinetobacter haemolyticus	acinetobacter haemolyticus	7	0
C000647899	Acinetobacter guillouiae	acinetobacter guillouiae	14	0
C000648055	Acetobacterium woodii	acetobacterium woodii	12	0
C000648067	Acetobacter tropicalis	acetobacter tropicalis	7	0
C000648074	Acetobacter persici	acetobacter persici	5	0
C000648077	Acetobacter pasteurianus	acetobacter pasteurianus	22	0
C000648089	Acetobacter indonesiensis	acetobacter indonesiensis	6	0
C000648105	Acaryochloris marina	acaryochloris marina	7	0
C000648115	Abiotrophia defectiva	abiotrophia defectiva	12	0
C000648117	Corynebacterium urealyticum	corynebacterium urealyticum	9	0
C000648131	Corynebacterium striatum	corynebacterium striatum	58	0
C000648148	Corynebacterium propinquum	corynebacterium propinquum	5	0
C000648167	Corynebacterium matruchotii	corynebacterium matruchotii	11	0
C000648178	Corynebacterium kroppenstedtii	corynebacterium kroppenstedtii	20	0
C000648283	Borrelia bavariensis	borrelia bavariensis	7	0
C000648288	Borrelia turicatae	borrelia turicatae	13	0
C000648293	Borrelia persica	borrelia persica	7	0
C000648319	Alteromonas macleodii	alteromonas macleodii	11	0
C000648490	Corynebacterium durum	corynebacterium durum	10	0
C000648511	Corynebacterium bovis	corynebacterium bovis	17	0
C000648524	Corynebacterium amycolatum	corynebacterium amycolatum	6	0
C000648547	Coprococcus eutactus	coprococcus eutactus	8	0
C000648548	Coprococcus comes	coprococcus comes	8	0
C000648549	Coprococcus catus	coprococcus catus	8	0
C000648616	Blautia wexlerae	blautia wexlerae	19	0
C000648622	Blautia obeum	blautia obeum	5	0
C000648622	Ruminococcus obeum	ruminococcus obeum	3	0
C000648623	Blautia massiliensis	blautia massiliensis	9	0
C000648625	Blautia luti	blautia luti	6	0
C000648628	Blautia hansenii	blautia hansenii	5	0
C000648630	Blautia faecis	blautia faecis	13	0
C000648754	Alistipes shahii	alistipes shahii	16	0
C000648756	Alistipes putredinis	alistipes putredinis	17	0
C000648757	Alistipes onderdonkii	alistipes onderdonkii	10	0
C000648801	Finegoldia magna	finegoldia magna	26	0
C000648801	Peptostreptococcus magnus	peptostreptococcus magnus	1	0
C000648814	Filifactor alocis	filifactor alocis	29	0
C000648829	Fibrobacter succinogenes	fibrobacter succinogenes	9	0
C000648856	Comamonas thiooxydans	comamonas thiooxydans	6	0
C000648866	Comamonas kerstersii	comamonas kerstersii	5	0
C000648965	Bifidobacterium thermophilum	bifidobacterium thermophilum	7	0
C000648996	Bifidobacterium longum subsp. longum	bifidobacterium longum subsp . longum	15	0
C000649007	Bifidobacterium dentium	bifidobacterium dentium	7	0
C000649015	Bifidobacterium kashiwanohense	bifidobacterium kashiwanohense	6	0
C000649049	Alistipes finegoldii	alistipes finegoldii	12	0
C000649168	Eubacterium fissicatena	eubacterium fissicatena	4	0
C000649168	Faecalicatena fissicatena	faecalicatena fissicatena	5	0
C000649170	Faecalibaculum rodentium	faecalibaculum rodentium	19	0
C000649207	Exiguobacterium acetylicum	exiguobacterium acetylicum	8	0
C000649226	Eubacterium xylanophilum	eubacterium xylanophilum	7	0
C000649227	Eubacterium ventriosum	eubacterium ventriosum	7	0
C000649231	Eubacterium ruminantium	eubacterium ruminantium	9	0
C000649234	Cobetia marina	cobetia marina	7	0
C000649243	Sarcina ventriculi	sarcina ventriculi	7	0
C000649260	Clostridium sporogenes	clostridium sporogenes	22	0
C000649264	Clostridium scindens	clostridium scindens	20	0
C000649290	Clostridium pasteurianum	clostridium pasteurianum	17	0
C000649292	Clostridium paraputrificum	clostridium paraputrificum	10	0
C000649312	Clostridium luticellarii	clostridium luticellarii	5	0
C000649315	Clostridium ljungdahlii	clostridium ljungdahlii	15	0
C000649356	Bartonella vinsonii	bartonella vinsonii	5	0
C000649397	Bartonella bovis	bartonella bovis	5	0
C000649467	Eubacterium biforme	eubacterium biforme	3	0
C000649467	Holdemanella biformis	holdemanella biformis	2	0
C000649521	Eubacterium limosum	eubacterium limosum	12	0
C000649522	Eubacterium eligens	eubacterium eligens	10	0
C000649523	Eubacterium coprostanoligenes	eubacterium coprostanoligenes	28	0
C000649525	Eubacterium callanderi	eubacterium callanderi	5	0
C000649532	Escherichia marmotae	escherichia marmotae	14	0
C000649533	Escherichia fergusonii	escherichia fergusonii	15	0
C000649535	Escherichia albertii	escherichia albertii	14	0
C000649573	Erwinia tasmaniensis	erwinia tasmaniensis	6	0
C000649579	Erwinia persicina	erwinia persicina	9	0
C000649611	Clostridium innocuum	clostridium innocuum	14	0
C000649660	Clostridium clostridioforme	clostridium clostridioforme	1	0
C000649660	Enterocloster clostridioformis	enterocloster clostridioformis	4	0
C000649682	Clostridium autoethanogenum	clostridium autoethanogenum	13	0
C000649705	Bacteroides xylanisolvens	bacteroides xylanisolvens	9	0
C000649707	Bacteroides uniformis	bacteroides uniformis	47	0
C000649710	Bacteroides stercoris	bacteroides stercoris	17	0
C000649718	Bacteroides pyogenes	bacteroides pyogenes	6	0
C000649732	Bacteroides intestinalis	bacteroides intestinalis	9	0
C000649735	Bacteroides heparinolyticus	bacteroides heparinolyticus	7	0
C000649735	Prevotella heparinolytica	prevotella heparinolytica	1	0
C000649745	Bacteroides eggerthii	bacteroides eggerthii	6	0
C000649751	Bacteroides coprocola	bacteroides coprocola	7	0
C000649754	Bacteroides cellulosilyticus	bacteroides cellulosilyticus	11	0
C000649755	Bacteroides caecimuris	bacteroides caecimuris	7	0
C000649759	Bacteroides caccae	bacteroides caccae	17	0
C000649762	Bacteroides acidifaciens	bacteroides acidifaciens	24	0
C000649767	Bacillus zhangzhouensis	bacillus zhangzhouensis	7	0
C000649781	Bacillus amyloliquefaciens subsp. plantarum	bacillus amyloliquefaciens subsp . plantarum	2	0
C000649781	Bacillus methylotrophicus	bacillus methylotrophicus	2	0
C000649781	Bacillus velezensis	bacillus velezensis	434	0
C000649786	Bacillus tropicus	bacillus tropicus	15	0
C000649787	Bacillus toyonensis	bacillus toyonensis	16	0
C000649800	Bacillus thermoamylovorans	bacillus thermoamylovorans	5	0
C000649806	Bacillus tequilensis	bacillus tequilensis	25	0
C000649814	Herbaspirillum huttiense	herbaspirillum huttiense	9	0
C000649850	Helicobacter rodentium	helicobacter rodentium	5	0
C000649870	Helicobacter cinaedi	helicobacter cinaedi	5	0
C000649879	Helicobacter bilis	helicobacter bilis	5	0
C000649892	Helcococcus kunzii	helcococcus kunzii	10	0
C000649922	Enterococcus thailandicus	enterococcus thailandicus	7	0
C000649934	Enterococcus raffinosus	enterococcus raffinosus	5	0
C000649942	Enterococcus mundtii	enterococcus mundtii	17	0
C000649947	Enterococcus lactis	enterococcus lactis	30	0
C000649954	Enterococcus gallinarum	enterococcus gallinarum	30	0
C000649957	Enterococcus durans	enterococcus durans	21	0
C000649963	Enterococcus cecorum	enterococcus cecorum	21	0
C000649964	Enterococcus casseliflavus	enterococcus casseliflavus	10	0
C000649971	Enterococcus avium	enterococcus avium	6	0
C000649977	Enterobacter soli	enterobacter soli	5	0
C000649980	Enterobacter roggenkampii	enterobacter roggenkampii	17	0
C000649983	Enterobacter mori	enterobacter mori	8	0
C000649987	Enterobacter kobei	enterobacter kobei	17	0
C000649989	Enterobacter hormaechei subsp. xiangfangensis	enterobacter hormaechei subsp . xiangfangensis	3	0
C000649989	Enterobacter xiangfangensis	enterobacter xiangfangensis	7	0
C000649994	Enterobacter hormaechei	enterobacter hormaechei	120	0
C000650030	Citrobacter portucalensis	citrobacter portucalensis	10	0
C000650039	Citrobacter amalonaticus	citrobacter amalonaticus	12	0
C000650088	Bacillus spizizenii	bacillus spizizenii	15	0
C000650103	Bacillus sporothermodurans	bacillus sporothermodurans	5	0
C000650115	Bacillus siamensis	bacillus siamensis	25	0
C000650134	Bacillus safensis	bacillus safensis	46	0
C000650143	Bacillus pseudomycoides	bacillus pseudomycoides	7	0
C000650148	Bacillus proteolyticus	bacillus proteolyticus	14	0
C000650161	Bacillus paranthracis	bacillus paranthracis	14	0
C000650162	Bacillus paramycoides	bacillus paramycoides	18	0
C000650163	Bacillus paralicheniformis	bacillus paralicheniformis	27	0
C000650280	Halomonas mongoliensis	halomonas mongoliensis	6	0
C000650296	Enterobacter bugandensis	enterobacter bugandensis	14	0
C000650355	Elizabethkingia miricola	elizabethkingia miricola	11	0
C000650357	Elizabethkingia anophelis	elizabethkingia anophelis	24	0
C000650372	Ehrlichia minasensis	ehrlichia minasensis	5	0
C000650382	Edwardsiella piscicida	edwardsiella piscicida	34	0
C000650446	Chryseobacterium indologenes	chryseobacterium indologenes	9	0
C000650458	Chryseobacterium gleum	chryseobacterium gleum	8	0
C000650484	Bacillus mojavensis	bacillus mojavensis	8	0
C000650485	Bacillus mobilis	bacillus mobilis	5	0
C000650486	Bacillus methanolicus	bacillus methanolicus	8	0
C000650556	Bacillus haynesii	bacillus haynesii	14	0
C000650557	Bacillus halotolerans	bacillus halotolerans	19	0
C000650708	Dysosmobacter welbionis	dysosmobacter welbionis	7	0
C000650770	Dorea longicatena	dorea longicatena	12	0
C000650876	Bacillus endophyticus	bacillus endophyticus	6	0
C000650889	Bacillus daqingensis	bacillus daqingensis	6	0
C000650947	Bacillus aryabhattai	bacillus aryabhattai	27	0
C000650966	Bacillus albus	bacillus albus	7	0
C000650972	Bacillus aerius	bacillus aerius	5	0
C000651072	Dolosigranulum pigrum	dolosigranulum pigrum	15	0
C000651078	Dolichospermum solitarium	dolichospermum solitarium	5	0
C000651082	Dolichospermum planctonicum	dolichospermum planctonicum	5	0
C000651142	Dickeya solani	dickeya solani	7	0
C000651148	Dickeya dadantii	dickeya dadantii	13	0
C000651170	Chlamydia suis	chlamydia suis	5	0
C000651175	Chlamydia caviae	chlamydia caviae	3	0
C000651175	Chlamydophila caviae	chlamydophila caviae	2	0
C000651189	Chitinophaga pinensis	chitinophaga pinensis	5	0
C000651259	Azotobacter chroococcum	azotobacter chroococcum	13	0
C000651383	Granulicatella elegans	granulicatella elegans	7	0
C000651430	Gordonibacter pamelaeae	gordonibacter pamelaeae	5	0
C000651440	Gordonia rubripertincta	gordonia rubripertincta	12	0
C000651447	Dialister pneumosintes	dialister pneumosintes	7	0
C000651448	Dialister micraerophilus	dialister micraerophilus	8	0
C000651449	Dialister invisus	dialister invisus	11	0
C000651532	Desulfovibrio piger	desulfovibrio piger	5	0
C000651540	Cetobacterium somerae	cetobacterium somerae	17	0
C000651560	Cellvibrio japonicus	cellvibrio japonicus	7	0
C000651579	Cellulophaga baltica	cellulophaga baltica	5	0
C000651639	Atlantibacter hermannii	atlantibacter hermannii	1	0
C000651639	Escherichia hermannii	escherichia hermannii	4	0
C000651664	Asaia lannensis	asaia lannensis	5	0
C000651714	Arthrobacter globiformis	arthrobacter globiformis	38	0
C000651794	Glutamicibacter soli	glutamicibacter soli	8	0
C000651979	Carnobacterium maltaromaticum	carnobacterium maltaromaticum	7	0
C000652015	Arthrobacter agilis	arthrobacter agilis	7	0
C000652085	Aliiarcobacter cryaerophilus	aliiarcobacter cryaerophilus	1	0
C000652085	Arcobacter cryaerophilus	arcobacter cryaerophilus	8	0
C000652100	Gluconacetobacter diazotrophicus	gluconacetobacter diazotrophicus	5	0
C000652129	Gloeobacter violaceus	gloeobacter violaceus	5	0
C000652132	Globicatella sanguinis	globicatella sanguinis	5	0
C000652280	Capnocytophaga sputigena	capnocytophaga sputigena	6	0
C000652285	Capnocytophaga gingivalis	capnocytophaga gingivalis	11	0
C000652315	Campylobacter hepaticus	campylobacter hepaticus	5	0
C000652317	Bacteroides gracilis	bacteroides gracilis	1	0
C000652317	Campylobacter gracilis	campylobacter gracilis	4	0
C000652326	Campylobacter concisus	campylobacter concisus	6	0
C000652553	Gemmiger formicilis	gemmiger formicilis	8	0
C000652634	Desertifilum tharense	desertifilum tharense	6	0
C000652682	Caldicellulosiruptor saccharolyticus	caldicellulosiruptor saccharolyticus	6	0
C000652872	Gallibacterium anatis	gallibacterium anatis	10	0
C000652895	Fusobacterium periodonticum	fusobacterium periodonticum	13	0
C000652900	Fusobacterium animalis	fusobacterium animalis	4	0
C000652900	Fusobacterium nucleatum subsp. animalis	fusobacterium nucleatum subsp . animalis	1	0
C000652910	Dermacoccus nishinomiyaensis	dermacoccus nishinomiyaensis	7	0
C000652938	Delftia tsuruhatensis	delftia tsuruhatensis	12	0
C000653054	Burkholderia thailandensis	burkholderia thailandensis	14	0
C000653056	Burkholderia stagnalis	burkholderia stagnalis	5	0
C000653063	Burkholderia pyrrocinia	burkholderia pyrrocinia	5	0
C000653066	Burkholderia plantarii	burkholderia plantarii	6	0
C000653070	Burkholderia multivorans	burkholderia multivorans	11	0
C000653077	Burkholderia glumae	burkholderia glumae	14	0
C000653081	Burkholderia contaminans	burkholderia contaminans	13	0
C000653110	Anaplasma platys	anaplasma platys	22	0
C000653112	Anaplasma capra	anaplasma capra	6	0
C000653133	Anaerostipes hadrus	anaerostipes hadrus	11	0
C000653134	Anaerostipes caccae	anaerostipes caccae	5	0
C000653186	Fusicatenibacter saccharivorans	fusicatenibacter saccharivorans	7	0
C000653207	Fructobacillus fructosus	fructobacillus fructosus	7	0
C000653232	Fretibacterium fastidiosum	fretibacterium fastidiosum	5	0
C000653253	Francisella novicida	francisella novicida	19	0
C000653289	Dehalococcoides mccartyi	dehalococcoides mccartyi	8	0
C000653356	Cysteiniphilum litorale	cysteiniphilum litorale	5	0
C000653377	Brochothrix thermosphacta	brochothrix thermosphacta	18	0
C000653382	Brevundimonas vesicularis	brevundimonas vesicularis	7	0
C000653447	Brevibacterium casei	brevibacterium casei	12	0
C000653461	Anaerobutyricum soehngenii	anaerobutyricum soehngenii	8	0
C000653462	Anaerobutyricum hallii	anaerobutyricum hallii	12	0
C000653462	Eubacterium hallii	eubacterium hallii	14	0
C000653696	Cutibacterium avidum	cutibacterium avidum	6	0
C000653710	Curtobacterium flaccumfaciens	curtobacterium flaccumfaciens	5	0
C000653720	Cupriavidus pauculus	cupriavidus pauculus	5	0
C000653727	Cupriavidus gilardii	cupriavidus gilardii	11	0
C000653737	Brevibacillus laterosporus	brevibacillus laterosporus	12	0
C000653750	Brevibacillus agri	brevibacillus agri	5	0
C000653792	Bradyrhizobium ottawaense	bradyrhizobium ottawaense	12	0
C000653816	Bradyrhizobium elkanii	bradyrhizobium elkanii	5	0
C000653817	Bradyrhizobium diazoefficiens	bradyrhizobium diazoefficiens	32	0
C000653986	Flavobacterium johnsoniae	flavobacterium johnsoniae	5	0
C000654124	Symdeko	symdeko	6	0
C000654124	tezacaftor - ivacaftor	tezacaftor - ivacaftor	81	0
C000654124	tezacaftor and ivacaftor	tezacaftor and ivacaftor	4	0
C000654125	Biktarvy	biktarvy	24	0
C000654125	bictegravir emtricitabine tenofovir alafenamide	bictegravir emtricitabine tenofovir alafenamide	1	0
C000654128	Mavyret	mavyret	1	0
C000654128	glecaprevir - pibrentasvir	glecaprevir - pibrentasvir	2	0
C000654128	glecaprevir and pibrentasvir	glecaprevir and pibrentasvir	3	0
C000654180	phenamacril	phenamacril	30	0
C000654196	HDM201	hdm201	4	0
C000654196	siremadlin	siremadlin	3	0
C000654245	alpha-amyrin acetate	alpha - amyrin acetate	2	0
C000654245	amyrin acetate	amyrin acetate	7	0
C000654306	wumei	wumei	7	0
C000654324	mefentrifluconazole	mefentrifluconazole	19	0
C000654345	Bi2Sn2O7	bi2sn2o7	7	0
C000654432	TTP399	ttp399	5	0
C000654497	DEDTP	dedtp	5	0
C000654497	diethyldithiophosphate	diethyldithiophosphate	3	0
C000654550	Capgel	capgel	6	0
C000654730	tetrabromopyrrole	tetrabromopyrrole	5	0
C000654742	5-(2-oxopropylideneamino)-6-d-ribitylaminouracil	5 - ( 2 - oxopropylideneamino ) - 6 - d - ribitylaminouracil	4	0
C000654742	5-OP-RU	5 - op - ru	46	0
C000654784	Cenobamate	cenobamate	269	0
C000654784	XCOPRI	xcopri	1	0
C000654818	PTPD-12	ptpd - 12	7	0
C000654818	pentasodium tetracarboxymethyl palmitoyl dipeptide-12	pentasodium tetracarboxymethyl palmitoyl dipeptide - 12	1	0
C000654848	viltolarsen	viltolarsen	7	0
C000655017	tetraniliprole	tetraniliprole	25	0
C000655023	CORM-401	corm - 401	9	0
C000655226	JNJ-42847922	jnj - 42847922	1	0
C000655226	MIN-202	min - 202	1	0
C000655226	seltorexant	seltorexant	9	0
C000655265	RO8191	ro8191	8	0
C000655292	unicommissural UAV	unicommissural uav	1	0
C000655292	unicommissural unicuspid aortic valve	unicommissural unicuspid aortic valve	1	0
C000655292	unicuspid aortic valve	unicuspid aortic valve	14	0
C000655292	unicuspid aortic valves	unicuspid aortic valves	4	0
C000655364	zhenwu decoction	zhenwu decoction	18	0
C000655404	TAS4464	tas4464	11	0
C000655744	TTP488	ttp488	7	0
C000655744	azeliragon	azeliragon	33	0
C000655944	satralizumab	satralizumab	128	0
C000656166	LOXO-292	loxo - 292	1	0
C000656166	selpercatinib	selpercatinib	206	0
C000656179	parsaclisib	parsaclisib	15	0
C000656192	PF-06741086	pf - 06741086	2	0
C000656192	marstacimab	marstacimab	53	0
C000656249	etrasimod	etrasimod	85	0
C000656258	10-nitro-octadec-9-enoic acid	10 - nitro - octadec - 9 - enoic acid	1	0
C000656258	NO2-OA	no2 - oa	10	0
C000656258	nitro-oleic acid	nitro - oleic acid	6	0
C000656267	VAY736	vay736	3	0
C000656267	ianalumab	ianalumab	29	0
C000656314	Loqtorzi	loqtorzi	1	0
C000656314	toripalimab	toripalimab	374	0
C000656362	daybue	daybue	1	0
C000656362	trofinetide	trofinetide	53	0
C000656468	SYD985	syd985	7	0
C000656468	trastuzumab duocarmazine	trastuzumab duocarmazine	2	0
C000656473	crustin	crustin	14	0
C000656527	pydiflumetofen	pydiflumetofen	24	0
C000656634	gadopiclenol	gadopiclenol	22	0
C000656640	GC376	gc376	12	0
C000656646	etripamil	etripamil	13	0
C000656654	enarodustat	enarodustat	16	0
C000656708	prothioconazole-desthio	prothioconazole - desthio	8	0
C000656715	NaGdF4	nagdf4	37	0
C000656730	enmetazobactam	enmetazobactam	91	0
C000656745	Cas12a protein	cas12a protein	6	0
C000656785	Conidiobolus infection	conidiobolus infection	1	0
C000656785	basidiobolomycosis	basidiobolomycosis	44	0
C000656785	conidiobolomycosis	conidiobolomycosis	20	0
C000656785	entomophthoromycosis	entomophthoromycosis	11	0
C000656924	Lomentospora prolificans infection	lomentospora prolificans infection	1	0
C000656924	Scedosporium infection	scedosporium infection	1	0
C000656924	scedosporiosis	scedosporiosis	9	0
C000657127	afabicin	afabicin	10	0
C000657129	difelikefalin	difelikefalin	47	0
C000657129	difelikefalin acetate	difelikefalin acetate	2	0
C000657226	graphdiyne	graphdiyne	121	0
C000657335	pNaKtide	pnaktide	16	0
C000657348	RM-581	rm - 581	8	0
C000657366	arjungenin	arjungenin	6	0
C000658162	Aspergillus lentulus	aspergillus lentulus	15	0
C000658176	Microdochium bolleyi	microdochium bolleyi	5	0
C000658317	Dichomitus squalens	dichomitus squalens	10	0
C000658431	Candida bombicola	candida bombicola	1	0
C000658431	Starmerella bombicola	starmerella bombicola	7	0
C000658484	Usnea longissima	usnea longissima	5	0
C000659190	Geotrichum clavatum	geotrichum clavatum	3	0
C000659190	Magnusiomyces clavatus	magnusiomyces clavatus	8	0
C000659190	Saprochaete clavata	saprochaete clavata	3	0
C000659514	Acremonium persicinum	acremonium persicinum	6	0
C000659527	Acremonium sclerotigenum	acremonium sclerotigenum	8	0
C000659593	Actinomucor elegans	actinomucor elegans	5	0
C000659966	Akanthomyces muscarius	akanthomyces muscarius	2	0
C000659966	Lecanicillium muscarium	lecanicillium muscarium	3	0
C000660240	Alternaria alstroemeriae	alternaria alstroemeriae	7	0
C000660533	Alternaria tenuissima	alternaria tenuissima	14	0
C000661958	Arthrinium phaeospermum	arthrinium phaeospermum	6	0
C000661991	Arthrobotrys flagrans	arthrobotrys flagrans	4	0
C000661991	Duddingtonia flagrans	duddingtonia flagrans	4	0
C000662152	Ascochyta medicaginicola	ascochyta medicaginicola	4	0
C000662152	Phoma medicaginis	phoma medicaginis	1	0
C000662158	Ascochyta rabiei	ascochyta rabiei	12	0
C000662247	Aspergillus aculeatus	aspergillus aculeatus	11	0
C000662305	Aspergillus brasiliensis	aspergillus brasiliensis	17	0
C000662317	Aspergillus calidoustus	aspergillus calidoustus	13	0
C000662321	Aspergillus candidus	aspergillus candidus	6	0
C000662333	Aspergillus chevalieri	aspergillus chevalieri	20	0
C000662333	Eurotium chevalieri	eurotium chevalieri	3	0
C000662345	Aspergillus clavatus	aspergillus clavatus	10	0
C000662360	Aspergillus cristatus	aspergillus cristatus	14	0
C000662360	Eurotium cristatum	eurotium cristatum	29	0
C000662456	Aspergillus japonicus	aspergillus japonicus	5	0
C000662478	Aspergillus luchuensis	aspergillus luchuensis	21	0
C000662491	Aspergillus micronesiensis	aspergillus micronesiensis	5	0
C000662500	Aspergillus montevidensis	aspergillus montevidensis	5	0
C000662645	Aspergillus sydowii	aspergillus sydowii	30	0
C000662676	Aspergillus tubingensis	aspergillus tubingensis	30	0
C000662686	Aspergillus ustus	aspergillus ustus	16	0
C000662693	Aspergillus versicolor	aspergillus versicolor	20	0
C000662703	Aspergillus welwitschiae	aspergillus welwitschiae	6	0
C000662705	Aspergillus westerdijkiae	aspergillus westerdijkiae	17	0
C000662983	Aureobasidium melanogenum	aureobasidium melanogenum	15	0
C000663034	Auricularia heimuer	auricularia heimuer	8	0
C000663448	Amphichorda felina	amphichorda felina	2	0
C000663448	Beauveria felina	beauveria felina	1	0
C000663448	Isaria felina	isaria felina	2	0
C000663708	Blakeslea trispora	blakeslea trispora	5	0
C000665256	Candida blankii	candida blankii	8	0
C000665299	Candida dubliniensis	candida dubliniensis	27	0
C000665519	Candida viswanathii	candida viswanathii	11	0
C000665529	Candida zeylanoides	candida zeylanoides	5	0
C000665818	Cenococcum geophilum	cenococcum geophilum	7	0
C000665889	Rhizoctonia cerealis	rhizoctonia cerealis	13	0
C000665958	Ceratocystis platani	ceratocystis platani	6	0
C000666	coralyne	coralyne	16	0
C000666146	Cercospora zeina	cercospora zeina	7	0
C000666230	Cerrena unicolor	cerrena unicolor	5	0
C000666442	Chaetomium subaffine	chaetomium subaffine	6	0
C000666452	Chaetomium thermophilum	chaetomium thermophilum	11	0
C000666762	Chroogomphus rutilus	chroogomphus rutilus	5	0
C000667455	Cladosporium sphaerospermum	cladosporium sphaerospermum	8	0
C000667489	Clarireedia jacksonii	clarireedia jacksonii	9	0
C000667496	Claroideoglomus etunicatum	claroideoglomus etunicatum	5	0
C000667630	Candida lusitaniae	candida lusitaniae	12	0
C000667630	Clavispora lusitaniae	clavispora lusitaniae	14	0
C000668083	Colletotrichum acutatum	colletotrichum acutatum	9	0
C000668116	Colletotrichum camelliae	colletotrichum camelliae	11	0
C000668118	Colletotrichum capsici	colletotrichum capsici	5	0
C000668169	Colletotrichum falcatum	colletotrichum falcatum	7	0
C000668174	Colletotrichum fructicola	colletotrichum fructicola	33	0
C000668182	Colletotrichum graminicola	colletotrichum graminicola	9	0
C000668193	Colletotrichum higginsianum	colletotrichum higginsianum	11	0
C000668248	Colletotrichum orbiculare	colletotrichum orbiculare	11	0
C000668288	Colletotrichum scovillei	colletotrichum scovillei	8	0
C000668292	Colletotrichum siamense	colletotrichum siamense	19	0
C000668303	Colletotrichum sublineola	colletotrichum sublineola	10	0
C000668320	Colletotrichum truncatum	colletotrichum truncatum	9	0
C000669106	Cordyceps cateniannulata	cordyceps cateniannulata	2	0
C000669106	Isaria cateniannulata	isaria cateniannulata	10	0
C000669109	Cordyceps cicadae	cordyceps cicadae	10	0
C000669127	Cordyceps javanica	cordyceps javanica	12	0
C000669180	Coriolopsis trogii	coriolopsis trogii	4	0
C000669180	Trametes trogii	trametes trogii	2	0
C000670037	Cunninghamella elegans	cunninghamella elegans	9	0
C000670041	Fusarium circinatum	fusarium circinatum	10	0
C000670041	Gibberella circinata	gibberella circinata	2	0
C000670042	Fusarium poae	fusarium poae	5	0
C000670108	Ceriporiopsis subvermispora	ceriporiopsis subvermispora	3	0
C000670108	Gelatoporia subvermispora	gelatoporia subvermispora	2	0
C000670121	Penicillium polonicum	penicillium polonicum	10	0
C000670243	Paecilomyces lilacinus	paecilomyces lilacinus	7	0
C000670243	Purpureocillium lilacinum	purpureocillium lilacinum	51	0
C000670832	Russula species	russula species	8	0
C000671037	Podospora bulbillosa	podospora bulbillosa	8	0
C000671850	Meyerozyma caribbica	meyerozyma caribbica	8	0
C000671850	Pichia caribbica	pichia caribbica	1	0
C000672204	Sarocladium spinificis	sarocladium spinificis	5	0
C000672455	Fusarium falciforme	fusarium falciforme	9	0
C000672455	Neocosmospora falciformis	neocosmospora falciformis	3	0
C000672655	Sanghuangporus vaninii	sanghuangporus vaninii	18	0
C000672712	Fusarium incarnatum	fusarium incarnatum	11	0
C000672982	Penicillium steckii	penicillium steckii	6	0
C000673031	Paranosema locustae	paranosema locustae	7	0
C000673088	Spathaspora passalidarum	spathaspora passalidarum	6	0
C000673590	Xylaria grammica	xylaria grammica	6	0
C000673842	Hanseniaspora opuntiae	hanseniaspora opuntiae	7	0
C000674104	Trametes polyzona	trametes polyzona	7	0
C000674268	Fomitopsis officinalis	fomitopsis officinalis	7	0
C000674268	Laricifomes officinalis	laricifomes officinalis	3	0
C000674277	Trichoderma koningiopsis	trichoderma koningiopsis	9	0
C000674503	Neopestalotiopsis clavispora	neopestalotiopsis clavispora	7	0
C000674690	Fonsecaea monophora	fonsecaea monophora	8	0
C000674751	Lentinus polychrous	lentinus polychrous	6	0
C000674979	Kazachstania pintolopesii	kazachstania pintolopesii	7	0
C000675357	Lobaria retigera	lobaria retigera	5	0
C000675519	Daldinia eschscholtzii	daldinia eschscholtzii	8	0
C000675971	Pochonia chlamydosporia	pochonia chlamydosporia	5	0
C000676191	Fusarium asiaticum	fusarium asiaticum	9	0
C000676310	Saccharomycopsis schoenii	saccharomycopsis schoenii	6	0
C000676322	Exophiala spinifera	exophiala spinifera	5	0
C000676343	Metarhizium acridum	metarhizium acridum	17	0
C000676343	Metarhizium anisopliae var. acridum	metarhizium anisopliae var . acridum	2	0
C000676407	Terfezia claveryi	terfezia claveryi	9	0
C000676434	Pleurocybella porrigens	pleurocybella porrigens	6	0
C000676466	Gloeophyllum trabeum	gloeophyllum trabeum	10	0
C000676627	Trichosporon inkin	trichosporon inkin	13	0
C000676672	Malassezia slooffiae	malassezia slooffiae	5	0
C000676784	Candida humilis	candida humilis	3	0
C000676784	Kazachstania humilis	kazachstania humilis	5	0
C000676885	Rhizomucor miehei	rhizomucor miehei	10	0
C000676887	Mucor racemosus	mucor racemosus	7	0
C000676894	Gigaspora margarita	gigaspora margarita	5	0
C000676909	Candida guilliermondii	candida guilliermondii	11	0
C000676909	Meyerozyma guilliermondii	meyerozyma guilliermondii	32	0
C000676912	Saccharomycopsis fibuligera	saccharomycopsis fibuligera	11	0
C000676914	Lachancea fermentati	lachancea fermentati	5	0
C000676915	Saccharomyces rouxii	saccharomyces rouxii	1	0
C000676915	Zygosaccharomyces rouxii	zygosaccharomyces rouxii	18	0
C000677074	Sparassis crispa	sparassis crispa	11	0
C000677131	Trichothecium roseum	trichothecium roseum	6	0
C000677177	Penicillium brevicompactum	penicillium brevicompactum	6	0
C000677180	Penicillium janthinellum	penicillium janthinellum	5	0
C000677200	Nigrospora sphaerica	nigrospora sphaerica	5	0
C000677202	Trichosporon asahii	trichosporon asahii	59	0
C000677233	Trametes hirsuta	trametes hirsuta	14	0
C000677280	Phomopsis asparagi	phomopsis asparagi	12	0
C000677368	Cercospora arachidicola	cercospora arachidicola	3	0
C000677368	Passalora arachidicola	passalora arachidicola	2	0
C000677425	Lecanicillium aphanocladii	lecanicillium aphanocladii	5	0
C000677525	Cladosporium fulvum	cladosporium fulvum	4	0
C000677525	Fulvia fulva	fulvia fulva	2	0
C000677528	Fusarium sporotrichioides	fusarium sporotrichioides	6	0
C000677529	Fusarium acuminatum	fusarium acuminatum	5	0
C000677530	Fusarium culmorum	fusarium culmorum	24	0
C000677537	Thermomyces lanuginosus	thermomyces lanuginosus	18	0
C000677539	Trichoderma longibrachiatum	trichoderma longibrachiatum	35	0
C000677671	Magnaporthiopsis maydis	magnaporthiopsis maydis	6	0
C000677739	Lenzites betulinus	lenzites betulinus	6	0
C000677792	Candida antarctica	candida antarctica	35	0
C000677792	Moesziomyces antarcticus	moesziomyces antarcticus	3	0
C000677792	Pseudozyma antarctica	pseudozyma antarctica	2	0
C000677793	Moesziomyces aphidis	moesziomyces aphidis	4	0
C000677793	Pseudozyma aphidis	pseudozyma aphidis	2	0
C000677886	Neurospora intermedia	neurospora intermedia	13	0
C000677921	Podosphaera pannosa	podosphaera pannosa	5	0
C000677973	Plectosphaerella cucumerina	plectosphaerella cucumerina	8	0
C000677980	Phaeomoniella chlamydospora	phaeomoniella chlamydospora	5	0
C000678048	Candida versatilis	candida versatilis	2	0
C000678048	Wickerhamiella versatilis	wickerhamiella versatilis	3	0
C000678055	Metschnikowia bicuspidata	metschnikowia bicuspidata	5	0
C000678090	Rhizopus homothallicus	rhizopus homothallicus	5	0
C000678289	Trichoderma citrinoviride	trichoderma citrinoviride	9	0
C000678331	Pleurotus pulmonarius	pleurotus pulmonarius	14	0
C000678449	Ceratocystis paradoxa	ceratocystis paradoxa	5	0
C000678449	Thielaviopsis paradoxa	thielaviopsis paradoxa	2	0
C000678456	Saccharomyces paradoxus	saccharomyces paradoxus	7	0
C000678461	Cunninghamella bertholletiae	cunninghamella bertholletiae	5	0
C000678808	Fusarium commune	fusarium commune	6	0
C000678833	Arthroderma benhamiae	arthroderma benhamiae	1	0
C000678833	Trichophyton benhamiae	trichophyton benhamiae	4	0
C000678837	Trichophyton verrucosum	trichophyton verrucosum	5	0
C000678888	Trichoderma asperellum	trichoderma asperellum	55	0
C000678912	Mucor hiemalis	mucor hiemalis	7	0
C000678944	Encephalitozoon hellem	encephalitozoon hellem	7	0
C000678954	Talaromyces stipitatus	talaromyces stipitatus	10	0
C000678958	Penicillium funiculosum	penicillium funiculosum	2	0
C000678958	Talaromyces funiculosus	talaromyces funiculosus	4	0
C000678959	Talaromyces islandicus	talaromyces islandicus	5	0
C000679132	Lyophyllum decastes	lyophyllum decastes	18	0
C000679139	Piriformospora indica	piriformospora indica	15	0
C000679139	Serendipita indica	serendipita indica	29	0
C000679192	Dutch elm disease fungus	dutch elm disease fungus	2	0
C000679192	Ophiostoma novo-ulmi	ophiostoma novo - ulmi	3	0
C000679204	Fusarium sacchari	fusarium sacchari	17	0
C000679463	Phoma herbarum	phoma herbarum	7	0
C000679625	Tilletia foetida	tilletia foetida	2	0
C000679625	Tilletia laevis	tilletia laevis	4	0
C000679892	Ustilago coicis	ustilago coicis	6	0
C000680490	Lentinus tuber-regium	lentinus tuber - regium	1	0
C000680490	Pleurotus tuber-regium	pleurotus tuber - regium	5	0
C000680708	Metarhizium robertsii	metarhizium robertsii	30	0
C000681027	Corynespora cassiicola	corynespora cassiicola	18	0
C000681036	Penicillium verrucosum	penicillium verrucosum	7	0
C000681039	Penicillium nalgiovense	penicillium nalgiovense	7	0
C000681051	Diaporthe caulivora	diaporthe caulivora	5	0
C000681074	Fusarium tricinctum	fusarium tricinctum	16	0
C000681340	Rhodotorula kratochvilovae	rhodotorula kratochvilovae	6	0
C000681342	Rhodotorula paludigena	rhodotorula paludigena	9	0
C000681579	Neoscytalidium dimidiatum	neoscytalidium dimidiatum	9	0
C000681644	Nematocida parisii	nematocida parisii	5	0
C000681833	Rhizophagus irregularis	rhizophagus irregularis	62	0
C000681919	Oudemansiella raphanipes	oudemansiella raphanipes	8	0
C000682241	Morchella importuna	morchella importuna	10	0
C000682244	Morchella sextelata	morchella sextelata	14	0
C000682501	Geosmithia argillacea	geosmithia argillacea	1	0
C000682501	Rasamsonia argillacea	rasamsonia argillacea	7	0
C000682519	Phellinus baumii	phellinus baumii	3	0
C000682519	Sanghuangporus baumii	sanghuangporus baumii	2	0
C000682687	Trametes robiniophila	trametes robiniophila	7	0
C000682835	Erysiphe quercicola	erysiphe quercicola	6	0
C000682865	Dactylellina haptotyla	dactylellina haptotyla	5	0
C000683544	Sporothrix brasiliensis	sporothrix brasiliensis	52	0
C000683545	Sporothrix globosa	sporothrix globosa	7	0
C000683806	Saccharomycodes ludwigii	saccharomycodes ludwigii	5	0
C000684004	Trichoderma koningii	trichoderma koningii	7	0
C000684290	Penicillium crustosum	penicillium crustosum	23	0
C000684574	Hypsizygus marmoreus	hypsizygus marmoreus	16	0
C000684582	Tricholoma matsutake	tricholoma matsutake	14	0
C000684605	Phellinus igniarius	phellinus igniarius	17	0
C000684608	Fomitopsis pinicola	fomitopsis pinicola	5	0
C000684613	Stereum hirsutum	stereum hirsutum	8	0
C000684614	Sporobolomyces roseus	sporobolomyces roseus	7	0
C000684702	Pleurotus citrinopileatus	pleurotus citrinopileatus	18	0
C000684922	Metarhizium pinghaense	metarhizium pinghaense	5	0
C000684922	Metarhizium pingshaense	metarhizium pingshaense	4	0
C000685154	Hericium coralloides	hericium coralloides	5	0
C000685155	Verticillium longisporum	verticillium longisporum	11	0
C000685160	Cryptococcus albidus	cryptococcus albidus	2	0
C000685160	Naganishia albida	naganishia albida	7	0
C000685168	Fusarium pseudograminearum	fusarium pseudograminearum	24	0
C000685372	Pichia galeiformis	pichia galeiformis	2	0
C000685372	Pichia manshurica	pichia manshurica	5	0
C000685650	Verticillium nonalfalfae	verticillium nonalfalfae	9	0
C000685859	Cytospora mali	cytospora mali	3	0
C000685859	Valsa mali	valsa mali	30	0
C000686187	Tuber indicum	tuber indicum	9	0
C000686194	Magnusiomyces capitatus	magnusiomyces capitatus	4	0
C000686194	Saprochaete capitata	saprochaete capitata	5	0
C000686278	Kodamaea ohmeri	kodamaea ohmeri	17	0
C000686278	Pichia ohmeri	pichia ohmeri	1	0
C000686283	Trichophyton tonsurans	trichophyton tonsurans	16	0
C000686287	Humicola insolens	humicola insolens	11	0
C000686287	Mycothermus thermophilus	mycothermus thermophilus	1	0
C000686299	Ganoderma boninense	ganoderma boninense	14	0
C000686303	Ganoderma microsporum	ganoderma microsporum	6	0
C000686305	Ganoderma resinaceum	ganoderma resinaceum	5	0
C000686309	Pleurotus djamor	pleurotus djamor	5	0
C000686320	Pichia kluyveri	pichia kluyveri	24	0
C000686457	Cyberlindnera fabianii	cyberlindnera fabianii	7	0
C000686555	Penicillium aculeatum	penicillium aculeatum	3	0
C000686555	Talaromyces aculeatus	talaromyces aculeatus	2	0
C000686832	Ogataea parapolymorpha	ogataea parapolymorpha	5	0
C000687286	Penicillium purpurogenum	penicillium purpurogenum	2	0
C000687286	Talaromyces purpureogenus	talaromyces purpureogenus	11	0
C000687472	Exserohilum rostratum	exserohilum rostratum	9	0
C000687475	Sanghuangporus sanghuang	sanghuangporus sanghuang	8	0
C000687759	Rhizopus delemar	rhizopus delemar	11	0
C000688590	Talaromyces pinophilus	talaromyces pinophilus	19	0
C000688654	Ganoderma atrum	ganoderma atrum	9	0
C000688902	Fusicolla acetilerea	fusicolla acetilerea	5	0
C000688922	Penicillium rubens	penicillium rubens	6	0
C000689193	Morchella eximia	morchella eximia	5	0
C000689804	Craterellus cornucopioides	craterellus cornucopioides	7	0
C000691060	Candida catenulata	candida catenulata	1	0
C000691060	Diutina catenulata	diutina catenulata	4	0
C000691283	Emergomyces africanus	emergomyces africanus	10	0
C000691286	Emergomyces orientalis	emergomyces orientalis	10	0
C000691359	Enterocytozoon hepatopenaei	enterocytozoon hepatopenaei	13	0
C000691967	Flammulina filiformis	flammulina filiformis	29	0
C000691992	Floccularia luteovirens	floccularia luteovirens	10	0
C000692317	Ganoderma ellipsoideum	ganoderma ellipsoideum	6	0
C000692324	Ganoderma leucocontextum	ganoderma leucocontextum	12	0
C000694432	Irpex lacteus	irpex lacteus	21	0
C000694571	Komagataella phaffii	komagataella phaffii	192	0
C000694649	Lachancea thermotolerans	lachancea thermotolerans	26	0
C000695035	Lasiodiplodia brasiliensis	lasiodiplodia brasiliensis	5	0
C000695242	Leiotrametes lactinea	leiotrametes lactinea	3	0
C000695242	Trametes lactinea	trametes lactinea	2	0
C000695619	Lichtheimia ramosa	lichtheimia ramosa	15	0
C000696070	Medicopsis romeroi	medicopsis romeroi	5	0
C000696935	Naematelia aurantialba	naematelia aurantialba	19	0
C000696935	Tremella aurantialba	tremella aurantialba	2	0
C000696937	Cryptococcus diffluens	cryptococcus diffluens	2	0
C000696937	Naganishia diffluens	naganishia diffluens	9	0
C000697895	Ovavesicula popilliae	ovavesicula popilliae	8	0
C000698383	Penicillium citrinum	penicillium citrinum	45	0
C000698471	Penicillium nordicum	penicillium nordicum	5	0
C000700302	Pseudocercospora	pseudocercospora	10	0
C000700719	Puccinia hordei	puccinia hordei	7	0
C000701381	Rhizopus microsporus	rhizopus microsporus	35	0
C000702003	Schizosaccharomyces japonicus	schizosaccharomyces japonicus	5	0
C000702424	Sparassis latifolia	sparassis latifolia	6	0
C000702519	Sporisorium scitamineum	sporisorium scitamineum	26	0
C000702631	Starmerella bacillaris	starmerella bacillaris	8	0
C000702642	Starmerella riodocensis	starmerella riodocensis	6	0
C000703135	Penicillium verruculosum	penicillium verruculosum	4	0
C000703135	Talaromyces verruculosus	talaromyces verruculosus	4	0
C000703713	Trichoderma afroharzianum	trichoderma afroharzianum	23	0
C000703723	Trichoderma asperelloides	trichoderma asperelloides	5	0
C000703726	Trichoderma atroviride	trichoderma atroviride	49	0
C000703778	Trichoderma gamsii	trichoderma gamsii	7	0
C000703784	Trichoderma guizhouense	trichoderma guizhouense	6	0
C000704029	Phellinus linteus	phellinus linteus	7	0
C000704488	Cytospora chrysosperma	cytospora chrysosperma	11	0
C000704644	Vishniacozyma victoriae	vishniacozyma victoriae	6	0
C000705187	VPM1002	vpm1002	23	0
C000705347	brexucabtagene autoleucel	brexucabtagene autoleucel	26	0
C000705367	diprovocim	diprovocim	9	0
C000705452	tucatinib	tucatinib	121	0
C000705477	pemigatinib	pemigatinib	68	0
C000705608	CS2164	cs2164	13	0
C000705635	phoenixin	phoenixin	74	0
C000705635	phoenixin-20	phoenixin - 20	15	0
C000705647	SEP-363856	sep - 363856	7	0
C000705647	ulotaront	ulotaront	21	0
C000705694	imidazole ketone erastin	imidazole ketone erastin	9	0
C000705711	AST2818	ast2818	7	0
C000705711	furmonertinib	furmonertinib	97	0
C000705749	lumateperone	lumateperone	87	0
C000705749	lumateperone tosylate	lumateperone tosylate	1	0
C000705750	AZD-7648	azd - 7648	1	0
C000705750	AZD7648	azd7648	11	0
C000705809	CF-301	cf - 301	1	0
C000705809	exebacase	exebacase	8	0
C000705828	JHU083	jhu083	10	0
C000705992	Bexagliflozin	bexagliflozin	32	0
C000706013	PLX51107	plx51107	6	0
C000706028	AMG 510	amg 510	1	0
C000706028	AMG510	amg510	4	0
C000706028	sotorasib	sotorasib	233	0
C000706151	VK4-116	vk4 - 116	6	0
C000706175	GS-441524-TP	gs - 441524 - tp	1	0
C000706175	GS-443902	gs - 443902	5	0
C000706175	remdesivir triphosphate	remdesivir triphosphate	4	0
C000706267	SARS-CoV-2 papain-like protease	sars - cov - 2 papain - like protease	21	0
C000706348	Ce-TiO2	ce - tio2	1	0
C000706348	cerium titanate	cerium titanate	5	0
C000706408	onvansertib	onvansertib	15	0
C000706531	68Ga-FAPI-46	68ga - fapi - 46	44	0
C000706531	FAPI-46	fapi - 46	201	0
C000706547	11C-LSN3172176	11c - lsn3172176	4	0
C000706547	LSN3172176	lsn3172176	4	0
C000706629	Ozoile	ozoile	10	0
C000706649	tilimycin	tilimycin	10	0
C000706656	gohibic	gohibic	2	0
C000706656	vilobelimab	vilobelimab	20	0
C000706668	CAY10603	cay10603	10	0
C000706811	dotinurad	dotinurad	40	0
C000706836	BCX-7353	bcx - 7353	1	0
C000706836	Orladeyo	orladeyo	1	0
C000706836	berotralstat	berotralstat	35	0
C000706870	2-acetylthiazole	2 - acetylthiazole	9	0
C000706889	daromun	daromun	5	0
C000706890	malvidin-3-O-glucoside	malvidin - 3 - o - glucoside	6	0
C000706890	oenin	oenin	2	0
C000706891	AZ5104	az5104	6	0
C000706907	uperin 3.5	uperin 3 . 5	5	0
C000707067	si-miao-yong-an decoction	si - miao - yong - an decoction	5	0
C000707067	smyad	smyad	3	0
C000707138	qingfei paidu decoction	qingfei paidu decoction	5	0
C000707142	tisotumab vedotin	tisotumab vedotin	24	0
C000707468	YS-01	ys - 01	12	0
C000707607	tepotinib	tepotinib	82	0
C000707700	avasopasem manganese	avasopasem manganese	6	0
C000707753	68Ga-FAPI	68ga - fapi	272	0
C000707753	68Ga-FAPI-04	68ga - fapi - 04	54	0
C000707753	FAPI-04	fapi - 04	310	0
C000707821	taniborbactam	taniborbactam	49	0
C000707850	ripretinib	ripretinib	45	0
C000707851	BMS202	bms202	5	0
C000707852	AK0529	ak0529	1	0
C000707852	ziresovir	ziresovir	8	0
C000707859	tormentic acid	tormentic acid	14	0
C000707873	gancao	gancao	45	0
C000707873	glycyrrhizae radix et rhizoma	glycyrrhizae radix et rhizoma	18	0
C000707919	nevanimibe	nevanimibe	6	0
C000707927	pamiparib	pamiparib	28	0
C000707948	18F-FC119S	18f - fc119s	5	0
C000707970	BGB-A317	bgb - a317	2	0
C000707970	tevimbra	tevimbra	1	0
C000707970	tislelizumab	tislelizumab	744	0
C000707992	lazertinib	lazertinib	135	0
C000708027	AXT107	axt107	8	0
C000708079	eryaspase	eryaspase	8	0
C000708109	4-octyl itaconate	4 - octyl itaconate	39	0
C000708247	1,3,5-benzenetricarbaldehyde	1 , 3 , 5 - benzenetricarbaldehyde	1	0
C000708247	1,3,5-triformylbenzene	1 , 3 , 5 - triformylbenzene	6	0
C000708247	benzene-1,3,5-tricarbaldehyde	benzene - 1 , 3 , 5 - tricarbaldehyde	1	0
C000708247	benzene-1,3,5-tricarboxaldehyde	benzene - 1 , 3 , 5 - tricarboxaldehyde	1	0
C000708352	trilaciclib	trilaciclib	59	0
C000708357	weifuchun	weifuchun	20	0
C000708407	mirikizumab	mirikizumab	134	0
C000708435	yoda1	yoda1	139	0
C000708458	2-(2H-Benzotriazol-2-yl)-4,6-di-tert-pentylphenol	2 - ( 2h - benzotriazol - 2 - yl ) - 4 , 6 - di - tert - pentylphenol	1	0
C000708458	UV-328	uv - 328	29	0
C000708459	PFK15	pfk15	5	0
C000708510	TPX-0005	tpx - 0005	1	0
C000708510	repotrectinib	repotrectinib	49	0
C000708570	amisulbrom	amisulbrom	10	0
C000708580	LB-100	lb - 100	11	0
C000708580	LB100	lb100	5	0
C000708656	TBBPS	tbbps	23	0
C000708656	tetrabromobisphenol S	tetrabromobisphenol s	8	0
C000708833	ABA triblock copolymers	aba triblock copolymers	5	0
C000708834	Ly93	ly93	8	0
C000708857	padsevonil	padsevonil	16	0
C000708869	isofetamid	isofetamid	12	0
C000708951	GSK2982772	gsk2982772	7	0
C000709007	1,2,4,5-tetrazine	1 , 2 , 4 , 5 - tetrazine	9	0
C000709090	BIIB067	biib067	2	0
C000709090	Qalsody	qalsody	3	0
C000709090	tofersen	tofersen	104	0
C000709194	5-oxo-ETE	5 - oxo - ete	4	0
C000709194	5-oxo-eicosatetraenoic acid	5 - oxo - eicosatetraenoic acid	3	0
C000709212	efpeglenatide	efpeglenatide	15	0
C000709220	vorolanib	vorolanib	14	0
C000709231	cc-486	cc - 486	8	0
C000709247	TAS6417	tas6417	1	0
C000709247	zipalertinib	zipalertinib	13	0
C000709267	felzartamab	felzartamab	12	0
C000709515	monalizumab	monalizumab	5	0
C000709526	MitoC	mitoc	12	0
C000709526	mitocurcumin	mitocurcumin	7	0
C000709690	huashi baidu	huashi baidu	6	0
C000709707	ninjin'yoeito	ninjin ' yoeito	15	0
C000709750	hydrazinecarbothioamide	hydrazinecarbothioamide	5	0
C000709760	IR-1061	ir - 1061	3	0
C000709760	IR1061	ir1061	3	0
C000709849	ELX-02	elx - 02	13	0
C000709911	CEA-TCB	cea - tcb	7	0
C000709911	cibisatamab	cibisatamab	5	0
C000710061	silver selenide	silver selenide	8	0
C000710061	silver selenide (Ag2Se)	silver selenide ( ag2se )	3	0
C000710140	VERU-111	veru - 111	7	0
C000710169	huatan huoxue	huatan huoxue	6	0
C000710171	nido-carborane	nido - carborane	4	0
C000710171	nido-carboranes	nido - carboranes	1	0
C000710173	olutasidenib	olutasidenib	21	0
C000710213	vafidemstat	vafidemstat	5	0
C000710249	donafenib	donafenib	75	0
C000710313	IACS-010759	iacs - 010759	21	0
C000710330	apraglutide	apraglutide	12	0
C000710336	PhenDC3	phendc3	13	0
C000710388	GV-971	gv - 971	29	0
C000710655	XEN1101	xen1101	9	0
C000710668	5F-MDMB-PICA	5f - mdmb - pica	18	0
C000710673	golodirsen	golodirsen	14	0
C000710709	BMS-986195	bms - 986195	1	0
C000710709	branebrutinib	branebrutinib	11	0
C000710748	U3-1402	u3 - 1402	1	0
C000710748	patritumab deruxtecan	patritumab deruxtecan	18	0
C000710749	loncastuximab tesirine	loncastuximab tesirine	23	0
C000710769	isotonitazene	isotonitazene	34	0
C000710874	ARX788	arx788	12	0
C000710968	KB003	kb003	1	0
C000710968	lenzilumab	lenzilumab	14	0
C000710987	acyl-ghrelin	acyl - ghrelin	11	0
C000711028	LTI-01	lti - 01	12	0
C000711049	difamilast	difamilast	14	0
C000711074	selenoxide	selenoxide	9	0
C000711350	qishen granule	qishen granule	6	0
C000711386	heptamethine cyanine dye	heptamethine cyanine dye	11	0
C000711471	TEPP-46	tepp - 46	18	0
C000711570	BAX602	bax602	6	0
C000711576	UiO-66	uio - 66	950	0
C000711612	BTP3-Neu5Ac	btp3 - neu5ac	6	0
C000711667	astegolimab	astegolimab	26	0
C000711669	axatilimab	axatilimab	14	0
C000711671	enoxaparin sodium	enoxaparin sodium	21	0
C000711752	PTC299	ptc299	8	0
C000711848	PAM2	pam2	12	0
C000711848	PAM2CSK4	pam2csk4	10	0
C000711947	ansuvimab	ansuvimab	7	0
C000711947	mAb114	mab114	1	0
C000712133	PTC596	ptc596	12	0
C000712207	Awiqli	awiqli	2	0
C000712207	insulin icodec	insulin icodec	65	0
C000712207	insulin icodec-abae	insulin icodec - abae	1	0
C000712208	TH5487	th5487	5	0
C000712258	DS-1971a	ds - 1971a	5	0
C000712280	Bupleurum chinense	bupleurum chinense	27	0
C000712280	Bupleurum falcatum	bupleurum falcatum	5	0
C000712310	Punica granatum pericarp extract	punica granatum pericarp extract	4	0
C000712310	granati pericarpium	granati pericarpium	2	0
C000712310	pomegranate husk	pomegranate husk	2	0
C000712456	5-(4-hydroxyphenyl)-3H-1,2-dithiole-3-thione	5 - ( 4 - hydroxyphenyl ) - 3h - 1 , 2 - dithiole - 3 - thione	1	0
C000712456	ADT-OH	adt - oh	19	0
C000712547	AZD-5363	azd - 5363	4	0
C000712547	cabenuva	cabenuva	6	0
C000712547	cabotegravir and rilpivirine	cabotegravir and rilpivirine	61	0
C000712547	cabotegravir-rilpivirine	cabotegravir - rilpivirine	18	0
C000712628	pyronaridine-artesunate	pyronaridine - artesunate	25	0
C000712687	sulfane	sulfane	23	0
C000712767	NT-I7	nt - i7	26	0
C000712767	efineptakin alfa	efineptakin alfa	6	0
C000712767	rhil-7-hyfc	rhil - 7 - hyfc	16	0
C000712807	apoE mimetic peptide CN-105	apoe mimetic peptide cn - 105	4	0
C000712807	apolipoprotein E mimetic peptide CN-105	apolipoprotein e mimetic peptide cn - 105	1	0
C000712808	Tak-935	tak - 935	6	0
C000712808	soticlestat	soticlestat	24	0
C000712847	ALC-0315	alc - 0315	31	0
C000712847	lipid ALC-0315	lipid alc - 0315	1	0
C000712867	SM-102	sm - 102	57	0
C000712973	Spevigo	spevigo	1	0
C000712973	spesolimab	spesolimab	88	0
C000712974	PFK-158	pfk - 158	5	0
C000712974	PFK158	pfk158	1	0
C000712978	MDL-800	mdl - 800	33	0
C000712978	MDL800	mdl800	10	0
C000713090	MDMB-4en-PINACA	mdmb - 4en - pinaca	15	0
C000713095	15,16-dihydrotanshinone I	15 , 16 - dihydrotanshinone i	3	0
C000713095	dihydrotanshinone I	dihydrotanshinone i	22	0
C000713149	Allium macrostemon	allium macrostemon	9	0
C000713257	Lytgobi	lytgobi	1	0
C000713257	TAS-120	tas - 120	1	0
C000713257	futibatinib	futibatinib	54	0
C000713258	odevixibat	odevixibat	32	0
C000713668	KX2-391	kx2 - 391	7	0
C000713668	tirbanibulin	tirbanibulin	37	0
C000713688	seladelpar	seladelpar	78	0
C000713787	Rehmannia decoction	rehmannia decoction	2	0
C000713787	radix rehmanniae	radix rehmanniae	6	0
C000713787	radix rehmanniae preparata	radix rehmanniae preparata	2	0
C000713787	rehmannia root	rehmannia root	2	0
C000713787	rehmanniae radix	rehmanniae radix	28	0
C000713868	Tribulus terrestris extract	tribulus terrestris extract	4	0
C000713868	fructus tribuli	fructus tribuli	2	0
C000713891	valerian essential oil	valerian essential oil	4	0
C000713891	valerian oil	valerian oil	1	0
C000713949	RTD-1	rtd - 1	8	0
C000713949	rhesus theta-defensin-1	rhesus theta - defensin - 1	1	0
C000713949	theta-defensin-1	theta - defensin - 1	1	0
C000713967	epi-inositol	epi - inositol	6	0
C000714149	cilgavimab	cilgavimab	29	0
C000714167	tixagevimab	tixagevimab	29	0
C000714307	ATR-002	atr - 002	7	0
C000714367	nitronyl nitroxide	nitronyl nitroxide	6	0
C000714407	tongmai formula	tongmai formula	5	0
C000714507	Eriobotrya japonica fruit	eriobotrya japonica fruit	2	0
C000714507	Eriobotrya japonica leaf	eriobotrya japonica leaf	4	0
C000714507	Eriobotrya japonica seed	eriobotrya japonica seed	1	0
C000714507	loquat fruit	loquat fruit	8	0
C000714507	loquat leaf	loquat leaf	1	0
C000714568	COL1A2	col1a2	235	0
C000714571	Procollagen Type I	procollagen type i	86	0
C000714571	Type I Procollagen	type i procollagen	20	0
C000714767	bemarituzumab	bemarituzumab	10	0
C000714787	shaoyao gancao decoction	shaoyao gancao decoction	17	0
C000714947	sulbactam-durlobactam	sulbactam - durlobactam	106	0
C000714949	AGuIX	aguix	8	0
C000715067	KM mouse	km mouse	3	0
C000715067	Kunming mice	kunming mice	63	0
C000715207	konjac flour	konjac flour	6	0
C000715347	Congenital tracheal stenosis	congenital tracheal stenosis	21	0
C000715380	ide-cel	ide - cel	54	0
C000715380	idecabtagene vicleucel	idecabtagene vicleucel	45	0
C000715549	OR-2100	or - 2100	12	0
C000715556	rebacin	rebacin	9	0
C000715613	2-Methylimidazole zinc salt	2 - methylimidazole zinc salt	1	0
C000715613	ZIF-8 metal-organic framework	zif - 8 metal - organic framework	4	0
C000715748	Hereditary alpha-tryptasemia	hereditary alpha - tryptasemia	10	0
C000716070	1CP-LSD	1cp - lsd	13	0
C000716071	ML-792	ml - 792	9	0
C000716074	Syfovre	syfovre	7	0
C000716074	pegcetacoplan	pegcetacoplan	199	0
C000716210	trans-4-hydroxy-L-proline	trans - 4 - hydroxy - l - proline	10	0
C000716216	M3814	m3814	2	0
C000716216	nedisertib	nedisertib	5	0
C000716216	peposertib	peposertib	2	0
C000716299	PTCDI	ptcdi	3	0
C000716299	perylene-3,4,9,10-tetracarboxylic diimide	perylene - 3 , 4 , 9 , 10 - tetracarboxylic diimide	2	0
C000716350	lumasiran	lumasiran	46	0
C000716353	octominin	octominin	11	0
C000716389	eds-flu	eds - flu	16	0
C000716473	ONL1204	onl1204	8	0
C000716691	OM-LV20	om - lv20	6	0
C000716728	reproxalap	reproxalap	29	0
C000716911	linzagolix	linzagolix	62	0
C000717067	CC-90009	cc - 90009	19	0
C000717092	TVB-2640	tvb - 2640	7	0
C000717094	cilofexor	cilofexor	17	0
C000717148	shenling baizhu san	shenling baizhu san	5	0
C000717167	rhupus syndrome	rhupus syndrome	15	0
C000717368	mucoricin	mucoricin	8	0
C000717387	LY2828360	ly2828360	12	0
C000717487	4'-fluorouridine	4 ' - fluorouridine	18	0
C000717487	EIDD-2749	eidd - 2749	4	0
C000717530	procizumab	procizumab	9	0
C000717533	JNK-IN-8	jnk - in - 8	5	0
C000717534	DT2216	dt2216	36	0
C000717558	gypenoside XVII	gypenoside xvii	5	0
C000717587	CR3022	cr3022	7	0
C000717668	natterin	natterin	6	0
C000717729	surufatinib	surufatinib	96	0
C000717732	NEO2734	neo2734	8	0
C000717747	hsa-mir-29b	hsa - mir - 29b	5	0
C000717792	cagrilintide	cagrilintide	106	0
C000717882	halicin	halicin	7	0
C000717926	Dracocephalum heterophyllum	dracocephalum heterophyllum	5	0
C000717948	sisunatovir	sisunatovir	12	0
C000717991	PSMA I&T	psma i & t	20	0
C000718012	sucrosomial iron	sucrosomial iron	7	0
C000718030	ferric derisomaltose	ferric derisomaltose	35	0
C000718067	darobactin	darobactin	19	0
C000718087	MIS-A	mis - a	16	0
C000718108	HS-10296	hs - 10296	6	0
C000718108	almonertinib	almonertinib	85	0
C000718108	aumolertinib	aumolertinib	86	0
C000718147	casimersen	casimersen	21	0
C000718190	MRTX849	mrtx849	5	0
C000718190	adagrasib	adagrasib	97	0
C000718190	krazati	krazati	1	0
C000718191	ziltivekimab	ziltivekimab	8	0
C000718202	miR-376a-3p	mir - 376a - 3p	8	0
C000718215	amivantamab	amivantamab	257	0
C000718215	amivantamab-vmjw	amivantamab - vmjw	1	0
C000718227	isobutylamido thiazolyl resorcinol	isobutylamido thiazolyl resorcinol	2	0
C000718227	thiamidol	thiamidol	33	0
C000718240	belumosudil	belumosudil	89	0
C000718244	68Ga-PSMA	68ga - psma	201	0
C000718244	68Ga-PSMA-11	68ga - psma - 11	89	0
C000718244	GA-68 PSMA-11	ga - 68 psma - 11	6	0
C000718249	bulevirtide	bulevirtide	92	0
C000718251	Dracocephalum moldavica	dracocephalum moldavica	13	0
C000718262	3-MCPDE	3 - mcpde	12	0
C000718263	HU3F8	hu3f8	15	0
C000718263	naxitamab	naxitamab	29	0
C000718307	dotatate	dotatate	605	0
C000718308	somapacitan	somapacitan	77	0
C000718308	somapacitan-beco	somapacitan - beco	1	0
C000718373	ARGX-113	argx - 113	1	0
C000718373	Vyvgart	vyvgart	3	0
C000718373	efgartigimod alfa	efgartigimod alfa	21	0
C000718376	hongjingtian	hongjingtian	5	0
C000718412	relma-cel	relma - cel	5	0
C000718412	relmacabtagene autoleucel	relmacabtagene autoleucel	2	0
C000718427	pristimerin	pristimerin	39	0
C000718467	danicopan	danicopan	17	0
C000718631	tominersen	tominersen	12	0
C000718636	ACT001	act001	31	0
C000718654	Asphodelus aestivus	asphodelus aestivus	2	0
C000718654	Asphodelus microcarpus	asphodelus microcarpus	2	0
C000718654	Asphodelus tenuifolius	asphodelus tenuifolius	4	0
C000718667	mastiha	mastiha	15	0
C000718682	Octenisept	octenisept	9	0
C000718682	octenidine and phenoxyethanol	octenidine and phenoxyethanol	1	0
C000718731	ML-210	ml - 210	10	0
C000718731	ML210	ml210	22	0
C000718749	KN035	kn035	15	0
C000718749	envafolimab	envafolimab	72	0
C000718810	Anti-Amphiphysin antibodies	anti - amphiphysin antibodies	6	0
C000718810	Anti-Amphiphysin antibody	anti - amphiphysin antibody	5	0
C000718831	tartrolon E	tartrolon e	5	0
C000718907	Ansa pancreatica	ansa pancreatica	8	0
C000718976	abelacimab	abelacimab	43	0
C000718987	atogepant	atogepant	149	0
C000718988	Anti-double-stranded DNA antibody	anti - double - stranded dna antibody	14	0
C000718988	Anti-dsDNA antibodies	anti - dsdna antibodies	42	0
C000718988	Anti-dsDNA antibody	anti - dsdna antibody	38	0
C000718988	Anti-dsDNA autoantibodies	anti - dsdna autoantibodies	6	0
C000718988	anti-dsDNA autoantibody	anti - dsdna autoantibody	6	0
C000719013	anti-Yo antibodies	anti - yo antibodies	15	0
C000719013	anti-Yo antibody	anti - yo antibody	12	0
C000719031	anti-titin antibodies	anti - titin antibodies	7	0
C000719031	anti-titin antibody	anti - titin antibody	4	0
C000719032	AQP4-Ab	aqp4 - ab	40	0
C000719032	anti-aquaporin 4 antibody	anti - aquaporin 4 antibody	6	0
C000719032	aquaporin 4 autoantibody	aquaporin 4 autoantibody	1	0
C000719041	LGI1 antibodies	lgi1 antibodies	9	0
C000719153	CIS43LS	cis43ls	15	0
C000719153	monoclonal antibody CIS43LS	monoclonal antibody cis43ls	1	0
C000719268	zilucoplan	zilucoplan	50	0
C000719271	yinchen	yinchen	14	0
C000719430	sr-17018	sr - 17018	16	0
C000719508	Simufilam	simufilam	18	0
C000719509	Fmoc-Phe	fmoc - phe	11	0
C000719509	Fmoc-phenylalanine	fmoc - phenylalanine	2	0
C000719529	CM11 peptide	cm11 peptide	5	0
C000719567	Uncaria rhynchophylla	uncaria rhynchophylla	22	0
C000719615	Leucas aspera	leucas aspera	12	0
C000719624	fetal inflammatory response syndrome	fetal inflammatory response syndrome	11	0
C000719628	dostarlimab	dostarlimab	113	0
C000719628	dostarlimab-gxly	dostarlimab - gxly	1	0
C000719634	BZD9L1	bzd9l1	6	0
C000719756	Imlunestrant	imlunestrant	73	0
C000719756	Inluriyo	inluriyo	1	0
C000719808	Kimmtrak	kimmtrak	1	0
C000719808	tebentafusp	tebentafusp	83	0
C000719808	tebentafusp-tebn	tebentafusp - tebn	1	0
C000719829	mazdutide	mazdutide	56	0
C000719848	zimberelimab	zimberelimab	17	0
C000719868	ABBV-181	abbv - 181	1	0
C000719868	budigalimab	budigalimab	24	0
C000720001	AMG-176	amg - 176	9	0
C000720033	itepekimab	itepekimab	11	0
C000720034	basmisanil	basmisanil	8	0
C000720047	Tunneling Nanotubes	tunneling nanotubes	103	0
C000720073	6:2 diPAP	6 : 2 dipap	32	0
C000720073	8:2 diPAP	8 : 2 dipap	8	0
C000720073	8:2 fluorotelomer phosphate diester	8 : 2 fluorotelomer phosphate diester	2	0
C000720073	fluorotelomer phosphate diester	fluorotelomer phosphate diester	2	0
C000720108	glofitamab	glofitamab	130	0
C000720111	perfluorotetradecanoic acid	perfluorotetradecanoic acid	7	0
C000720117	4:2 FTS	4 : 2 fts	3	0
C000720117	4:2 fluorotelomer sulfonic acid	4 : 2 fluorotelomer sulfonic acid	5	0
C000720117	6:2 FTS	6 : 2 fts	23	0
C000720117	6:2 fluorotelomer sulfonate	6 : 2 fluorotelomer sulfonate	8	0
C000720117	6:2 fluorotelomer sulfonic acid	6 : 2 fluorotelomer sulfonic acid	12	0
C000720117	8:2 FTS	8 : 2 fts	6	0
C000720117	8:2 fluorotelomer sulfonate	8 : 2 fluorotelomer sulfonate	2	0
C000720117	fluorotelomer sulfonic acids	fluorotelomer sulfonic acids	6	0
C000720119	Galeazzi fractures	galeazzi fractures	12	0
C000720127	SCO-792	sco - 792	7	0
C000720129	wikstroelide E	wikstroelide e	7	0
C000720132	giredestrant	giredestrant	29	0
C000720141	PFTrDA	pftrda	30	0
C000720141	perfluorotridecanoic acid	perfluorotridecanoic acid	7	0
C000720167	JX06	jx06	5	0
C000720187	Cytalux	cytalux	7	0
C000720187	OTL-38	otl - 38	1	0
C000720187	OTL38	otl38	4	0
C000720187	Pafolacianine	pafolacianine	28	0
C000720250	PFMOAA	pfmoaa	16	0
C000720250	perfluoro-2-methoxyacetic acid	perfluoro - 2 - methoxyacetic acid	3	0
C000720267	INNA-051	inna - 051	7	0
C000720348	PFPrS	pfprs	7	0
C000720348	perfluoropropanesulfonic acid	perfluoropropanesulfonic acid	1	0
C000720429	5-(3,6-dibromo-9H-carbazol-9-yl)-N,N,N-trimethylpentan-1-aminium chloride	5 - ( 3 , 6 - dibromo - 9h - carbazol - 9 - yl ) - n , n , n - trimethylpentan - 1 - aminium chloride	1	0
C000720429	RZL-012	rzl - 012	6	0
C000720449	tusamitamab ravtansine	tusamitamab ravtansine	7	0
C000720459	AB-106	ab - 106	1	0
C000720459	DS-6051b	ds - 6051b	1	0
C000720459	taletrectinib	taletrectinib	45	0
C000720466	GRT-R910	grt - r910	5	0
C000720507	Triadica cochinchinensis	triadica cochinchinensis	6	0
C000720551	glycated fibrinogen	glycated fibrinogen	5	0
C000720612	MK-6482	mk - 6482	1	0
C000720612	PT2977	pt2977	3	0
C000720612	Welireg	welireg	3	0
C000720612	belzutifan	belzutifan	193	0
C000720648	Der p 38	der p 38	8	0
C000720752	dalpiciclib	dalpiciclib	63	0
C000720753	VTP50469	vtp50469	5	0
C000720754	milvexian	milvexian	55	0
C000720760	ARV-771	arv - 771	14	0
C000720762	SC75741	sc75741	8	0
C000720764	chitosan lactate	chitosan lactate	6	0
C000720850	poseltinib	poseltinib	5	0
C000720862	mobocertinib	mobocertinib	22	0
C000720866	sivopixant	sivopixant	8	0
C000720890	spongin	spongin	6	0
C000720891	dBET6	dbet6	6	0
C000720935	balstilimab	balstilimab	10	0
C000720946	sonelokimab	sonelokimab	5	0
C000720954	Lysimachia foenum-graecum	lysimachia foenum - graecum	5	0
C000721056	ON101	on101	12	0
C000721057	mayenite	mayenite	12	0
C000721061	AMY-101	amy - 101	8	0
C000721065	1D-142	1d - 142	6	0
C000721067	MF-094	mf - 094	6	0
C000721071	upacicalcet	upacicalcet	18	0
C000721075	COVAC-1	covac - 1	1	0
C000721075	COVAC-2	covac - 2	7	0
C000721093	isoallolithocholic acid	isoallolithocholic acid	5	0
C000721096	florylpicoxamid	florylpicoxamid	12	0
C000721227	relatlimab	relatlimab	63	0
C000721272	cyclotropia	cyclotropia	2	0
C000721272	excyclotropia	excyclotropia	3	0
C000721294	Hyperglycerolemia	hyperglycerolemia	7	0
C000721294	gk deficiency	gk deficiency	2	0
C000721294	glycerol kinase deficiency	glycerol kinase deficiency	5	0
C000721314	Dracaena cochinchinensis	dracaena cochinchinensis	11	0
C000721353	Reverse halo sign	reverse halo sign	3	0
C000721353	Reversed halo sign	reversed halo sign	14	0
C000721427	Crazy paving pattern	crazy paving pattern	3	0
C000721427	Crazy-paving pattern	crazy - paving pattern	8	0
C000721467	VEXAS	vexas	446	0
C000721467	VEXAS syndrome	vexas syndrome	245	0
C000721492	cobomarsen	cobomarsen	5	0
C000721532	CCS1477	ccs1477	14	0
C000721532	inobrodib	inobrodib	4	0
C000721627	Gd-IgA1	gd - iga1	90	0
C000721627	galactose-deficient IgA1	galactose - deficient iga1	52	0
C000721707	HPV 39	hpv 39	5	0
C000721707	HPV-39	hpv - 39	18	0
C000721707	HPV39	hpv39	9	0
C000721707	Human papillomavirus type 39	human papillomavirus type 39	3	0
C000721709	HPV 59	hpv 59	3	0
C000721709	HPV-59	hpv - 59	8	0
C000721709	HPV59	hpv59	7	0
C000721710	HPV 68	hpv 68	3	0
C000721710	HPV-68	hpv - 68	11	0
C000721710	HPV68	hpv68	11	0
C000721728	HPV 28	hpv 28	2	0
C000721728	HPV28	hpv28	12	0
C000721768	HPV 35	hpv 35	15	0
C000721768	HPV-35	hpv - 35	8	0
C000721768	HPV35	hpv35	19	0
C000721768	human papillomavirus 35	human papillomavirus 35	1	0
C000721770	HPV 51	hpv 51	4	0
C000721770	HPV-51	hpv - 51	21	0
C000721770	HPV51	hpv51	13	0
C000721770	human papillomavirus 51	human papillomavirus 51	1	0
C000721771	HPV 52	hpv 52	19	0
C000721771	HPV-52	hpv - 52	31	0
C000721771	HPV52	hpv52	69	0
C000721771	human papillomavirus 52	human papillomavirus 52	3	0
C000721772	HPV 56	hpv 56	2	0
C000721772	HPV-56	hpv - 56	6	0
C000721772	HPV56	hpv56	9	0
C000721774	HPV 58	hpv 58	8	0
C000721774	HPV-58	hpv - 58	14	0
C000721774	HPV58	hpv58	45	0
C000721774	Human papillomavirus type 58	human papillomavirus type 58	1	0
C000721774	human papillomavirus 58	human papillomavirus 58	3	0
C000721775	HPV 66	hpv 66	2	0
C000721775	HPV-66	hpv - 66	4	0
C000721775	HPV66	hpv66	11	0
C000721787	BromAc	bromac	18	0
C000721787	bromelain and acetylcysteine	bromelain and acetylcysteine	1	0
C000721808	Auxora	auxora	1	0
C000721808	CM4620	cm4620	11	0
C000721808	zegocractin	zegocractin	9	0
C000721848	diabetic encephalopathy	diabetic encephalopathy	34	0
C000721848	hypoglycemic encephalopathy	hypoglycemic encephalopathy	15	0
C000722008	EDP-235	edp - 235	7	0
C000722187	camizestrant	camizestrant	28	0
C000722215	spleen aminopeptide	spleen aminopeptide	7	0
C000722229	mogrol	mogrol	19	0
C000722231	apitegromab	apitegromab	10	0
C000722234	mutanobactin D	mutanobactin d	7	0
C000722239	golexanolone	golexanolone	17	0
C000722249	PI-2620	pi - 2620	25	0
C000722274	icenticaftor	icenticaftor	18	0
C000722279	SynVesT-1	synvest - 1	36	0
C000722308	NDV-HXP-S	ndv - hxp - s	31	0
C000722308	NDV-HXP-S COVID-19 vaccine	ndv - hxp - s covid - 19 vaccine	1	0
C000722308	NDV-HXP-S vaccine	ndv - hxp - s vaccine	8	0
C000722354	ensitrelvir	ensitrelvir	147	0
C000722356	DA-1241	da - 1241	6	0
C000722364	ZF2001	zf2001	4	0
C000722364	ZF2001 vaccine	zf2001 vaccine	1	0
C000722364	Zifivax	zifivax	2	0
C000722437	APG-1252	apg - 1252	11	0
C000722462	telitacicept	telitacicept	482	0
C000722495	spaceflight-associated neuro-ocular syndrome	spaceflight - associated neuro - ocular syndrome	26	0
C000722501	diroximel fumarate	diroximel fumarate	15	0
C000722503	GW117	gw117	9	0
C000722504	Huangkui	huangkui	35	0
C000722512	Shuangshen	shuangshen	12	0
C000722512	Shuangshen granules	shuangshen granules	4	0
C000722529	DNDI-6148	dndi - 6148	23	0
C000722548	2-methylthio-N6-isopentenyladenosine	2 - methylthio - n6 - isopentenyladenosine	2	0
C000722548	ms2i6a	ms2i6a	4	0
C000722588	BIIB091	biib091	8	0
C000722611	lybalvi	lybalvi	3	0
C000722611	olanzapine and samidorphan	olanzapine and samidorphan	1	0
C000722611	olanzapine-samidorphan	olanzapine - samidorphan	3	0
C000722651	Eltanexor	eltanexor	25	0
C000722651	KPT-8602	kpt - 8602	2	0
C000722655	AMG757	amg757	2	0
C000722655	tarlatamab	tarlatamab	252	0
C000722655	tarlatamab-dlle	tarlatamab - dlle	1	0
C000722656	metonitazene	metonitazene	17	0
C000722747	mRNA-1010	mrna - 1010	17	0
C000722747	mRNA-1010 vaccine	mrna - 1010 vaccine	1	0
C000722749	mRNA-1345	mrna - 1345	19	0
C000722749	mRNA-1345 RSV vaccine	mrna - 1345 rsv vaccine	2	0
C000722750	mRNA-1647	mrna - 1647	6	0
C000722756	Cordylobia anthropophaga	cordylobia anthropophaga	5	0
C000722756	tumbu fly	tumbu fly	4	0
C000722757	Oestrus ovis	oestrus ovis	8	0
C000722757	sheep botfly	sheep botfly	2	0
C000722768	BBIBP-CorV	bbibp - corv	21	0
C000722768	BBIBP-CorV vaccine	bbibp - corv vaccine	4	0
C000722768	BIBP vaccine	bibp vaccine	2	0
C000722768	Covilo	covilo	10	0
C000722772	AZD5305	azd5305	8	0
C000722810	IIBR-100	iibr - 100	5	0
C000722909	CT-P17	ct - p17	9	0
C000722911	Rhapsido	rhapsido	1	0
C000722911	remibrutinib	remibrutinib	77	0
C000722912	maralixibat	maralixibat	14	0
C000722917	fluzoparib	fluzoparib	7	0
C000722978	COVID-19 rebound	covid - 19 rebound	8	0
C000722994	disitamab vedotin	disitamab vedotin	129	0
C000723006	Zynrelef	zynrelef	9	0
C000723007	Skytrofa	skytrofa	1	0
C000723007	lonapegsomatropin	lonapegsomatropin	41	0
C000723007	lonapegsomatropin-tcgd	lonapegsomatropin - tcgd	1	0
C000723009	olpasiran	olpasiran	20	0
C000723010	suchilactone	suchilactone	6	0
C000723013	tilsotolimod	tilsotolimod	14	0
C000723018	sugemalimab	sugemalimab	40	0
C000723076	decitabine and cedazuridine	decitabine and cedazuridine	1	0
C000723076	decitabine-cedazuridine	decitabine - cedazuridine	9	0
C000723083	crinecerfont	crinecerfont	18	0
C000723088	KRASG12D inhibitor MRTX1133	krasg12d inhibitor mrtx1133	6	0
C000723088	MRTX1133	mrtx1133	127	0
C000723102	elezanumab	elezanumab	5	0
C000723129	simoctocog alfa	simoctocog alfa	11	0
C000723129	simoctocog alfa (Nuwiq)	simoctocog alfa ( nuwiq )	1	0
C000723170	rehmannioside A	rehmannioside a	7	0
C000723200	Vabysmo	vabysmo	7	0
C000723200	faricimab	faricimab	876	0
C000723200	faricimab-svoa	faricimab - svoa	8	0
C000723239	3-propylidenephthalide	3 - propylidenephthalide	7	0
C000723274	Simnotrelvir	simnotrelvir	30	0
C000723307	3-octen-2-one	3 - octen - 2 - one	6	0
C000723349	roburic acid	roburic acid	5	0
C000723354	LATE-NC	late - nc	59	0
C000723354	limbic-predominant age-related TDP-43 encephalopathy	limbic - predominant age - related tdp - 43 encephalopathy	40	0
C000723373	LXH254	lxh254	3	0
C000723373	naporafenib	naporafenib	14	0
C000723381	Dawnzera	dawnzera	2	0
C000723381	donidalorsen	donidalorsen	32	0
C000723391	3-decen-2-one	3 - decen - 2 - one	7	0
C000723395	Roctavian	roctavian	5	0
C000723395	Valoctocogene Roxaparvovec	valoctocogene roxaparvovec	23	0
C000723487	ADA2 deficiency	ada2 deficiency	8	0
C000723487	deficiency of adenosine deaminase 2	deficiency of adenosine deaminase 2	14	0
C000723490	Langya henipavirus	langya henipavirus	4	0
C000723490	Langya virus	langya virus	9	0
C000723491	Cedar virus	cedar virus	8	0
C000723517	sotigalimab	sotigalimab	5	0
C000723535	WX-081	wx - 081	15	0
C000723535	sudapyridine	sudapyridine	1	0
C000723546	GDC-0077	gdc - 0077	2	0
C000723546	inavolisib	inavolisib	66	0
C000723550	sabatolimab	sabatolimab	6	0
C000723553	bexmarilimab	bexmarilimab	5	0
C000723609	PaPE-1	pape - 1	8	0
C000723612	ZIF-90	zif - 90	55	0
C000723769	N-lactoyl-phenylalanine	n - lactoyl - phenylalanine	15	0
C000723769	lac-phe	lac - phe	63	0
C000723779	AB680	ab680	3	0
C000723779	quemliclustat	quemliclustat	6	0
C000723789	SRK-181	srk - 181	1	0
C000723789	linavonkibart	linavonkibart	10	0
C000723826	TAK-418	tak - 418	8	0
C000723862	SHR-1701	shr - 1701	8	0
C000723907	Ibezapolstat	ibezapolstat	11	0
C000723975	NIS793	nis793	8	0
C000723994	fimepinostat	fimepinostat	19	0
C000724002	Wenjing decoction	wenjing decoction	6	0
C000724160	spinacetin	spinacetin	13	0
C000726092	Ru265	ru265	8	0
C000726128	Ekterly	ekterly	4	0
C000726128	sebetralstat	sebetralstat	45	0
C000726230	Zn(OTf)2	zn ( otf ) 2	25	0
C000726230	zinc trifluoromethanesulfonate	zinc trifluoromethanesulfonate	11	0
C000726232	sulfoxonium	sulfoxonium	57	0
C000726244	BI-3406	bi - 3406	5	0
C000726274	dicyanamide	dicyanamide	27	0
C000726367	ASXL3-related disorder	asxl3 - related disorder	2	0
C000726367	Bainbridge-Ropers syndrome	bainbridge - ropers syndrome	7	0
C000726451	BI 456906	bi 456906	2	0
C000726451	survodutide	survodutide	80	0
C000726452	APG-2575	apg - 2575	1	0
C000726452	Lisaftoclax	lisaftoclax	26	0
C000726499	deschloroclozapine	deschloroclozapine	6	0
C000726653	NiCoFe2O4	nicofe2o4	17	0
C000726661	PSMA-11	psma - 11	318	0
C000726661	gozetotide	gozetotide	5	0
C000726694	Moina macrocopa	moina macrocopa	6	0
C000726748	Prader-Willi-like syndrome	prader - willi - like syndrome	1	0
C000726748	Schaaf-Yang syndrome	schaaf - yang syndrome	7	0
C000726750	Temple syndrome	temple syndrome	6	0
C000726768	cough hypersensitivity syndrome	cough hypersensitivity syndrome	9	0
C000726771	thienopyrimidinone	thienopyrimidinone	9	0
C000726994	DM199	dm199	10	0
C000726995	zanidatamab	zanidatamab	45	0
C000727030	Crotalus durissus	crotalus durissus	17	0
C000727030	Crotalus durissus cumanensis	crotalus durissus cumanensis	2	0
C000727030	Crotalus durissus terrificus	crotalus durissus terrificus	11	0
C000727032	haloxyfop-R-methyl	haloxyfop - r - methyl	6	0
C000727032	haloxyfop-p-methyl	haloxyfop - p - methyl	3	0
C000727067	SAFit2	safit2	12	0
C000727087	Agkistrodon acutus	agkistrodon acutus	2	0
C000727087	Deinagkistrodon acutus	deinagkistrodon acutus	19	0
C000727090	Gloydius brevicaudus	gloydius brevicaudus	7	0
C000727166	astrakurkurone	astrakurkurone	10	0
C000727167	Bothrops jararacussu	bothrops jararacussu	6	0
C000727167	jararacussu	jararacussu	14	0
C000727177	cramoll	cramoll	6	0
C000727180	Bothrops moojeni	bothrops moojeni	6	0
C000727182	Bothrops neuwiedi	bothrops neuwiedi	7	0
C000727188	Bungarus caeruleus	bungarus caeruleus	8	0
C000727253	Artocarpus lacucha	artocarpus lacucha	1	0
C000727253	Artocarpus lakoocha	artocarpus lakoocha	4	0
C000727378	Androctonus australis	androctonus australis	7	0
C000727381	Buthus martensii	buthus martensii	6	0
C000727381	Chinese scorpion	chinese scorpion	1	0
C000727381	Mesobuthus martensii	mesobuthus martensii	3	0
C000727381	Olivierus martensii	olivierus martensii	2	0
C000727430	Hirudo verbana	hirudo verbana	13	0
C000727443	Scolopendra mutilans	scolopendra mutilans	4	0
C000727443	Scolopendra subspinipes mutilans	scolopendra subspinipes mutilans	4	0
C000727475	BI 1015550	bi 1015550	6	0
C000727475	Jascayd	jascayd	3	0
C000727475	nerandomilast	nerandomilast	93	0
C000727489	triphenylphosphonium	triphenylphosphonium	92	0
C000727514	Monostroma nitidum	monostroma nitidum	2	0
C000727514	hitoegusa	hitoegusa	6	0
C000727516	Lessonia spicata	lessonia spicata	7	0
C000727516	Lessonia trabeculata	lessonia trabeculata	3	0
C000727535	Turbinaria conoides	turbinaria conoides	2	0
C000727535	Turbinaria ornata	turbinaria ornata	10	0
C000727535	Turbinaria tricostata	turbinaria tricostata	1	0
C000727537	Gloiopeltis	gloiopeltis	5	0
C000727537	Gloiopeltis furcata	gloiopeltis furcata	3	0
C000727537	Gloiopeltis tenax	gloiopeltis tenax	2	0
C000727548	BO-112	bo - 112	7	0
C000727691	Myrmecodia	myrmecodia	9	0
C000727720	mKate	mkate	13	0
C000727722	tdTomato	tdtomato	235	0
C000728047	P7C3-A20	p7c3 - a20	6	0
C000728070	7-OH-CBD	7 - oh - cbd	23	0
C000728070	7-hydroxycannabidiol	7 - hydroxycannabidiol	1	0
C000728191	VSA-2	vsa - 2	15	0
C000728248	C-170	c - 170	5	0
C000728252	Galla chinensis	galla chinensis	18	0
C000728253	AM-001	am - 001	5	0
C000728352	mPEG-b-PCL	mpeg - b - pcl	7	0
C000728355	Souvenaid	souvenaid	14	0
C000728363	Trichophyton indotineae	trichophyton indotineae	63	0
C000728490	Ranitomeya imitator	ranitomeya imitator	3	0
C000728490	mimic poison frog	mimic poison frog	2	0
C000728523	Gracilaria coronopifolia	gracilaria coronopifolia	5	0
C000728531	Enteromorpha prolifera	enteromorpha prolifera	9	0
C000728531	Ulva prolifera	ulva prolifera	42	0
C000728623	SH-1028	sh - 1028	10	0
C000728635	thiol-maleimide	thiol - maleimide	26	0
C000728668	ONC212	onc212	17	0
C000728669	ONC206	onc206	47	0
C000728672	coumarin-1,2,3-triazole	coumarin - 1 , 2 , 3 - triazole	5	0
C000728674	MK-0616	mk - 0616	8	0
C000728723	ML-162	ml - 162	9	0
C000728723	ML162	ml162	4	0
C000728733	Tetraponera	tetraponera	10	0
C000728733	Tetraponera ants	tetraponera ants	2	0
C000728733	Tetraponera penzigi	tetraponera penzigi	1	0
C000728867	Hydractinia	hydractinia	26	0
C000728867	Hydractinia symbiolongicarpus	hydractinia symbiolongicarpus	7	0
C000728929	rezivertinib	rezivertinib	11	0
C000728933	alepterolic acid	alepterolic acid	10	0
C000728935	SLU-2633	slu - 2633	8	0
C000728951	spirooxindole	spirooxindole	36	0
C000728983	SNDX-5613	sndx - 5613	2	0
C000728983	revumenib	revumenib	52	0
C000729035	parishin	parishin	90	0
C000729035	parishin A	parishin a	14	0
C000729249	Aeolian wall lizard	aeolian wall lizard	3	0
C000729249	Podarcis raffonei	podarcis raffonei	3	0
C000729273	cefepime-enmetazobactam	cefepime - enmetazobactam	17	0
C000729301	braylin	braylin	5	0
C000729316	neocryptotanshinone	neocryptotanshinone	8	0
C000729318	Kaur-16-ene	kaur - 16 - ene	6	0
C000729358	MK-8189	mk - 8189	10	0
C000729361	NBD-Cl	nbd - cl	15	0
C000729438	LOC14	loc14	8	0
C000729439	NV848	nv848	6	0
C000729440	NV914	nv914	5	0
C000729441	NV930	nv930	5	0
C000729442	FAD012	fad012	8	0
C000729467	SNIBCPS	snibcps	2	0
C000729467	Snijders Blok-Campeau syndrome	snijders blok - campeau syndrome	4	0
C000729508	orelabrutinib	orelabrutinib	57	0
C000729515	740Y-P	740y - p	47	0
C000729587	methyl-lysine	methyl - lysine	13	0
C000729616	tufuling	tufuling	19	0
C000729635	EZM2302	ezm2302	8	0
C000729641	poly-d-lysine	poly - d - lysine	7	0
C000729737	Opdualag	opdualag	3	0
C000729737	nivolumab and relatlimab	nivolumab and relatlimab	6	0
C000729737	nivolumab-relatlimab	nivolumab - relatlimab	13	0
C000729764	2,3,5-triphenyl tetrazolium chloride	2 , 3 , 5 - triphenyl tetrazolium chloride	14	0
C000729768	GLX351322	glx351322	10	0
C000729862	NP137	np137	10	0
C000729879	codonopsis radix	codonopsis radix	19	0
C000729910	kuwanon A	kuwanon a	7	0
C000729918	NP-G2-044	np - g2 - 044	5	0
C000729920	senaparib	senaparib	6	0
C000729921	Enavogliflozin	enavogliflozin	38	0
C000729927	casgevy	casgevy	14	0
C000729927	exagamglogene autotemcel	exagamglogene autotemcel	13	0
C000729928	lovotibeglogene autotemcel	lovotibeglogene autotemcel	5	0
C000729928	lyfgenia	lyfgenia	6	0
C000729947	SBI-553	sbi - 553	6	0
C000729965	hsa-mir-9	hsa - mir - 9	4	0
C000729965	hsa-mir-9-5p	hsa - mir - 9 - 5p	2	0
C000730028	PCN-222	pcn - 222	34	0
C000730029	Scy-hepc	scy - hepc	10	0
C000730053	benzyl azide	benzyl azide	5	0
C000730054	dTRIM24	dtrim24	9	0
C000730055	navarixin	navarixin	6	0
C000730057	ZIF-67	zif - 67	384	0
C000730057	zeolitic imidazolate framework-67	zeolitic imidazolate framework - 67	24	0
C000730110	asundexian	asundexian	42	0
C000730112	1,2,5-oxadiazole	1 , 2 , 5 - oxadiazole	6	0
C000730139	GSK484	gsk484	42	0
C000730143	1,2,3,4-tetrahydroquinoxaline	1 , 2 , 3 , 4 - tetrahydroquinoxaline	6	0
C000730146	zinc borate	zinc borate	5	0
C000730393	Yao syndrome	yao syndrome	9	0
C000730394	HVDAS	hvdas	14	0
C000730394	Helsmoortel-Van der Aa syndrome	helsmoortel - van der aa syndrome	12	0
C000730412	GB1107	gb1107	8	0
C000730419	ML-385	ml - 385	2	0
C000730419	ML385	ml385	254	0
C000730437	Pt@ZIF-8	pt @ zif - 8	5	0
C000730442	thiodiazole-copper	thiodiazole - copper	6	0
C000730454	TAK-981	tak - 981	34	0
C000730513	collagen antibody-induced arthritis	collagen antibody - induced arthritis	20	0
C000730525	IR808	ir808	9	0
C000730588	lanmodulin	lanmodulin	16	0
C000730654	nanocurcumin	nanocurcumin	153	0
C000730661	corramycin	corramycin	5	0
C000730766	iptacopan	iptacopan	93	0
C000730769	carotol	carotol	12	0
C000730792	2-methylpyrazine	2 - methylpyrazine	10	0
C000730795	ciprofol	ciprofol	433	0
C000730798	threose nucleic acid	threose nucleic acid	6	0
C000730799	eucommiae cortex	eucommiae cortex	6	0
C000730802	Buzhong Yiqi decoction	buzhong yiqi decoction	18	0
C000730804	pelacarsen	pelacarsen	26	0
C000730806	Prohexadione-calcium	prohexadione - calcium	9	0
C000730808	proanthocyanidin B2	proanthocyanidin b2	9	0
C000730814	Tiragolumab	tiragolumab	71	0
C000730816	ledene	ledene	5	0
C000730817	2-phenylthiazole	2 - phenylthiazole	5	0
C000730870	VYD222	vyd222	1	0
C000730870	pemgarda	pemgarda	1	0
C000730870	pemivibart	pemivibart	22	0
C000730926	Wainua	wainua	1	0
C000730926	eplontersen	eplontersen	55	0
C000730929	Cochleo-vestibular nerve compression syndrome	cochleo - vestibular nerve compression syndrome	1	0
C000730929	Vestibular paroxysmia	vestibular paroxysmia	13	0
C000730985	talquetamab	talquetamab	144	0
C000730993	GS-6207	gs - 6207	1	0
C000730993	Sunlenca	sunlenca	1	0
C000730993	lenacapavir	lenacapavir	334	0
C000730993	lenacapavir sodium	lenacapavir sodium	2	0
C000730993	yeztugo	yeztugo	4	0
C000731025	phosphoglycosyl transferase	phosphoglycosyl transferase	5	0
C000731025	phosphoglycosyltransferase	phosphoglycosyltransferase	1	0
C000731025	phosphoglycosyltransferases	phosphoglycosyltransferases	4	0
C000731034	4-O-caffeoylquinic acid	4 - o - caffeoylquinic acid	2	0
C000731034	cryptochlorogenic acid	cryptochlorogenic acid	19	0
C000731038	Polyvascular Disease	polyvascular disease	29	0
C000731039	3-O-caffeoylquinic acid	3 - o - caffeoylquinic acid	7	0
C000731070	RMC-7977	rmc - 7977	21	0
C000731071	RMC-6236	rmc - 6236	61	0
C000731071	daraxonrasib	daraxonrasib	116	0
C000731119	naphthoxazine	naphthoxazine	6	0
C000731133	Jiegeng	jiegeng	1	0
C000731133	Platycodonis Radix	platycodonis radix	9	0
C000731137	OGT inhibitor OSMI-1	ogt inhibitor osmi - 1	5	0
C000731137	OSMI-1	osmi - 1	23	0
C000731138	Alyftrek	alyftrek	6	0
C000731146	hexaphyrin	hexaphyrin	6	0
C000731146	hexaphyrins	hexaphyrins	8	0
C000731151	olezarsen	olezarsen	109	0
C000731151	tryngolza	tryngolza	2	0
C000731153	3-TYP	3 - typ	33	0
C000731153	SIRT3 inhibitor 3-TYP	sirt3 inhibitor 3 - typ	7	0
C000731154	cosibelimab	cosibelimab	6	0
C000731176	Cobenfy	cobenfy	22	0
C000731176	Xanomeline-Trospium	xanomeline - trospium	64	0
C000731184	VX-548	vx - 548	14	0
C000731184	journavx	journavx	10	0
C000731184	suzetrigine	suzetrigine	206	0
C000731201	H5N4	h5n4	6	0
C000731201	H5N4 influenza virus	h5n4 influenza virus	1	0
C000731201	Influenza A(H5N4) virus	influenza a ( h5n4 ) virus	1	0
C000731201	avian influenza A (H5N4) virus	avian influenza a ( h5n4 ) virus	1	0
C000731201	avian influenza A(H5N4) virus	avian influenza a ( h5n4 ) virus	1	0
C000731202	H7N6	h7n6	6	0
C000731202	H7N6 subtype	h7n6 subtype	1	0
C000731202	H7N6 virus	h7n6 virus	1	0
C000731202	Influenza A(H7N6) virus	influenza a ( h7n6 ) virus	1	0
C000731202	avian influenza A (H7N6) virus	avian influenza a ( h7n6 ) virus	1	0
C000731202	avian influenza A(H7N6) virus	avian influenza a ( h7n6 ) virus	1	0
C000731204	Attruby	attruby	1	0
C000731204	acoramidis	acoramidis	153	0
C000731231	Redemplo	redemplo	1	0
C000731231	plozasiran	plozasiran	74	0
C000731232	zodasiran	zodasiran	19	0
C000731246	N-acetyl-L-leucine	n - acetyl - l - leucine	10	0
C000731246	N-acetylleucine	n - acetylleucine	2	0
C000731246	levacetylleucine	levacetylleucine	2	0
C000731258	botulax	botulax	2	0
C000731258	letibotulinumtoxinA	letibotulinumtoxina	19	0
C000731258	letibotulinumtoxinA-wlbg	letibotulinumtoxina - wlbg	4	0
C000731416	1,2,4-oxadiazole	1 , 2 , 4 - oxadiazole	39	0
C000731444	cyanidin-3-O-galactoside	cyanidin - 3 - o - galactoside	17	0
C000731447	eutylone	eutylone	23	0
C000731453	danhong injection	danhong injection	19	0
C000731455	cannabichromenic acid	cannabichromenic acid	8	0
C000731534	glepaglutide	glepaglutide	11	0
C000731667	befotertinib	befotertinib	7	0
C000731668	sunvozertinib	sunvozertinib	58	0
C000731669	CK-3773274	ck - 3773274	2	0
C000731669	aficamten	aficamten	109	0
C000731676	FX-909	fx - 909	12	0
C000731677	nerinetide	nerinetide	43	0
C000731678	Izervay	izervay	1	0
C000731678	avacincaptad pegol	avacincaptad pegol	21	0
C000731689	Elevidys	elevidys	6	0
C000731689	delandistrogene moxeparvovec	delandistrogene moxeparvovec	27	0
C000731689	delandistrogene moxeparvovec-rokl	delandistrogene moxeparvovec - rokl	4	0
C000731690	nadofaragene firadenovec	nadofaragene firadenovec	28	0
C000731690	nadofaragene firadenovec-vncg	nadofaragene firadenovec - vncg	1	0
C000731737	Efsitora	efsitora	132	0
C000731737	Efsitora alfa	efsitora alfa	20	0
C000731743	BMS-202	bms - 202	13	0
C000731743	PD-L1 inhibitor BMS-202	pd - l1 inhibitor bms - 202	4	0
C000731747	Palopegteriparatide	palopegteriparatide	62	0
C000731747	Yorvipath	yorvipath	2	0
C000731748	Sofpironium	sofpironium	8	0
C000731748	sofpironium bromide	sofpironium bromide	8	0
C000731752	Deuruxolitinib	deuruxolitinib	28	0
C000731752	Leqselvi	leqselvi	1	0
C000731753	F-627	f - 627	1	0
C000731753	efbemalenograstim	efbemalenograstim	28	0
C000731753	efbemalenograstim alfa	efbemalenograstim alfa	28	0
C000731753	efbemalenograstim alfa-vuxw	efbemalenograstim alfa - vuxw	4	0
C000731754	Crovalimab	crovalimab	50	0
C000731755	cipaglucosidase alfa	cipaglucosidase alfa	17	0
C000731768	pozelimab	pozelimab	10	0
C000731773	aztreonam-avibactam	aztreonam - avibactam	168	0
C000731776	bisphenol ph	bisphenol ph	5	0
C000731810	STC-15	stc - 15	8	0
C000731811	Hemgenix	hemgenix	2	0
C000731811	etranacogene dezaparvovec	etranacogene dezaparvovec	24	0
C000731812	Beqvez	beqvez	1	0
C000731812	fidanacogene elaparvovec	fidanacogene elaparvovec	8	0
C000731813	Beremagene geperpavec-svdt	beremagene geperpavec - svdt	1	0
C000731813	Vyjuvek	vyjuvek	1	0
C000731813	beremagene geperpavec	beremagene geperpavec	7	0
C000731815	Encelto	encelto	3	0
C000731815	Revakinagene Taroretcel-lwey	revakinagene taroretcel - lwey	5	0
C000731815	revakinagene taroretcel	revakinagene taroretcel	8	0
C000731817	REGN5458	regn5458	1	0
C000731817	linvoseltamab	linvoseltamab	58	0
C000731821	Enflonsia	enflonsia	4	0
C000731821	clesrovimab	clesrovimab	57	0
C000731822	Andembry	andembry	1	0
C000731822	garadacimab	garadacimab	32	0
C000731822	garadacimab-gxii	garadacimab - gxii	3	0
C000731825	Eladocagene exuparvovec	eladocagene exuparvovec	9	0
C000731827	efruxifermin	efruxifermin	18	0
C000731835	tetrahydropyrimidine	tetrahydropyrimidine	6	0
C000731839	nipocalimab	nipocalimab	114	0
C000731839	nipocalimab-aahu	nipocalimab - aahu	2	0
C000731840	vimseltinib	vimseltinib	10	0
C000731841	avutometinib and defactinib	avutometinib and defactinib	10	0
C000731850	ketamine-propofol	ketamine - propofol	10	0
C000731850	ketofol	ketofol	48	0
C000731855	Tryptyr	tryptyr	2	0
C000731855	acoltremon	acoltremon	18	0
C000731856	nitazene	nitazene	107	0
C000731874	Paltusotine	paltusotine	39	0
C000731875	Wayrilz	wayrilz	3	0
C000731875	rilzabrutinib	rilzabrutinib	69	0
C000731876	Hernexeos	hernexeos	1	0
C000731876	zongertinib	zongertinib	85	0
C000731879	triazolopyridine	triazolopyridine	7	0
C000731883	arylidene	arylidene	41	0
C000731926	ropeginterferon alfa-2b	ropeginterferon alfa - 2b	50	0
C000731926	ropeginterferon alfa-2b-njft	ropeginterferon alfa - 2b - njft	3	0
C000731927	Amvuttra	amvuttra	1	0
C000731927	vutrisiran	vutrisiran	156	0
C000731928	teclistamab	teclistamab	251	0
C000731929	mosunetuzumab	mosunetuzumab	117	0
C000731930	Nexobrid	nexobrid	32	0
C000731930	anacaulase	anacaulase	12	0
C000731930	anacaulase-bcdb	anacaulase - bcdb	12	0
C000731936	retifanlimab	retifanlimab	18	0
C000731937	Elfabrio	elfabrio	1	0
C000731937	pegunigalsidase alfa	pegunigalsidase alfa	8	0
C000731938	epcoritamab	epcoritamab	182	0
C000731938	epcoritamab-bysp	epcoritamab - bysp	1	0
C000731940	Elrexfio	elrexfio	1	0
C000731940	elranatamab	elranatamab	169	0
C000731951	DS-1062A	ds - 1062a	3	0
C000731951	Dato-DXd	dato - dxd	137	0
C000731951	Datroway	datroway	2	0
C000731951	datopotamab deruxtecan	datopotamab deruxtecan	70	0
C000731952	Lynkuet	lynkuet	1	0
C000731952	NT-814	nt - 814	1	0
C000731952	elinzanetant	elinzanetant	54	0
C000731954	Kygevvi	kygevvi	1	0
C000731954	doxecitine and doxribtimine	doxecitine and doxribtimine	7	0
C000731960	KO-539	ko - 539	1	0
C000731960	ziftomenib	ziftomenib	39	0
C000731961	BAY2927088	bay2927088	1	0
C000731961	sevabertinib	sevabertinib	18	0
C000731962	sibeprenlimab	sibeprenlimab	20	0
C000731963	lerodalcibep	lerodalcibep	15	0
C000731963	lerodalcibep-liga	lerodalcibep - liga	6	0
C000731964	Exdensur	exdensur	1	0
C000731964	depemokimab	depemokimab	84	0
C000731974	p-tau-217	p - tau - 217	11	0
C000731974	p-tau217	p - tau217	1475	0
C000731974	pTau217	ptau217	389	0
C000731974	phospho-tau217	phospho - tau217	4	0
C000731974	phosphorylated tau at threonine 217	phosphorylated tau at threonine 217	32	0
C000731974	ptau-217	ptau - 217	49	0
C000731974	tau phosphorylated at threonine 217	tau phosphorylated at threonine 217	25	0
C000731975	avalglucosidase alfa	avalglucosidase alfa	20	0
C000731975	rhGAA	rhgaa	24	0
C000731979	VX-121	vx - 121	11	0
C000731979	vanzacaftor	vanzacaftor	48	0
C000731987	FAP-2286	fap - 2286	120	0
C000732013	M5049	m5049	7	0
C000732013	enpatoran	enpatoran	27	0
C000732015	Yuviwel	yuviwel	1	0
C000732015	navepegritide	navepegritide	26	0
C000732017	Icotyde	icotyde	1	0
C000732017	JNJ-77242113	jnj - 77242113	1	0
C000732017	icotrokinra	icotrokinra	82	0
C000732018	Lynavoy	lynavoy	1	0
C000732018	linerixibat	linerixibat	22	0
C000732022	vornorexant	vornorexant	12	0
C000732025	CIN-107	cin - 107	1	0
C000732025	RO6836191	ro6836191	1	0
C000732025	baxdrostat	baxdrostat	89	0
C000732026	danicamtiv	danicamtiv	10	0
C000732030	omidubicel	omidubicel	9	0
C000732038	doxecitine	doxecitine	7	0
C000732039	doxribtimine	doxribtimine	7	0
C000732040	3'-phosphoadenosine-5'-phosphosulfate	3 ' - phosphoadenosine - 5 ' - phosphosulfate	8	0
C000732044	Replimune-1	replimune - 1	1	0
C000732044	vusolimogene oderparepvec	vusolimogene oderparepvec	5	0
C000732064	tegileridine	tegileridine	83	0
C000732064	tegileridine fumarate	tegileridine fumarate	2	0
C000732065	serplulimab	serplulimab	133	0
C000732067	elecoglipron	elecoglipron	21	0
C000732075	BT8009	bt8009	2	0
C000732075	zelenectide pevedotin	zelenectide pevedotin	6	0
C000732076	multifidus dysfunction	multifidus dysfunction	9	0
C000732077	pegzilarginase	pegzilarginase	7	0
C000732079	Kresladi	kresladi	1	0
C000732079	marnetegragene autotemcel	marnetegragene autotemcel	4	0
C000732087	BGM0504	bgm0504	13	0
C000732088	TAR-0520	tar - 0520	8	0
C000732089	MK-7602	mk - 7602	17	0
C000732091	GS1-144	gs1 - 144	20	0
C000732094	Idvynso	idvynso	3	0
C000732094	doravirine-islatravir	doravirine - islatravir	7	0
C000732095	Otarmeni	otarmeni	2	0
C000732095	lunsotogene parvec	lunsotogene parvec	5	0
C000732095	lunsotogene parvec-cwha	lunsotogene parvec - cwha	1	0
C000732097	BCG-Tice	bcg - tice	5	0
C000732098	risvodetinib	risvodetinib	5	0
C000785	allosecurinine	allosecurinine	2	0
C000785	securinine	securinine	14	0
C000851	Deanxit	deanxit	2	0
C000851	flupentixol - melitracen	flupentixol - melitracen	3	0
C000858	decamethoxine	decamethoxine	5	0
C000858	decasan	decasan	2	0
C000864	dehydrosqualene	dehydrosqualene	10	0
C000928	2,3-dichloro-5,6-dicyano-1,4-benzoquinone	2 , 3 - dichloro - 5 , 6 - dicyano - 1 , 4 - benzoquinone	9	0
C000971	IMPY	impy	5	0
C001020	6-DMAP	6 - dmap	1	0
C001020	6-dimethylaminopurine	6 - dimethylaminopurine	1	0
C001020	dimethyladenine	dimethyladenine	4	0
C001020	dimethylaminopurine	dimethylaminopurine	1	0
C001026	DNSA	dnsa	11	0
C001026	dansylamide	dansylamide	1	0
C001081	diphenoquinone	diphenoquinone	6	0
C001123	dopachrome	dopachrome	11	0
C001150	disparlure	disparlure	5	0
C001176	leucogen	leucogen	10	0
C001207	febrifugine	febrifugine	5	0
C001209	N-phenylanthranilic acid	n - phenylanthranilic acid	1	0
C001209	fenamic acid	fenamic acid	8	0
C001293	GlcN-6-P	glcn - 6 - p	3	0
C001293	glucosamine 6-phosphate	glucosamine 6 - phosphate	4	0
C001335	hexachlorobutadiene	hexachlorobutadiene	7	0
C001352	homocitrulline	homocitrulline	28	0
C001381	3'-hydroxycotinine	3 ' - hydroxycotinine	10	0
C001381	3-hydroxycotinine	3 - hydroxycotinine	5	0
C001381	hydroxycotinine	hydroxycotinine	20	0
C001381	trans-3'-hydroxycotinine	trans - 3 ' - hydroxycotinine	10	0
C001390	2-hydroxyestradiol	2 - hydroxyestradiol	8	0
C001411	N-p-trans-coumaroyltyramine	n - p - trans - coumaroyltyramine	2	0
C001411	p-coumaroyltyramine	p - coumaroyltyramine	3	0
C001418	4-hydroxyphenyllactic acid	4 - hydroxyphenyllactic acid	9	0
C001418	HPLA	hpla	26	0
C001418	p-hydroxyphenyllactic acid	p - hydroxyphenyllactic acid	5	0
C001420	PTMA	ptma	36	0
C001422	4-hydroxypropranolol	4 - hydroxypropranolol	13	0
C001446	indoleacrylic acid	indoleacrylic acid	22	0
C001446	trans-3-indoleacrylic acid	trans - 3 - indoleacrylic acid	1	0
C001449	maackiain	maackiain	13	0
C001458	lactucopicrin	lactucopicrin	10	0
C001469	ipomeamarone	ipomeamarone	5	0
C001478	IPADE	ipade	3	0
C001478	isopentenyladenine	isopentenyladenine	13	0
C001505	2-ketoisovalerate	2 - ketoisovalerate	2	0
C001505	3-methyl-2-oxobutyrate	3 - methyl - 2 - oxobutyrate	3	0
C001505	alpha-ketoisovalerate	alpha - ketoisovalerate	1	0
C001505	alpha-ketoisovaleric acid	alpha - ketoisovaleric acid	1	0
C001520	lanthionine	lanthionine	20	0
C001521	lathosterol	lathosterol	10	0
C001527	Ledermix	ledermix	7	0
C001529	hypaphorine	hypaphorine	5	0
C001529	lenticin	lenticin	2	0
C001570	alexidine	alexidine	19	0
C001598	chetomin	chetomin	11	0
C001643	podocalyxin	podocalyxin	65	0
C001647	hexadecanal	hexadecanal	17	0
C001647	palmitaldehyde	palmitaldehyde	1	0
C001655	indole-3-acetaldehyde	indole - 3 - acetaldehyde	16	0
C001655	indoleacetaldehyde	indoleacetaldehyde	3	0
C001669	madecassic acid	madecassic acid	16	0
C001684	marmesin	marmesin	3	0
C001684	nodakenetin	nodakenetin	12	0
C001702	mercaptalbumin	mercaptalbumin	3	0
C001702	mercaptoalbumin	mercaptoalbumin	8	0
C001707	SRTP	srtp	19	0
C001784	SF6847	sf6847	1	0
C001784	tyrphostin AG17	tyrphostin ag17	7	0
C001873	sporidesmin	sporidesmin	5	0
C001899	triptolide	triptolide	224	0
C001910	sulfamoylbenzoic acid	sulfamoylbenzoic acid	8	0
C001918	2-oxoadipic acid	2 - oxoadipic acid	7	0
C001920	4-aminoquinoline	4 - aminoquinoline	27	0
C001922	lumiflavin	lumiflavin	13	0
C001943	5-fluorouridine	5 - fluorouridine	18	0
C001945	syringic acid	syringic acid	166	0
C002017	1-phenylethanol	1 - phenylethanol	19	0
C002022	N-acetyl-D-mannosamine	n - acetyl - d - mannosamine	6	0
C002022	N-acetylmannosamine	n - acetylmannosamine	22	0
C002038	d-galactal	d - galactal	3	0
C002038	galactal	galactal	5	0
C002055	allose	allose	28	0
C002062	6-thio-2'-deoxyguanosine	6 - thio - 2 ' - deoxyguanosine	5	0
C002077	dendrobine	dendrobine	68	0
C002082	cyasterone	cyasterone	27	0
C002102	stendomycin	stendomycin	6	0
C002125	etifoxine	etifoxine	15	0
C002135	elemicin	elemicin	6	0
C002206	S-benzyl-L-cysteine	s - benzyl - l - cysteine	10	0
C002230	1-methyladenosine	1 - methyladenosine	11	0
C002230	N(1)-methyladenosine	n ( 1 ) - methyladenosine	1	0
C002285	lysyl-phosphatidylglycerol	lysyl - phosphatidylglycerol	10	0
C002352	methylurea	methylurea	15	0
C002398	myosmine	myosmine	5	0
C002449	glycerophosphoethanolamine	glycerophosphoethanolamine	5	0
C002449	glycerophosphorylethanolamine	glycerophosphorylethanolamine	1	0
C002449	glycerylphosphorylethanolamine	glycerylphosphorylethanolamine	2	0
C002471	cinobufagin	cinobufagin	28	0
C002478	2,9-dimethyl-4,7-diphenyl-1,10-phenanthroline	2 , 9 - dimethyl - 4 , 7 - diphenyl - 1 , 10 - phenanthroline	1	0
C002478	bathocuproine	bathocuproine	11	0
C002511	chaetocin	chaetocin	19	0
C002532	3-deoxy-D-manno-oct-2-ulosonic acid	3 - deoxy - d - manno - oct - 2 - ulosonic acid	2	0
C002532	3-deoxy-D-manno-octulosonic acid	3 - deoxy - d - manno - octulosonic acid	5	0
C002536	3-methyl-2-benzothiazolinone hydrazone	3 - methyl - 2 - benzothiazolinone hydrazone	2	0
C002536	MBTH	mbth	7	0
C002564	dibenzo-18-crown-6	dibenzo - 18 - crown - 6	8	0
C002577	ferrioxamine	ferrioxamine	16	0
C002577	ferrioxamine B	ferrioxamine b	9	0
C002614	Liv-52	liv - 52	15	0
C002627	kaurene	kaurene	21	0
C002701	2,9-dimethyl-1,10-phenanthroline	2 , 9 - dimethyl - 1 , 10 - phenanthroline	7	0
C002701	neocuproine	neocuproine	10	0
C002741	N-nitrosomorpholine	n - nitrosomorpholine	7	0
C002743	N-nitrosopiperidine	n - nitrosopiperidine	9	0
C002743	nitrosopiperidine	nitrosopiperidine	9	0
C002753	nornuciferine	nornuciferine	7	0
C002773	DMPG	dmpg	10	0
C002791	bismuth subcitrate	bismuth subcitrate	6	0
C002791	colloidal bismuth subcitrate	colloidal bismuth subcitrate	1	0
C002821	2,3-oxidosqualene	2 , 3 - oxidosqualene	15	0
C002821	squalene peroxide	squalene peroxide	1	0
C002854	18F-FLT	18f - flt	9	0
C002854	3'-deoxy-3'-fluorothymidine	3 ' - deoxy - 3 ' - fluorothymidine	1	0
C002854	3'-fluorothymidine	3 ' - fluorothymidine	1	0
C002854	FDDT	fddt	11	0
C002854	alovudine	alovudine	5	0
C002864	Cyclopent	cyclopent	7	0
C002866	xanthommatin	xanthommatin	6	0
C002889	butyrobetaine	butyrobetaine	18	0
C002889	deoxycarnitine	deoxycarnitine	6	0
C002893	decanoylcarnitine	decanoylcarnitine	5	0
C002939	L-ornithine-L-aspartate	l - ornithine - l - aspartate	7	0
C002947	8-epiloganic acid	8 - epiloganic acid	1	0
C002947	loganic acid	loganic acid	19	0
C002950	N-methylformamide	n - methylformamide	2	0
C002950	methylformamide	methylformamide	3	0
C002951	bacterioruberin	bacterioruberin	17	0
C002953	nicotinate mononucleotide	nicotinate mononucleotide	2	0
C002953	nicotinic acid mononucleotide	nicotinic acid mononucleotide	5	0
C002963	geranylgeranyl diphosphate	geranylgeranyl diphosphate	23	0
C002963	geranylgeranyl pyrophosphate	geranylgeranyl pyrophosphate	27	0
C002963	nerylneryl diphosphate	nerylneryl diphosphate	1	0
C002979	Se-methylselenocysteine	se - methylselenocysteine	8	0
C002979	methylselenocysteine	methylselenocysteine	10	0
C002979	selenomethylselenocysteine	selenomethylselenocysteine	4	0
C002986	pyrrole-2-carboxylate	pyrrole - 2 - carboxylate	1	0
C002986	pyrrole-2-carboxylic acid	pyrrole - 2 - carboxylic acid	8	0
C002993	2,8-dihydroxyadenine	2 , 8 - dihydroxyadenine	7	0
C003004	rhabdophane	rhabdophane	8	0
C003005	hexafluorobenzene	hexafluorobenzene	6	0
C003045	paramylon	paramylon	39	0
C003089	phenylacetylglutamine	phenylacetylglutamine	52	0
C003117	phosalone	phosalone	6	0
C003135	phoxim	phoxim	32	0
C003142	picolinamide	picolinamide	15	0
C003145	pikromycin	pikromycin	5	0
C003268	N6-threonylcarbamoyladenosine	n6 - threonylcarbamoyladenosine	6	0
C003298	reticuline	reticuline	28	0
C003300	retrorsine	retrorsine	17	0
C003304	rhodoquinone	rhodoquinone	11	0
C003328	sophorose	sophorose	13	0
C003338	AMI-193	ami - 193	4	0
C003338	spiramide	spiramide	5	0
C003342	proline betaine	proline betaine	8	0
C003342	stachydrine	stachydrine	36	0
C003384	tentoxin	tentoxin	22	0
C003390	TCSA	tcsa	24	0
C003393	tetracyanoethylene	tetracyanoethylene	11	0
C003438	thiazolidine-4-carboxylic acid	thiazolidine - 4 - carboxylic acid	2	0
C003438	thioproline	thioproline	4	0
C003532	brassicasterol	brassicasterol	5	0
C003545	cortolone	cortolone	6	0
C003552	11-dehydrocorticosterone	11 - dehydrocorticosterone	11	0
C003556	21-deoxycortisol	21 - deoxycortisol	23	0
C003600	11-ketotestosterone	11 - ketotestosterone	37	0
C003626	penitrem A	penitrem a	14	0
C003626	penitrem D	penitrem d	2	0
C003637	glyceryl trioctanoate	glyceryl trioctanoate	2	0
C003637	tricaprylin	tricaprylin	8	0
C003637	trioctanoin	trioctanoin	2	0
C003655	2-methoxyestrone	2 - methoxyestrone	6	0
C003676	tetrahydrocorticosterone	tetrahydrocorticosterone	6	0
C003702	metochalcone	metochalcone	2	0
C003702	trimethoxychalcone	trimethoxychalcone	5	0
C003712	trimethyllysine	trimethyllysine	15	0
C003715	trimethyl phosphate	trimethyl phosphate	11	0
C003715	trimethylphosphate	trimethylphosphate	1	0
C003730	tropone	tropone	15	0
C003754	vanillylamine	vanillylamine	12	0
C003771	AR-1	ar - 1	8	0
C003771	poly(styrene-divinylbenzene)	poly ( styrene - divinylbenzene )	1	0
C003853	carboxyatractyloside	carboxyatractyloside	5	0
C003935	dodecylamine	dodecylamine	22	0
C003935	laurylamine	laurylamine	2	0
C003949	hypotaurine	hypotaurine	76	0
C003954	merocyanine 540	merocyanine 540	3	0
C003954	merocyanine dye	merocyanine dye	4	0
C004173	xylobiose	xylobiose	23	0
C004180	dexamethasone phosphate	dexamethasone phosphate	9	0
C004180	dexamethasone sodium phosphate	dexamethasone sodium phosphate	29	0
C004216	bioplex	bioplex	6	0
C004275	colanic acid	colanic acid	15	0
C004276	Glu-Ala	glu - ala	3	0
C004276	glutamylalanine	glutamylalanine	2	0
C004279	D 41	d 41	5	0
C004280	thiocolchicoside	thiocolchicoside	24	0
C004315	1,8-dihydroxyanthraquinone	1 , 8 - dihydroxyanthraquinone	2	0
C004315	chrysazin	chrysazin	3	0
C004315	danthron	danthron	32	0
C004333	epigoitrin	epigoitrin	3	0
C004333	goitrin	goitrin	4	0
C004408	6-aminopenicillanic acid	6 - aminopenicillanic acid	5	0
C004408	aminopenicillanic acid	aminopenicillanic acid	5	0
C004433	acetol	acetol	9	0
C004433	hydroxyacetone	hydroxyacetone	6	0
C004446	asiaticoside	asiaticoside	77	0
C004451	guaiazulene	guaiazulene	15	0
C004483	2-aminothiazole	2 - aminothiazole	10	0
C004483	aminothiazole	aminothiazole	18	0
C004500	blasticidin S	blasticidin s	6	0
C004519	caramiphen	caramiphen	6	0
C004524	aspergillic acid	aspergillic acid	11	0
C004564	panaxadiol	panaxadiol	22	0
C004588	bixin	bixin	37	0
C004628	coumermycin	coumermycin	5	0
C004628	coumermycin A1	coumermycin a1	5	0
C004636	1,3-cyclohexanedione	1 , 3 - cyclohexanedione	5	0
C004656	2-chloroacetaldehyde	2 - chloroacetaldehyde	2	0
C004656	chloroacetaldehyde	chloroacetaldehyde	7	0
C004660	chlorophene	chlorophene	5	0
C004699	coumatetralyl	coumatetralyl	7	0
C004717	2,3-butanedione monoxime	2 , 3 - butanedione monoxime	3	0
C004717	butanedione monoxime	butanedione monoxime	3	0
C004717	diacetyl monoxime	diacetyl monoxime	2	0
C004744	decylamine	decylamine	5	0
C004768	4,5-dihydroorotic acid	4 , 5 - dihydroorotic acid	1	0
C004768	dihydroorotate	dihydroorotate	101	0
C004768	hydroorotic acid	hydroorotic acid	1	0
C004774	dimedone	dimedone	16	0
C004787	2,4-dinitrophenylhydrazine	2 , 4 - dinitrophenylhydrazine	17	0
C004805	GMPCPP	gmpcpp	6	0
C004808	farnesyl diphosphate	farnesyl diphosphate	33	0
C004808	farnesyl pyrophosphate	farnesyl pyrophosphate	40	0
C004821	alpha-muricholic acid	alpha - muricholic acid	1	0
C004821	beta-muricholic acid	beta - muricholic acid	1	0
C004821	hyocholic acid	hyocholic acid	12	0
C004821	muricholic acid	muricholic acid	28	0
C004848	dithiol	dithiol	62	0
C004851	djenkolic acid	djenkolic acid	5	0
C004858	difenidol	difenidol	1	0
C004858	diphenidol	diphenidol	7	0
C004867	eburicoic acid	eburicoic acid	10	0
C004940	glucuronolactone	glucuronolactone	14	0
C004942	gougerotin	gougerotin	11	0
C004946	glycocyamine	glycocyamine	1	0
C004946	guanidinoacetate	guanidinoacetate	20	0
C004946	guanidinoacetic acid	guanidinoacetic acid	69	0
C004946	guanidoacetic acid	guanidoacetic acid	5	0
C004961	3-hydroxyisovaleric acid	3 - hydroxyisovaleric acid	5	0
C004961	beta-hydroxy-beta-methylbutyrate	beta - hydroxy - beta - methylbutyrate	9	0
C004961	beta-hydroxyisovaleric acid	beta - hydroxyisovaleric acid	1	0
C005004	glaucine	glaucine	7	0
C005051	dibenzylamine	dibenzylamine	5	0
C005057	hydrogen isocyanide	hydrogen isocyanide	3	0
C005057	isocyanic acid	isocyanic acid	5	0
C005082	notexin	notexin	6	0
C005087	2-ketobutyrate	2 - ketobutyrate	1	0
C005087	2-ketobutyric acid	2 - ketobutyric acid	2	0
C005087	2-oxobutanoate	2 - oxobutanoate	1	0
C005087	2-oxobutyrate	2 - oxobutyrate	3	0
C005089	lachesin	lachesin	7	0
C005135	kethoxal	kethoxal	6	0
C005147	AMP-PCP	amp - pcp	4	0
C005147	AMPPCP	amppcp	2	0
C005197	alternariol	alternariol	70	0
C005214	methoxyamine	methoxyamine	3	0
C005214	methoxyamine hydrochloride	methoxyamine hydrochloride	1	0
C005214	methoxylamine	methoxylamine	1	0
C005219	2-methoxyethanol	2 - methoxyethanol	22	0
C005219	ethylene glycol monomethyl ether	ethylene glycol monomethyl ether	6	0
C005230	dimethyl malonate	dimethyl malonate	6	0
C005236	6-methylsalicylic acid	6 - methylsalicylic acid	5	0
C005264	amylamine	amylamine	7	0
C005264	amylamine hydrochloride	amylamine hydrochloride	2	0
C005283	oripavine	oripavine	6	0
C005285	ovex	ovex	6	0
C005293	2-phenylacetamide	2 - phenylacetamide	5	0
C005298	benoxinate	benoxinate	3	0
C005298	benoxinate hydrochloride	benoxinate hydrochloride	1	0
C005298	oxybuprocaine	oxybuprocaine	10	0
C005311	nornicotine	nornicotine	12	0
C005317	drotaverine	drotaverine	6	0
C005356	lysosphingomyelin	lysosphingomyelin	3	0
C005356	sphingosylphosphorylcholine	sphingosylphosphorylcholine	8	0
C005381	decachlorobiphenyl	decachlorobiphenyl	5	0
C005391	diethylene triamine	diethylene triamine	11	0
C005391	diethylenetriamine	diethylenetriamine	51	0
C005409	pararosaniline	pararosaniline	9	0
C005413	berbericinine	berbericinine	1	0
C005413	palmatine	palmatine	98	0
C005413	palmatine chloride	palmatine chloride	8	0
C005413	palmatine hydrochloride	palmatine hydrochloride	4	0
C005434	HMMA	hmma	12	0
C005436	1-phosphohistidine	1 - phosphohistidine	1	0
C005436	phosphohistidine	phosphohistidine	16	0
C005441	phenyl isothiocyanate	phenyl isothiocyanate	5	0
C005444	1-N-phenylnaphthylamine	1 - n - phenylnaphthylamine	1	0
C005444	1-anilinonaphthalene	1 - anilinonaphthalene	1	0
C005444	N-phenyl-1-naphthylamine	n - phenyl - 1 - naphthylamine	5	0
C005445	triphenyl phosphate	triphenyl phosphate	59	0
C005464	2-aminothiophenol	2 - aminothiophenol	9	0
C005464	o-aminothiophenol	o - aminothiophenol	3	0
C005498	magnolol	magnolol	196	0
C005499	honokiol	honokiol	187	0
C005503	5,8-dihydroxy-1,4-naphthoquinone	5 , 8 - dihydroxy - 1 , 4 - naphthoquinone	4	0
C005503	naphthazarin	naphthazarin	6	0
C005514	methoxime	methoxime	8	0
C005550	prephenate	prephenate	14	0
C005563	2-mercaptobenzothiazole	2 - mercaptobenzothiazole	18	0
C005569	pipamperone	pipamperone	23	0
C005575	linoleic acid methyl ester	linoleic acid methyl ester	1	0
C005575	methyl linoleate	methyl linoleate	13	0
C005598	prolintane	prolintane	7	0
C005637	spheroidene	spheroidene	7	0
C005662	sulfotyrosine	sulfotyrosine	11	0
C005682	dihydrosphingosine	dihydrosphingosine	3	0
C005682	sphinganine	sphinganine	49	0
C005682	threo-dihydrosphingosine	threo - dihydrosphingosine	1	0
C005685	sinapine	sinapine	39	0
C005690	sodium rhodizonate	sodium rhodizonate	8	0
C005734	resibufogenin	resibufogenin	14	0
C005738	suberic acid	suberic acid	19	0
C005756	2-hydroxyphenylacetic acid	2 - hydroxyphenylacetic acid	3	0
C005756	ortho-hydroxyphenylacetic acid	ortho - hydroxyphenylacetic acid	3	0
C005799	TEPP	tepp	25	0
C005802	taraxerol	taraxerol	20	0
C005823	6-aza-2-thiothymine	6 - aza - 2 - thiothymine	8	0
C005849	trichloroethanol	trichloroethanol	5	0
C005865	oxerutin	oxerutin	9	0
C005865	troxerutin	troxerutin	39	0
C005883	BDTA	bdta	5	0
C005893	xanthosine	xanthosine	19	0
C005900	triamcinolone hexacetonide	triamcinolone hexacetonide	7	0
C005905	2-iminothiolane	2 - iminothiolane	5	0
C005906	2-isopropylmalate	2 - isopropylmalate	6	0
C005939	muconic acid	muconic acid	36	0
C005939	trans,trans-muconic acid	trans , trans - muconic acid	9	0
C005949	indole-3-ethanol	indole - 3 - ethanol	13	0
C005949	tryptophol	tryptophol	39	0
C005953	glycerol monooleate	glycerol monooleate	8	0
C005953	glyceryl monooleate	glyceryl monooleate	21	0
C005953	monoolein	monoolein	33	0
C005958	N-palmitoylethanolamine	n - palmitoylethanolamine	6	0
C005958	palmitoylethanolamide	palmitoylethanolamide	85	0
C005958	palmitylethanolamide	palmitylethanolamide	1	0
C005963	cephaeline	cephaeline	5	0
C006009	IA 3	ia 3	1	0
C006009	IA-3	ia - 3	5	0
C006045	V110	v110	8	0
C006065	LYSO-PC	lyso - pc	5	0
C006065	palmitoyl lysophosphatidylcholine	palmitoyl lysophosphatidylcholine	2	0
C006235	adenosylornithine	adenosylornithine	1	0
C006235	sinefungin	sinefungin	18	0
C006253	WY-14,643	wy - 14 , 643	1	0
C006253	Wy-14643	wy - 14643	7	0
C006253	pirinixic acid	pirinixic acid	7	0
C006261	U18666A	u18666a	6	0
C006308	DDMP	ddmp	13	0
C006308	metoprine	metoprine	4	0
C006358	Lithostat	lithostat	1	0
C006358	acetohydroxamic acid	acetohydroxamic acid	6	0
C006361	thiolutin	thiolutin	20	0
C006368	N-acetylglycine	n - acetylglycine	6	0
C006368	acetylglycinate	acetylglycinate	2	0
C006374	N-acetyldopamine	n - acetyldopamine	5	0
C006386	jatrophone	jatrophone	5	0
C006392	N-acetyl-D-tryptophan	n - acetyl - d - tryptophan	1	0
C006392	N-acetyltryptophan	n - acetyltryptophan	7	0
C006392	acetyltryptophan	acetyltryptophan	7	0
C006414	isopenicillin N	isopenicillin n	6	0
C006481	Hydroprene	hydroprene	6	0
C006495	aminoacetone	aminoacetone	6	0
C006537	AHMT	ahmt	13	0
C006537	Purpald	purpald	1	0
C006551	2-amino-2-methyl-1-propanol	2 - amino - 2 - methyl - 1 - propanol	5	0
C006584	1,5-anhydroglucitol	1 , 5 - anhydroglucitol	32	0
C006584	1,5-anhydrosorbitol	1 , 5 - anhydrosorbitol	3	0
C006619	arabinogalactan proteins	arabinogalactan proteins	22	0
C006619	arabinogalactan-protein	arabinogalactan - protein	2	0
C006634	arteannuin B	arteannuin b	19	0
C006644	aspartate semialdehyde	aspartate semialdehyde	6	0
C006646	BA 1	ba 1	4	0
C006646	BA-1	ba - 1	4	0
C006667	azomycin	azomycin	21	0
C006678	bacteriopheophytin	bacteriopheophytin	4	0
C006678	bacteriopheophytin a	bacteriopheophytin a	2	0
C006686	bathophenanthroline	bathophenanthroline	7	0
C006696	benzhydroxamic acid	benzhydroxamic acid	14	0
C006696	benzohydroxamic acid	benzohydroxamic acid	4	0
C006697	benzil	benzil	13	0
C006697	diphenylethane-1,2-dione	diphenylethane - 1 , 2 - dione	2	0
C006712	benzhydrazide	benzhydrazide	6	0
C006737	BENZYLPIPERAZINE	benzylpiperazine	7	0
C006741	bergenin	bergenin	43	0
C006767	2,2'-dichlorodiethyl ether	2 , 2 ' - dichlorodiethyl ether	10	0
C006797	Brilliant Cresyl Blue	brilliant cresyl blue	4	0
C006797	cresyl blue	cresyl blue	4	0
C006827	2-bromo-2-nitro-1,3-propanediol	2 - bromo - 2 - nitro - 1 , 3 - propanediol	1	0
C006827	bronopol	bronopol	10	0
C006852	butralin	butralin	10	0
C006862	4-tert-butylphenol	4 - tert - butylphenol	3	0
C006862	p-tert-butylphenol	p - tert - butylphenol	4	0
C006900	1,1'-carbonyldiimidazole	1 , 1 ' - carbonyldiimidazole	1	0
C006900	N,N'-carbonyldiimidazole	n , n ' - carbonyldiimidazole	3	0
C006900	N,N-carbonyldiimidazole	n , n - carbonyldiimidazole	1	0
C006928	catalposide	catalposide	6	0
C006947	cepharanthine	cepharanthine	98	0
C006954	cerevisterol	cerevisterol	20	0
C006959	chanoclavine	chanoclavine	5	0
C007017	4-chlorophenoxyacetic acid	4 - chlorophenoxyacetic acid	7	0
C007051	chrysanthemic acid	chrysanthemic acid	13	0
C007061	calcofluor white	calcofluor white	39	0
C007077	citrate phosphate dextrose	citrate phosphate dextrose	7	0
C007095	cobalt protoporphyrin	cobalt protoporphyrin	8	0
C007095	cobalt protoporphyrin IX	cobalt protoporphyrin ix	6	0
C007106	2,4,6-trimethylpyridine	2 , 4 , 6 - trimethylpyridine	2	0
C007106	collidine	collidine	3	0
C007111	conessine	conessine	8	0
C007143	CPTA	cpta	25	0
C007193	cyclohexene oxide	cyclohexene oxide	10	0
C007201	cyclopentanone	cyclopentanone	33	0
C007229	decalin	decalin	61	0
C007232	dehydrocorydalin	dehydrocorydalin	1	0
C007232	dehydrocorydaline	dehydrocorydaline	16	0
C007300	2,6-diaminopurine	2 , 6 - diaminopurine	10	0
C007300	2-aminoadenine	2 - aminoadenine	4	0
C007366	1,2,3,4-diepoxybutane	1 , 2 , 3 , 4 - diepoxybutane	2	0
C007366	diepoxybutane	diepoxybutane	4	0
C007384	vinylidene fluoride	vinylidene fluoride	192	0
C007388	digalactosyldiacylglycerol	digalactosyldiacylglycerol	15	0
C007392	3,3'-dihexyloxacarbocyanine	3 , 3 ' - dihexyloxacarbocyanine	1	0
C007392	3,3'-dihexyloxacarbocyanine iodide	3 , 3 ' - dihexyloxacarbocyanine iodide	1	0
C007392	DiOC6	dioc6	3	0
C007392	DiOC6(3)	dioc6 ( 3 )	1	0
C007409	dihydrolipoamide	dihydrolipoamide	65	0
C007419	dihydrouracil	dihydrouracil	13	0
C007474	2,3-dimethylmaleic anhydride	2 , 3 - dimethylmaleic anhydride	2	0
C007474	DMMA	dmma	9	0
C007477	dimethyl phosphate	dimethyl phosphate	12	0
C007477	dimethylphosphate	dimethylphosphate	8	0
C007482	dimethyl sulfate	dimethyl sulfate	21	0
C007517	diphenylene iodonium	diphenylene iodonium	2	0
C007517	diphenyleneiodonium	diphenyleneiodonium	15	0
C007517	diphenyleneiodonium chloride	diphenyleneiodonium chloride	8	0
C007547	behenic acid	behenic acid	15	0
C007547	docosanoic acid	docosanoic acid	7	0
C007556	domiphen	domiphen	7	0
C007556	domiphen bromide	domiphen bromide	1	0
C007606	EPNP	epnp	16	0
C007649	ethoxyresorufin	ethoxyresorufin	8	0
C007659	ethyl cyanoacetate	ethyl cyanoacetate	7	0
C007678	ethyl linoleate	ethyl linoleate	7	0
C007702	farnesoic acid	farnesoic acid	8	0
C007772	N'-formylkynurenine	n ' - formylkynurenine	4	0
C007772	N-formylkynurenine	n - formylkynurenine	5	0
C007795	furaltadone	furaltadone	11	0
C007820	gallein	gallein	16	0
C007834	genipin	genipin	220	0
C007835	geniposide	geniposide	97	0
C007846	gitoxigenin	gitoxigenin	6	0
C007853	Glucola	glucola	6	0
C007858	sulodexide	sulodexide	30	0
C007864	2,6-piperidinedione	2 , 6 - piperidinedione	1	0
C007864	glutarimide	glutarimide	37	0
C007896	guluronic acid	guluronic acid	16	0
C007904	harmalol	harmalol	8	0
C007908	hecogenin	hecogenin	22	0
C007929	7-methoxycoumarin	7 - methoxycoumarin	9	0
C007950	1,3,5,7-tetranitro-1,3,5,7-tetraazacyclooctane	1 , 3 , 5 , 7 - tetranitro - 1 , 3 , 5 , 7 - tetraazacyclooctane	2	0
C007950	cyclotetramethylene-tetranitramine	cyclotetramethylene - tetranitramine	1	0
C007950	cyclotetramethylenetetranitramine	cyclotetramethylenetetranitramine	2	0
C007950	octahydro-1,3,5,7-tetranitro-1,3,5,7-tetrazocine	octahydro - 1 , 3 , 5 , 7 - tetranitro - 1 , 3 , 5 , 7 - tetrazocine	4	0
C007950	octogen	octogen	1	0
C007957	Hcy-thiolactone	hcy - thiolactone	8	0
C007957	homocysteine thiolactone	homocysteine thiolactone	10	0
C008024	B 111	b 111	2	0
C008024	B111	b111	3	0
C008033	12-HHT	12 - hht	9	0
C008033	hydroxyheptadecatrienoic acid	hydroxyheptadecatrienoic acid	5	0
C008039	2-hydroxyisobutyrate	2 - hydroxyisobutyrate	6	0
C008039	2-hydroxyisobutyric acid	2 - hydroxyisobutyric acid	1	0
C008069	3-hydroxyphenylacetic acid	3 - hydroxyphenylacetic acid	6	0
C008070	4-hydroxyphenylacetic acid	4 - hydroxyphenylacetic acid	11	0
C008070	p-hydroxyphenylacetic acid	p - hydroxyphenylacetic acid	2	0
C008122	indole-3-pyruvic acid	indole - 3 - pyruvic acid	10	0
C008155	N-iodosuccinimide	n - iodosuccinimide	8	0
C008182	isofraxidin	isofraxidin	28	0
C008183	isoguanine	isoguanine	7	0
C008184	crotonoside	crotonoside	19	0
C008184	isoguanosine	isoguanosine	1	0
C008195	isopelletierine	isopelletierine	3	0
C008195	pelletierine	pelletierine	6	0
C008228	PGFM	pgfm	8	0
C008237	kojibiose	kojibiose	5	0
C008256	laurotetanine	laurotetanine	6	0
C008259	dodecyl gallate	dodecyl gallate	2	0
C008259	lauryl gallate	lauryl gallate	9	0
C008263	lecanoric acid	lecanoric acid	9	0
C008268	leucinostatin	leucinostatin	3	0
C008268	leucinostatin A	leucinostatin a	3	0
C008282	linarin	linarin	73	0
C008298	lupanine	lupanine	5	0
C008301	lysophosphatidyl ethanolamine	lysophosphatidyl ethanolamine	4	0
C008301	lysophosphatidylethanolamine	lysophosphatidylethanolamine	58	0
C008301	lysophosphatidylethanolamines	lysophosphatidylethanolamines	25	0
C008313	MPTA	mpta	252	0
C008322	D-mannosamine	d - mannosamine	6	0
C008322	mannosamine	mannosamine	17	0
C008324	mannuronic acid	mannuronic acid	15	0
C008378	6-methyluracil	6 - methyluracil	9	0
C008378	methyluracil	methyluracil	17	0
C008404	3-O-methylDOPA	3 - o - methyldopa	4	0
C008404	3-methoxytyrosine	3 - methoxytyrosine	6	0
C008418	MCPB	mcpb	17	0
C008450	7-methylguanine	7 - methylguanine	5	0
C008450	N7-methylguanine	n7 - methylguanine	2	0
C008480	dimethyl 4-nitrophenyl phosphate	dimethyl 4 - nitrophenyl phosphate	2	0
C008480	methyl paraoxon	methyl paraoxon	6	0
C008493	methaneseleninic acid	methaneseleninic acid	4	0
C008493	methylseleninic acid	methylseleninic acid	1	0
C008497	9-methylstreptimidone	9 - methylstreptimidone	7	0
C008500	5'-deoxy-5'-methylthioadenosine	5 ' - deoxy - 5 ' - methylthioadenosine	2	0
C008500	5'-methylthioadenosine	5 ' - methylthioadenosine	24	0
C008502	2-(methylthio)benzothiazole	2 - ( methylthio ) benzothiazole	5	0
C008542	dansylcadaverine	dansylcadaverine	4	0
C008542	monodansylcadaverine	monodansylcadaverine	15	0
C008574	beta-myrcene	beta - myrcene	6	0
C008577	myricitrin	myricitrin	34	0
C008584	naphthol AS	naphthol as	8	0
C008588	N-(1-naphthyl)ethylenediamine	n - ( 1 - naphthyl ) ethylenediamine	5	0
C008588	N-(1-naphthyl)ethylenediamine dihydrochloride	n - ( 1 - naphthyl ) ethylenediamine dihydrochloride	1	0
C008629	4-nitrobenzoic acid	4 - nitrobenzoic acid	4	0
C008629	p-nitrobenzoic acid	p - nitrobenzoic acid	1	0
C008642	p-nitrophenyl acetate	p - nitrophenyl acetate	8	0
C008642	para-nitrophenyl acetate	para - nitrophenyl acetate	1	0
C008644	4-nitrophenyl phosphate	4 - nitrophenyl phosphate	7	0
C008644	4-nitrophenylphosphate	4 - nitrophenylphosphate	1	0
C008644	nitrophenylphosphate	nitrophenylphosphate	4	0
C008644	p-nitrophenyl phosphate	p - nitrophenyl phosphate	9	0
C008655	N'-nitrosonornicotine	n ' - nitrosonornicotine	4	0
C008655	N-nitrosonornicotine	n - nitrosonornicotine	1	0
C008655	nitrosonornicotine	nitrosonornicotine	5	0
C008698	octanoylcarnitine	octanoylcarnitine	12	0
C008706	oosporein	oosporein	10	0
C008743	oxychlordane	oxychlordane	6	0
C008773	paulownin	paulownin	15	0
C008776	nonanoic acid	nonanoic acid	35	0
C008776	pelargonic acid	pelargonic acid	6	0
C008782	penicilloic acid	penicilloic acid	6	0
C008806	1,1,1,2,2,3,4,5,5,5-decafluoropentane	1 , 1 , 1 , 2 , 2 , 3 , 4 , 5 , 5 , 5 - decafluoropentane	1	0
C008806	perfluoropentane	perfluoropentane	29	0
C008842	phenibut	phenibut	14	0
C008852	D-phenylglycine	d - phenylglycine	4	0
C008852	L-phenylglycine	l - phenylglycine	3	0
C008885	2-phosphoglycerate	2 - phosphoglycerate	10	0
C008901	phthiocerol dimycocerosate	phthiocerol dimycocerosate	9	0
C008902	phthiocol	phthiocol	5	0
C008936	platycodin	platycodin	28	0
C008940	N2,N2-dimethylguanosine	n2 , n2 - dimethylguanosine	6	0
C009007	K2S2O8	k2s2o8	39	0
C009007	potassium monopersulfate	potassium monopersulfate	1	0
C009007	potassium persulfate	potassium persulfate	22	0
C009012	2,5-diphenyloxazole	2 , 5 - diphenyloxazole	6	0
C009032	glyceryl palmitostearate	glyceryl palmitostearate	1	0
C009032	precirol	precirol	4	0
C009034	3-methyl-2-buten-1-ol	3 - methyl - 2 - buten - 1 - ol	1	0
C009034	prenol	prenol	29	0
C009054	propargylamine	propargylamine	6	0
C009055	propargylglycine	propargylglycine	22	0
C009090	protoberberine	protoberberine	34	0
C009108	pulcherriminic acid	pulcherriminic acid	12	0
C009158	CDAA	cdaa	28	0
C009158	Randox	randox	9	0
C009172	rhodioloside	rhodioloside	2	0
C009172	salidroside	salidroside	286	0
C009182	5-methyluridine	5 - methyluridine	13	0
C009182	ribothymidine	ribothymidine	2	0
C009185	pridinol	pridinol	24	0
C009185	pridinol mesylate	pridinol mesylate	5	0
C009191	roseoflavin	roseoflavin	13	0
C009192	roseofungin	roseofungin	7	0
C009217	scyllo-inositol	scyllo - inositol	8	0
C009271	sinomenine	sinomenine	126	0
C009271	sinomenine hydrochloride	sinomenine hydrochloride	6	0
C009272	siroheme	siroheme	7	0
C009333	veratric acid	veratric acid	11	0
C009358	sulfoquinovose	sulfoquinovose	15	0
C009373	tabersonine	tabersonine	15	0
C009379	taraxerone	taraxerone	10	0
C009410	tetradecyltrimethylammonium	tetradecyltrimethylammonium	4	0
C009410	tetradecyltrimethylammonium bromide	tetradecyltrimethylammonium bromide	3	0
C009435	tetramic acid	tetramic acid	19	0
C009449	thianthrene	thianthrene	11	0
C009475	1,3-diaminopropane	1 , 3 - diaminopropane	23	0
C009475	1,3-propanediamine	1 , 3 - propanediamine	12	0
C009475	trimethylenediamine	trimethylenediamine	1	0
C009479	hinokitiol	hinokitiol	48	0
C009492	tingenone	tingenone	8	0
C009504	4-methylbenzoate	4 - methylbenzoate	3	0
C009504	p-methylbenzoate	p - methylbenzoate	2	0
C009504	p-toluic acid	p - toluic acid	1	0
C009505	4,4'-diaminodiphenylmethane	4 , 4 ' - diaminodiphenylmethane	5	0
C009505	4,4'-methylenedianiline	4 , 4 ' - methylenedianiline	8	0
C009518	4-trehalosamine	4 - trehalosamine	5	0
C009528	trichloroacetamide	trichloroacetamide	1	0
C009528	trichloroacetimidate	trichloroacetimidate	5	0
C009541	2-tridecanone	2 - tridecanone	14	0
C009549	triethyl phosphate	triethyl phosphate	24	0
C009564	trilinolein	trilinolein	5	0
C009579	trimethyl phosphite	trimethyl phosphite	9	0
C009581	trimethylsulfonium	trimethylsulfonium	4	0
C009581	trimethylsulfonium iodide	trimethylsulfonium iodide	2	0
C009590	triphenylene	triphenylene	39	0
C009621	undecaprenyl phosphate	undecaprenyl phosphate	16	0
C009649	veratramine	veratramine	12	0
C009652	lonicerin	lonicerin	14	0
C009654	verticillin A	verticillin a	8	0
C009654	verticillins	verticillins	1	0
C009667	vindoline	vindoline	10	0
C009673	viridicatin	viridicatin	10	0
C009699	ribosylzeatin	ribosylzeatin	1	0
C009699	zeatin riboside	zeatin riboside	30	0
C009719	ameroid	ameroid	16	0
C009732	buthiazide	buthiazide	7	0
C009743	Cresol red	cresol red	5	0
C009744	lactosylceramide	lactosylceramide	23	0
C009752	epidian	epidian	5	0
C009765	lac dye	lac dye	4	0
C009765	laccaic acid	laccaic acid	4	0
C009779	micrococcin	micrococcin	4	0
C009779	micrococcin P1	micrococcin p1	4	0
C009785	4-pentenoate	4 - pentenoate	2	0
C009785	4-pentenoic acid	4 - pentenoic acid	6	0
C009798	direct red 80	direct red 80	2	0
C009798	picrosirius red	picrosirius red	98	0
C009804	1,2,3,4-tetrahydro-beta-carboline	1 , 2 , 3 , 4 - tetrahydro - beta - carboline	1	0
C009804	tetrahydro-beta-carboline	tetrahydro - beta - carboline	1	0
C009804	tryptoline	tryptoline	12	0
C009811	granaticin	granaticin	6	0
C009819	maltotetraose	maltotetraose	8	0
C009840	1-naphthaldehyde	1 - naphthaldehyde	8	0
C009842	allylthiourea	allylthiourea	7	0
C009863	compound 30	compound 30	13	0
C009873	divinyl sulfone	divinyl sulfone	4	0
C009873	vinyl sulfone	vinyl sulfone	26	0
C009909	monogalactosyldiacylglycerol	monogalactosyldiacylglycerol	17	0
C009931	Viscogel	viscogel	4	0
C009931	ethylmethacrylate	ethylmethacrylate	2	0
C009931	poly(ethyl methacrylate)	poly ( ethyl methacrylate )	4	0
C009947	1,2,4-trichlorobenzene	1 , 2 , 4 - trichlorobenzene	10	0
C009951	verbenol	verbenol	26	0
C009955	LH 1	lh 1	1	0
C009955	LH-1	lh - 1	9	0
C010005	N-acetylpenicillamine	n - acetylpenicillamine	13	0
C010011	adipic acid dihydrazide	adipic acid dihydrazide	6	0
C010011	adipic dihydrazide	adipic dihydrazide	5	0
C010030	9-ACA	9 - aca	1	0
C010030	9-anthracene carboxylic acid	9 - anthracene carboxylic acid	1	0
C010030	9-anthracenecarboxylic acid	9 - anthracenecarboxylic acid	5	0
C010030	anthracene-9-carboxylic acid	anthracene - 9 - carboxylic acid	1	0
C010032	ara-T	ara - t	6	0
C010052	mizoribine	mizoribine	9	0
C010059	semicarbazide	semicarbazide	32	0
C010086	cinchonine	cinchonine	12	0
C010088	cleistanthin	cleistanthin	3	0
C010088	cleistanthin A	cleistanthin a	3	0
C010092	cresolphthalein	cresolphthalein	5	0
C010111	Transcutol	transcutol	32	0
C010111	diethylene glycol monoethyl ether	diethylene glycol monoethyl ether	6	0
C010111	transcutol HP	transcutol hp	3	0
C010111	transcutol P	transcutol p	6	0
C010120	2,6-dimethoxyphenol	2 , 6 - dimethoxyphenol	10	0
C010120	Syringol	syringol	12	0
C010130	diphyllin	diphyllin	8	0
C010163	GL-4	gl - 4	2	0
C010163	GL-5	gl - 5	1	0
C010163	globopentaosylceramide	globopentaosylceramide	4	0
C010166	furoxans	furoxans	5	0
C010176	halofuginone	halofuginone	58	0
C010176	halofuginone hydrobromide	halofuginone hydrobromide	1	0
C010210	lignoceric acid	lignoceric acid	7	0
C010210	tetracosanoic acid	tetracosanoic acid	4	0
C010219	mesitylene	mesitylene	14	0
C010233	MNBS	mnbs	60	0
C010240	6-methylmercaptopurine	6 - methylmercaptopurine	7	0
C010240	methylmercaptopurine	methylmercaptopurine	7	0
C010250	acidomycin	acidomycin	11	0
C010252	naphthomycin	naphthomycin	5	0
C010307	prodiginine	prodiginine	8	0
C010337	succinonitrile	succinonitrile	26	0
C010349	DSTA	dsta	10	0
C010349	tetramine	tetramine	2	0
C010376	withanolide D	withanolide d	14	0
C010410	naltrexol	naltrexol	8	0
C010413	mandelamide	mandelamide	5	0
C010471	hyodeoxycholic acid	hyodeoxycholic acid	35	0
C010471	murideoxycholic acid	murideoxycholic acid	1	0
C010509	prolinol	prolinol	14	0
C010518	thiodiglycolic acid	thiodiglycolic acid	5	0
C010524	vitamin Q	vitamin q	5	0
C010559	coniferyl alcohol	coniferyl alcohol	28	0
C010563	crotamine	crotamine	10	0
C010571	dichlorprop	dichlorprop	8	0
C010631	salicyl alcohol	salicyl alcohol	3	0
C010631	saligenin	saligenin	9	0
C010701	crotonyl-CoA	crotonyl - coa	21	0
C010701	crotonyl-coenzyme A	crotonyl - coenzyme a	1	0
C010704	BMHPC	bmhpc	6	0
C010711	dihydroactinidiolide	dihydroactinidiolide	6	0
C010725	fenbufen	fenbufen	12	0
C010737	EIDD-1931	eidd - 1931	8	0
C010737	N4-hydroxycytidine	n4 - hydroxycytidine	16	0
C010739	ifenprodil	ifenprodil	35	0
C010753	narciclasine	narciclasine	73	0
C010807	xylosides	xylosides	6	0
C010809	tulobuterol	tulobuterol	9	0
C010827	dezocine	dezocine	53	0
C010840	3',5'-ADP	3 ' , 5 ' - adp	3	0
C010840	3'-phosphoadenosine 5'-phosphate	3 ' - phosphoadenosine 5 ' - phosphate	6	0
C010840	adenosine 3',5'-diphosphate	adenosine 3 ' , 5 ' - diphosphate	2	0
C010852	2-amino-1,3,4-thiadiazole	2 - amino - 1 , 3 , 4 - thiadiazole	7	0
C010877	carbazate	carbazate	9	0
C010909	napropamide	napropamide	6	0
C010913	(GlcNAc)2	( glcnac ) 2	10	0
C010913	N,N'-diacetylchitobiose	n , n ' - diacetylchitobiose	7	0
C010936	DNTB	dntb	7	0
C010942	1,2-distearoyl-sn-glycero-3-phosphocholine	1 , 2 - distearoyl - sn - glycero - 3 - phosphocholine	8	0
C010942	distearoyl-sn-glycero-3-phosphocholine	distearoyl - sn - glycero - 3 - phosphocholine	8	0
C010942	distearoylphosphatidylcholine	distearoylphosphatidylcholine	6	0
C010944	mead acid	mead acid	5	0
C010945	embelin	embelin	36	0
C010969	gliquidone	gliquidone	13	0
C010981	homarine	homarine	8	0
C010997	idose	idose	36	0
C011069	phycocyanobilin	phycocyanobilin	24	0
C011070	phycoerythrobilin	phycoerythrobilin	8	0
C011080	polyglycine	polyglycine	25	0
C011083	polyproline	polyproline	58	0
C011111	Rongalite	rongalite	18	0
C011126	TA(4)	ta ( 4 )	1	0
C011126	tetrac	tetrac	9	0
C011126	tetraiodothyroacetic acid	tetraiodothyroacetic acid	2	0
C011145	zaprinast	zaprinast	13	0
C011159	acyloin	acyloin	7	0
C011188	cavidine	cavidine	6	0
C011188	dehydrocavidine	dehydrocavidine	6	0
C011202	COTC	cotc	20	0
C011238	1,3-diphenylisobenzofuran	1 , 3 - diphenylisobenzofuran	7	0
C011246	Essentiale	essentiale	6	0
C011246	essential phospholipids	essential phospholipids	6	0
C011246	essentiale forte	essentiale forte	1	0
C011269	2,5-hexanedione	2 , 5 - hexanedione	5	0
C011309	daphnane	daphnane	5	0
C011361	tazettine	tazettine	6	0
C011377	tropic acid	tropic acid	5	0
C011395	7,10,13,16-docosatetraenoic acid	7 , 10 , 13 , 16 - docosatetraenoic acid	1	0
C011395	adrenic acid	adrenic acid	13	0
C011417	cephalochromin	cephalochromin	7	0
C011421	5-chloro-2-methyl-4-isothiazolin-3-one	5 - chloro - 2 - methyl - 4 - isothiazolin - 3 - one	4	0
C011421	methylchloroisothiazolinone	methylchloroisothiazolinone	12	0
C011468	fibrin monomer	fibrin monomer	9	0
C011468	fibrin monomer complexes	fibrin monomer complexes	1	0
C011537	propiolic acid	propiolic acid	7	0
C011550	talinolol	talinolol	9	0
C011552	tetrahydropterin	tetrahydropterin	7	0
C011651	acadesine	acadesine	5	0
C011657	11-ketoandrostenedione	11 - ketoandrostenedione	5	0
C011657	adrenosterone	adrenosterone	2	0
C011659	angelicin	angelicin	16	0
C011659	isopsoralen	isopsoralen	11	0
C011666	apramycin	apramycin	16	0
C011686	boldine	boldine	70	0
C011757	2,3-diaminopropionic acid	2 , 3 - diaminopropionic acid	6	0
C011757	3-aminoalanine	3 - aminoalanine	1	0
C011864	7-hydroxymethotrexate	7 - hydroxymethotrexate	8	0
C011877	inter-alpha-inhibitor	inter - alpha - inhibitor	3	0
C011877	inter-alpha-trypsin inhibitor	inter - alpha - trypsin inhibitor	15	0
C011952	nikkomycin	nikkomycin	4	0
C011952	nikkomycin Z	nikkomycin z	4	0
C011959	oridonin	oridonin	209	0
C012013	pseurotin	pseurotin	3	0
C012013	pseurotin A	pseurotin a	3	0
C012037	solasodine	solasodine	35	0
C012070	2,4,6-triaminopyrimidine	2 , 4 , 6 - triaminopyrimidine	5	0
C012075	trichodiene	trichodiene	19	0
C012097	viridin	viridin	8	0
C012098	voacangine	voacangine	5	0
C012102	DSP-4	dsp - 4	14	0
C012102	DSP4	dsp4	21	0
C012102	N-(2-chloroethyl)-N-ethyl-2-bromobenzylamine	n - ( 2 - chloroethyl ) - n - ethyl - 2 - bromobenzylamine	4	0
C012168	adenylosuccinate	adenylosuccinate	43	0
C012168	adenylosuccinic acid	adenylosuccinic acid	2	0
C012219	brevicomin	brevicomin	12	0
C012223	2-aminobutyric acid	2 - aminobutyric acid	7	0
C012223	L-2-aminobutyric acid	l - 2 - aminobutyric acid	2	0
C012223	alpha-aminobutyric acid	alpha - aminobutyric acid	2	0
C012223	homoalanine	homoalanine	1	0
C012227	CARBAMAZEPINE-10,11-EPOXIDE	carbamazepine - 10 , 11 - epoxide	9	0
C012227	carbamazepine epoxide	carbamazepine epoxide	1	0
C012256	coronene	coronene	63	0
C012271	2'-deoxyinosine	2 ' - deoxyinosine	2	0
C012271	deoxyinosine	deoxyinosine	11	0
C012279	N-nitrosodi-n-butylamine	n - nitrosodi - n - butylamine	3	0
C012279	N-nitrosodibutylamine	n - nitrosodibutylamine	5	0
C012279	nitrosodibutylamine	nitrosodibutylamine	5	0
C012293	tranilast	tranilast	64	0
C012306	enterocin	enterocin	30	0
C012343	guazatine	guazatine	3	0
C012343	iminoctadine	iminoctadine	4	0
C012346	hexadecanedioic acid	hexadecanedioic acid	5	0
C012381	indole-3-aldehyde	indole - 3 - aldehyde	15	0
C012381	indole-3-carbaldehyde	indole - 3 - carbaldehyde	6	0
C012381	indole-3-carboxaldehyde	indole - 3 - carboxaldehyde	36	0
C012382	3-carboxyindole	3 - carboxyindole	1	0
C012382	indole-3-carboxylic acid	indole - 3 - carboxylic acid	9	0
C012452	neoruscogenin	neoruscogenin	8	0
C012456	nitrosobenzene	nitrosobenzene	14	0
C012465	oryzalin	oryzalin	18	0
C012482	benzoylformate	benzoylformate	6	0
C012482	phenylglyoxylic acid	phenylglyoxylic acid	9	0
C012483	phenylhydrazone	phenylhydrazone	9	0
C012484	phenylhydroxylamine	phenylhydroxylamine	8	0
C012509	propineb	propineb	6	0
C012536	roquefortine	roquefortine	11	0
C012536	roquefortine C	roquefortine c	10	0
C012541	ruscogenin	ruscogenin	18	0
C012565	tagitinin	tagitinin	3	0
C012565	tagitinin C	tagitinin c	3	0
C012566	taurolidine	taurolidine	52	0
C012584	triazophos	triazophos	11	0
C012587	3,5,6-trichloro-2-pyridinol	3 , 5 , 6 - trichloro - 2 - pyridinol	10	0
C012605	vesiculin	vesiculin	12	0
C012622	compound 17	compound 17	65	0
C012625	compound 18	compound 18	42	0
C012647	QX-314	qx - 314	5	0
C012710	allithiamine	allithiamine	11	0
C012731	3-aminopropionamide	3 - aminopropionamide	5	0
C012737	anatabine	anatabine	19	0
C012749	anticomplement	anticomplement	13	0
C012765	bakuchiol	bakuchiol	42	0
C012776	felbinac	felbinac	15	0
C012786	bis(monoacylglycero)phosphate	bis ( monoacylglycero ) phosphate	17	0
C012786	bis(monoacylglycerol)phosphate	bis ( monoacylglycerol ) phosphate	9	0
C012786	lysobisphosphatidic acid	lysobisphosphatidic acid	3	0
C012852	colchiceine	colchiceine	6	0
C012880	dialdehyde starch	dialdehyde starch	19	0
C012891	diclofop-methyl	diclofop - methyl	8	0
C012905	dihexosylceramide	dihexosylceramide	6	0
C012976	flumequine	flumequine	26	0
C012985	furcellaran	furcellaran	22	0
C012991	galactonic acid	galactonic acid	6	0
C012997	gentiopicroside	gentiopicroside	33	0
C013031	2'-hydroxychalcone	2 ' - hydroxychalcone	7	0
C013082	4-methyl-2-oxopentanoate	4 - methyl - 2 - oxopentanoate	2	0
C013082	ketoleucine	ketoleucine	7	0
C013091	lipoamide	lipoamide	11	0
C013124	Tylose	tylose	7	0
C013147	nervonic acid	nervonic acid	49	0
C013190	bromoacetophenone	bromoacetophenone	5	0
C013190	phenacyl bromide	phenacyl bromide	4	0
C013193	phosphoglycolate	phosphoglycolate	8	0
C013200	pinoresinol diglucoside	pinoresinol diglucoside	8	0
C013222	PAEB	paeb	15	0
C013255	solanidine	solanidine	35	0
C013258	spathulenol	spathulenol	44	0
C013270	swertiamarin	swertiamarin	28	0
C013276	Noripurum	noripurum	2	0
C013276	ferric hydroxide-polymaltose	ferric hydroxide - polymaltose	1	0
C013276	ferric polymaltose	ferric polymaltose	4	0
C013276	iron polymaltose	iron polymaltose	13	0
C013279	TCAB	tcab	8	0
C013289	tetraphenylphosphonium	tetraphenylphosphonium	7	0
C013289	tetraphenylphosphonium bromide	tetraphenylphosphonium bromide	1	0
C013289	tetraphenylphosphonium chloride	tetraphenylphosphonium chloride	2	0
C013298	thiodipropionic acid	thiodipropionic acid	7	0
C013320	tris(2-butoxyethyl) phosphate	tris ( 2 - butoxyethyl ) phosphate	8	0
C013321	trithiocarbonate	trithiocarbonate	17	0
C013322	tropatepine	tropatepine	10	0
C013352	indanone	indanone	35	0
C013390	actinorhodin	actinorhodin	17	0
C013409	benzoyl chloride	benzoyl chloride	9	0
C013440	cholesteryl hemisuccinate	cholesteryl hemisuccinate	5	0
C013455	10,11-dehydrocurvularin	10 , 11 - dehydrocurvularin	4	0
C013455	curvularin	curvularin	7	0
C013471	dextranomer	dextranomer	8	0
C013523	thiirane	thiirane	2	0
C013523	vinyl sulfide	vinyl sulfide	6	0
C013547	hectorite	hectorite	12	0
C013550	G 17	g 17	2	0
C013550	gastrin 17	gastrin 17	3	0
C013550	gastrin-17	gastrin - 17	28	0
C013553	hexadecylamine	hexadecylamine	12	0
C013585	S-D-lactoylglutathione	s - d - lactoylglutathione	10	0
C013585	S-lactoylglutathione	s - lactoylglutathione	1	0
C013587	SCM-198	scm - 198	7	0
C013587	leonurine	leonurine	58	0
C013594	4-mercaptobenzoate	4 - mercaptobenzoate	1	0
C013594	4-mercaptobenzoic acid	4 - mercaptobenzoic acid	22	0
C013598	2-methoxyacetic acid	2 - methoxyacetic acid	3	0
C013598	methoxyacetate	methoxyacetate	4	0
C013598	methoxyacetic acid	methoxyacetic acid	5	0
C013608	1-methylpseudouridine	1 - methylpseudouridine	2	0
C013608	N1-methyl-pseudouridine	n1 - methyl - pseudouridine	4	0
C013612	narasin	narasin	59	0
C013613	neohesperidin dihydrochalcone	neohesperidin dihydrochalcone	10	0
C013613	neohesperidine dihydrochalcone	neohesperidine dihydrochalcone	10	0
C013615	nitidine	nitidine	23	0
C013615	nitidine chloride	nitidine chloride	11	0
C013638	paeonol	paeonol	128	0
C013657	promestriene	promestriene	11	0
C013695	Surgicel	surgicel	39	0
C013706	pro-gastrin	pro - gastrin	25	0
C013706	progastrin	progastrin	12	0
C013713	thymol blue	thymol blue	6	0
C013737	preproinsulin	preproinsulin	15	0
C013740	SD 31	sd 31	19	0
C013809	5-aminopentanoic acid	5 - aminopentanoic acid	5	0
C013809	5-aminovaleric acid	5 - aminovaleric acid	13	0
C013813	4-methoxyaniline	4 - methoxyaniline	2	0
C013813	p-anisidine	p - anisidine	30	0
C013813	para-anisidine	para - anisidine	3	0
C013874	chloroacetamide	chloroacetamide	16	0
C013880	chlorosulfonic acid	chlorosulfonic acid	8	0
C013905	2-cyclopenten-1-one	2 - cyclopenten - 1 - one	2	0
C013905	cyclopentenone	cyclopentenone	18	0
C013912	DTAB	dtab	28	0
C013912	decyltrimethylammonium	decyltrimethylammonium	2	0
C013912	decyltrimethylammonium bromide	decyltrimethylammonium bromide	1	0
C013913	dehydroabietic acid	dehydroabietic acid	19	0
C013914	dehydrocurvularin	dehydrocurvularin	6	0
C013934	otilonium bromide	otilonium bromide	15	0
C013946	sennidin B	sennidin b	5	0
C013965	diolein	diolein	6	0
C013965	glycerol dioleate	glycerol dioleate	1	0
C014024	PCB 153	pcb 153	13	0
C014024	PCB-153	pcb - 153	5	0
C014024	PCB153	pcb153	18	0
C014025	hexadecanamide	hexadecanamide	7	0
C014025	palmitamide	palmitamide	2	0
C014026	HMBA	hmba	5	0
C014036	4-hydroxyestradiol	4 - hydroxyestradiol	5	0
C014049	salvigenin	salvigenin	44	0
C014085	methotrexate polyglutamate	methotrexate polyglutamate	5	0
C014134	nosiheptide	nosiheptide	6	0
C014148	phosphocitrate	phosphocitrate	6	0
C014153	Actellic	actellic	15	0
C014153	pirimiphos methyl	pirimiphos methyl	1	0
C014180	resorufin	resorufin	23	0
C014196	O-succinyl-L-homoserine	o - succinyl - l - homoserine	5	0
C014196	O-succinylhomoserine	o - succinylhomoserine	1	0
C014212	(S)-stylopine	( s ) - stylopine	2	0
C014212	stylopine	stylopine	3	0
C014215	levo-tetrahydropalmatine	levo - tetrahydropalmatine	3	0
C014215	rotundine	rotundine	9	0
C014215	tetrahydropalmatine	tetrahydropalmatine	23	0
C014242	peimine	peimine	6	0
C014242	verticinone	verticinone	14	0
C014245	4-hydroxy-3-methoxystyrene	4 - hydroxy - 3 - methoxystyrene	2	0
C014245	4-vinylguaiacol	4 - vinylguaiacol	24	0
C014309	Ala-Phe	ala - phe	5	0
C014309	L-alanyl-L-phenylalanine	l - alanyl - l - phenylalanine	1	0
C014320	7-ADCA	7 - adca	5	0
C014320	7-aminodesacetoxycephalosporanic acid	7 - aminodesacetoxycephalosporanic acid	1	0
C014328	homophenylalanine	homophenylalanine	6	0
C014341	ent-kaur-16-en-19-oic acid	ent - kaur - 16 - en - 19 - oic acid	5	0
C014341	kaur-16-en-19-oic acid	kaur - 16 - en - 19 - oic acid	6	0
C014353	benzimidazolone	benzimidazolone	6	0
C014356	benzonitrile	benzonitrile	75	0
C014376	1,4-butanediol diglycidyl ether	1 , 4 - butanediol diglycidyl ether	19	0
C014400	chloranilic acid	chloranilic acid	10	0
C014476	diethyl maleate	diethyl maleate	11	0
C014476	diethylmaleate	diethylmaleate	1	0
C014518	DDAO	ddao	9	0
C014518	LDAO	ldao	2	0
C014518	lauryldimethylamine oxide	lauryldimethylamine oxide	1	0
C014527	Eriochrome Black T	eriochrome black t	19	0
C014534	Ethibond	ethibond	21	0
C014534	Ethibond excel	ethibond excel	1	0
C014568	genkwanin	genkwanin	18	0
C014575	glycerophosphoinositol	glycerophosphoinositol	10	0
C014634	L-lactaldehyde	l - lactaldehyde	3	0
C014634	lactaldehyde	lactaldehyde	8	0
C014637	laminaribiose	laminaribiose	8	0
C014637	nigerose	nigerose	6	0
C014647	mannobiose	mannobiose	21	0
C014682	Michler's ketone	michler ' s ketone	9	0
C014689	streptococcal M protein	streptococcal m protein	5	0
C014692	mycosamine	mycosamine	8	0
C014712	4-nitrobenzenethiol	4 - nitrobenzenethiol	5	0
C014712	4-nitrothiophenol	4 - nitrothiophenol	7	0
C014713	1-nonanol	1 - nonanol	24	0
C014787	tetrakis hydroxymethyl phosphonium sulfate	tetrakis hydroxymethyl phosphonium sulfate	1	0
C014787	tetrakis(hydroxymethyl)phosphonium	tetrakis ( hydroxymethyl ) phosphonium	7	0
C014804	sarcophine	sarcophine	6	0
C014843	1,2,3,4-tetrahydroisoquinoline	1 , 2 , 3 , 4 - tetrahydroisoquinoline	23	0
C014843	tetrahydroisoquinoline	tetrahydroisoquinoline	61	0
C014849	tetramethyllead	tetramethyllead	5	0
C014870	THPP	thpp	47	0
C014870	flopropione	flopropione	9	0
C014949	acetohydrazide	acetohydrazide	13	0
C014949	acetylhydrazine	acetylhydrazine	1	0
C014953	acetyl tributyl citrate	acetyl tributyl citrate	26	0
C014959	albiflorin	albiflorin	40	0
C014973	2-aminoimidazole	2 - aminoimidazole	5	0
C014989	levoglucosan	levoglucosan	20	0
C014999	D-arabinitol	d - arabinitol	4	0
C014999	D-arabitol	d - arabitol	8	0
C014999	L-arabinitol	l - arabinitol	2	0
C014999	arabitol	arabitol	33	0
C014999	lyxitol	lyxitol	1	0
C015055	carcinine	carcinine	9	0
C015058	cetoleic acid	cetoleic acid	13	0
C015076	chrome azurol S	chrome azurol s	12	0
C015084	coenzyme F420	coenzyme f420	13	0
C015102	dehydroalanine	dehydroalanine	20	0
C015126	4,4'-diaminodiphenyl ether	4 , 4 ' - diaminodiphenyl ether	1	0
C015126	4,4'-oxydianiline	4 , 4 ' - oxydianiline	5	0
C015126	diaminodiphenyl ether	diaminodiphenyl ether	2	0
C015145	dihydronicotinamide	dihydronicotinamide	11	0
C015157	N,N-dimethylaniline	n , n - dimethylaniline	25	0
C015158	5,6-dimethylbenzimidazole	5 , 6 - dimethylbenzimidazole	8	0
C015190	ergostane	ergostane	12	0
C015230	TB-2	tb - 2	5	0
C015233	gelatin film	gelatin film	6	0
C015253	ghatti gum	ghatti gum	3	0
C015253	gum ghatti	gum ghatti	7	0
C015300	isoguvacine	isoguvacine	5	0
C015301	isophorone diisocyanate	isophorone diisocyanate	17	0
C015304	isopimpinellin	isopimpinellin	20	0
C015335	calcium magnesium phosphate	calcium magnesium phosphate	6	0
C015392	3-nitropropionic acid	3 - nitropropionic acid	39	0
C015428	oxorhenium	oxorhenium	4	0
C015428	perrhenate	perrhenate	15	0
C015428	rhenium oxide	rhenium oxide	1	0
C015462	oligoarginine	oligoarginine	5	0
C015462	polyarginine	polyarginine	26	0
C015475	polysarcosine	polysarcosine	8	0
C015478	arogenate	arogenate	13	0
C015482	PKA inhibitor	pka inhibitor	26	0
C015499	gomisin N	gomisin n	11	0
C015499	schisandrin B	schisandrin b	37	0
C015499	schizandrin B	schizandrin b	4	0
C015503	silatrane	silatrane	19	0
C015503	silatranes	silatranes	1	0
C015518	sulfolipids	sulfolipids	9	0
C015542	THIP	thip	7	0
C015542	gaboxadol	gaboxadol	8	0
C015568	urapidil	urapidil	32	0
C015575	vicilin	vicilin	41	0
C015586	propiverine	propiverine	8	0
C015646	Actovegin	actovegin	10	0
C015657	albomycin	albomycin	7	0
C015675	clorsulon	clorsulon	11	0
C015685	aplysinopsin	aplysinopsin	5	0
C015694	Atroplex	atroplex	5	0
C015699	1,2-benzisothiazolin-3-one	1 , 2 - benzisothiazolin - 3 - one	3	0
C015699	benzisothiazolinone	benzisothiazolinone	24	0
C015762	18-crown-6	18 - crown - 6	62	0
C015787	dephospho-CoA	dephospho - coa	8	0
C015787	dephosphocoenzyme A	dephosphocoenzyme a	1	0
C015787	dpCoA	dpcoa	3	0
C015802	DCNP	dcnp	17	0
C015808	Epitopic	epitopic	6	0
C015808	difluprednate	difluprednate	8	0
C015831	DODAB	dodab	7	0
C015831	dimethyldioctadecylammonium	dimethyldioctadecylammonium	5	0
C015831	dimethyldioctadecylammonium bromide	dimethyldioctadecylammonium bromide	5	0
C015831	dioctadecyldimethylammonium	dioctadecyldimethylammonium	2	0
C015866	ethyl lactate	ethyl lactate	47	0
C015872	eudesmane	eudesmane	31	0
C015881	farrerol	farrerol	14	0
C015896	fucosterol	fucosterol	19	0
C015917	hexamethyldisiloxane	hexamethyldisiloxane	7	0
C015947	crustacean hyperglycemic hormone	crustacean hyperglycemic hormone	5	0
C015950	auxin amide	auxin amide	1	0
C015950	indole-3-acetamide	indole - 3 - acetamide	16	0
C015950	indoleacetamide	indoleacetamide	4	0
C015968	lichenan	lichenan	6	0
C015968	lichenin	lichenin	6	0
C015977	2-butene-1,4-dial	2 - butene - 1 , 4 - dial	5	0
C015977	cis-2-butene-1,4-dial	cis - 2 - butene - 1 , 4 - dial	4	0
C015991	CMNI	cmni	12	0
C016001	alpha-1-microglobulin	alpha - 1 - microglobulin	12	0
C016001	protein HC	protein hc	1	0
C016021	oleogels	oleogels	288	0
C016030	hopantenic acid	hopantenic acid	8	0
C016134	tetrachloroethane	tetrachloroethane	7	0
C016136	TPPS	tpps	58	0
C016136	TPPS4	tpps4	9	0
C016136	TSPP	tspp	16	0
C016151	tinuvin	tinuvin	6	0
C016195	N-acetylglutamate	n - acetylglutamate	17	0
C016195	N-acetylglutamic acid	n - acetylglutamic acid	1	0
C016274	bromoacetate	bromoacetate	7	0
C016274	bromoacetic acid	bromoacetic acid	3	0
C016284	butyl methacrylate	butyl methacrylate	25	0
C016300	chloramine T	chloramine t	9	0
C016300	chloramine-T	chloramine - t	13	0
C016304	chlorotrifluoroethylene	chlorotrifluoroethylene	7	0
C016316	coniferin	coniferin	24	0
C016325	cyclo(Gly-Pro)	cyclo ( gly - pro )	7	0
C016340	o,p'-DDT	o , p ' - ddt	4	0
C016340	o,p'-dichlorodiphenyltrichloroethane	o , p ' - dichlorodiphenyltrichloroethane	1	0
C016340	o,p-DDT	o , p - ddt	2	0
C016350	3-deoxyglucosone	3 - deoxyglucosone	12	0
C016366	dibenzothiophene	dibenzothiophene	53	0
C016370	dichlofluanid	dichlofluanid	5	0
C016371	lonidamine	lonidamine	17	0
C016374	dicholine	dicholine	6	0
C016486	heptadecane	heptadecane	11	0
C016512	immunoglobulin Y	immunoglobulin y	32	0
C016516	indole-3-acetonitrile	indole - 3 - acetonitrile	7	0
C016532	lambda receptor	lambda receptor	4	0
C016532	maltoporin	maltoporin	5	0
C016546	MgFe2O4	mgfe2o4	40	0
C016546	magnesium ferrite	magnesium ferrite	9	0
C016549	maltohexaose	maltohexaose	5	0
C016568	5-methylcytidine	5 - methylcytidine	24	0
C016569	5-methyl-2'-deoxycytidine	5 - methyl - 2 ' - deoxycytidine	8	0
C016571	Me-DTC	me - dtc	4	0
C016571	methyl diethyldithiocarbamate	methyl diethyldithiocarbamate	1	0
C016583	4-(methylnitrosamino)-1-(3-pyridyl)-1-butanone	4 - ( methylnitrosamino ) - 1 - ( 3 - pyridyl ) - 1 - butanone	5	0
C016598	microfibril-associated glycoprotein	microfibril - associated glycoprotein	4	0
C016598	microfibrillar protein	microfibrillar protein	1	0
C016614	1-nitronaphthalene	1 - nitronaphthalene	5	0
C016617	2-nitropropane	2 - nitropropane	6	0
C016627	octyl gallate	octyl gallate	13	0
C016630	olivetol	olivetol	12	0
C016678	pluviatolide	pluviatolide	6	0
C016721	ruthenocene	ruthenocene	5	0
C016724	secnidazole	secnidazole	6	0
C016767	sulprostone	sulprostone	12	0
C016780	11-nor-9-carboxy-THC	11 - nor - 9 - carboxy - thc	3	0
C016780	11-nor-9-carboxy-delta-9-tetrahydrocannabinol	11 - nor - 9 - carboxy - delta - 9 - tetrahydrocannabinol	5	0
C016805	tris(1,3-dichloro-2-propyl)phosphate	tris ( 1 , 3 - dichloro - 2 - propyl ) phosphate	26	0
C016810	Trp-Gly	trp - gly	6	0
C016811	Triton WR-1339	triton wr - 1339	10	0
C016811	WR-1339	wr - 1339	10	0
C016811	tyloxapol	tyloxapol	19	0
C016832	xenopsin	xenopsin	6	0
C016833	xylenol orange	xylenol orange	11	0
C016834	3,5-dimethylphenol	3 , 5 - dimethylphenol	1	0
C016834	3,5-xylenol	3 , 5 - xylenol	2	0
C016834	xylenol	xylenol	18	0
C016838	zinc glycinate	zinc glycinate	7	0
C016914	flumecinol	flumecinol	9	0
C016968	Ala-Tyr	ala - tyr	1	0
C016968	sarcophagine	sarcophagine	4	0
C016969	albofungin	albofungin	8	0
C017032	asiatic acid	asiatic acid	117	0
C017039	isoxazol	isoxazol	13	0
C017057	2-benzoxazolinone	2 - benzoxazolinone	12	0
C017057	benzoxazolin-2-one	benzoxazolin - 2 - one	2	0
C017057	benzoxazolone	benzoxazolone	3	0
C017061	6-benzylaminopurine riboside	6 - benzylaminopurine riboside	6	0
C017071	biotin-binding protein	biotin - binding protein	4	0
C017071	biotin-binding proteins	biotin - binding proteins	2	0
C017128	Brown HT	brown ht	11	0
C017128	Chocolate Brown HT	chocolate brown ht	3	0
C017142	cobinamide	cobinamide	19	0
C017182	DAHP	dahp	5	0
C017203	1,3-diamino-2-propanol	1 , 3 - diamino - 2 - propanol	5	0
C017251	1,2-dioleoyl-sn-glycero-3-phosphocholine	1 , 2 - dioleoyl - sn - glycero - 3 - phosphocholine	14	0
C017251	DOPC	dopc	68	0
C017251	dioleoyl phosphatidylcholine	dioleoyl phosphatidylcholine	1	0
C017286	enterobacterial common antigen	enterobacterial common antigen	5	0
C017296	Evex	evex	1	0
C017296	estrone sulfate	estrone sulfate	11	0
C017296	estrone-3-sulfate	estrone - 3 - sulfate	8	0
C017332	fulvene	fulvene	10	0
C017338	geranylgeraniol	geranylgeraniol	16	0
C017343	glyceollin	glyceollin	17	0
C017343	glyceollin I	glyceollin i	4	0
C017367	carmofur	carmofur	7	0
C017435	enilconazole	enilconazole	1	0
C017435	imazalil	imazalil	23	0
C017492	KH-570	kh - 570	6	0
C017492	methacryloxypropyltrimethoxysilane	methacryloxypropyltrimethoxysilane	3	0
C017507	cysteine methyl ester	cysteine methyl ester	7	0
C017582	3-octanone	3 - octanone	21	0
C017585	oleoyl-CoA	oleoyl - coa	6	0
C017603	pardaxin	pardaxin	10	0
C017607	OXPL	oxpl	109	0
C017648	3-phenyllactic acid	3 - phenyllactic acid	18	0
C017648	phenyllactic acid	phenyllactic acid	64	0
C017679	2-hydroxypyridine	2 - hydroxypyridine	3	0
C017679	2-pyridone	2 - pyridone	36	0
C017704	2,4-dihydroxybenzoate	2 , 4 - dihydroxybenzoate	1	0
C017704	2,4-dihydroxybenzoic acid	2 , 4 - dihydroxybenzoic acid	8	0
C017704	beta-resorcylic acid	beta - resorcylic acid	1	0
C017707	Ricinus communis agglutinin	ricinus communis agglutinin	7	0
C017707	Ricinus communis agglutinin-1	ricinus communis agglutinin - 1	1	0
C017721	casamino acids	casamino acids	11	0
C017725	stearoyl-CoA	stearoyl - coa	127	0
C017725	stearoyl-coenzyme A	stearoyl - coenzyme a	15	0
C017725	stearyl-CoA	stearyl - coa	1	0
C017730	HPPS	hpps	13	0
C017759	SQ 22536	sq 22536	1	0
C017759	SQ22536	sq22536	16	0
C017769	5,7,4'-trihydroxy-3',5'-dimethoxyflavone	5 , 7 , 4 ' - trihydroxy - 3 ' , 5 ' - dimethoxyflavone	1	0
C017769	tricin	tricin	30	0
C017803	zinc protoporphyrin	zinc protoporphyrin	20	0
C017803	zinc protoporphyrin IX	zinc protoporphyrin ix	8	0
C017816	4-acetylcytidine	4 - acetylcytidine	2	0
C017816	N-acetylcytidine	n - acetylcytidine	1	0
C017816	acetylcytidine	acetylcytidine	105	0
C017836	catharanthine	catharanthine	16	0
C017845	cresolphthalein complexone	cresolphthalein complexone	5	0
C017990	ppApp	ppapp	8	0
C017996	pentalenolactone	pentalenolactone	5	0
C018032	bacterioferritin	bacterioferritin	19	0
C018038	dexamethasone acetate	dexamethasone acetate	6	0
C018086	isobutyl nitrite	isobutyl nitrite	5	0
C018090	MICG	micg	10	0
C018091	maduramicin	maduramicin	10	0
C018091	maduramycin	maduramycin	1	0
C018096	6-methylcoumarin	6 - methylcoumarin	6	0
C018100	1-methylimidazole	1 - methylimidazole	18	0
C018100	N-methylimidazole	n - methylimidazole	3	0
C018152	sucrose laurate	sucrose laurate	8	0
C018152	sucrose monolaurate	sucrose monolaurate	1	0
C018153	sucrose monostearate	sucrose monostearate	2	0
C018153	sucrose stearate	sucrose stearate	5	0
C018170	Pro-Leu	pro - leu	10	0
C018204	alkannin	alkannin	17	0
C018206	alternariol monomethyl ether	alternariol monomethyl ether	24	0
C018332	methionine sulfone	methionine sulfone	7	0
C018370	pregnenolone sulfate	pregnenolone sulfate	14	0
C018404	treosulfan	treosulfan	63	0
C018406	TFMPP	tfmpp	8	0
C018525	DMPE	dmpe	15	0
C018566	2,2',4,4',5,5'-hexabromobiphenyl	2 , 2 ' , 4 , 4 ' , 5 , 5 ' - hexabromobiphenyl	1	0
C018566	PBB-153	pbb - 153	1	0
C018566	PBB153	pbb153	9	0
C018588	Luxol fast blue	luxol fast blue	57	0
C018588	luxol-fast-blue	luxol - fast - blue	1	0
C018595	N-methylacetamide	n - methylacetamide	18	0
C018599	3,4-dihydroxytoluene	3 , 4 - dihydroxytoluene	1	0
C018599	4-methylcatechol	4 - methylcatechol	18	0
C018608	mycobactin	mycobactin	4	0
C018608	mycobactins	mycobactins	1	0
C018655	Rowachol	rowachol	5	0
C018656	cinnamyl alcohol dehydrogenase	cinnamyl alcohol dehydrogenase	33	0
C018686	2-naphthaldehyde	2 - naphthaldehyde	5	0
C018721	N-acetyl-L-glutamate kinase	n - acetyl - l - glutamate kinase	5	0
C018721	N-acetylglutamate kinase	n - acetylglutamate kinase	2	0
C018721	acetylglutamate kinase	acetylglutamate kinase	4	0
C018725	O-acetyl-L-homoserine sulfhydrylase	o - acetyl - l - homoserine sulfhydrylase	3	0
C018725	O-acetylserine(thiol)lyase	o - acetylserine ( thiol ) lyase	10	0
C018725	homocysteine synthase	homocysteine synthase	1	0
C018728	N-acetylneuraminate lyase	n - acetylneuraminate lyase	3	0
C018728	N-acetylneuraminic acid aldolase	n - acetylneuraminic acid aldolase	1	0
C018728	sialic acid aldolase	sialic acid aldolase	1	0
C018730	N-acetylneuraminate synthase	n - acetylneuraminate synthase	2	0
C018730	sialic acid synthase	sialic acid synthase	4	0
C018742	aconitate decarboxylase	aconitate decarboxylase	29	0
C018748	acyl-ACP thioesterase	acyl - acp thioesterase	5	0
C018764	endophilin A	endophilin a	9	0
C018764	lysophosphatidic acid acyltransferase	lysophosphatidic acid acyltransferase	6	0
C018765	N-acetylmannosamine kinase	n - acetylmannosamine kinase	6	0
C018774	adenine deaminase	adenine deaminase	7	0
C018853	2-bromoethanesulfonate	2 - bromoethanesulfonate	3	0
C018853	2-bromoethanesulfonic acid	2 - bromoethanesulfonic acid	2	0
C018874	clofoctol	clofoctol	27	0
C018948	furosine	furosine	14	0
C018961	hexamidine	hexamidine	5	0
C018965	MADDS	madds	6	0
C018976	imidazole propionate	imidazole propionate	35	0
C019065	pterin deaminase	pterin deaminase	11	0
C019101	terthiophene	terthiophene	9	0
C019165	deoxyguanosine kinase	deoxyguanosine kinase	5	0
C019179	Fe(III)-EDTA	fe ( iii ) - edta	1	0
C019179	NaFeEDTA	nafeedta	14	0
C019179	ferric EDTA	ferric edta	2	0
C019193	cellopentaose	cellopentaose	1	0
C019193	maltopentaose	maltopentaose	4	0
C019253	3-amino-4-hydroxyphenylalanine	3 - amino - 4 - hydroxyphenylalanine	1	0
C019253	3-aminotyrosine	3 - aminotyrosine	4	0
C019273	2,2-bis(4-glycidyloxyphenyl)propane	2 , 2 - bis ( 4 - glycidyloxyphenyl ) propane	1	0
C019273	DGEBA	dgeba	24	0
C019273	bisphenol A diglycidyl ether	bisphenol a diglycidyl ether	13	0
C019285	butyrate kinase	butyrate kinase	7	0
C019288	carbamate kinase	carbamate kinase	5	0
C019290	chaetoglobosin A	chaetoglobosin a	2	0
C019290	chaetoglobosins	chaetoglobosins	3	0
C019306	crinipellin	crinipellin	7	0
C019329	DNASE II	dnase ii	8	0
C019329	deoxyribonuclease II	deoxyribonuclease ii	1	0
C019339	dihydroxyacetophenone	dihydroxyacetophenone	13	0
C019427	HPOS	hpos	26	0
C019498	4-nitroaniline	4 - nitroaniline	15	0
C019498	p-nitroaniline	p - nitroaniline	17	0
C019498	para-nitroaniline	para - nitroaniline	2	0
C019511	orlandin	orlandin	9	0
C019535	poly(4-vinylpyridine)	poly ( 4 - vinylpyridine )	20	0
C019546	pteryxin	pteryxin	6	0
C019564	terpinyl acetate	terpinyl acetate	7	0
C019567	TCNB	tcnb	17	0
C019608	caffeic acid 3-O-methyltransferase	caffeic acid 3 - o - methyltransferase	2	0
C019608	caffeic acid O-methyltransferase	caffeic acid o - methyltransferase	16	0
C019617	APS kinase	aps kinase	4	0
C019617	Adenylyl-sulfate kinase	adenylyl - sulfate kinase	2	0
C019624	agarase	agarase	20	0
C019625	agmatinase	agmatinase	12	0
C019638	D-Ala-D-Ala ligase	d - ala - d - ala ligase	1	0
C019638	D-alanine-D-alanine ligase	d - alanine - d - alanine ligase	4	0
C019641	methanol dehydrogenase	methanol dehydrogenase	24	0
C019643	alcohol oxidase	alcohol oxidase	33	0
C019672	acylase I	acylase i	3	0
C019672	aminoacylase	aminoacylase	9	0
C019672	hippuricase	hippuricase	3	0
C019674	peptidyl-tRNA hydrolase	peptidyl - trna hydrolase	11	0
C019700	amylosucrase	amylosucrase	15	0
C019715	L-arabinose isomerase	l - arabinose isomerase	14	0
C019729	aromatic amino acid aminotransferase	aromatic amino acid aminotransferase	7	0
C019789	biliverdin reductase	biliverdin reductase	15	0
C019801	2,3-butanediol dehydrogenase	2 , 3 - butanediol dehydrogenase	5	0
C019801	butanediol dehydrogenase	butanediol dehydrogenase	7	0
C019823	CO dehydrogenase	co dehydrogenase	10	0
C019823	carbon monoxide dehydrogenase	carbon monoxide dehydrogenase	15	0
C019826	CMCase	cmcase	14	0
C019826	carboxymethyl cellulase	carboxymethyl cellulase	7	0
C019826	carboxymethylcellulase	carboxymethylcellulase	2	0
C019839	ALPP	alpp	56	0
C019839	alkaline phosphatase, placental	alkaline phosphatase , placental	1	0
C019859	cellobiose dehydrogenase	cellobiose dehydrogenase	7	0
C019943	4-coumarate-CoA ligase	4 - coumarate - coa ligase	9	0
C019950	CTPase	ctpase	5	0
C019952	cutinase	cutinase	77	0
C019966	cysteamine dioxygenase	cysteamine dioxygenase	6	0
C019975	cysteinyl-tRNA synthetase	cysteinyl - trna synthetase	7	0
C019995	7-dehydrocholesterol reductase	7 - dehydrocholesterol reductase	14	0
C020000	3-dehydroquinate dehydratase	3 - dehydroquinate dehydratase	4	0
C020000	dehydroquinase	dehydroquinase	2	0
C020025	dextransucrase	dextransucrase	23	0
C020047	dihydropyrimidinase	dihydropyrimidinase	2	0
C020047	hydantoinase	hydantoinase	4	0
C020071	DCP1	dcp1	18	0
C020071	dipeptidyl carboxypeptidase	dipeptidyl carboxypeptidase	1	0
C020077	PI4P5K	pi4p5k	7	0
C020077	phosphatidylinositol-4-phosphate 5-kinase	phosphatidylinositol - 4 - phosphate 5 - kinase	9	0
C020093	dTMP kinase	dtmp kinase	1	0
C020093	thymidylate kinase	thymidylate kinase	13	0
C020122	estrogen sulfotransferase	estrogen sulfotransferase	7	0
C020122	sulfotransferase SULT1E1	sulfotransferase sult1e1	1	0
C020124	alcohol acyltransferase	alcohol acyltransferase	9	0
C020133	exonuclease III	exonuclease iii	33	0
C020137	exopolyphosphatase	exopolyphosphatase	5	0
C020137	polyphosphate phosphohydrolase	polyphosphate phosphohydrolase	2	0
C020235	Zostex	zostex	1	0
C020235	brivudine	brivudine	15	0
C020237	brusatol	brusatol	99	0
C020245	canephron	canephron	9	0
C020245	canephron N	canephron n	4	0
C020292	4-dimethylaminophenol	4 - dimethylaminophenol	5	0
C020320	Squid 12	squid 12	1	0
C020320	ethylene vinyl alcohol copolymer	ethylene vinyl alcohol copolymer	3	0
C020320	ethylene-vinyl alcohol copolymer	ethylene - vinyl alcohol copolymer	17	0
C020320	poly(vinyl alcohol-co-ethylene)	poly ( vinyl alcohol - co - ethylene )	4	0
C020320	precipitating hydrophobic injectable liquid (PHIL)	precipitating hydrophobic injectable liquid ( phil )	1	0
C020324	fascin	fascin	93	0
C020338	galvinoxyl	galvinoxyl	6	0
C020355	1,6-hexanediol diacrylate	1 , 6 - hexanediol diacrylate	7	0
C020355	hexanediol diacrylate	hexanediol diacrylate	8	0
C020357	His-Leu	his - leu	5	0
C020357	histidylleucine	histidylleucine	6	0
C020371	indobufen	indobufen	113	0
C020381	isobutyrylcarnitine	isobutyrylcarnitine	9	0
C020404	1-methylhistamine	1 - methylhistamine	12	0
C020411	MccJ25	mccj25	15	0
C020411	microcin	microcin	37	0
C020411	microcin B17	microcin b17	1	0
C020411	microcin C7	microcin c7	2	0
C020411	microcin J25	microcin j25	20	0
C020411	microcin L	microcin l	1	0
C020452	perfringolysin O	perfringolysin o	6	0
C020456	phenoxazinone	phenoxazinone	17	0
C020522	thiomuscimol	thiomuscimol	5	0
C020569	GTase	gtase	25	0
C020569	alpha-glucanotransferase	alpha - glucanotransferase	1	0
C020569	disproportionating enzyme	disproportionating enzyme	2	0
C020570	callose synthase	callose synthase	11	0
C020602	meclonazepam	meclonazepam	11	0
C020635	SAICAR	saicar	17	0
C020637	SADBE	sadbe	9	0
C020637	squaric acid dibutyl ester	squaric acid dibutyl ester	1	0
C020646	acetylornithine glutamate acetyltransferase	acetylornithine glutamate acetyltransferase	1	0
C020646	glutamate acetyltransferase	glutamate acetyltransferase	1	0
C020646	ornithine acetyltransferase	ornithine acetyltransferase	3	0
C020650	glutamate kinase	glutamate kinase	6	0
C020656	L-methionine aminotransferase	l - methionine aminotransferase	3	0
C020656	glutaminase II	glutaminase ii	1	0
C020656	glutamine aminotransferase	glutamine aminotransferase	1	0
C020656	glutamine transaminase	glutamine transaminase	3	0
C020660	K-dependent carboxylase	k - dependent carboxylase	1	0
C020660	gamma-glutamyl carboxylase	gamma - glutamyl carboxylase	2	0
C020660	glutamyl carboxylase	glutamyl carboxylase	12	0
C020660	vitamin K-dependent carboxylase	vitamin k - dependent carboxylase	1	0
C020667	glutathione oxidase	glutathione oxidase	22	0
C020668	glycanase	glycanase	10	0
C020670	D-glycerate kinase	d - glycerate kinase	3	0
C020670	glycerate kinase	glycerate kinase	5	0
C020681	L-arginine:glycine amidinotransferase	l - arginine : glycine amidinotransferase	1	0
C020681	arginine-glycine amidinotransferase	arginine - glycine amidinotransferase	1	0
C020681	glycine amidinotransferase	glycine amidinotransferase	14	0
C020711	beryllium sulfate	beryllium sulfate	5	0
C020723	citrate carrier	citrate carrier	7	0
C020723	citrate transporter	citrate transporter	26	0
C020723	tricarboxylate transporter	tricarboxylate transporter	4	0
C020740	chalepensin	chalepensin	8	0
C020746	EF-P	ef - p	43	0
C020746	elongation factor P	elongation factor p	8	0
C020746	factor EF-P	factor ef - p	1	0
C020757	3-hydroxyisobutyric acid	3 - hydroxyisobutyric acid	5	0
C020804	succinylacetone	succinylacetone	19	0
C020814	xanthyletin	xanthyletin	7	0
C020821	glycolate oxidase	glycolate oxidase	14	0
C020842	guanylyltransferase	guanylyltransferase	6	0
C020882	21-deoxycortisone	21 - deoxycortisone	12	0
C020888	1,2-dioleoyl-sn-glycero-3-phosphoethanolamine	1 , 2 - dioleoyl - sn - glycero - 3 - phosphoethanolamine	8	0
C020946	TEGDMA	tegdma	76	0
C020946	triethylene glycol dimethacrylate	triethylene glycol dimethacrylate	24	0
C020964	Molloplast-B	molloplast - b	7	0
C020996	chromotropic acid	chromotropic acid	5	0
C021030	Glu-Asp	glu - asp	15	0
C021051	lithium borate	lithium borate	7	0
C021051	lithium triborate	lithium triborate	2	0
C021062	niaprazine	niaprazine	10	0
C021086	secologanin	secologanin	15	0
C021093	strictosidine	strictosidine	27	0
C021097	thermospermine	thermospermine	16	0
C021099	trehalose monomycolate	trehalose monomycolate	8	0
C021106	azoreductase	azoreductase	30	0
C021112	DDOH	ddoh	23	0
C021126	CI-679	ci - 679	6	0
C021126	nitroquine	nitroquine	2	0
C021170	decanal	decanal	43	0
C021225	NDPP	ndpp	48	0
C021240	TFPI-2	tfpi - 2	12	0
C021294	cilostamide	cilostamide	13	0
C021304	hyperin	hyperin	20	0
C021304	hyperoside	hyperoside	157	0
C021304	quercetin-3-O-galactoside	quercetin - 3 - o - galactoside	2	0
C021315	S-nitroso-L-cysteine	s - nitroso - l - cysteine	3	0
C021315	S-nitrosocysteine	s - nitrosocysteine	3	0
C021322	prednisolone sodium succinate	prednisolone sodium succinate	5	0
C021351	acyl-CoA reductase	acyl - coa reductase	12	0
C021351	fatty acyl-CoA reductase	fatty acyl - coa reductase	10	0
C021351	fatty acyl-coenzyme A reductase	fatty acyl - coenzyme a reductase	1	0
C021358	histidinol dehydrogenase	histidinol dehydrogenase	6	0
C021377	allene oxide cyclase	allene oxide cyclase	7	0
C021377	allene oxide synthase	allene oxide synthase	18	0
C021377	hydroperoxide isomerase	hydroperoxide isomerase	2	0
C021401	hydroxylamine dehydrogenase	hydroxylamine dehydrogenase	2	0
C021401	hydroxylamine oxidase	hydroxylamine oxidase	3	0
C021401	hydroxylamine oxidoreductase	hydroxylamine oxidoreductase	8	0
C021451	fructosyltransferase	fructosyltransferase	8	0
C021451	inulosucrase	inulosucrase	3	0
C021475	ketohexokinase	ketohexokinase	23	0
C021513	levansucrase	levansucrase	22	0
C021515	dihydrolipoamide succinyltransferase	dihydrolipoamide succinyltransferase	5	0
C021541	hydroxynitrile lyase	hydroxynitrile lyase	10	0
C021550	3-mercaptopyruvate sulfurtransferase	3 - mercaptopyruvate sulfurtransferase	16	0
C021553	Esperase	esperase	5	0
C021558	methioninase	methioninase	25	0
C021558	methionine gamma-lyase	methionine gamma - lyase	5	0
C021606	N-acetylhistamine	n - acetylhistamine	6	0
C021705	maltooligosaccharides	maltooligosaccharides	14	0
C021746	silicotungstic acid	silicotungstic acid	16	0
C021758	3,3',5,5'-tetramethylbenzidine	3 , 3 ' , 5 , 5 ' - tetramethylbenzidine	169	0
C021758	tetramethyl benzidine	tetramethyl benzidine	1	0
C021758	tetramethylbenzidine dihydrochloride	tetramethylbenzidine dihydrochloride	1	0
C021768	xanthotoxol	xanthotoxol	8	0
C021773	1-aminocyclopropane-1-carboxylate synthase	1 - aminocyclopropane - 1 - carboxylate synthase	6	0
C021773	ACC-synthase	acc - synthase	1	0
C021784	5'-methylthioadenosine phosphorylase	5 ' - methylthioadenosine phosphorylase	6	0
C021784	methylthioadenosine phosphorylase	methylthioadenosine phosphorylase	59	0
C021796	mevalonate kinase	mevalonate kinase	31	0
C021822	inositol monophosphatase	inositol monophosphatase	5	0
C021822	inositol phosphatase	inositol phosphatase	6	0
C021822	myo-inositol monophosphatase	myo - inositol monophosphatase	1	0
C021828	Revalor	revalor	5	0
C021844	NAD kinase	nad kinase	12	0
C021859	neuropathy target esterase	neuropathy target esterase	5	0
C021923	cycloartenol synthase	cycloartenol synthase	8	0
C021924	lanosterol synthase	lanosterol synthase	10	0
C021924	oxidosqualene cyclase	oxidosqualene cyclase	13	0
C021951	N-acetylornithine	n - acetylornithine	23	0
C021986	cypripedin	cypripedin	5	0
C022022	5-HETE	5 - hete	15	0
C022022	5-hydroxyeicosatetraenoic acid	5 - hydroxyeicosatetraenoic acid	6	0
C022049	perimidine	perimidine	13	0
C022050	phenylacetylglycine	phenylacetylglycine	14	0
C022059	RPCH	rpch	9	0
C022059	red pigment-concentrating hormone	red pigment - concentrating hormone	3	0
C022103	diaminomaleonitrile	diaminomaleonitrile	13	0
C022131	cremophor	cremophor	21	0
C022131	cremophor RH 40	cremophor rh 40	1	0
C022144	His-Phe	his - phe	3	0
C022144	Phe-His	phe - his	2	0
C022150	lappaconitine	lappaconitine	7	0
C022183	UDP-Rha	udp - rha	4	0
C022183	UDP-rhamnose	udp - rhamnose	3	0
C022186	8-epi-xanthatin	8 - epi - xanthatin	2	0
C022186	xanthatin	xanthatin	23	0
C022205	apolipoprotein A-IV	apolipoprotein a - iv	22	0
C022205	apolipoprotein A4	apolipoprotein a4	4	0
C022333	peroxygenase	peroxygenase	53	0
C022336	phenol 2-monooxygenase	phenol 2 - monooxygenase	1	0
C022336	phenol hydroxylase	phenol hydroxylase	5	0
C022353	phosphatidylserine decarboxylase	phosphatidylserine decarboxylase	14	0
C022367	phosphoketolase	phosphoketolase	22	0
C022390	phosphoribulokinase	phosphoribulokinase	9	0
C022393	phosphoserine aminotransferase	phosphoserine aminotransferase	10	0
C022424	polyphosphate kinase	polyphosphate kinase	20	0
C022437	arogenate dehydratase	arogenate dehydratase	6	0
C022448	prolylcarboxypeptidase	prolylcarboxypeptidase	5	0
C022452	proline reductase	proline reductase	12	0
C022475	prothrombinase complex	prothrombinase complex	5	0
C022479	pseudouridine synthase 1	pseudouridine synthase 1	5	0
C022479	pseudouridine synthase 3	pseudouridine synthase 3	1	0
C022520	retinol dehydrogenase	retinol dehydrogenase	12	0
C022532	riboflavin kinase	riboflavin kinase	11	0
C022599	Fluor Protector	fluor protector	14	0
C022599	Fluor-Protector	fluor - protector	1	0
C022601	hexachlorocyclotriphosphazene	hexachlorocyclotriphosphazene	6	0
C022616	3-(4,5-dimethylthiazol-2-yl)-2,5-diphenyl tetrazolium bromide	3 - ( 4 , 5 - dimethylthiazol - 2 - yl ) - 2 , 5 - diphenyl tetrazolium bromide	16	0
C022616	thiazolyl blue	thiazolyl blue	9	0
C022616	thiazolyl blue tetrazolium bromide	thiazolyl blue tetrazolium bromide	6	0
C022629	sepiapterin deaminase	sepiapterin deaminase	9	0
C022633	serine carboxypeptidase	serine carboxypeptidase	9	0
C022641	Shikimate dehydrogenase	shikimate dehydrogenase	8	0
C022642	shikimate kinase	shikimate kinase	7	0
C022642	shikimate kinase II	shikimate kinase ii	1	0
C022649	sphingosine-1-phosphate lyase	sphingosine - 1 - phosphate lyase	7	0
C022674	stilbene synthase	stilbene synthase	7	0
C022679	APH(3'')	aph ( 3 ' ' )	13	0
C022709	respiratory burst oxidase	respiratory burst oxidase	26	0
C022750	X-prolyl aminopeptidase	x - prolyl aminopeptidase	1	0
C022750	aminopeptidase P	aminopeptidase p	5	0
C022763	nitrous oxide reductase	nitrous oxide reductase	14	0
C022776	2-bromohexadecanoic acid	2 - bromohexadecanoic acid	2	0
C022776	2-bromopalmitate	2 - bromopalmitate	10	0
C022793	butyl butyrate	butyl butyrate	7	0
C022801	curcumol	curcumol	93	0
C022806	dodecyl trimethylammonium chloride	dodecyl trimethylammonium chloride	1	0
C022806	dodecyltrimethylammonium	dodecyltrimethylammonium	6	0
C022806	dodecyltrimethylammonium bromide	dodecyltrimethylammonium bromide	5	0
C022883	octadecane	octadecane	29	0
C022918	diethyl acetylenedicarboxylate	diethyl acetylenedicarboxylate	1	0
C022918	dimethyl acetylenedicarboxylate	dimethyl acetylenedicarboxylate	4	0
C022943	ferrous succinate	ferrous succinate	5	0
C023010	4-hydroxyphenylglycine	4 - hydroxyphenylglycine	2	0
C023010	D-p-hydroxyphenylglycine	d - p - hydroxyphenylglycine	1	0
C023010	L-4-hydroxyphenylglycine	l - 4 - hydroxyphenylglycine	1	0
C023010	oxfenicine	oxfenicine	2	0
C023010	p-hydroxyphenylglycine	p - hydroxyphenylglycine	1	0
C023020	7-ketolithocholic acid	7 - ketolithocholic acid	10	0
C023020	7-oxolithocholic acid	7 - oxolithocholic acid	1	0
C023035	3,3',4,4',5-pentachlorobiphenyl	3 , 3 ' , 4 , 4 ' , 5 - pentachlorobiphenyl	2	0
C023035	PCB 126	pcb 126	8	0
C023035	PCB-126	pcb - 126	11	0
C023035	PCB126	pcb126	15	0
C023098	fluoroacetate dehalogenase	fluoroacetate dehalogenase	8	0
C023103	folylpolyglutamate synthase	folylpolyglutamate synthase	5	0
C023139	dispase	dispase	15	0
C023139	dispase II	dispase ii	3	0
C023159	L-threonine 3-dehydrogenase	l - threonine 3 - dehydrogenase	2	0
C023159	threonine dehydrogenase	threonine dehydrogenase	10	0
C023178	trehalose-6-phosphate phosphatase	trehalose - 6 - phosphate phosphatase	13	0
C023178	trehalose-phosphatase	trehalose - phosphatase	1	0
C023208	tyrosine ammonia-lyase	tyrosine ammonia - lyase	11	0
C023213	tubulin-tyrosine ligase	tubulin - tyrosine ligase	5	0
C023226	N-acetylglucosamine-1-phosphate uridyltransferase	n - acetylglucosamine - 1 - phosphate uridyltransferase	1	0
C023226	UDP-N-acetylglucosamine pyrophosphorylase	udp - n - acetylglucosamine pyrophosphorylase	5	0
C023246	ceramide glucosyltransferase	ceramide glucosyltransferase	7	0
C023246	glucosylceramide synthase	glucosylceramide synthase	18	0
C023257	UDP-glucuronic acid decarboxylase	udp - glucuronic acid decarboxylase	4	0
C023257	UDP-xylose synthase	udp - xylose synthase	5	0
C023276	UMP kinase	ump kinase	1	0
C023276	uridine monophosphate kinase	uridine monophosphate kinase	5	0
C023276	uridylate kinase	uridylate kinase	1	0
C023290	violaxanthin de-epoxidase	violaxanthin de - epoxidase	9	0
C023290	violaxanthin deepoxidase	violaxanthin deepoxidase	1	0
C023342	closantel	closantel	14	0
C023422	7-azaindole	7 - azaindole	19	0
C023445	altrenogest	altrenogest	29	0
C023477	DIMP	dimp	5	0
C023477	diisopropyl methylphosphonate	diisopropyl methylphosphonate	1	0
C023478	apohemoglobin	apohemoglobin	6	0
C023500	3-hydroxypyridine	3 - hydroxypyridine	10	0
C023530	1-methoxy-5-methylphenazinium	1 - methoxy - 5 - methylphenazinium	2	0
C023530	1-methoxy-5-methylphenazinium methyl sulfate	1 - methoxy - 5 - methylphenazinium methyl sulfate	2	0
C023530	MMPMS	mmpms	1	0
C023538	rhaponticin	rhaponticin	6	0
C023604	phenylphosphonate	phenylphosphonate	11	0
C023604	phenylphosphonic acid	phenylphosphonic acid	10	0
C023617	(Z)-guggulsterone	( z ) - guggulsterone	2	0
C023617	guggulsterone	guggulsterone	19	0
C023623	24-epibrassinolide	24 - epibrassinolide	35	0
C023623	brassinolide	brassinolide	48	0
C023635	dienogest	dienogest	128	0
C023676	chloroquine diphosphate	chloroquine diphosphate	4	0
C023676	chloroquine phosphate	chloroquine phosphate	6	0
C023710	abietic acid	abietic acid	44	0
C023717	acacetin	acacetin	154	0
C023728	acetaldoxime	acetaldoxime	7	0
C023728	aldoxime	aldoxime	23	0
C023731	acetamidine	acetamidine	1	0
C023731	acetamidinium	acetamidinium	5	0
C023793	pyomelanin	pyomelanin	19	0
C023807	Duraphat	duraphat	17	0
C023820	11-aminoundecanoic acid	11 - aminoundecanoic acid	6	0
C023863	1-aminocyclopropane carboxylic acid	1 - aminocyclopropane carboxylic acid	1	0
C023863	1-aminocyclopropane-1-carboxylic acid	1 - aminocyclopropane - 1 - carboxylic acid	57	0
C023872	mannotriose	mannotriose	11	0
C023884	2-mercaptopropionic acid	2 - mercaptopropionic acid	2	0
C023884	thiolactic acid	thiolactic acid	4	0
C023885	menadiol	menadiol	3	0
C023885	menadiol diphosphate	menadiol diphosphate	2	0
C023889	isoprothiolane	isoprothiolane	5	0
C023894	methyltransferase 2	methyltransferase 2	36	0
C023911	pectate lyase	pectate lyase	40	0
C023957	triflumuron	triflumuron	6	0
C023973	durene	durene	8	0
C024033	glycoursodeoxycholic acid	glycoursodeoxycholic acid	17	0
C024058	1-methylnicotinamide	1 - methylnicotinamide	29	0
C024058	N1-methylnicotinamide	n1 - methylnicotinamide	7	0
C024064	octamethylcyclotetrasiloxane	octamethylcyclotetrasiloxane	14	0
C024139	indole-3-lactate	indole - 3 - lactate	6	0
C024139	indole-3-lactic acid	indole - 3 - lactic acid	77	0
C024139	indolelactic acid	indolelactic acid	20	0
C024153	2-pyrone-4,6-dicarboxylic acid	2 - pyrone - 4 , 6 - dicarboxylic acid	5	0
C024272	3,5-dihydroxy-4-methoxybenzoic acid	3 , 5 - dihydroxy - 4 - methoxybenzoic acid	2	0
C024272	4-O-methylgallic acid	4 - o - methylgallic acid	3	0
C024273	profenofos	profenofos	34	0
C024274	adenylate isopentenyltransferase	adenylate isopentenyltransferase	1	0
C024274	isopentenyltransferase	isopentenyltransferase	6	0
C024319	norethindrone enanthate	norethindrone enanthate	1	0
C024319	norethisterone enanthate	norethisterone enanthate	5	0
C024341	2'-O-methyladenosine	2 ' - o - methyladenosine	5	0
C024343	butyryl-CoA	butyryl - coa	14	0
C024343	butyryl-coenzyme A	butyryl - coenzyme a	1	0
C024347	9-HODE	9 - hode	16	0
C024347	9-hydroxy-10,12-octadecadienoic acid	9 - hydroxy - 10 , 12 - octadecadienoic acid	1	0
C024347	dimorphecolic acid	dimorphecolic acid	1	0
C024348	13-HODE	13 - hode	27	0
C024348	13-LOX	13 - lox	16	0
C024348	13-hydroxy-9,11-octadecadienoic acid	13 - hydroxy - 9 , 11 - octadecadienoic acid	1	0
C024348	13-hydroxyoctadecadienoic acid	13 - hydroxyoctadecadienoic acid	8	0
C024362	Arg-Glu	arg - glu	4	0
C024362	arginine glutamate	arginine glutamate	1	0
C024500	pamamycin	pamamycin	10	0
C024509	equisetin	equisetin	12	0
C024553	NaSCN	nascn	3	0
C024553	sodium thiocyanate	sodium thiocyanate	2	0
C024560	1,4,8,11-tetraazacyclotetradecane	1 , 4 , 8 , 11 - tetraazacyclotetradecane	5	0
C024560	cyclam	cyclam	18	0
C024564	2,4,6-trichlorophenol	2 , 4 , 6 - trichlorophenol	19	0
C024571	hexanoylglycine	hexanoylglycine	5	0
C024575	Lys-Lys	lys - lys	10	0
C024603	Geraniin	geraniin	42	0
C024666	MP 15	mp 15	5	0
C024687	Na2MoO4	na2moo4	19	0
C024687	sodium molybdate	sodium molybdate	15	0
C024748	copper oxidase	copper oxidase	8	0
C024757	Coomassie brilliant blue R	coomassie brilliant blue r	6	0
C024778	NADX	nadx	6	0
C024779	octadecylsilane	octadecylsilane	5	0
C024835	KOCN	kocn	8	0
C024835	potassium cyanate	potassium cyanate	4	0
C024840	ethyl acetoacetate	ethyl acetoacetate	12	0
C024894	sodium tanshinone IIA sulfonate	sodium tanshinone iia sulfonate	27	0
C024894	tanshinone IIA sulfonate	tanshinone iia sulfonate	27	0
C024974	E-64	e - 64	8	0
C024997	Chelex 100	chelex 100	6	0
C025047	olivomycin A	olivomycin a	8	0
C025059	lysophosphatidylserine	lysophosphatidylserine	12	0
C025080	balsam of Peru	balsam of peru	5	0
C025086	15-HPETE	15 - hpete	7	0
C025099	butyl xanthate	butyl xanthate	11	0
C025117	hyponitrite	hyponitrite	6	0
C025160	3-aminobenzamide	3 - aminobenzamide	11	0
C025203	CoQ1	coq1	4	0
C025203	coenzyme Q1	coenzyme q1	2	0
C025205	1,10-phenanthroline	1 , 10 - phenanthroline	178	0
C025205	o-phenanthroline	o - phenanthroline	10	0
C025206	hopane	hopane	22	0
C025225	1,2-benzoquinone	1 , 2 - benzoquinone	2	0
C025225	2-benzoquinone	2 - benzoquinone	2	0
C025225	o-benzoquinone	o - benzoquinone	2	0
C025231	N-lauroyl sarcosinate	n - lauroyl sarcosinate	2	0
C025231	N-lauroylsarcosine	n - lauroylsarcosine	2	0
C025231	sarkosyl	sarkosyl	16	0
C025231	sodium N-lauroyl sarcosinate	sodium n - lauroyl sarcosinate	1	0
C025231	sodium lauroyl sarcosinate	sodium lauroyl sarcosinate	2	0
C025252	polysuccinimide	polysuccinimide	5	0
C025316	pyochelin	pyochelin	12	0
C025337	Factor IIa	factor iia	8	0
C025417	para-toluenesulfonamide	para - toluenesulfonamide	7	0
C025449	lysoPI	lysopi	1	0
C025449	lysophosphatidylinositol	lysophosphatidylinositol	11	0
C025484	Lymphazurin	lymphazurin	1	0
C025484	isosulfan blue	isosulfan blue	11	0
C025541	TOCP	tocp	43	0
C025541	tri-o-cresyl phosphate	tri - o - cresyl phosphate	3	0
C025541	tri-ortho-cresyl phosphate	tri - ortho - cresyl phosphate	7	0
C025554	GS 5	gs 5	5	0
C025579	puromycin-sensitive aminopeptidase	puromycin - sensitive aminopeptidase	7	0
C025605	di-iso-butyl phthalate	di - iso - butyl phthalate	1	0
C025605	diisobutyl phthalate	diisobutyl phthalate	13	0
C025620	oligosaccharyltransferase	oligosaccharyltransferase	42	0
C025633	nereistoxin	nereistoxin	7	0
C025655	lofexidine	lofexidine	7	0
C025703	bleomycin A5	bleomycin a5	1	0
C025703	pingyangmycin	pingyangmycin	24	0
C025759	saikosaponin A	saikosaponin a	32	0
C025759	saikosaponin B1	saikosaponin b1	7	0
C025759	saikosaponin B2	saikosaponin b2	8	0
C025759	saikosaponin C	saikosaponin c	1	0
C025759	saikosaponin D	saikosaponin d	41	0
C025759	saikosaponins	saikosaponins	27	0
C025901	sucrose phosphorylase	sucrose phosphorylase	12	0
C025944	acylglycerol kinase	acylglycerol kinase	10	0
C025946	3-methyladenine	3 - methyladenine	124	0
C025971	phenol-soluble modulin	phenol - soluble modulin	6	0
C025984	15-HETE	15 - hete	30	0
C025999	12-oxo-PDA	12 - oxo - pda	1	0
C025999	12-oxo-phytodienoic acid	12 - oxo - phytodienoic acid	10	0
C025999	12-oxophytodienoate	12 - oxophytodienoate	5	0
C025999	12-oxophytodienoic acid	12 - oxophytodienoic acid	6	0
C026018	azocasein	azocasein	5	0
C026050	streptolysin S	streptolysin s	11	0
C026061	HDTA	hdta	12	0
C026080	protein Z	protein z	10	0
C026105	3-butylidenephthalide	3 - butylidenephthalide	6	0
C026105	butylidenephthalide	butylidenephthalide	25	0
C026105	n-butylidenephthalide	n - butylidenephthalide	7	0
C026113	2-methylhippuric acid	2 - methylhippuric acid	6	0
C026134	glutamate carboxypeptidase	glutamate carboxypeptidase	15	0
C026146	GlcNAc-1-phosphate	glcnac - 1 - phosphate	1	0
C026146	N-acetylglucosamine-1-phosphate	n - acetylglucosamine - 1 - phosphate	5	0
C026212	N-acetylputrescine	n - acetylputrescine	13	0
C026212	acetylputrescine	acetylputrescine	13	0
C026221	12-hydroxyeicosapentaenoic acid	12 - hydroxyeicosapentaenoic acid	6	0
C026223	lysophosphatidylglycerol	lysophosphatidylglycerol	13	0
C026226	GD3 ganglioside	gd3 ganglioside	1	0
C026226	ganglioside GD3	ganglioside gd3	9	0
C026246	4-hydroxyphenylacetate	4 - hydroxyphenylacetate	8	0
C026270	DBDI	dbdi	5	0
C026304	atranorin	atranorin	45	0
C026305	cobalt sulfate	cobalt sulfate	6	0
C026308	3,4-dihydrocoumarin	3 , 4 - dihydrocoumarin	10	0
C026340	Serial C	serial c	10	0
C026398	dictamnine	dictamnine	8	0
C026423	urolithin A	urolithin a	142	0
C026452	mRNP	mrnp	36	0
C026452	messenger ribonucleoprotein	messenger ribonucleoprotein	47	0
C026473	prosapogenin	prosapogenin	4	0
C026473	prosapogenin A	prosapogenin a	4	0
C026474	ginsenoside Rg2	ginsenoside rg2	15	0
C026483	midecamycin	midecamycin	5	0
C026486	dibenz(a,h)anthracene	dibenz ( a , h ) anthracene	3	0
C026486	dibenzo(a,h)anthracene	dibenzo ( a , h ) anthracene	2	0
C026498	n-propyl acetate	n - propyl acetate	5	0
C026498	propyl acetate	propyl acetate	13	0
C026535	SA 96	sa 96	1	0
C026535	bucillamine	bucillamine	11	0
C026588	SBNP	sbnp	5	0
C026588	sperm nuclear basic proteins	sperm nuclear basic proteins	2	0
C026608	solasonine	solasonine	18	0
C026609	solamargine	solamargine	20	0
C026636	2-nonanone	2 - nonanone	21	0
C026650	Phe-Phe	phe - phe	16	0
C026690	CeCl3	cecl3	5	0
C026690	cerium(III) chloride	cerium ( iii ) chloride	1	0
C026695	GGMP	ggmp	5	0
C026777	ICI 118,551	ici 118 , 551	6	0
C026777	ICI-118551	ici - 118551	1	0
C026784	Oldan	oldan	1	0
C026784	acemetacin	acemetacin	7	0
C026804	THPO	thpo	24	0
C026820	betaine aldehyde	betaine aldehyde	15	0
C026890	DTCR	dtcr	9	0
C026905	androsterone sulfate	androsterone sulfate	3	0
C026905	epiandrosterone sulfate	epiandrosterone sulfate	8	0
C026914	PHBC	phbc	12	0
C026956	TCNR	tcnr	5	0
C026971	coproporphyrin III	coproporphyrin iii	12	0
C026976	ammonium thiocyanate	ammonium thiocyanate	7	0
C026976	thiocyanic acid	thiocyanic acid	5	0
C026979	6-acetylmorphine	6 - acetylmorphine	6	0
C026979	6-monoacetylmorphine	6 - monoacetylmorphine	7	0
C026980	liriodenine	liriodenine	5	0
C027005	PGD3	pgd3	22	0
C027005	prostaglandin D3	prostaglandin d3	1	0
C027011	3,5-dinitrosalicylic acid	3 , 5 - dinitrosalicylic acid	7	0
C027070	DIEA	diea	16	0
C027070	DIPEA	dipea	15	0
C027070	N,N-diisopropylethylamine	n , n - diisopropylethylamine	6	0
C027078	2'-deoxyuridine 5'-triphosphate	2 ' - deoxyuridine 5 ' - triphosphate	2	0
C027078	deoxyuridine triphosphate	deoxyuridine triphosphate	17	0
C027099	herbicolin A	herbicolin a	6	0
C027112	fucose-binding lectin	fucose - binding lectin	1	0
C027112	lotus tetragonolobus lectin	lotus tetragonolobus lectin	4	0
C027118	didecyldimethylammonium	didecyldimethylammonium	8	0
C027118	didecyldimethylammonium bromide	didecyldimethylammonium bromide	2	0
C027118	didecyldimethylammonium chloride	didecyldimethylammonium chloride	6	0
C027142	methylstyrene	methylstyrene	5	0
C027186	albendazole sulfoxide	albendazole sulfoxide	6	0
C027259	germacrene D	germacrene d	52	0
C027260	pirarubicin	pirarubicin	37	0
C027285	heptelidic acid	heptelidic acid	10	0
C027309	PCB 169	pcb 169	3	0
C027309	PCB169	pcb169	3	0
C027328	fenchol	fenchol	11	0
C027329	naringenin chalcone	naringenin chalcone	27	0
C027333	isovalerylcarnitine	isovalerylcarnitine	16	0
C027349	pectin lyase	pectin lyase	16	0
C027349	pectolyase	pectolyase	2	0
C027356	11-HETE	11 - hete	8	0
C027478	glucuronoxylomannan	glucuronoxylomannan	13	0
C027488	1,2-butylene oxide	1 , 2 - butylene oxide	2	0
C027488	1,2-epoxybutane	1 , 2 - epoxybutane	4	0
C027490	Merocel	merocel	16	0
C027495	difluoroacetate	difluoroacetate	5	0
C027495	difluoroacetic acid	difluoroacetic acid	9	0
C027604	octopamine receptor	octopamine receptor	13	0
C027604	octopamine receptors	octopamine receptors	11	0
C027667	2-aminophenol	2 - aminophenol	23	0
C027667	o-aminophenol	o - aminophenol	13	0
C027667	ortho-aminophenol	ortho - aminophenol	3	0
C027681	isonicotinamide	isonicotinamide	11	0
C027696	acipimox	acipimox	13	0
C027722	NDMI	ndmi	25	0
C027728	heme a	heme a	14	0
C027728	heme a3	heme a3	3	0
C027744	S-methylisothiourea	s - methylisothiourea	2	0
C027744	S-methylisothiourea sulfate	s - methylisothiourea sulfate	1	0
C027744	methylisothiourea	methylisothiourea	2	0
C027746	glycolithocholate	glycolithocholate	1	0
C027746	glycolithocholic acid	glycolithocholic acid	12	0
C027772	MNCO	mnco	23	0
C027787	Gly-His	gly - his	9	0
C027819	poly(L-leucine)	poly ( l - leucine )	1	0
C027819	polyleucine	polyleucine	4	0
C027820	Z-ligustilide	z - ligustilide	10	0
C027820	ligustilide	ligustilide	74	0
C027845	bacillomycin D	bacillomycin d	16	0
C027875	cobalt sulfide	cobalt sulfide	34	0
C027875	cobalt sulphide	cobalt sulphide	2	0
C027928	receptor, retinol binding protein	receptor , retinol binding protein	2	0
C027928	retinol binding protein receptors	retinol binding protein receptors	1	0
C027928	retinol-binding protein receptor	retinol - binding protein receptor	2	0
C027935	HCEC	hcec	38	0
C027946	diiodoethane	diiodoethane	1	0
C027946	diiodomethane	diiodomethane	11	0
C027986	5-methoxytryptophan	5 - methoxytryptophan	10	0
C027993	TMPTA	tmpta	15	0
C027993	trimethylolpropane triacrylate	trimethylolpropane triacrylate	13	0
C028020	lichenase	lichenase	5	0
C028021	tricarballylic acid	tricarballylic acid	5	0
C028026	coproporphyrinogen III	coproporphyrinogen iii	7	0
C028098	10-hydroxycamptothecin	10 - hydroxycamptothecin	14	0
C028120	1-methylhistidine	1 - methylhistidine	16	0
C028129	methyl tryptophan	methyl tryptophan	2	0
C028129	tryptophan methyl ester	tryptophan methyl ester	4	0
C028143	homocitrate	homocitrate	10	0
C028143	homocitric acid	homocitric acid	1	0
C028145	(dApT)	( dapt )	267	0
C028176	transcobalamin receptor	transcobalamin receptor	5	0
C028215	2-cyclohexen-1-one	2 - cyclohexen - 1 - one	5	0
C028215	2-cyclohexenone	2 - cyclohexenone	1	0
C028217	cathepsin S	cathepsin s	75	0
C028255	propargyl alcohol	propargyl alcohol	8	0
C028305	eleutheroside B	eleutheroside b	9	0
C028305	syringin	syringin	62	0
C028321	EMBP	embp	6	0
C028342	compound 20	compound 20	33	0
C028401	9-fluorenone	9 - fluorenone	12	0
C028401	fluoren-9-one	fluoren - 9 - one	1	0
C028426	hyperoncotic albumin	hyperoncotic albumin	9	0
C028444	methyl lactate	methyl lactate	6	0
C028450	exonuclease 1	exonuclease 1	13	0
C028450	exonuclease I	exonuclease i	13	0
C028451	3,3',4,4'-tetrachlorobiphenyl	3 , 3 ' , 4 , 4 ' - tetrachlorobiphenyl	1	0
C028451	PCB 77	pcb 77	1	0
C028451	PCB-77	pcb - 77	5	0
C028458	tipepidine	tipepidine	7	0
C028508	(BiO)2CO3	( bio ) 2co3	2	0
C028508	Bi2O2CO3	bi2o2co3	39	0
C028513	4'-chlorodiazepam	4 ' - chlorodiazepam	1	0
C028513	Ro5-4864	ro5 - 4864	10	0
C028521	lanthanum chloride	lanthanum chloride	15	0
C028570	Ringer's acetate	ringer ' s acetate	5	0
C028592	3-aminophenylboronic acid	3 - aminophenylboronic acid	29	0
C028592	aminophenylboronic acid	aminophenylboronic acid	41	0
C028602	PgNpS	pgnps	19	0
C028631	CuSCN	cuscn	13	0
C028631	copper thiocyanate	copper thiocyanate	1	0
C028632	rutaecarpine	rutaecarpine	21	0
C028633	dehydroevodiamine	dehydroevodiamine	7	0
C028694	1-palmitoyl-2-oleoyl-phosphatidylcholine	1 - palmitoyl - 2 - oleoyl - phosphatidylcholine	1	0
C028694	1-palmitoyl-2-oleoyl-sn-glycero-3-phosphatidylcholine	1 - palmitoyl - 2 - oleoyl - sn - glycero - 3 - phosphatidylcholine	1	0
C028694	1-palmitoyl-2-oleoyl-sn-glycero-3-phosphocholine	1 - palmitoyl - 2 - oleoyl - sn - glycero - 3 - phosphocholine	24	0
C028694	1-palmitoyl-2-oleoylphosphatidylcholine	1 - palmitoyl - 2 - oleoylphosphatidylcholine	2	0
C028694	POPC lipid	popc lipid	3	0
C028704	cyromazine	cyromazine	18	0
C028765	hopene	hopene	5	0
C028810	dodecylphosphocholine	dodecylphosphocholine	5	0
C028818	neburon	neburon	12	0
C028841	EPB41L2	epb41l2	4	0
C028841	erythrocyte membrane protein band 4.1	erythrocyte membrane protein band 4 . 1	2	0
C028872	Ala-Gly	ala - gly	7	0
C028872	alanylglycine	alanylglycine	1	0
C028890	convulxin	convulxin	9	0
C028929	gamma-glutamylglycine	gamma - glutamylglycine	6	0
C028936	troxipide	troxipide	6	0
C028940	limonene oxide	limonene oxide	4	0
C028940	limonene-1,2-epoxide	limonene - 1 , 2 - epoxide	1	0
C028972	Danshen extract	danshen extract	5	0
C028972	Salvia miltiorrhiza root	salvia miltiorrhiza root	2	0
C028983	His-His	his - his	11	0
C028994	betamethasone phosphate	betamethasone phosphate	2	0
C028994	betamethasone sodium phosphate	betamethasone sodium phosphate	9	0
C029017	ruthenium dioxide	ruthenium dioxide	16	0
C029021	gitonin	gitonin	7	0
C029038	DNS-Cl	dns - cl	1	0
C029038	dansyl chloride	dansyl chloride	7	0
C029094	aspergillopepsin I	aspergillopepsin i	13	0
C029141	chromanol	chromanol	5	0
C029180	MBSA	mbsa	4	0
C029180	methylated bovine serum albumin	methylated bovine serum albumin	1	0
C029194	asparaginyl-tRNA synthetase	asparaginyl - trna synthetase	7	0
C029243	polyglycerol polyricinoleate	polyglycerol polyricinoleate	8	0
C029280	guanylurea	guanylurea	6	0
C029292	origanum oil	origanum oil	5	0
C029341	phenylarsine oxide	phenylarsine oxide	7	0
C029347	2-mercaptopyridine	2 - mercaptopyridine	6	0
C029347	pyridine-2-thione	pyridine - 2 - thione	1	0
C029350	1-hydroxynaphthalene	1 - hydroxynaphthalene	12	0
C029350	1-naphthol	1 - naphthol	19	0
C029383	1-decanol	1 - decanol	10	0
C029383	n-decanol	n - decanol	5	0
C029400	heme d1	heme d1	7	0
C029449	polyene phosphatidylcholine	polyene phosphatidylcholine	6	0
C029453	diacetylspermine	diacetylspermine	13	0
C029534	HSAB	hsab	22	0
C029549	trichloroacetonitrile	trichloroacetonitrile	5	0
C029584	Vitapex	vitapex	22	0
C029650	FAFT	faft	10	0
C029659	alpha-zearalenol	alpha - zearalenol	1	0
C029659	zearalenol	zearalenol	14	0
C029677	urotensin II	urotensin ii	7	0
C029703	3-methylxanthine	3 - methylxanthine	7	0
C029733	prothrombin fragment 1	prothrombin fragment 1	20	0
C029738	tertiapin	tertiapin	5	0
C029738	tertiapin-Q	tertiapin - q	3	0
C029742	ribosomal protein L5	ribosomal protein l5	5	0
C029790	PCB 138	pcb 138	5	0
C029825	ailanthone	ailanthone	15	0
C029887	Lawesson's reagent	lawesson ' s reagent	9	0
C029937	secretin receptor	secretin receptor	7	0
C029937	secretin receptors	secretin receptors	1	0
C029967	entactin	entactin	2	0
C029967	nidogen	nidogen	30	0
C029967	nidogen 1	nidogen 1	1	0
C029967	nidogen-1	nidogen - 1	18	0
C029973	galactose-1-phosphate	galactose - 1 - phosphate	12	0
C030037	2-naphthoic acid	2 - naphthoic acid	15	0
C030052	decapping enzyme	decapping enzyme	7	0
C030052	mRNA decapping complex	mrna decapping complex	1	0
C030070	mannitol-1-phosphate	mannitol - 1 - phosphate	5	0
C030127	valtrate	valtrate	5	0
C030159	G-PMMA	g - pmma	13	0
C030159	gentamicin PMMA	gentamicin pmma	2	0
C030159	refobacin	refobacin	5	0
C030168	isocorydine	isocorydine	7	0
C030196	benzylsuccinate	benzylsuccinate	8	0
C030218	(+)-3-carene	( + ) - 3 - carene	1	0
C030218	3-carene	3 - carene	64	0
C030218	delta-3-carene	delta - 3 - carene	4	0
C030278	3-piperidinecarboxylic acid	3 - piperidinecarboxylic acid	1	0
C030278	nipecotic acid	nipecotic acid	6	0
C030312	polycarbophil	polycarbophil	8	0
C030340	elastin microfibril interface located protein	elastin microfibril interface located protein	2	0
C030340	emilin	emilin	27	0
C030340	emilin-1	emilin - 1	27	0
C030365	leucine methyl ester	leucine methyl ester	6	0
C030365	leucine methyl ester hydrochloride	leucine methyl ester hydrochloride	1	0
C030372	3-hydroxybutyryl-CoA	3 - hydroxybutyryl - coa	7	0
C030413	bruceine E	bruceine e	6	0
C030425	loliolide	loliolide	12	0
C030448	Hb Bart's	hb bart ' s	18	0
C030448	hemoglobin Bart's	hemoglobin bart ' s	3	0
C030474	vitellogenin receptor	vitellogenin receptor	18	0
C030517	myxothiazol	myxothiazol	5	0
C030530	1-methyluric acid	1 - methyluric acid	6	0
C030554	CPPU	cppu	43	0
C030574	malic enzyme 1	malic enzyme 1	15	0
C030615	5,5-dimethylhydantoin	5 , 5 - dimethylhydantoin	8	0
C030620	roflamycoin	roflamycoin	7	0
C030626	4-hydroxystyrene	4 - hydroxystyrene	4	0
C030626	4-vinylphenol	4 - vinylphenol	15	0
C030626	p-vinylphenol	p - vinylphenol	1	0
C030641	linear alkylbenzene sulfonate	linear alkylbenzene sulfonate	11	0
C030659	K antigen	k antigen	21	0
C030659	K antigens	k antigens	5	0
C030667	methylazoxymethanol	methylazoxymethanol	6	0
C030698	2-mercaptobenzimidazole	2 - mercaptobenzimidazole	13	0
C030720	triacetic acid lactone	triacetic acid lactone	6	0
C030778	COQ8	coq8	3	0
C030778	ubiquinone 8	ubiquinone 8	2	0
C030790	jinggangmycin	jinggangmycin	8	0
C030831	ribosomal protein S5	ribosomal protein s5	9	0
C030848	eperisone	eperisone	13	0
C030848	eperisone hydrochloride	eperisone hydrochloride	2	0
C030894	terminase	terminase	68	0
C030895	caseinase	caseinase	9	0
C030910	Xase	xase	1	0
C030910	cancer procoagulant	cancer procoagulant	1	0
C030910	fXase	fxase	7	0
C030910	intrinsic tenase	intrinsic tenase	4	0
C030910	tenase	tenase	6	0
C030953	2-vinylpyridine	2 - vinylpyridine	15	0
C030971	piscidic acid	piscidic acid	10	0
C031004	oligomycin A	oligomycin a	7	0
C031049	geranylgeranylacetone	geranylgeranylacetone	2	0
C031049	teprenone	teprenone	3	0
C031060	salicylamide	salicylamide	11	0
C031062	narcissin	narcissin	12	0
C031086	5-ethynyl-2'-deoxyuridine	5 - ethynyl - 2 ' - deoxyuridine	154	0
C031108	PCHP	pchp	9	0
C031116	dimethyl methylphosphonate	dimethyl methylphosphonate	7	0
C031134	vinylene carbonate	vinylene carbonate	16	0
C031146	maltoheptaose	maltoheptaose	7	0
C031161	cecropin A	cecropin a	9	0
C031231	AP-7	ap - 7	9	0
C031263	12-hydroxydodecanoic acid	12 - hydroxydodecanoic acid	2	0
C031263	12-hydroxylauric acid	12 - hydroxylauric acid	3	0
C031276	ammonium persulfate	ammonium persulfate	32	0
C031291	diphenyliodonium	diphenyliodonium	4	0
C031291	diphenyliodonium chloride	diphenyliodonium chloride	3	0
C031291	diphenyliodonium hexafluorophosphate	diphenyliodonium hexafluorophosphate	1	0
C031316	calcium borate	calcium borate	5	0
C031324	tris(2-chloroethyl)phosphate	tris ( 2 - chloroethyl ) phosphate	25	0
C031331	sulbutiamine	sulbutiamine	11	0
C031335	4-hydroxyacetophenone	4 - hydroxyacetophenone	5	0
C031363	2-amino-2-thiazoline	2 - amino - 2 - thiazoline	1	0
C031363	2-aminothiazoline	2 - aminothiazoline	4	0
C031367	temocillin	temocillin	36	0
C031409	schisandrin C	schisandrin c	7	0
C031420	2'-fucosyllactose	2 ' - fucosyllactose	89	0
C031420	2-fucosyllactose	2 - fucosyllactose	8	0
C031455	Fast Blue	fast blue	68	0
C031467	coproporphyrin I	coproporphyrin i	12	0
C031468	mesoporphyrin	mesoporphyrin	4	0
C031468	mesoporphyrin IX	mesoporphyrin ix	4	0
C031503	1-phenylpiperazine	1 - phenylpiperazine	1	0
C031503	N-phenylpiperazine	n - phenylpiperazine	4	0
C031503	phenylpiperazine	phenylpiperazine	17	0
C031525	stannane	stannane	6	0
C031534	imperatorin	imperatorin	70	0
C031535	oxypeucedanin	oxypeucedanin	9	0
C031536	DNAP	dnap	5	0
C031584	hexaammineruthenium	hexaammineruthenium	5	0
C031584	ruthenium hexaammine trichloride	ruthenium hexaammine trichloride	1	0
C031586	CYSSG	cyssg	4	0
C031586	cysteine-glutathione disulfide	cysteine - glutathione disulfide	5	0
C031586	cysteine-glutathione mixed disulfide	cysteine - glutathione mixed disulfide	1	0
C031594	2-cyanoacetamide	2 - cyanoacetamide	1	0
C031594	cyanoacetamide	cyanoacetamide	4	0
C031625	D-xylulose-5-phosphate	d - xylulose - 5 - phosphate	19	0
C031625	xylulose-5-phosphate	xylulose - 5 - phosphate	26	0
C031629	ptsG	ptsg	34	0
C031639	octanal	octanal	89	0
C031665	PCPG	pcpg	26	0
C031692	3-fucosyltransferase	3 - fucosyltransferase	8	0
C031719	imidocarb dipropionate	imidocarb dipropionate	20	0
C031752	L-cysteine ethyl ester	l - cysteine ethyl ester	4	0
C031752	cysteine ethyl ester	cysteine ethyl ester	8	0
C031808	cupferron	cupferron	5	0
C031815	Clostridium difficile toxin B	clostridium difficile toxin b	5	0
C031819	aerobactin	aerobactin	82	0
C031819	ferric-aerobactin	ferric - aerobactin	1	0
C031843	18F-FMISO	18f - fmiso	20	0
C031843	18F-fluoromisonidazole	18f - fluoromisonidazole	5	0
C031843	FMISO	fmiso	68	0
C031843	fluoromisonidazole	fluoromisonidazole	12	0
C031854	1,2-ethanedithiol	1 , 2 - ethanedithiol	1	0
C031854	ethanedithiol	ethanedithiol	4	0
C031876	APDP	apdp	5	0
C031896	6-methoxy-2-benzoxazolinone	6 - methoxy - 2 - benzoxazolinone	4	0
C031896	6-methoxybenzoxazolinone	6 - methoxybenzoxazolinone	2	0
C031896	coixol	coixol	7	0
C031935	CCAE	ccae	14	0
C031938	calmidazolium	calmidazolium	5	0
C032000	PMME	pmme	18	0
C032001	Hb D	hb d	8	0
C032001	hemoglobin D	hemoglobin d	10	0
C032007	N-acetyl-L-glutamine	n - acetyl - l - glutamine	3	0
C032007	N-acetylglutamine	n - acetylglutamine	6	0
C032022	PPED	pped	5	0
C032037	4-bromophenol	4 - bromophenol	5	0
C032038	2-bromophenol	2 - bromophenol	5	0
C032114	propentofylline	propentofylline	5	0
C032138	GMBS	gmbs	7	0
C032233	lactosamine	lactosamine	7	0
C032240	TiF4	tif4	15	0
C032240	titanium fluoride	titanium fluoride	2	0
C032240	titanium tetrafluoride	titanium tetrafluoride	5	0
C032251	3-methylbutanal	3 - methylbutanal	35	0
C032251	isovaleraldehyde	isovaleraldehyde	8	0
C032253	involucrin	involucrin	29	0
C032261	complement 4d	complement 4d	1	0
C032261	complement C4d	complement c4d	3	0
C032261	complement component 4d	complement component 4d	1	0
C032278	4-OHT	4 - oht	14	0
C032309	Cohn fraction IV	cohn fraction iv	5	0
C032335	VS III	vs iii	12	0
C032365	benzenesulfonate	benzenesulfonate	12	0
C032365	benzenesulfonic acid	benzenesulfonic acid	11	0
C032365	sodium benzenesulfonate	sodium benzenesulfonate	1	0
C032402	c1q receptor	c1q receptor	4	0
C032402	c1q receptors	c1q receptors	2	0
C032522	HHAP	hhap	4	0
C032522	head activator peptide	head activator peptide	1	0
C032547	iron tetraphenylporphyrin	iron tetraphenylporphyrin	5	0
C032619	dichloroacetamide	dichloroacetamide	7	0
C032623	pheophorbide a	pheophorbide a	27	0
C032627	methylphosphonate	methylphosphonate	17	0
C032627	methylphosphonic acid	methylphosphonic acid	7	0
C032628	tin protoporphyrin IX	tin protoporphyrin ix	5	0
C032640	Diane-35	diane - 35	19	0
C032676	aerolysin	aerolysin	70	0
C032731	vitexin	vitexin	189	0
C032736	formylglycine	formylglycine	5	0
C032773	ethyl caffeate	ethyl caffeate	5	0
C032786	cerium nitrate	cerium nitrate	9	0
C032787	isoalantolactone	isoalantolactone	24	0
C032812	Diprofos	diprofos	1	0
C032812	Diprospan	diprospan	4	0
C032830	lipophorin	lipophorin	20	0
C032855	nafamostat	nafamostat	119	0
C032855	nafamostat mesilate	nafamostat mesilate	21	0
C032855	nafamostat mesylate	nafamostat mesylate	45	0
C032904	2,2',3,5',6-pentachlorobiphenyl	2 , 2 ' , 3 , 5 ' , 6 - pentachlorobiphenyl	1	0
C032904	PCB 95	pcb 95	16	0
C032904	PCB-95	pcb - 95	1	0
C032923	savinase	savinase	10	0
C032939	CVB-D	cvb - d	36	0
C032939	cyclovirobuxine D	cyclovirobuxine d	11	0
C032948	3-hydroxybenzoic acid	3 - hydroxybenzoic acid	15	0
C032973	hydroxymalonate	hydroxymalonate	1	0
C032973	tartronic acid	tartronic acid	4	0
C032976	N-(2-hydroxypropyl)methacrylamide	n - ( 2 - hydroxypropyl ) methacrylamide	9	0
C033003	Sudan II	sudan ii	1	0
C033003	sudan red	sudan red	7	0
C033011	elemol	elemol	6	0
C033016	DMTD	dmtd	5	0
C033079	NAGLU	naglu	33	0
C033079	alpha-N-acetylglucosaminidase	alpha - n - acetylglucosaminidase	5	0
C033082	ProT2	prot2	1	0
C033082	proline transporter	proline transporter	8	0
C033093	PFPrA	pfpra	9	0
C033093	perfluoropropanoic acid	perfluoropropanoic acid	2	0
C033093	perfluoropropionic acid	perfluoropropionic acid	4	0
C033116	Tonalide	tonalide	5	0
C033119	galaxolide	galaxolide	12	0
C033169	SADP	sadp	15	0
C033186	fructoselysine	fructoselysine	4	0
C033186	fructosyllysine	fructosyllysine	1	0
C033208	steroid U	steroid u	7	0
C033233	AMD-1	amd - 1	6	0
C033234	AMD-2	amd - 2	7	0
C033286	furamidine	furamidine	13	0
C033308	sulconazole	sulconazole	7	0
C033320	potassium fluoride	potassium fluoride	8	0
C033342	p-mentha-1,8-dien-7-al	p - mentha - 1 , 8 - dien - 7 - al	4	0
C033342	perillaldehyde	perillaldehyde	45	0
C033361	NMPCB	nmpcb	10	0
C033390	Coe-Pak	coe - pak	10	0
C033395	receptor, relaxin	receptor , relaxin	1	0
C033395	relaxin receptor	relaxin receptor	3	0
C033395	relaxin receptors	relaxin receptors	1	0
C033434	Mg-protoporphyrin IX monomethyl ester	mg - protoporphyrin ix monomethyl ester	2	0
C033434	protoporphyrin IX monomethyl ester	protoporphyrin ix monomethyl ester	3	0
C033474	Carnoy's solution	carnoy ' s solution	10	0
C033486	fenticonazole	fenticonazole	6	0
C033511	C-S lyase	c - s lyase	5	0
C033511	carbon-sulfur lyase	carbon - sulfur lyase	1	0
C033516	nocardamin	nocardamin	1	0
C033516	nocardamine	nocardamine	4	0
C033517	Phe-Leu	phe - leu	7	0
C033522	methyl sulfate	methyl sulfate	9	0
C033562	lanthanum hydroxide	lanthanum hydroxide	5	0
C033563	haloperidol decanoate	haloperidol decanoate	5	0
C033585	gomisin A	gomisin a	8	0
C033585	schisandrol B	schisandrol b	6	0
C033585	schizandrol B	schizandrol b	2	0
C033592	4-nitrophenyl butyrate	4 - nitrophenyl butyrate	3	0
C033592	p-nitrophenyl butyrate	p - nitrophenyl butyrate	2	0
C033607	puerarin	puerarin	363	0
C033634	1-aminocyclopropane-1-carboxylate deaminase	1 - aminocyclopropane - 1 - carboxylate deaminase	5	0
C033634	ACC deaminase	acc deaminase	50	0
C033634	ACC-deaminase	acc - deaminase	4	0
C033638	SeHCAT	sehcat	10	0
C033652	postsynaptic density protein	postsynaptic density protein	76	0
C033652	postsynaptic density proteins	postsynaptic density proteins	6	0
C033660	preproenkephalin	preproenkephalin	6	0
C033660	prodynorphin	prodynorphin	16	0
C033668	calpastatin	calpastatin	20	0
C033689	18-hydroxycortisol	18 - hydroxycortisol	11	0
C033729	10:2 FTOH	10 : 2 ftoh	2	0
C033729	1h,1h,2h,2h-perfluoro-1-decanol	1h , 1h , 2h , 2h - perfluoro - 1 - decanol	1	0
C033729	4:2 FTOH	4 : 2 ftoh	2	0
C033729	6:2 FTOH	6 : 2 ftoh	17	0
C033729	6:2 fluorotelomer alcohol	6 : 2 fluorotelomer alcohol	6	0
C033729	8:2 FTOH	8 : 2 ftoh	18	0
C033729	8:2 fluorotelomer alcohol	8 : 2 fluorotelomer alcohol	4	0
C033729	fluorotelomer alcohol	fluorotelomer alcohol	11	0
C033729	fluorotelomer alcohols	fluorotelomer alcohols	18	0
C033790	trioxacarcin	trioxacarcin	10	0
C033790	trioxacarcin A	trioxacarcin a	1	0
C033815	pimonidazole	pimonidazole	17	0
C033901	Bz-ATP	bz - atp	3	0
C033901	BzATP	bzatp	20	0
C034005	1,3-cyclohexadiene	1 , 3 - cyclohexadiene	10	0
C034010	4-hydroxyquinoline	4 - hydroxyquinoline	5	0
C034099	LPBN	lpbn	26	0
C034120	gadusol	gadusol	9	0
C034139	4-META	4 - meta	17	0
C034169	cellobiosidase	cellobiosidase	8	0
C034182	1-naphthaleneacetic acid	1 - naphthaleneacetic acid	23	0
C034241	ribophorin	ribophorin	6	0
C034241	ribophorin I	ribophorin i	4	0
C034241	ribophorin II	ribophorin ii	1	0
C034243	tuberostemonine	tuberostemonine	11	0
C034245	N-methylcytisine	n - methylcytisine	7	0
C034251	glucosidase II	glucosidase ii	12	0
C034278	selenocysteine lyase	selenocysteine lyase	10	0
C034295	FPCoA	fpcoa	8	0
C034306	4,4'-bipyridine	4 , 4 ' - bipyridine	49	0
C034306	4,4'-bipyridyl	4 , 4 ' - bipyridyl	3	0
C034306	4,4'-dipyridyl	4 , 4 ' - dipyridyl	2	0
C034331	iE-DAP	ie - dap	10	0
C034367	TOTM	totm	34	0
C034367	trioctyl trimellitate	trioctyl trimellitate	1	0
C034384	coptisine	coptisine	75	0
C034384	coptisine chloride	coptisine chloride	1	0
C034446	Pro-Val	pro - val	13	0
C034472	Septodont	septodont	17	0
C034473	satranidazole	satranidazole	12	0
C034490	ST71	st71	9	0
C034491	ST90	st90	7	0
C034507	2-haloacid dehalogenase	2 - haloacid dehalogenase	4	0
C034507	haloacid dehalogenase	haloacid dehalogenase	17	0
C034527	4-methylpentanoic acid	4 - methylpentanoic acid	2	0
C034527	isocaproic acid	isocaproic acid	3	0
C034527	isohexanoic acid	isohexanoic acid	1	0
C034551	maclurin	maclurin	7	0
C034557	schisantherin A	schisantherin a	13	0
C034595	benzanilide	benzanilide	8	0
C034596	salicylanilide	salicylanilide	10	0
C034604	4-hydroxyphenylglycol	4 - hydroxyphenylglycol	5	0
C034604	pHPG	phpg	9	0
C034624	nargenicin A1	nargenicin a1	7	0
C034639	polymeric IgA	polymeric iga	6	0
C034671	FP receptor	fp receptor	6	0
C034671	prostaglandin F2 receptor	prostaglandin f2 receptor	2	0
C034671	prostanoid FP receptor	prostanoid fp receptor	1	0
C034733	oncomodulin	oncomodulin	5	0
C034734	schisandrin A	schisandrin a	26	0
C034734	schizandrin A	schizandrin a	2	0
C034741	PhGA	phga	50	0
C034747	nitric oxide reductase	nitric oxide reductase	18	0
C034747	nitric-oxide reductase	nitric - oxide reductase	1	0
C034758	Met-Met	met - met	5	0
C034792	Val-Val	val - val	4	0
C034792	valylvaline	valylvaline	1	0
C034808	20-hydroxyecdysone receptor	20 - hydroxyecdysone receptor	1	0
C034808	SfEcR	sfecr	5	0
C034808	ecdysteroid receptor	ecdysteroid receptor	2	0
C034815	MPAB	mpab	5	0
C034848	carboxymethyl starch	carboxymethyl starch	27	0
C034848	sodium carboxymethyl starch	sodium carboxymethyl starch	3	0
C034912	oxyresveratrol	oxyresveratrol	34	0
C034924	deoxyhypusine	deoxyhypusine	27	0
C034934	FMAC	fmac	6	0
C035055	3,4-dihydroxyphenyllactic acid	3 , 4 - dihydroxyphenyllactic acid	1	0
C035055	danshensu	danshensu	32	0
C035061	triptophenolide	triptophenolide	4	0
C035061	tryptophenolide	tryptophenolide	2	0
C035094	indolizine	indolizine	33	0
C035130	cytochrome b-245	cytochrome b - 245	6	0
C035181	23S rRNA methylase	23s rrna methylase	1	0
C035181	rRNA methylase	rrna methylase	9	0
C035184	new methylene blue	new methylene blue	6	0
C035253	3-phenylpropanoic acid	3 - phenylpropanoic acid	6	0
C035253	3-phenylpropionate	3 - phenylpropionate	9	0
C035253	3-phenylpropionic acid	3 - phenylpropionic acid	15	0
C035253	dihydrocinnamic acid	dihydrocinnamic acid	1	0
C035253	hydrocinnamic acid	hydrocinnamic acid	14	0
C035261	CCPG	ccpg	17	0
C035316	daphnoretin	daphnoretin	6	0
C035331	2-n-octyl-4-isothiazolin-3-one	2 - n - octyl - 4 - isothiazolin - 3 - one	6	0
C035331	octhilinone	octhilinone	1	0
C035349	morphine-6-glucuronide	morphine - 6 - glucuronide	7	0
C035359	monorden	monorden	1	0
C035359	radicicol	radicicol	9	0
C035495	N-(4-methoxyphenyl)acetamide	n - ( 4 - methoxyphenyl ) acetamide	2	0
C035495	methacetin	methacetin	9	0
C035524	HLA-A*29	hla - a * 29	3	0
C035524	HLA-A29	hla - a29	11	0
C035541	Hb CS	hb cs	13	0
C035541	Hb Constant Spring	hb constant spring	2	0
C035541	Hemoglobin Constant Spring	hemoglobin constant spring	5	0
C035547	D-glucosaminic acid	d - glucosaminic acid	7	0
C035547	glucosaminic acid	glucosaminic acid	7	0
C035552	ferric gluconate	ferric gluconate	5	0
C035620	nebulin	nebulin	10	0
C035645	Pro-Glu	pro - glu	6	0
C035699	His-Pro	his - pro	6	0
C035699	histidylproline	histidylproline	1	0
C035719	DIBAL-H	dibal - h	2	0
C035719	diisobutylaluminum	diisobutylaluminum	2	0
C035719	diisobutylaluminum hydride	diisobutylaluminum hydride	2	0
C035731	delta-8-tetrahydrocannabinol	delta - 8 - tetrahydrocannabinol	21	0
C035753	phomopsin	phomopsin	9	0
C035753	phomopsin A	phomopsin a	4	0
C035753	phomopsins	phomopsins	3	0
C035766	L-leucinal	l - leucinal	2	0
C035766	leucinal	leucinal	4	0
C035810	Gly-Val	gly - val	9	0
C035822	phenylcyclohexane	phenylcyclohexane	5	0
C035855	keratinase	keratinase	55	0
C035864	2-hydroxyisovalerate	2 - hydroxyisovalerate	4	0
C035864	2-hydroxyisovaleric acid	2 - hydroxyisovaleric acid	2	0
C035869	PADP	padp	7	0
C035892	BDSF	bdsf	15	0
C035901	DBGC	dbgc	8	0
C035902	siderophore receptors	siderophore receptors	6	0
C035916	levodropropizine	levodropropizine	9	0
C035932	skimmianine	skimmianine	14	0
C035933	sophocarpine	sophocarpine	31	0
C035934	dauricine	dauricine	20	0
C035957	2-hydroxyethyl acrylate	2 - hydroxyethyl acrylate	14	0
C035967	propetamphos	propetamphos	6	0
C036057	agrimonolide	agrimonolide	7	0
C036100	HPGP	hpgp	15	0
C036116	N-desethylamiodarone	n - desethylamiodarone	3	0
C036116	desethylamiodarone	desethylamiodarone	6	0
C036125	PVAP	pvap	12	0
C036166	VAS-A	vas - a	47	0
C036243	NNMT	nnmt	225	0
C036249	DPMN	dpmn	6	0
C036318	SRP receptor	srp receptor	3	0
C036318	signal peptide receptor	signal peptide receptor	2	0
C036318	signal recognition particle receptor	signal recognition particle receptor	2	0
C036324	NLCA	nlca	8	0
C036363	NLTC	nltc	6	0
C036454	toosendanin	toosendanin	28	0
C036518	halometasone	halometasone	14	0
C036531	2,6-dimethylphenol	2 , 6 - dimethylphenol	6	0
C036532	titanium phosphate	titanium phosphate	15	0
C036554	dolichos biflorus agglutinin	dolichos biflorus agglutinin	5	0
C036567	perfluoro-n-decanoic acid	perfluoro - n - decanoic acid	3	0
C036567	perfluorodecanoate	perfluorodecanoate	3	0
C036567	perfluorodecanoic acid	perfluorodecanoic acid	46	0
C036585	juvenile hormone III	juvenile hormone iii	7	0
C036591	TMSN	tmsn	6	0
C036602	Hb P	hb p	1	0
C036602	hemoglobin P	hemoglobin p	4	0
C036617	salsolinol	salsolinol	15	0
C036661	copel	copel	5	0
C036666	cefpiramide	cefpiramide	5	0
C036671	Leu-Leu-Leu	leu - leu - leu	1	0
C036671	trileucine	trileucine	7	0
C036673	DCPE	dcpe	8	0
C036682	lead phosphate	lead phosphate	10	0
C036710	gliovirin	gliovirin	5	0
C036720	1,2,3-trichlorobenzene	1 , 2 , 3 - trichlorobenzene	4	0
C036720	trichlorobenzene	trichlorobenzene	21	0
C036758	2-ethylhexyl acrylate	2 - ethylhexyl acrylate	7	0
C036836	dodecanedioic acid	dodecanedioic acid	10	0
C036871	methanesulfonamide	methanesulfonamide	7	0
C036888	flavocytochrome b558	flavocytochrome b558	6	0
C037020	amonafide	amonafide	10	0
C037067	LAT-A	lat - a	2	0
C037067	latrunculin A	latrunculin a	11	0
C037071	cembrane	cembrane	15	0
C037073	2-methylquinoline	2 - methylquinoline	6	0
C037073	quinaldine	quinaldine	9	0
C037076	2-hexanol	2 - hexanol	6	0
C037088	farnesyl acetate	farnesyl acetate	6	0
C037112	PGJ2	pgj2	42	0
C037112	prostaglandin J2	prostaglandin j2	14	0
C037153	1,10-phenanthroline-5,6-dione	1 , 10 - phenanthroline - 5 , 6 - dione	13	0
C037165	phenazine-1-carboxylate	phenazine - 1 - carboxylate	1	0
C037165	phenazine-1-carboxylic acid	phenazine - 1 - carboxylic acid	24	0
C037178	PtdINS4P	ptdins4p	14	0
C037178	phosphatidylinositol 4-phosphate	phosphatidylinositol 4 - phosphate	32	0
C037178	phosphatidylinositol-4-phosphate	phosphatidylinositol - 4 - phosphate	22	0
C037240	PEBA	peba	26	0
C037276	iodosylbenzene	iodosylbenzene	5	0
C037318	toluidine red	toluidine red	7	0
C037352	13-octadecenoic acid	13 - octadecenoic acid	7	0
C037403	mussel adhesive protein	mussel adhesive protein	16	0
C037430	N-phenylphthalimide	n - phenylphthalimide	6	0
C037432	isoindolinone	isoindolinone	26	0
C037432	phthalimidine	phthalimidine	4	0
C037437	N-hydroxyphthalimide	n - hydroxyphthalimide	18	0
C037547	ilepcimide	ilepcimide	9	0
C037631	2',7'-dichlorofluorescein	2 ' , 7 ' - dichlorofluorescein	12	0
C037631	2',7'-dichlorofluorescin	2 ' , 7 ' - dichlorofluorescin	4	0
C037631	dichlorofluorescin	dichlorofluorescin	6	0
C037634	DEHS	dehs	5	0
C037731	malolactic enzyme	malolactic enzyme	6	0
C037735	linoleoylcarnitine	linoleoylcarnitine	6	0
C037740	HBED	hbed	29	0
C037749	triphenylethylene	triphenylethylene	7	0
C037759	Aliquat 336	aliquat 336	11	0
C037759	methyltrioctylammonium chloride	methyltrioctylammonium chloride	1	0
C037759	trioctylmethylammonium	trioctylmethylammonium	4	0
C037759	trioctylmethylammonium chloride	trioctylmethylammonium chloride	2	0
C037817	benzoyl-CoA	benzoyl - coa	11	0
C037902	isatoic anhydride	isatoic anhydride	12	0
C037904	6-deoxyglucose	6 - deoxyglucose	1	0
C037904	L-quinovose	l - quinovose	1	0
C037904	quinovose	quinovose	7	0
C037989	Rieske iron-sulfur protein	rieske iron - sulfur protein	12	0
C038003	JH esterase	jh esterase	1	0
C038003	juvenile hormone esterase	juvenile hormone esterase	7	0
C038010	AMEO	ameo	6	0
C038018	lilial	lilial	9	0
C038018	lily aldehyde	lily aldehyde	1	0
C038036	perinaphthenone	perinaphthenone	1	0
C038036	phenalen-1-one	phenalen - 1 - one	5	0
C038036	phenalenone	phenalenone	4	0
C038089	DSPE	dspe	266	0
C038105	cucurbitacin D	cucurbitacin d	7	0
C038106	cucurbitacin I	cucurbitacin i	5	0
C038114	MTCA	mtca	15	0
C038123	Ala-Pro	ala - pro	8	0
C038123	L-alanyl-L-proline	l - alanyl - l - proline	4	0
C038123	alanylproline	alanylproline	1	0
C038131	epalrestat	epalrestat	20	0
C038135	18-oxocortisol	18 - oxocortisol	7	0
C038142	chondroitin sulfate glycosaminoglycan	chondroitin sulfate glycosaminoglycan	5	0
C038192	Ultravist	ultravist	4	0
C038192	iopromide	iopromide	32	0
C038208	2-fluoroadenine	2 - fluoroadenine	5	0
C038218	PCPM	pcpm	12	0
C038229	tri-N-octylamine	tri - n - octylamine	4	0
C038229	trioctylamine	trioctylamine	4	0
C038291	prostaglandin G2	prostaglandin g2	6	0
C038361	L-leucyl-L-leucine	l - leucyl - l - leucine	6	0
C038361	Leu-Leu	leu - leu	8	0
C038361	leucyl-leucine	leucyl - leucine	1	0
C038361	leucylleucine	leucylleucine	2	0
C038362	pyrazolone	pyrazolone	51	0
C038420	DAPEG	dapeg	7	0
C038451	prophenoloxidase	prophenoloxidase	35	0
C038459	curdlan	curdlan	135	0
C038462	TJ-68	tj - 68	10	0
C038462	shakuyakukanzoto	shakuyakukanzoto	2	0
C038535	glycoprotein C	glycoprotein c	14	0
C038562	Co(ACAC)3	co ( acac ) 3	5	0
C038567	mTTP	mttp	55	0
C038568	BP-IDA	bp - ida	7	0
C038590	cardanol	cardanol	29	0
C038612	tara gum	tara gum	10	0
C038637	balsalazide	balsalazide	3	0
C038637	balsalazide disodium	balsalazide disodium	3	0
C038649	13-HPODE	13 - hpode	6	0
C038671	nafimidone	nafimidone	6	0
C038672	BM-5	bm - 5	7	0
C038676	Asp-Glu	asp - glu	10	0
C038705	listeriolysin	listeriolysin	23	0
C038705	listeriolysin O	listeriolysin o	22	0
C038815	Asp-Lys	asp - lys	5	0
C038816	N-methylmorpholine	n - methylmorpholine	10	0
C038835	DHPAA	dhpaa	7	0
C038836	MHAQ	mhaq	13	0
C038864	TTNPB	ttnpb	6	0
C038867	diazene	diazene	21	0
C038881	moutan cortex	moutan cortex	23	0
C038888	flavonoid 3'-hydroxylase	flavonoid 3 ' - hydroxylase	7	0
C038888	flavonoid 3'-monooxygenase	flavonoid 3 ' - monooxygenase	1	0
C038910	glucuronoxylan	glucuronoxylan	12	0
C038934	PMBN	pmbn	13	0
C038934	polymyxin B nonapeptide	polymyxin b nonapeptide	4	0
C038964	2,6-DBP	2 , 6 - dbp	2	0
C038964	2,6-dibromophenol	2 , 6 - dibromophenol	7	0
C038972	acetyldeoxynivalenol	acetyldeoxynivalenol	7	0
C038983	DMTU	dmtu	4	0
C038983	N,N'-dimethylthiourea	n , n ' - dimethylthiourea	1	0
C038983	dimethylthiourea	dimethylthiourea	2	0
C038989	isobutyl acetate	isobutyl acetate	7	0
C038992	arsenobetaine	arsenobetaine	17	0
C039072	silver phosphate	silver phosphate	30	0
C039079	protein-tyrosine sulfotransferase	protein - tyrosine sulfotransferase	1	0
C039079	tyrosyl protein sulfotransferase	tyrosyl protein sulfotransferase	2	0
C039079	tyrosylprotein sulfotransferase	tyrosylprotein sulfotransferase	5	0
C039138	methylsuccinic acid	methylsuccinic acid	5	0
C039175	methacrolein	methacrolein	8	0
C039203	3H-phenoxazine	3h - phenoxazine	1	0
C039203	phenoxazine	phenoxazine	64	0
C039204	2,2'-diphenic acid	2 , 2 ' - diphenic acid	9	0
C039204	diphenic acid	diphenic acid	9	0
C039211	polypropylene carbonate	polypropylene carbonate	6	0
C039246	Mobilisin	mobilisin	10	0
C039268	ConBr	conbr	11	0
C039304	calpain inhibitor	calpain inhibitor	12	0
C039304	calpain inhibitors	calpain inhibitors	5	0
C039315	lucidin	lucidin	5	0
C039408	trithiocyanuric acid	trithiocyanuric acid	6	0
C039411	bromothalonil	bromothalonil	3	0
C039411	methyldibromoglutaronitrile	methyldibromoglutaronitrile	2	0
C039460	TiCl3	ticl3	8	0
C039460	titanium trichloride	titanium trichloride	1	0
C039499	3,4,5,6-tetrachloro-1,2-benzoquinone	3 , 4 , 5 , 6 - tetrachloro - 1 , 2 - benzoquinone	1	0
C039499	o-chloranil	o - chloranil	4	0
C039499	tetrachloro-o-benzoquinone	tetrachloro - o - benzoquinone	1	0
C039516	minoxidil sulfate	minoxidil sulfate	5	0
C039520	tubulin-tyrosine	tubulin - tyrosine	6	0
C039552	Phe-Ala	phe - ala	8	0
C039565	6-hydroxyhexanoate	6 - hydroxyhexanoate	3	0
C039565	6-hydroxyhexanoic acid	6 - hydroxyhexanoic acid	4	0
C039602	diosmetin	diosmetin	149	0
C039639	dihydroberberine	dihydroberberine	5	0
C039659	2,4-dihydroxypyridine	2 , 4 - dihydroxypyridine	2	0
C039659	4-hydroxy-2-pyridone	4 - hydroxy - 2 - pyridone	3	0
C039669	2-acetylfuran	2 - acetylfuran	9	0
C039712	ACBA	acba	12	0
C039783	tributyl citrate	tributyl citrate	35	0
C039788	Gly-Gln	gly - gln	6	0
C039827	naringinase	naringinase	20	0
C039884	2-HMBA	2 - hmba	5	0
C039919	recombinant RNA	recombinant rna	6	0
C039952	7,8-dihydroxycoumarin	7 , 8 - dihydroxycoumarin	1	0
C039952	daphnetin	daphnetin	61	0
C039979	gepirone	gepirone	7	0
C039979	gepirone ER	gepirone er	1	0
C039984	Custodiol solution	custodiol solution	3	0
C039984	HTK solution	htk solution	7	0
C039984	histidine-tryptophan-ketoglutarate solution	histidine - tryptophan - ketoglutarate solution	2	0
C039995	AADP	aadp	12	0
C040005	altenuene	altenuene	7	0
C040081	1'-hydroxymidazolam	1 ' - hydroxymidazolam	8	0
C040081	1-OH-MDZ	1 - oh - mdz	10	0
C040081	1-hydroxymidazolam	1 - hydroxymidazolam	2	0
C040106	peptidase 7	peptidase 7	11	0
C040129	Wisteria floribunda agglutinin	wisteria floribunda agglutinin	19	0
C040142	lipid IVA	lipid iva	5	0
C040203	TCIP	tcip	6	0
C040232	glucan synthase	glucan synthase	53	0
C040265	limonene synthase	limonene synthase	9	0
C040265	monoterpene synthase	monoterpene synthase	9	0
C040282	cloperastine	cloperastine	17	0
C040282	cloperastine hydrochloride	cloperastine hydrochloride	1	0
C040286	Tn antigen	tn antigen	36	0
C040291	Lucitone	lucitone	5	0
C040308	FPRCK	fprck	4	0
C040308	PPACK	ppack	1	0
C040313	fostriecin	fostriecin	5	0
C040358	dodecyl maltoside	dodecyl maltoside	6	0
C040375	pelubiprofen	pelubiprofen	21	0
C040469	ribosomal protein S30	ribosomal protein s30	3	0
C040469	ubiquicidin	ubiquicidin	4	0
C040522	duramycin	duramycin	6	0
C040527	15-epi-LXA4	15 - epi - lxa4	1	0
C040527	LXA4	lxa4	109	0
C040527	lipoxin A4	lipoxin a4	47	0
C040533	trimethyltin chloride	trimethyltin chloride	11	0
C040539	1,3-benzodioxole	1 , 3 - benzodioxole	6	0
C040539	methylenedioxybenzene	methylenedioxybenzene	2	0
C040614	Shengji ointment	shengji ointment	14	0
C040656	CS-600	cs - 600	1	0
C040656	loxoprofen	loxoprofen	27	0
C040656	loxoprofen sodium dihydrate	loxoprofen sodium dihydrate	2	0
C040756	1,2-naphthoquinone	1 , 2 - naphthoquinone	5	0
C040756	ortho-naphthoquinone	ortho - naphthoquinone	3	0
C040764	ophiobolin A	ophiobolin a	10	0
C040789	PDCPS	pdcps	15	0
C040937	nonivamide	nonivamide	5	0
C040941	GPFA	gpfa	16	0
C040947	N-oxalylglycine	n - oxalylglycine	2	0
C040947	dimethyloxalylglycine	dimethyloxalylglycine	19	0
C040947	oxalylglycine	oxalylglycine	2	0
C041066	BMPP	bmpp	9	0
C041080	MEBP	mebp	15	0
C041086	GIP receptor	gip receptor	106	0
C041086	gastric inhibitory polypeptide receptor	gastric inhibitory polypeptide receptor	2	0
C041086	glucose-dependent insulinotropic polypeptide receptor	glucose - dependent insulinotropic polypeptide receptor	60	0
C041115	Ile-Val	ile - val	6	0
C041115	isoleucylvaline	isoleucylvaline	1	0
C041181	tetrachlorobisphenol A	tetrachlorobisphenol a	8	0
C041255	detomidine	detomidine	47	0
C041255	detomidine hydrochloride	detomidine hydrochloride	2	0
C041269	naloxone methiodide	naloxone methiodide	5	0
C041288	dipropyl disulfide	dipropyl disulfide	7	0
C041300	acridone	acridone	33	0
C041307	SCPB	scpb	50	0
C041307	small cardioactive peptide B	small cardioactive peptide b	2	0
C041338	4-aminobenzamide	4 - aminobenzamide	5	0
C041360	FCDP	fcdp	17	0
C041368	manganese sulfide	manganese sulfide	7	0
C041379	Ep-1	ep - 1	14	0
C041388	avicularin	avicularin	19	0
C041390	Val-Leu	val - leu	5	0
C041609	DETP	detp	11	0
C041609	O,O-diethyl phosphorothioate	o , o - diethyl phosphorothioate	1	0
C041637	HMCA	hmca	5	0
C041645	PCRH	pcrh	7	0
C041649	6-nonenal	6 - nonenal	4	0
C041649	cis-6-nonenal	cis - 6 - nonenal	1	0
C041737	TEAB	teab	8	0
C041740	mogroside V	mogroside v	26	0
C041762	LNFP II	lnfp ii	4	0
C041762	lacto-N-fucopentaose II	lacto - n - fucopentaose ii	2	0
C041794	myricanol	myricanol	7	0
C041795	myricanone	myricanone	5	0
C041813	reverse gyrase	reverse gyrase	7	0
C041876	PIIINP	piiinp	46	0
C041876	Type III procollagen N-terminal peptide	type iii procollagen n - terminal peptide	2	0
C041892	azotochelin	azotochelin	5	0
C041943	GITC	gitc	1	0
C041943	TAGIT	tagit	15	0
C041979	BIS-EMA	bis - ema	20	0
C041986	PDCP	pdcp	13	0
C042003	trehalulose	trehalulose	12	0
C042005	1-octanesulfonate	1 - octanesulfonate	3	0
C042005	1-octanesulfonic acid	1 - octanesulfonic acid	1	0
C042005	sodium 1-octanesulfonate	sodium 1 - octanesulfonate	1	0
C042148	15-crown-5	15 - crown - 5	20	0
C042175	DPGME	dpgme	5	0
C042175	dipropylene glycol monomethyl ether	dipropylene glycol monomethyl ether	2	0
C042192	syringaresinol	syringaresinol	16	0
C042197	3,4-dimethoxybenzyl alcohol	3 , 4 - dimethoxybenzyl alcohol	1	0
C042197	veratryl alcohol	veratryl alcohol	5	0
C042233	Fd-GOGAT	fd - gogat	4	0
C042233	ferredoxin-dependent glutamate synthase	ferredoxin - dependent glutamate synthase	2	0
C042288	pilsicainide	pilsicainide	19	0
C042291	4-ethylphenol	4 - ethylphenol	20	0
C042298	BDTD	bdtd	10	0
C042329	phenoxy radical	phenoxy radical	6	0
C042329	phenoxyl radical	phenoxyl radical	14	0
C042364	bismuth germanate	bismuth germanate	7	0
C042364	bismuth germanium oxide	bismuth germanium oxide	1	0
C042375	4-DAMP	4 - damp	5	0
C042405	methyl caffeate	methyl caffeate	11	0
C042424	SMPB	smpb	24	0
C042425	NDHT	ndht	12	0
C042431	glutathione ethyl ester	glutathione ethyl ester	2	0
C042431	glutathione monoethyl ester	glutathione monoethyl ester	3	0
C042441	glycosylated IgA	glycosylated iga	12	0
C042455	MK-6	mk - 6	5	0
C042455	menaquinone 6	menaquinone 6	1	0
C042491	rhamnogalacturonan I	rhamnogalacturonan i	21	0
C042501	dopachrome tautomerase	dopachrome tautomerase	9	0
C042501	tyrosinase-related protein-2	tyrosinase - related protein - 2	5	0
C042535	poly(glycidyl methacrylate)	poly ( glycidyl methacrylate )	6	0
C042552	acenaphthene	acenaphthene	29	0
C042581	dimethoxymethane	dimethoxymethane	4	0
C042581	methylal	methylal	1	0
C042610	BCDA	bcda	7	0
C042635	VGVAPG	vgvapg	10	0
C042651	LXB4	lxb4	1	0
C042651	lipoxin B4	lipoxin b4	4	0
C042670	1-vinyl-2-pyrrolidone	1 - vinyl - 2 - pyrrolidone	2	0
C042670	N- vinyl pyrrolidone	n - vinyl pyrrolidone	7	0
C042670	N-vinyl-2-pyrrolidinone	n - vinyl - 2 - pyrrolidinone	1	0
C042670	N-vinylpyrrolidone	n - vinylpyrrolidone	20	0
C042705	PEG-asparaginase	peg - asparaginase	21	0
C042705	pegaspargase	pegaspargase	46	0
C042705	pegylated asparaginase	pegylated asparaginase	8	0
C042713	paeoniflorigenone	paeoniflorigenone	9	0
C042728	kaempferitrin	kaempferitrin	10	0
C042790	MMCD	mmcd	10	0
C042816	Biobrane	biobrane	8	0
C042834	9,10-anthracenedione	9 , 10 - anthracenedione	1	0
C042834	9,10-anthraquinone	9 , 10 - anthraquinone	8	0
C042834	9,10-dioxoanthracene	9 , 10 - dioxoanthracene	1	0
C042858	lignin peroxidase	lignin peroxidase	39	0
C042861	4-mercaptopyridine	4 - mercaptopyridine	8	0
C042861	4-pyridinethiol	4 - pyridinethiol	1	0
C042986	ebselen	ebselen	84	0
C043114	fosphenytoin	fosphenytoin	25	0
C043134	leukotriene A-4 hydrolase	leukotriene a - 4 hydrolase	1	0
C043134	leukotriene A4 hydrolase	leukotriene a4 hydrolase	7	0
C043168	2,3-DHB	2 , 3 - dhb	3	0
C043168	2,3-dihydrobenzofuran	2 , 3 - dihydrobenzofuran	11	0
C043168	coumaran	coumaran	2	0
C043208	3-methylcytidine	3 - methylcytidine	6	0
C043247	3-ADON	3 - adon	7	0
C043247	3-acetyldeoxynivalenol	3 - acetyldeoxynivalenol	4	0
C043332	3-coumaric acid	3 - coumaric acid	3	0
C043332	m-coumaric acid	m - coumaric acid	1	0
C043332	meta-coumaric acid	meta - coumaric acid	1	0
C043333	lyxose	lyxose	7	0
C043346	UDCS	udcs	14	0
C043372	ascaridole	ascaridole	6	0
C043383	1-piperideine	1 - piperideine	6	0
C043384	2-piperidinone	2 - piperidinone	1	0
C043384	2-piperidone	2 - piperidone	10	0
C043384	piperidin-2-one	piperidin - 2 - one	1	0
C043388	phthalazine	phthalazine	16	0
C043410	N-chlorotaurine	n - chlorotaurine	6	0
C043410	taurine chloramine	taurine chloramine	1	0
C043437	18F-FDOPA	18f - fdopa	14	0
C043437	fluorodopa	fluorodopa	13	0
C043464	N-acetyltryptamine	n - acetyltryptamine	5	0
C043565	succinyladenosine	succinyladenosine	5	0
C043572	PCHO	pcho	6	0
C043578	BSADC	bsadc	7	0
C043583	GMMA	gmma	32	0
C043584	o-hydroxyphenylethanol	o - hydroxyphenylethanol	1	0
C043584	oHPE	ohpe	4	0
C043600	nystose	nystose	8	0
C043657	cyclopropanol	cyclopropanol	12	0
C043696	jacalin	jacalin	15	0
C043804	oxoplatin	oxoplatin	5	0
C043846	ApUp	apup	6	0
C043850	2-nitrobenzaldehyde	2 - nitrobenzaldehyde	9	0
C043857	MNPC	mnpc	16	0
C043913	isoamyl 2-cyanoacrylate	isoamyl 2 - cyanoacrylate	6	0
C043937	Leu-Pro	leu - pro	10	0
C043937	leucylproline	leucylproline	4	0
C043940	pranoprofen	pranoprofen	15	0
C043940	zaltoprofen	zaltoprofen	4	0
C043943	O-acetylserine	o - acetylserine	26	0
C044103	tektin	tektin	5	0
C044103	tektins	tektins	3	0
C044140	TIPV	tipv	14	0
C044142	WHO-ORS	who - ors	9	0
C044147	activin B	activin b	20	0
C044319	DFRA	dfra	26	0
C044347	1,6-galactan	1 , 6 - galactan	8	0
C044358	AGNA	agna	14	0
C044359	PDPT	pdpt	22	0
C044362	brazilin	brazilin	41	0
C044363	sappanchalcone	sappanchalcone	12	0
C044384	K2FeO4	k2feo4	13	0
C044384	potassium ferrate	potassium ferrate	16	0
C044387	N,N,N',N'-tetrakis(2-pyridylmethyl)ethylenediamine	n , n , n ' , n ' - tetrakis ( 2 - pyridylmethyl ) ethylenediamine	2	0
C044387	TPEN	tpen	18	0
C044447	enduracidin	enduracidin	5	0
C044447	enramycin	enramycin	10	0
C044462	ginsenoside Rc	ginsenoside rc	17	0
C044563	24-hydroxycholesterol	24 - hydroxycholesterol	20	0
C044563	24S-hydroxycholesterol	24s - hydroxycholesterol	6	0
C044597	PTHD	pthd	5	0
C044616	vindeburnol	vindeburnol	5	0
C044622	peroxyoxalate	peroxyoxalate	6	0
C044690	artelon	artelon	6	0
C044697	benzotrifluoride	benzotrifluoride	3	0
C044697	trifluoromethylbenzene	trifluoromethylbenzene	4	0
C044731	MMPP	mmpp	21	0
C044735	diphenylacetylene	diphenylacetylene	6	0
C044749	BPPA	bppa	6	0
C044797	aluminum phthalocyanine chloride	aluminum phthalocyanine chloride	3	0
C044797	chloroaluminum phthalocyanine	chloroaluminum phthalocyanine	2	0
C044809	trypanothione	trypanothione	37	0
C044819	DAPC	dapc	49	0
C044882	neurofilament light polypeptide	neurofilament light polypeptide	8	0
C044934	gracillin	gracillin	16	0
C044956	piperitenone	piperitenone	9	0
C044999	visnagin	visnagin	30	0
C045006	2,3-epoxypropyl trimethylammonium chloride	2 , 3 - epoxypropyl trimethylammonium chloride	1	0
C045006	2,3-epoxypropyltrimethylammonium chloride	2 , 3 - epoxypropyltrimethylammonium chloride	2	0
C045006	glycidyl trimethylammonium	glycidyl trimethylammonium	1	0
C045006	glycidyl trimethylammonium chloride	glycidyl trimethylammonium chloride	1	0
C045006	glycidyltrimethylammonium	glycidyltrimethylammonium	3	0
C045006	glycidyltrimethylammonium chloride	glycidyltrimethylammonium chloride	3	0
C045014	ANLS	anls	23	0
C045076	Fenton reagent	fenton reagent	14	0
C045076	Fenton's reagent	fenton ' s reagent	11	0
C045084	class II-associated invariant chain	class ii - associated invariant chain	2	0
C045084	invariant chain	invariant chain	11	0
C045097	Gb3 synthase	gb3 synthase	7	0
C045119	FLP recombinase	flp recombinase	6	0
C045140	visinin	visinin	9	0
C045143	pyromellitic diimide	pyromellitic diimide	7	0
C045274	dibutylamine	dibutylamine	5	0
C045309	schisanhenol	schisanhenol	6	0
C045316	cinitapride	cinitapride	9	0
C045317	isovanillic acid	isovanillic acid	6	0
C045325	eupatilin	eupatilin	41	0
C045354	ochratoxin B	ochratoxin b	6	0
C045400	6-NBDG	6 - nbdg	1	0
C045400	NBDG	nbdg	25	0
C045406	Pro-Arg	pro - arg	8	0
C045419	oxyma	oxyma	12	0
C045457	cannflavin	cannflavin	10	0
C045457	cannflavin A	cannflavin a	1	0
C045457	cannflavin B	cannflavin b	9	0
C045473	MANT-ATP	mant - atp	13	0
C045477	C3dg	c3dg	20	0
C045539	AAC(3)-IV	aac ( 3 ) - iv	9	0
C045557	chloroacetyl chloride	chloroacetyl chloride	7	0
C045582	ammonia monooxygenase	ammonia monooxygenase	23	0
C045601	barbaloin	barbaloin	9	0
C045601	isobarbaloin	isobarbaloin	1	0
C045607	HLCT	hlct	31	0
C045607	HLJDT	hljdt	3	0
C045610	PDCL	pdcl	8	0
C045621	miglitol	miglitol	12	0
C045625	nodulin	nodulin	12	0
C045628	ectoin	ectoin	2	0
C045628	ectoine	ectoine	208	0
C045648	odor-binding protein	odor - binding protein	1	0
C045648	odorant-binding protein	odorant - binding protein	37	0
C045652	6-pyruvoyl-tetrahydropterin	6 - pyruvoyl - tetrahydropterin	5	0
C045659	SCPA	scpa	19	0
C045664	DMSO reductase	dmso reductase	5	0
C045669	2,2,2-trifluoroethyl methacrylate	2 , 2 , 2 - trifluoroethyl methacrylate	7	0
C045669	TFEMA	tfema	2	0
C045693	flomoxef	flomoxef	23	0
C045742	amlexanox	amlexanox	24	0
C045760	Mi-2 antibodies	mi - 2 antibodies	3	0
C045760	anti-Mi-2	anti - mi - 2	15	0
C045762	Irganox 1010	irganox 1010	6	0
C045775	10-methylphenothiazine	10 - methylphenothiazine	3	0
C045775	N-methylphenothiazine	n - methylphenothiazine	2	0
C045781	CMV immunoglobulin	cmv immunoglobulin	12	0
C045781	CMVIG	cmvig	11	0
C045797	PATP	patp	14	0
C045855	NBPA	nbpa	10	0
C045855	senkyunolide	senkyunolide	42	0
C045855	senkyunolide A	senkyunolide a	17	0
C045863	gambogenic acid	gambogenic acid	7	0
C045863	neogambogic acid	neogambogic acid	2	0
C045870	PPAA	ppaa	7	0
C045938	scleroglucan	scleroglucan	9	0
C046012	pentanal	pentanal	30	0
C046012	valeraldehyde	valeraldehyde	1	0
C046062	mercaptosuccinic acid	mercaptosuccinic acid	6	0
C046079	cefminox	cefminox	5	0
C046079	cefminox sodium	cefminox sodium	1	0
C046090	mannosidase I	mannosidase i	7	0
C046090	mannosyl-oligosaccharide 1,2-alpha-mannosidase	mannosyl - oligosaccharide 1 , 2 - alpha - mannosidase	1	0
C046112	DDAB	ddab	29	0
C046112	didodecyldimethylammonium	didodecyldimethylammonium	3	0
C046112	didodecyldimethylammonium bromide	didodecyldimethylammonium bromide	3	0
C046112	dimethyldidodecylammonium bromide	dimethyldidodecylammonium bromide	2	0
C046193	thrombin-antithrombin III complex	thrombin - antithrombin iii complex	5	0
C046193	thrombin-antithrombin complex	thrombin - antithrombin complex	42	0
C046196	atractylon	atractylon	9	0
C046204	heptanal	heptanal	61	0
C046215	8-hydroxyguanosine	8 - hydroxyguanosine	6	0
C046215	8-oxo-7,8-dihydroguanosine	8 - oxo - 7 , 8 - dihydroguanosine	12	0
C046215	8-oxoGuo	8 - oxoguo	22	0
C046215	8-oxoguanosine	8 - oxoguanosine	1	0
C046243	tryptanthrin	tryptanthrin	28	0
C046243	tryptanthrine	tryptanthrine	1	0
C046245	mollugin	mollugin	22	0
C046245	rubimaillin	rubimaillin	7	0
C046254	Sc2O3	sc2o3	14	0
C046254	scandium oxide	scandium oxide	4	0
C046274	(Gly)4	( gly ) 4	3	0
C046274	tetraglycine	tetraglycine	3	0
C046289	CBP2	cbp2	6	0
C046297	sarsasapogenin	sarsasapogenin	12	0
C046297	tigogenin	tigogenin	4	0
C046311	PLPF	plpf	6	0
C046314	epimedii	epimedii	32	0
C046326	buparvaquone	buparvaquone	23	0
C046357	PSCP	pscp	11	0
C046422	ADP-ribosylhydrolase	adp - ribosylhydrolase	8	0
C046488	trimethyltin	trimethyltin	19	0
C046522	ethyl pyruvate	ethyl pyruvate	22	0
C046627	osthol	osthol	5	0
C046627	osthole	osthole	51	0
C046643	alpha-internexin	alpha - internexin	6	0
C046671	LCHA	lcha	19	0
C046686	adechlorin	adechlorin	5	0
C046750	Anti-Jo-1 antibody	anti - jo - 1 antibody	6	0
C046750	Anti-Jo-1 autoantibody	anti - jo - 1 autoantibody	1	0
C046750	Jo-1 antibody	jo - 1 antibody	9	0
C046760	15-ADON	15 - adon	6	0
C046760	15-acetyldeoxynivalenol	15 - acetyldeoxynivalenol	3	0
C046760	15ADON	15adon	6	0
C046776	carotovoricin	carotovoricin	5	0
C046778	ST8SIA2	st8sia2	4	0
C046778	ST8Sia II	st8sia ii	7	0
C046782	14,15-EET	14 , 15 - eet	20	0
C046782	14,15-epoxyeicosatrienoic acid	14 , 15 - epoxyeicosatrienoic acid	4	0
C046783	11,12-EET	11 , 12 - eet	8	0
C046783	11,12-epoxyeicosatrienoic acid	11 , 12 - epoxyeicosatrienoic acid	3	0
C046785	bryostatin 1	bryostatin 1	9	0
C046874	KL 3	kl 3	11	0
C046874	KL-3	kl - 3	4	0
C046884	chelidonic acid	chelidonic acid	12	0
C046894	buclizine	buclizine	5	0
C046920	DPSB	dpsb	10	0
C046958	AntG	antg	6	0
C046996	ophiopogonin D	ophiopogonin d	12	0
C047009	lactyl-CoA	lactyl - coa	10	0
C047117	bicinchoninic acid	bicinchoninic acid	38	0
C047158	3-HPA	3 - hpa	5	0
C047158	reuterin	reuterin	46	0
C047167	MGBB	mgbb	13	0
C047254	PPHP	pphp	9	0
C047269	polyphosphoric acid	polyphosphoric acid	5	0
C047331	imperialine	imperialine	3	0
C047331	peiminine	peiminine	36	0
C047331	sipeimine	sipeimine	3	0
C047347	undecylprodigiosin	undecylprodigiosin	7	0
C047376	linolenic acid methyl ester	linolenic acid methyl ester	2	0
C047376	methyl linolenate	methyl linolenate	3	0
C047386	desethylamodiaquine	desethylamodiaquine	5	0
C047405	skullcapflavone II	skullcapflavone ii	6	0
C047416	AIPD	aipd	8	0
C047464	epilactose	epilactose	6	0
C047503	tetracyanonickelate	tetracyanonickelate	6	0
C047591	benzoylpaeoniflorin	benzoylpaeoniflorin	9	0
C047593	oxypaeoniflora	oxypaeoniflora	1	0
C047593	oxypaeoniflorin	oxypaeoniflorin	5	0
C047628	8-HETE	8 - hete	5	0
C047681	pranlukast	pranlukast	23	0
C047717	GnRH-II	gnrh - ii	11	0
C047755	MBMP	mbmp	5	0
C047806	methcathinone	methcathinone	17	0
C047854	fenozan	fenozan	2	0
C047854	phenozan	phenozan	1	0
C047854	potassium phenosan	potassium phenosan	2	0
C047984	TBHM	tbhm	7	0
C047991	deoxyhypusine hydroxylase	deoxyhypusine hydroxylase	9	0
C048013	Plasma-Lyte A	plasma - lyte a	11	0
C048026	ginsenoside Rb2	ginsenoside rb2	16	0
C048065	5-methyl-2-furfural	5 - methyl - 2 - furfural	2	0
C048065	methylfurfural	methylfurfural	11	0
C048068	mannopentaose	mannopentaose	10	0
C048081	beraprost	beraprost	31	0
C048081	beraprost sodium	beraprost sodium	5	0
C048083	cerium phosphate	cerium phosphate	10	0
C048121	bismuth iodide	bismuth iodide	8	0
C048129	PEU-Vialon	peu - vialon	3	0
C048129	Vialon	vialon	3	0
C048159	glyceryl monostearate	glyceryl monostearate	19	0
C048159	monostearin	monostearin	4	0
C048169	ammonium bisulfite	ammonium bisulfite	5	0
C048192	TTMS	ttms	13	0
C048238	DOM-1	dom - 1	4	0
C048238	deepoxy-deoxynivalenol	deepoxy - deoxynivalenol	2	0
C048251	Phe-Arg	phe - arg	6	0
C048317	2-nitronaphthalene	2 - nitronaphthalene	5	0
C048331	HPMCAS	hpmcas	35	0
C048331	hydroxypropyl methylcellulose acetate succinate	hydroxypropyl methylcellulose acetate succinate	9	0
C048331	hypromellose acetate succinate	hypromellose acetate succinate	1	0
C048388	hypocrellin	hypocrellin	28	0
C048388	hypocrellin A	hypocrellin a	7	0
C048393	germacrone	germacrone	37	0
C048436	monophosphoryl lipid A	monophosphoryl lipid a	28	0
C048460	3-deazaneplanocin	3 - deazaneplanocin	4	0
C048460	3-deazaneplanocin A	3 - deazaneplanocin a	4	0
C048460	DZNep	dznep	3	0
C048468	cellotetraose	cellotetraose	8	0
C048468	cellotetrose	cellotetrose	1	0
C048487	Semax	semax	12	0
C048489	isoflavone synthase	isoflavone synthase	8	0
C048514	PDTA	pdta	14	0
C048538	DCNQ	dcnq	6	0
C048564	APH(2'')	aph ( 2 ' ' )	12	0
C048648	tetranectin	tetranectin	27	0
C048734	ethyl 3,4,5-trihydroxybenzoate	ethyl 3 , 4 , 5 - trihydroxybenzoate	1	0
C048734	ethyl gallate	ethyl gallate	30	0
C048769	tubli-seal	tubli - seal	6	0
C048796	4-ABA	4 - aba	5	0
C048813	oxone	oxone	20	0
C048813	potassium peroxomonosulfate	potassium peroxomonosulfate	1	0
C048831	nitrile hydratase	nitrile hydratase	17	0
C048860	diphenyl sulfoxide	diphenyl sulfoxide	2	0
C048860	phenyl sulfoxide	phenyl sulfoxide	5	0
C048922	DCDT	dcdt	11	0
C048964	acyloxyacyl hydrolase	acyloxyacyl hydrolase	10	0
C049032	pinosylvin	pinosylvin	8	0
C049051	ferric pyrophosphate	ferric pyrophosphate	31	0
C049140	DPPX	dppx	13	0
C049158	TMDA	tmda	6	0
C049203	hentriacontane	hentriacontane	10	0
C049232	tris(2-ethylhexyl)phosphate	tris ( 2 - ethylhexyl ) phosphate	6	0
C049235	11-dehydro-TXB2	11 - dehydro - txb2	11	0
C049235	11-dehydro-thromboxane B2	11 - dehydro - thromboxane b2	4	0
C049235	11-dehydrothromboxane B2	11 - dehydrothromboxane b2	1	0
C049236	carboline-3-carboxylic acid	carboline - 3 - carboxylic acid	6	0
C049338	BMIPP	bmipp	21	0
C049352	CTOP	ctop	10	0
C049386	butrin	butrin	12	0
C049389	L-40	l - 40	4	0
C049389	L-410	l - 410	1	0
C049412	sweroside	sweroside	42	0
C049449	mepiquat	mepiquat	26	0
C049449	mepiquat chloride	mepiquat chloride	15	0
C049487	SHBS	shbs	43	0
C049508	13-docosenamide	13 - docosenamide	7	0
C049508	erucamide	erucamide	14	0
C049554	GRGDS	grgds	9	0
C049599	monosultap	monosultap	9	0
C049608	trypanothione reductase	trypanothione reductase	26	0
C049628	antisecretory factor	antisecretory factor	5	0
C049639	evodiamine	evodiamine	79	0
C049646	DMFase	dmfase	3	0
C049646	N,N-dimethylformamidase	n , n - dimethylformamidase	2	0
C049719	justicidin B	justicidin b	10	0
C049719	justicidins	justicidins	3	0
C049737	ptelatoside A	ptelatoside a	5	0
C049738	APMN	apmn	7	0
C049772	isovitexin	isovitexin	48	0
C049774	Fluoro-Gold	fluoro - gold	7	0
C049774	fluorogold	fluorogold	7	0
C049840	2-(dimethylamino)ethyl methacrylate	2 - ( dimethylamino ) ethyl methacrylate	31	0
C049840	DMAEMA	dmaema	36	0
C049840	N,N-dimethylaminoethyl methacrylate	n , n - dimethylaminoethyl methacrylate	4	0
C049853	SR-95531	sr - 95531	1	0
C049853	gabazine	gabazine	19	0
C049860	amiridine	amiridine	7	0
C049860	ipidacrine	ipidacrine	1	0
C049863	ginsenoside Rd	ginsenoside rd	24	0
C049864	ginsenoside Re	ginsenoside re	40	0
C049901	plipastatin	plipastatin	13	0
C049901	plipastatins	plipastatins	1	0
C049925	fura-2-am	fura - 2 - am	1	0
C049925	fura-2am	fura - 2am	4	0
C049985	K-252a	k - 252a	3	0
C049985	K252a	k252a	22	0
C050016	lipoarabinomannan	lipoarabinomannan	71	0
C050025	cyclosporin H	cyclosporin h	10	0
C050052	O-desmethylangolensin	o - desmethylangolensin	10	0
C050085	ovothiol	ovothiol	6	0
C050093	1-hydroxyphenazine	1 - hydroxyphenazine	10	0
C050147	meldonium	meldonium	37	0
C050147	mildronate	mildronate	18	0
C050172	tetrabutylphosphonium	tetrabutylphosphonium	9	0
C050172	tetrabutylphosphonium bromide	tetrabutylphosphonium bromide	3	0
C050180	kefiran	kefiran	36	0
C050232	1,3-di-o-tolylguanidine	1 , 3 - di - o - tolylguanidine	8	0
C050233	altertoxin I	altertoxin i	3	0
C050233	dihydroalterperylenol	dihydroalterperylenol	2	0
C050296	metsulfuron methyl	metsulfuron methyl	3	0
C050296	metsulfuron-methyl	metsulfuron - methyl	6	0
C050296	tribenuron-methyl	tribenuron - methyl	8	0
C050414	celastrol	celastrol	370	0
C050414	tripterine	tripterine	2	0
C050452	CDBA	cdba	8	0
C050480	N-myristoyltransferase	n - myristoyltransferase	15	0
C050501	OM-89	om - 89	13	0
C050502	GnRH-associated peptide	gnrh - associated peptide	1	0
C050502	hGAP	hgap	25	0
C050528	Eudragit RS	eudragit rs	7	0
C050528	Eudragit RS 100	eudragit rs 100	2	0
C050528	Eudragit RS100	eudragit rs100	4	0
C050654	(2R,6R)-HNK	( 2r , 6r ) - hnk	6	0
C050654	(2R,6R)-hydroxynorketamine	( 2r , 6r ) - hydroxynorketamine	13	0
C050654	6-hydroxynorketamine	6 - hydroxynorketamine	1	0
C050715	8,9-EET	8 , 9 - eet	1	0
C050715	epoxyeicosatrienoic acid	epoxyeicosatrienoic acid	10	0
C050733	2,4-dihydroxy-7-methoxy-1,4-benzoxazin-3-one	2 , 4 - dihydroxy - 7 - methoxy - 1 , 4 - benzoxazin - 3 - one	1	0
C050733	DIMBOA	dimboa	12	0
C050761	PEG-SS	peg - ss	11	0
C050763	PGPMS	pgpms	19	0
C050829	sulforhodamine 101	sulforhodamine 101	5	0
C050836	pancreastatin	pancreastatin	6	0
C050926	IcP2	icp2	7	0
C051000	thiazole orange	thiazole orange	18	0
C051036	glycosylated ferritin	glycosylated ferritin	6	0
C051072	SCC antigen	scc antigen	9	0
C051072	SCC-Ag	scc - ag	52	0
C051072	squamous cell carcinoma antigen	squamous cell carcinoma antigen	57	0
C051072	squamous cell carcinoma antigen 2	squamous cell carcinoma antigen 2	1	0
C051084	tubeimoside I	tubeimoside i	2	0
C051084	tubeimoside-1	tubeimoside - 1	4	0
C051122	wedelolactone	wedelolactone	20	0
C051129	manganese peroxidase	manganese peroxidase	23	0
C051160	AETS	aets	10	0
C051185	PCMF	pcmf	7	0
C051186	ECMF	ecmf	45	0
C051266	pyrrole-2-carbaldehyde	pyrrole - 2 - carbaldehyde	1	0
C051266	pyrrole-2-carboxaldehyde	pyrrole - 2 - carboxaldehyde	4	0
C051267	2-acetylpyrrole	2 - acetylpyrrole	5	0
C051268	hydroxychavicol	hydroxychavicol	19	0
C051274	radix bupleuri	radix bupleuri	10	0
C051293	NLGS	nlgs	7	0
C051324	kallistatin	kallistatin	20	0
C051328	C-P lyase	c - p lyase	4	0
C051328	carbon-phosphorus lyase	carbon - phosphorus lyase	1	0
C051345	DSAL	dsal	5	0
C051362	3-BHA	3 - bha	13	0
C051362	3-tert-butyl-4-hydroxyanisole	3 - tert - butyl - 4 - hydroxyanisole	2	0
C051388	DOPG	dopg	25	0
C051414	hydroxygenkwanin	hydroxygenkwanin	8	0
C051436	kaurenoic acid	kaurenoic acid	26	0
C051439	pyridinecarboxaldehyde	pyridinecarboxaldehyde	6	0
C051448	4-phenylpyridine	4 - phenylpyridine	5	0
C051448	p-phenylpyridine	p - phenylpyridine	1	0
C051521	phosphatidylethanol	phosphatidylethanol	90	0
C051529	ACRIP	acrip	11	0
C051547	SN-C	sn - c	8	0
C051552	persulfides	persulfides	25	0
C051592	pneumococcal surface protein A	pneumococcal surface protein a	7	0
C051609	RAPsyn	rapsyn	9	0
C051610	hepatoma-derived growth factor	hepatoma - derived growth factor	6	0
C051615	transgelin	transgelin	46	0
C051673	N-cyanoimidazole	n - cyanoimidazole	5	0
C051715	dibromoacetonitrile	dibromoacetonitrile	5	0
C051717	1,1-dichloropropanone	1 , 1 - dichloropropanone	7	0
C051774	neurofilament 200	neurofilament 200	5	0
C051795	stanniocalcin	stanniocalcin	39	0
C051806	DGPY	dgpy	15	0
C051831	3,3,5,5-tetramethyl-1-pyrroline N-oxide	3 , 3 , 5 , 5 - tetramethyl - 1 - pyrroline n - oxide	1	0
C051831	TMPO	tmpo	48	0
C051843	binaltorphimine	binaltorphimine	10	0
C051844	nor-BNI	nor - bni	10	0
C051844	nor-binaltorphimine	nor - binaltorphimine	10	0
C051844	norbinaltorphimine	norbinaltorphimine	2	0
C051904	DTX1	dtx1	24	0
C051904	dinophysistoxin-1	dinophysistoxin - 1	5	0
C052064	astragaloside A	astragaloside a	1	0
C052064	astragaloside IV	astragaloside iv	195	0
C052064	astramembrannin I	astramembrannin i	1	0
C052068	karanjin	karanjin	17	0
C052075	thioperamide	thioperamide	6	0
C052097	aurachin D	aurachin d	11	0
C052131	extracellular matrix receptor	extracellular matrix receptor	9	0
C052131	extracellular matrix receptors	extracellular matrix receptors	3	0
C052159	Zn-phthalocyanine	zn - phthalocyanine	1	0
C052159	zinc phthalocyanine	zinc phthalocyanine	37	0
C052159	zinc(II) phthalocyanine	zinc ( ii ) phthalocyanine	9	0
C052160	corn trypsin inhibitor	corn trypsin inhibitor	5	0
C052189	DPEM	dpem	10	0
C052202	2'-O-methyluridine	2 ' - o - methyluridine	6	0
C052305	MPSO	mpso	6	0
C052319	tilmicosin	tilmicosin	42	0
C052377	tetrapropylammonium	tetrapropylammonium	9	0
C052410	CGS-15943	cgs - 15943	7	0
C052420	agrimoniin	agrimoniin	14	0
C052424	lomerizine	lomerizine	26	0
C052424	lomerizine dihydrochloride	lomerizine dihydrochloride	2	0
C052476	2-decenoic acid	2 - decenoic acid	31	0
C052476	cis-2-decenoic acid	cis - 2 - decenoic acid	6	0
C052510	peimisine	peimisine	15	0
C052548	vasicinone	vasicinone	5	0
C052587	5-nitroimidazole	5 - nitroimidazole	12	0
C052590	5-nitrofuraldehyde	5 - nitrofuraldehyde	5	0
C052595	teflubenzuron	teflubenzuron	5	0
C052659	gambogic acid	gambogic acid	44	0
C052671	VTES	vtes	62	0
C052671	triethoxyvinylsilane	triethoxyvinylsilane	1	0
C052671	vinyltriethoxysilane	vinyltriethoxysilane	5	0
C052775	cPIP	cpip	48	0
C052785	rebamipide	rebamipide	105	0
C052786	pectolinarin	pectolinarin	8	0
C052799	phosphomannomutase	phosphomannomutase	20	0
C052839	Cytodex	cytodex	16	0
C052839	Cytodex 1	cytodex 1	6	0
C052839	Cytodex 3	cytodex 3	5	0
C052853	5-hydroxydecanoate	5 - hydroxydecanoate	6	0
C052873	AZT-TP	azt - tp	12	0
C052873	ZDV-TP	zdv - tp	5	0
C052873	zidovudine triphosphate	zidovudine triphosphate	3	0
C052893	tert-butoxy	tert - butoxy	8	0
C052914	GP50	gp50	6	0
C052965	SMR 2	smr 2	13	0
C052979	verazine	verazine	6	0
C052985	isochorismate	isochorismate	8	0
C053003	S-phenylmercapturic acid	s - phenylmercapturic acid	3	0
C053003	phenylmercapturic acid	phenylmercapturic acid	6	0
C053046	handelin	handelin	9	0
C053047	EBFC	ebfc	23	0
C053047	ethyl brevifolincarboxylate	ethyl brevifolincarboxylate	1	0
C053083	Duract	duract	1	0
C053083	bromfenac	bromfenac	35	0
C053083	bromfenac sodium	bromfenac sodium	1	0
C053085	1-methylxanthine	1 - methylxanthine	6	0
C053090	epinastine	epinastine	8	0
C053155	antistasin	antistasin	6	0
C053168	glutarylcarnitine	glutarylcarnitine	12	0
C053178	PC 16	pc 16	9	0
C053178	PC-16	pc - 16	1	0
C053276	MAOTO	maoto	7	0
C053284	dibutyl ether	dibutyl ether	5	0
C053342	brevetoxin	brevetoxin	35	0
C053389	neridronate	neridronate	29	0
C053389	neridronic acid	neridronic acid	1	0
C053434	NPe6	npe6	6	0
C053434	Talaporfin	talaporfin	27	0
C053434	mono-L-aspartyl chlorin e6	mono - l - aspartyl chlorin e6	1	0
C053434	talaporfin sodium	talaporfin sodium	14	0
C053442	annonacin	annonacin	8	0
C053510	MDTC	mdtc	16	0
C053540	4-phenyl-1,2,4-triazoline-3,5-dione	4 - phenyl - 1 , 2 , 4 - triazoline - 3 , 5 - dione	3	0
C053540	PTAD	ptad	16	0
C053565	DBTF	dbtf	5	0
C053572	TMMP	tmmp	9	0
C053645	DDAC	ddac	58	0
C053752	perezone	perezone	13	0
C053761	1-phenylbutane	1 - phenylbutane	6	0
C053761	n-butylbenzene	n - butylbenzene	1	0
C053858	formyl phosphate	formyl phosphate	5	0
C053871	diphenyl disulfide	diphenyl disulfide	7	0
C053897	5(6)-carboxy-2',7'-dichlorofluorescein	5 ( 6 ) - carboxy - 2 ' , 7 ' - dichlorofluorescein	1	0
C053897	CDCF	cdcf	1	0
C053897	ClCF	clcf	14	0
C053976	Cu-Lys	cu - lys	4	0
C053976	copper-lysine complex	copper - lysine complex	1	0
C053989	nedaplatin	nedaplatin	63	0
C054005	DOTMA	dotma	9	0
C054017	formate hydrogen lyase	formate hydrogen lyase	2	0
C054017	formate hydrogenlyase	formate hydrogenlyase	4	0
C054017	formate-hydrogen lyase	formate - hydrogen lyase	3	0
C054122	Ala-Gln	ala - gln	11	0
C054122	alanyl-glutamine	alanyl - glutamine	11	0
C054124	sesamolin	sesamolin	15	0
C054127	CRPM	crpm	33	0
C054170	dimethyl trisulfide	dimethyl trisulfide	34	0
C054176	haloxyfop	haloxyfop	22	0
C054207	etomoxir	etomoxir	44	0
C054218	manidipine	manidipine	9	0
C054312	2,3-diaminophenazine	2 , 3 - diaminophenazine	16	0
C054356	bacimethrin	bacimethrin	9	0
C054474	manumycin	manumycin	19	0
C054474	manumycin A	manumycin a	16	0
C054479	N-acetyltyramine	n - acetyltyramine	12	0
C054487	menthofuran	menthofuran	8	0
C054513	6-sulfatoxymelatonin	6 - sulfatoxymelatonin	25	0
C054540	fatty acid hydroperoxide lyase	fatty acid hydroperoxide lyase	1	0
C054540	hydroperoxide lyase	hydroperoxide lyase	7	0
C054590	2-phenylethyl acetate	2 - phenylethyl acetate	9	0
C054634	methyllycaconitine	methyllycaconitine	18	0
C054649	CP-55,940	cp - 55 , 940	2	0
C054649	CP55,940	cp55 , 940	2	0
C054649	CP55940	cp55940	9	0
C054653	MGBC	mgbc	12	0
C054684	LiClO4	liclo4	37	0
C054684	lithium perchlorate	lithium perchlorate	8	0
C054690	cytochrome c nitrite reductase	cytochrome c nitrite reductase	5	0
C054709	ardisiacrispin B	ardisiacrispin b	5	0
C054801	APHS	aphs	16	0
C054851	allosamidin	allosamidin	7	0
C054885	PACD	pacd	58	0
C054923	MCDF	mcdf	19	0
C054981	A40926	a40926	7	0
C054989	sulfuretin	sulfuretin	6	0
C055060	Val-Trp	val - trp	5	0
C055066	iron protein succinylate	iron protein succinylate	5	0
C055118	PFME	pfme	32	0
C055124	glaucocalyxin A	glaucocalyxin a	8	0
C055187	OXA-10	oxa - 10	19	0
C055267	tandospirone	tandospirone	16	0
C055305	ginsenoside Rh2	ginsenoside rh2	52	0
C055305	ginsenoside-Rh2	ginsenoside - rh2	4	0
C055327	ginsenoside F1	ginsenoside f1	18	0
C055382	naltrindole	naltrindole	6	0
C055393	arenobufagin	arenobufagin	18	0
C055419	cysteinolic acid	cysteinolic acid	8	0
C055431	OXOX	oxox	8	0
C055433	clitocine	clitocine	11	0
C055436	NDPS	ndps	18	0
C055453	GLP-1 (7-36)amide	glp - 1 ( 7 - 36 ) amide	2	0
C055453	GLP-1a	glp - 1a	34	0
C055469	ecdysone receptor	ecdysone receptor	42	0
C055469	ecdysone receptor B1	ecdysone receptor b1	1	0
C055528	3-aminophenol	3 - aminophenol	4	0
C055528	m-aminophenol	m - aminophenol	1	0
C055542	isoimperatorin	isoimperatorin	19	0
C055543	10-hydroxy-2-decenoic acid	10 - hydroxy - 2 - decenoic acid	24	0
C055547	deoxymyoglobin	deoxymyoglobin	6	0
C055568	OCTD	octd	5	0
C055612	AIPPS	aipps	10	0
C055669	spinosin	spinosin	41	0
C055670	epifriedelanol	epifriedelanol	7	0
C055670	friedelinol	friedelinol	2	0
C055732	vatinoxan	vatinoxan	63	0
C055732	vatinoxan hydrochloride	vatinoxan hydrochloride	2	0
C055749	FVGly	fvgly	9	0
C055755	HTCA	htca	12	0
C055764	S-layer glycoproteins	s - layer glycoproteins	1	0
C055764	S-layer proteins	s - layer proteins	8	0
C055764	surface layer proteins	surface layer proteins	4	0
C055781	perlolyrine	perlolyrine	8	0
C055785	jatrorrhizine	jatrorrhizine	18	0
C055858	BHEE	bhee	13	0
C055862	BSIII	bsiii	5	0
C055866	amrubicin	amrubicin	25	0
C055957	dinatin	dinatin	2	0
C055957	hispidulin	hispidulin	66	0
C055971	zacopride	zacopride	9	0
C055986	19(S)-hydroxyeicosatetraenoic acid	19 ( s ) - hydroxyeicosatetraenoic acid	1	0
C055986	19-HETE	19 - hete	5	0
C055991	3-methyluracil	3 - methyluracil	6	0
C056013	deoxyshikonin	deoxyshikonin	7	0
C056100	BCTB	bctb	12	0
C056177	rubusoside	rubusoside	16	0
C056220	2,5-bis(hydroxymethyl)furan	2 , 5 - bis ( hydroxymethyl ) furan	12	0
C056220	BHMF	bhmf	21	0
C056437	FENP	fenp	20	0
C056454	Bac7	bac7	12	0
C056476	quebrachitol	quebrachitol	13	0
C056501	isoprenylcysteine carboxyl methyltransferase	isoprenylcysteine carboxyl methyltransferase	5	0
C056501	isoprenylcysteine carboxylmethyltransferase	isoprenylcysteine carboxylmethyltransferase	2	0
C056510	HB 7	hb 7	14	0
C056559	2,4-DTBP	2 , 4 - dtbp	31	0
C056559	2,4-di-t-butylphenol	2 , 4 - di - t - butylphenol	1	0
C056559	2,4-di-tert-butylphenol	2 , 4 - di - tert - butylphenol	49	0
C056565	RH-5849	rh - 5849	12	0
C056582	2,4-dithiouracil	2 , 4 - dithiouracil	10	0
C056587	gardenoside	gardenoside	17	0
C056591	potassium phosphite	potassium phosphite	7	0
C056604	TFIIF	tfiif	7	0
C056708	Technegas	technegas	8	0
C056727	OPDA	opda	50	0
C056728	MPDA	mpda	132	0
C056744	isopentenol	isopentenol	6	0
C056759	carbohydrate-deficient transferrin	carbohydrate - deficient transferrin	7	0
C056779	succinoglycan	succinoglycan	13	0
C056853	galactobiose	galactobiose	9	0
C056900	neuromedin U	neuromedin u	23	0
C056913	VZV gE	vzv ge	8	0
C056930	DHFR-TS	dhfr - ts	17	0
C056943	peptide B	peptide b	9	0
C057056	MGBA	mgba	136	0
C057091	PXDN	pxdn	72	0
C057114	PDNP	pdnp	17	0
C057114	PDPP	pdpp	11	0
C057154	luzindole	luzindole	16	0
C057155	2-TFEB	2 - tfeb	7	0
C057217	songorine	songorine	14	0
C057222	neferine	neferine	50	0
C057223	chlorfluazuron	chlorfluazuron	5	0
C057280	cCF10	ccf10	11	0
C057348	2-octenal	2 - octenal	32	0
C057349	2,4-decadienal	2 , 4 - decadienal	53	0
C057416	KT5720	kt5720	5	0
C057430	MSGB	msgb	20	0
C057451	morusin	morusin	54	0
C057531	jasplakinolide	jasplakinolide	20	0
C057532	PIHCA	pihca	9	0
C057548	DMID	dmid	8	0
C057617	6-OH-luteolin	6 - oh - luteolin	1	0
C057617	6-hydroxyluteolin	6 - hydroxyluteolin	5	0
C057628	HBV X protein	hbv x protein	8	0
C057628	hepatitis B virus X protein	hepatitis b virus x protein	12	0
C057636	tachyplesin	tachyplesin	8	0
C057636	tachyplesin I	tachyplesin i	6	0
C057654	PPAPS	ppaps	20	0
C057694	HBTM	hbtm	7	0
C057792	apigenin-7-glucoside	apigenin - 7 - glucoside	6	0
C057792	apigetrin	apigetrin	7	0
C057792	cosmosiin	cosmosiin	6	0
C057812	2,3-dihydro-1H-indole	2 , 3 - dihydro - 1h - indole	1	0
C057812	indoline	indoline	63	0
C057837	3,7-dimethyl-1-propargylxanthine	3 , 7 - dimethyl - 1 - propargylxanthine	4	0
C057837	DMPX	dmpx	6	0
C057884	Clinacox	clinacox	4	0
C057884	diclazuril	diclazuril	56	0
C057909	MADB	madb	6	0
C057912	homoorientin	homoorientin	2	0
C057912	isoorientin	isoorientin	40	0
C057914	jolkinolide B	jolkinolide b	5	0
C057920	3-buten-2-one	3 - buten - 2 - one	4	0
C057920	methyl vinyl ketone	methyl vinyl ketone	18	0
C057923	sulperazon	sulperazon	6	0
C057923	sulperazone	sulperazone	1	0
C057937	iomeprol	iomeprol	13	0
C057937	iomeprol 400	iomeprol 400	1	0
C057941	SAAVE	saave	7	0
C058010	TMSCN	tmscn	9	0
C058010	trimethylsilyl cyanide	trimethylsilyl cyanide	3	0
C058017	NADHX	nadhx	5	0
C058028	ascomycin	ascomycin	8	0
C058049	forsythiaside	forsythiaside	25	0
C058049	forsythoside A	forsythoside a	21	0
C058064	DNP-HSA	dnp - hsa	7	0
C058081	ecopipam	ecopipam	48	0
C058151	SMPT	smpt	6	0
C058181	defensin A	defensin a	5	0
C058184	4-MBA	4 - mba	38	0
C058229	piceid	piceid	11	0
C058229	polydatin	polydatin	159	0
C058280	preussin	preussin	12	0
C058309	hypaconitine	hypaconitine	9	0
C058320	IMAB	imab	18	0
C058324	2-phenylpyridine	2 - phenylpyridine	19	0
C058391	pseudolaric acid B	pseudolaric acid b	8	0
C058427	4-hydroxy-2,5-dimethyl-3(2H)-furanone	4 - hydroxy - 2 , 5 - dimethyl - 3 ( 2h ) - furanone	3	0
C058427	furaneol	furaneol	15	0
C058440	CHPB	chpb	9	0
C058479	carboxypeptidase M	carboxypeptidase m	6	0
C058487	coronatine	coronatine	22	0
C058504	Ac-SDKP	ac - sdkp	32	0
C058504	AcSDKP	acsdkp	9	0
C058504	N-acetyl-Ser-Asp-Lys-Pro	n - acetyl - ser - asp - lys - pro	2	0
C058504	acetyl-seryl-aspartyl-lysyl-proline	acetyl - seryl - aspartyl - lysyl - proline	1	0
C058519	ascophyllan	ascophyllan	8	0
C058525	RX 821002	rx 821002	6	0
C058526	B-120	b - 120	5	0
C058552	ZAPA	zapa	28	0
C058618	MCPT	mcpt	25	0
C058636	CGRP8-37	cgrp8 - 37	7	0
C058645	caffeoyl-CoA	caffeoyl - coa	10	0
C058645	caffeoyl-coenzyme A	caffeoyl - coenzyme a	1	0
C058671	poly(2-vinylpyridine)	poly ( 2 - vinylpyridine )	11	0
C058684	dialdehyde cellulose	dialdehyde cellulose	19	0
C058692	buccalin	buccalin	7	0
C058692	buccalin A	buccalin a	1	0
C058722	5-HEPE	5 - hepe	16	0
C058722	5-hydroxyeicosapentaenoic acid	5 - hydroxyeicosapentaenoic acid	3	0
C058735	myxochelin A	myxochelin a	10	0
C058836	2,3-dihydrobenzothiazole	2 , 3 - dihydrobenzothiazole	2	0
C058836	benzothiazoline	benzothiazoline	6	0
C058838	NBSA	nbsa	8	0
C058892	LRCA	lrca	13	0
C058949	1,3,4-thiadiazole	1 , 3 , 4 - thiadiazole	91	0
C058966	geniposidic acid	geniposidic acid	14	0
C058980	1H-indole-2-carboxylic acid	1h - indole - 2 - carboxylic acid	3	0
C058980	indole-2-carboxylic acid	indole - 2 - carboxylic acid	9	0
C058987	sGNRHa	sgnrha	4	0
C058987	sGnRH-A	sgnrh - a	9	0
C059033	dimethyl acetal	dimethyl acetal	11	0
C059051	PP-18	pp - 18	2	0
C059051	purpurin 18	purpurin 18	2	0
C059051	purpurin-18	purpurin - 18	5	0
C059164	15-HEPE	15 - hepe	3	0
C059164	15-hydroxyeicosapentaenoic acid	15 - hydroxyeicosapentaenoic acid	2	0
C059200	PNPG	pnpg	17	0
C059226	1-methylpiperidine	1 - methylpiperidine	3	0
C059226	N-methylpiperidine	n - methylpiperidine	3	0
C059238	limaprost	limaprost	21	0
C059255	MCOI	mcoi	5	0
C059280	glutaminyl cyclase	glutaminyl cyclase	15	0
C059280	glutaminyl-peptide cyclotransferase	glutaminyl - peptide cyclotransferase	4	0
C059284	DBDA	dbda	12	0
C059295	sinensetin	sinensetin	31	0
C059299	poly(trimethylene carbonate)	poly ( trimethylene carbonate )	9	0
C059299	polytrimethylene carbonate	polytrimethylene carbonate	2	0
C059354	2',4'-dihydroxychalcone	2 ' , 4 ' - dihydroxychalcone	5	0
C059372	DPTS	dpts	34	0
C059451	lornoxicam	lornoxicam	10	0
C059460	1-aminocyclopropane-1-carboxylate oxidase	1 - aminocyclopropane - 1 - carboxylate oxidase	2	0
C059460	1-aminocyclopropane-1-carboxylic acid oxidase	1 - aminocyclopropane - 1 - carboxylic acid oxidase	6	0
C059460	ACC oxidase	acc oxidase	11	0
C059470	THBA	thba	6	0
C059571	pyrraline	pyrraline	5	0
C059648	onnamide	onnamide	7	0
C059660	squamocin	squamocin	6	0
C059685	DENSPM	denspm	11	0
C059702	SENP	senp	106	0
C059715	Fluo-3	fluo - 3	12	0
C059736	EOPE	eope	206	0
C059814	1,4-dioxan-2-one	1 , 4 - dioxan - 2 - one	2	0
C059814	4-dioxan-2-one	4 - dioxan - 2 - one	2	0
C059814	p-dioxanone	p - dioxanone	18	0
C059814	para-dioxanone	para - dioxanone	3	0
C059821	atelocollagen	atelocollagen	68	0
C059825	CCoAMT	ccoamt	3	0
C059825	CCoAOMT	ccoaomt	23	0
C059825	caffeoyl-CoA O-methyltransferase	caffeoyl - coa o - methyltransferase	7	0
C059896	Zavesca	zavesca	1	0
C059896	butyldeoxynojirimycin	butyldeoxynojirimycin	2	0
C059896	miglustat	miglustat	62	0
C059896	n-butyldeoxynojirimycin	n - butyldeoxynojirimycin	2	0
C059908	Helioseal	helioseal	8	0
C059922	gossypetin	gossypetin	10	0
C060017	dibenzyltoluene	dibenzyltoluene	7	0
C060068	DTTA	dtta	7	0
C060085	succinylated gelatin	succinylated gelatin	6	0
C060089	2-furancarboxylic acid	2 - furancarboxylic acid	15	0
C060089	2-furoic acid	2 - furoic acid	7	0
C060166	pentaglobin	pentaglobin	20	0
C060225	Revasc	revasc	19	0
C060229	U-73122	u - 73122	5	0
C060229	U73122	u73122	9	0
C060281	ceramide phosphoethanolamine	ceramide phosphoethanolamine	5	0
C060286	rosamicin	rosamicin	6	0
C060296	cytotoxic necrotizing factor 1	cytotoxic necrotizing factor 1	4	0
C060296	cytotoxic necrotizing factor type 1	cytotoxic necrotizing factor type 1	1	0
C060298	5,7-dimethoxyflavone	5 , 7 - dimethoxyflavone	5	0
C060321	glucotropaeolin	glucotropaeolin	15	0
C060327	dracorhodin	dracorhodin	3	0
C060327	dracorhodin perchlorate	dracorhodin perchlorate	3	0
C060331	CMCT	cmct	39	0
C060342	zuclopenthixol acetate	zuclopenthixol acetate	20	0
C060343	lercanidipine	lercanidipine	12	0
C060424	HPAH	hpah	16	0
C060474	galloylglucose	galloylglucose	6	0
C060474	glucogallin	glucogallin	4	0
C060540	Polyhexamethylene guanidine	polyhexamethylene guanidine	32	0
C060540	polyhexamethylene guanidine phosphate	polyhexamethylene guanidine phosphate	10	0
C060547	methylene violet	methylene violet	7	0
C060568	1,4-dithiane	1 , 4 - dithiane	6	0
C060570	aluminum phthalocyanine	aluminum phthalocyanine	6	0
C060702	DDAA	ddaa	8	0
C060750	ZnBG	znbg	9	0
C060775	hexanoic acid methyl ester	hexanoic acid methyl ester	1	0
C060775	methyl caproate	methyl caproate	1	0
C060775	methyl hexanoate	methyl hexanoate	4	0
C060785	N-acetylglutaminylglutamine amide	n - acetylglutaminylglutamine amide	2	0
C060785	NAGGN	naggn	6	0
C060800	pseudobaptigenin	pseudobaptigenin	5	0
C060802	fangchinoline	fangchinoline	36	0
C060843	o-vanillin	o - vanillin	20	0
C060893	MK-886	mk - 886	8	0
C060893	MK886	mk886	5	0
C060905	CENP-C	cenp - c	46	0
C060939	DNPE	dnpe	10	0
C060988	baohuoside I	baohuoside i	3	0
C060988	icariside II	icariside ii	32	0
C061004	benidipine	benidipine	20	0
C061009	crebanine	crebanine	23	0
C061014	cycloastragenol	cycloastragenol	64	0
C061017	linopirdine	linopirdine	6	0
C061091	lithospermate B	lithospermate b	3	0
C061091	magnesium lithospermate B	magnesium lithospermate b	3	0
C061097	breviscapine	breviscapine	27	0
C061108	Pam3Cys	pam3cys	10	0
C061131	sertaconazole	sertaconazole	11	0
C061131	sertaconazole nitrate	sertaconazole nitrate	9	0
C061132	diphenyl diselenide	diphenyl diselenide	12	0
C061132	diphenyldiselenide	diphenyldiselenide	2	0
C061133	Am80	am80	31	0
C061133	tamibarotene	tamibarotene	24	0
C061189	octadecyltrichlorosilane	octadecyltrichlorosilane	6	0
C061282	CGS21680	cgs21680	10	0
C061301	hexanoylcarnitine	hexanoylcarnitine	6	0
C061339	4(3H)-quinazolinone	4 ( 3h ) - quinazolinone	1	0
C061339	4-quinazolinone	4 - quinazolinone	4	0
C061339	quinazolin-4(3H)-one	quinazolin - 4 ( 3h ) - one	25	0
C061339	quinazolin-4-one	quinazolin - 4 - one	15	0
C061361	apidaecin	apidaecin	20	0
C061365	flusilazole	flusilazole	24	0
C061432	epiberberine	epiberberine	21	0
C061479	PKIP	pkip	10	0
C061494	MRPP	mrpp	5	0
C061545	myrtenal	myrtenal	16	0
C061580	nonadecane	nonadecane	5	0
C061629	DBPA	dbpa	31	0
C061640	arjunolic acid	arjunolic acid	19	0
C061676	Huang-Lian-Jie-Du	huang - lian - jie - du	7	0
C061676	oren-gedoku-to	oren - gedoku - to	1	0
C061679	azelnidipine	azelnidipine	12	0
C061750	I-BOP	i - bop	10	0
C061763	AMPhB	amphb	9	0
C061800	N,N-dimethylsphingosine	n , n - dimethylsphingosine	6	0
C061865	altemicidin	altemicidin	5	0
C061946	MVT-101	mvt - 101	6	0
C061970	beinaglutide	beinaglutide	17	0
C061977	OP-10	op - 10	14	0
C062019	galanin (1-16)	galanin ( 1 - 16 )	8	0
C062157	galactosaminogalactan	galactosaminogalactan	8	0
C062187	pentosidine	pentosidine	83	0
C062208	MMPC	mmpc	18	0
C062247	2-hydroxy-1-naphthaldehyde	2 - hydroxy - 1 - naphthaldehyde	6	0
C062292	glutamate racemase	glutamate racemase	5	0
C062307	MCDP	mcdp	6	0
C062316	neurolysin	neurolysin	7	0
C062323	3,5-di-tert-butyl-4-hydroxybenzoic acid	3 , 5 - di - tert - butyl - 4 - hydroxybenzoic acid	3	0
C062323	BHT-COOH	bht - cooh	6	0
C062372	PDAA	pdaa	14	0
C062407	agrimol B	agrimol b	7	0
C062412	3,22-dihydroxy-11-oxo-delta(12)-oleanene-27-alpha-methoxycarbonyl-29-oic acid	3 , 22 - dihydroxy - 11 - oxo - delta ( 12 ) - oleanene - 27 - alpha - methoxycarbonyl - 29 - oic acid	1	0
C062412	glyuranolide	glyuranolide	6	0
C062458	PBTO	pbto	21	0
C062482	pyridazine	pyridazine	80	0
C062500	harringtonine	harringtonine	8	0
C062507	tinosporide	tinosporide	10	0
C062527	2,2,2-tribromoethanol	2 , 2 , 2 - tribromoethanol	1	0
C062527	tribromoethanol	tribromoethanol	5	0
C062557	euphol	euphol	12	0
C062576	MPBP	mpbp	5	0
C062607	2-hydrazinopyridine	2 - hydrazinopyridine	5	0
C062608	DLBA	dlba	8	0
C062701	aloperine	aloperine	26	0
C062725	Tecoflex	tecoflex	6	0
C062732	HTRC	htrc	5	0
C062784	xylazole	xylazole	5	0
C062806	DCPP	dcpp	14	0
C062876	Cetrotide	cetrotide	1	0
C062876	cetrorelix	cetrorelix	41	0
C062876	cetrorelix acetate	cetrorelix acetate	2	0
C062934	LPCB	lpcb	3	0
C062934	lactophenol cotton blue	lactophenol cotton blue	13	0
C062935	isopropoxate	isopropoxate	2	0
C062935	propoxate	propoxate	6	0
C062968	P(LLA-co-CL)	p ( lla - co - cl )	2	0
C062968	poly(L-lactide-co-caprolactone)	poly ( l - lactide - co - caprolactone )	8	0
C062985	chlorin e6	chlorin e6	131	0
C062985	chlorine e6	chlorine e6	9	0
C062991	azurocidin	azurocidin	9	0
C062991	heparin-binding protein	heparin - binding protein	44	0
C062996	MMPM	mmpm	6	0
C063002	2,3-dimethoxy-1,4-naphthoquinone	2 , 3 - dimethoxy - 1 , 4 - naphthoquinone	3	0
C063002	DMNQ	dmnq	9	0
C063057	GlcNAc transferase	glcnac transferase	94	0
C063057	O-linked N-acetylglucosamine transferase	o - linked n - acetylglucosamine transferase	7	0
C063113	ice nucleation protein	ice nucleation protein	5	0
C063127	DABCYL	dabcyl	8	0
C063145	TBSI	tbsi	14	0
C063159	SKF-96365	skf - 96365	10	0
C063159	SKF96365	skf96365	1	0
C063162	MEGA 11	mega 11	11	0
C063162	MEGA-11	mega - 11	2	0
C063213	CuTCPP	cutcpp	22	0
C063214	cruzain	cruzain	15	0
C063214	cruzipain	cruzipain	6	0
C063221	DPED	dped	15	0
C063229	HFMC	hfmc	6	0
C063243	chromate reductase	chromate reductase	7	0
C063247	BTCA	btca	17	0
C063253	PVAS	pvas	83	0
C063285	cyclophellitol	cyclophellitol	5	0
C063287	simvastatin acid	simvastatin acid	20	0
C063318	4-methoxycinnamate	4 - methoxycinnamate	8	0
C063318	4-methoxycinnamic acid	4 - methoxycinnamic acid	8	0
C063318	E-p-methoxycinnamic acid	e - p - methoxycinnamic acid	1	0
C063359	DOTP	dotp	26	0
C063407	16-hydroxyhexadecanoic acid	16 - hydroxyhexadecanoic acid	5	0
C063421	Remazol black B	remazol black b	2	0
C063421	reactive black 5	reactive black 5	22	0
C063451	cinobufotalin	cinobufotalin	5	0
C063507	deoxyhypusine synthase	deoxyhypusine synthase	17	0
C063509	H 87	h 87	1	0
C063509	H-87	h - 87	1	0
C063509	H-89	h - 89	20	0
C063509	protein kinase A inhibitor H89	protein kinase a inhibitor h89	2	0
C063587	juzentaihoto	juzentaihoto	7	0
C063652	KK-42	kk - 42	8	0
C063745	ASFV p72	asfv p72	5	0
C063764	hevamine	hevamine	5	0
C063764	hevamine-A	hevamine - a	3	0
C063776	propacetamol	propacetamol	5	0
C063778	solanesyl diphosphate	solanesyl diphosphate	5	0
C063778	solanesyl pyrophosphate	solanesyl pyrophosphate	1	0
C063887	tetrathiafulvalene	tetrathiafulvalene	27	0
C063900	PFOSA	pfosa	70	0
C063900	perfluorooctane sulfonamide	perfluorooctane sulfonamide	12	0
C063900	perfluorooctanesulfonamide	perfluorooctanesulfonamide	8	0
C063968	E-4031	e - 4031	10	0
C063985	paraherquamide	paraherquamide	7	0
C064012	isochorismatase	isochorismatase	7	0
C064157	HF II	hf ii	18	0
C064157	HFII	hfii	7	0
C064210	1,3-oxazolidine	1 , 3 - oxazolidine	3	0
C064210	oxazolidine	oxazolidine	31	0
C064233	mannatide	mannatide	14	0
C064234	antimony trisulfide	antimony trisulfide	8	0
C064316	4-aminothiophenol	4 - aminothiophenol	16	0
C064316	p-aminothiophenol	p - aminothiophenol	4	0
C064321	ARPP19	arpp19	8	0
C064321	cAMP-regulated phosphoprotein 19	camp - regulated phosphoprotein 19	1	0
C064351	lipomannan	lipomannan	5	0
C064357	naftopidil	naftopidil	7	0
C064378	ginsenoside Ro	ginsenoside ro	20	0
C064378	ginsenoside-Ro	ginsenoside - ro	1	0
C064380	MeCM	mecm	13	0
C064382	brevifolin	brevifolin	1	0
C064382	xanthoxylin	xanthoxylin	17	0
C064386	columbianadin	columbianadin	5	0
C064407	trypanothione synthetase	trypanothione synthetase	8	0
C064409	PMFP	pmfp	9	0
C064420	PAPB	papb	11	0
C064420	polyaminopropyl biguanide	polyaminopropyl biguanide	2	0
C064455	DMDO	dmdo	4	0
C064455	dimethyldioxirane	dimethyldioxirane	3	0
C064459	KDEL receptor	kdel receptor	2	0
C064459	KDEL receptors	kdel receptors	5	0
C064522	hypocrellin B	hypocrellin b	7	0
C064549	Aleuria aurantia lectin	aleuria aurantia lectin	4	0
C064549	fucose-specific lectin	fucose - specific lectin	3	0
C064600	2-heptenal	2 - heptenal	14	0
C064636	sinistrin	sinistrin	6	0
C064709	HMEO	hmeo	7	0
C064709	trestolone	trestolone	2	0
C064719	IbTX	ibtx	8	0
C064719	iberiotoxin	iberiotoxin	21	0
C064804	ferrocenium	ferrocenium	12	0
C064804	ferrocenium tetrafluoroborate	ferrocenium tetrafluoroborate	1	0
C064806	KTiOPO4	ktiopo4	2	0
C064806	potassium titanyl phosphate	potassium titanyl phosphate	13	0
C064835	quizalofop-ethyl	quizalofop - ethyl	3	0
C064835	quizalofop-p-ethyl	quizalofop - p - ethyl	11	0
C064849	sophoraflavanone G	sophoraflavanone g	13	0
C064921	Hb Sogn	hb sogn	8	0
C065013	2',7'-dichlorodihydrofluorescein	2 ' , 7 ' - dichlorodihydrofluorescein	42	0
C065039	25S rRNA	25s rrna	7	0
C065087	dibutyl phosphate	dibutyl phosphate	10	0
C065165	feruloylputrescine	feruloylputrescine	9	0
C065181	plasmin receptor	plasmin receptor	5	0
C065238	MNOB	mnob	16	0
C065256	MIPC	mipc	6	0
C065256	isoprocarb	isoprocarb	4	0
C065257	biapenem	biapenem	7	0
C065261	TMPG	tmpg	26	0
C065429	MNTO	mnto	12	0
C065507	Resovist	resovist	5	0
C065507	ferucarbotran	ferucarbotran	4	0
C065533	perospirone	perospirone	10	0
C065565	NBBS	nbbs	6	0
C065580	6-lauroyl-2-dimethylaminonaphthalene	6 - lauroyl - 2 - dimethylaminonaphthalene	1	0
C065580	laurdan	laurdan	44	0
C065593	cis-vaccenic acid	cis - vaccenic acid	11	0
C065612	TMOF	tmof	22	0
C065629	kifunensine	kifunensine	11	0
C065637	choline transporter	choline transporter	20	0
C065637	high-affinity choline transporter	high - affinity choline transporter	4	0
C065655	Feiba	feiba	21	0
C065655	factor eight inhibitor bypassing activity	factor eight inhibitor bypassing activity	3	0
C065742	Transbond	transbond	61	0
C065836	rhamnan	rhamnan	10	0
C065837	anomalin	anomalin	1	0
C065837	praeruptorin B	praeruptorin b	4	0
C065858	agarospirol	agarospirol	8	0
C065858	hinesol	hinesol	2	0
C065927	cilnidipine	cilnidipine	14	0
C065943	CDMPC	cdmpc	3	0
C065943	Chiralcel OD	chiralcel od	4	0
C065943	cellulose tris(3,5-dimethylphenylcarbamate)	cellulose tris ( 3 , 5 - dimethylphenylcarbamate )	2	0
C065992	Gly-Ala	gly - ala	5	0
C066016	sesaminol	sesaminol	12	0
C066033	ATHR	athr	6	0
C066056	ATBB	atbb	10	0
C066201	salvianolic acid A	salvianolic acid a	48	0
C066228	lobaplatin	lobaplatin	36	0
C066229	PDTC	pdtc	174	0
C066407	kaempferol-3-O-galactoside	kaempferol - 3 - o - galactoside	2	0
C066407	trifolin	trifolin	7	0
C066425	efonidipine	efonidipine	8	0
C066542	INSRR	insrr	1	0
C066542	insulin receptor-related receptor	insulin receptor - related receptor	4	0
C066668	5,6-dimethylxanthenone-4-acetic acid	5 , 6 - dimethylxanthenone - 4 - acetic acid	3	0
C066668	DMXAA	dmxaa	49	0
C066668	vadimezan	vadimezan	5	0
C066678	MDAI	mdai	17	0
C066747	DHED	dhed	10	0
C066750	Ge-132	ge - 132	6	0
C066750	propagermanium	propagermanium	4	0
C066780	CDC-like kinase 1	cdc - like kinase 1	2	0
C066780	CDC-like kinase 3	cdc - like kinase 3	1	0
C066780	Clk3 kinase	clk3 kinase	2	0
C066846	hemolin	hemolin	7	0
C066850	Cascade Blue	cascade blue	5	0
C066851	mithramycin A	mithramycin a	14	0
C066856	7-deazaguanine	7 - deazaguanine	11	0
C066918	DEIB	deib	14	0
C066928	CBV-TP	cbv - tp	5	0
C066943	4-methoxybenzyl alcohol	4 - methoxybenzyl alcohol	5	0
C066943	anisyl alcohol	anisyl alcohol	3	0
C066998	MMDX	mmdx	36	0
C067001	2,4-DHBA	2 , 4 - dhba	5	0
C067042	indolamine	indolamine	11	0
C067044	CDT-III	cdt - iii	1	0
C067044	cytolethal distending toxin	cytolethal distending toxin	17	0
C067044	cytolethal distending toxin B	cytolethal distending toxin b	1	0
C067113	SKF-81297	skf - 81297	1	0
C067113	SKF81297	skf81297	5	0
C067188	monolysocardiolipin	monolysocardiolipin	10	0
C067220	DTBP	dtbp	95	0
C067221	DBDC	dbdc	9	0
C067221	dibenzyldithiocarbamate	dibenzyldithiocarbamate	1	0
C067242	CMhL	cmhl	26	0
C067246	SIL-2	sil - 2	5	0
C067317	ferrosome	ferrosome	6	0
C067351	cyclopropylamine	cyclopropylamine	8	0
C067353	dimethyl glutarate	dimethyl glutarate	5	0
C067432	LRAP	lrap	6	0
C067432	leucine-rich amelogenin peptide	leucine - rich amelogenin peptide	1	0
C067454	MDPP	mdpp	10	0
C067499	DPTC	dptc	14	0
C067502	TMRA	tmra	5	0
C067542	ZNTCPP	zntcpp	22	0
C067542	Zn-TCPP	zn - tcpp	16	0
C067660	flufenoxuron	flufenoxuron	20	0
C067713	lactacystin	lactacystin	8	0
C067718	TDPM	tdpm	14	0
C067754	BPTC	bptc	13	0
C067850	Max protein	max protein	5	0
C067850	Myc associated factor X	myc associated factor x	2	0
C067869	NTPDase-1	ntpdase - 1	1	0
C067869	NTPDase1	ntpdase1	18	0
C067869	ectonucleoside triphosphate diphosphohydrolase 1	ectonucleoside triphosphate diphosphohydrolase 1	4	0
C067906	xylosone	xylosone	6	0
C067908	OCME	ocme	8	0
C067945	MSDC	msdc	8	0
C067960	N-methylmorpholine N-oxide	n - methylmorpholine n - oxide	5	0
C067995	nucleoside phosphorylase	nucleoside phosphorylase	26	0
C068040	quinone methide	quinone methide	38	0
C068051	tripchlorolide	tripchlorolide	6	0
C068056	P(3HB-co-4HB)	p ( 3hb - co - 4hb )	9	0
C068056	P34HB copolymer	p34hb copolymer	1	0
C068056	poly(3-hydroxybutyrate-co-4-hydroxybutyrate)	poly ( 3 - hydroxybutyrate - co - 4 - hydroxybutyrate )	11	0
C068073	Am580	am580	6	0
C068161	venturicidin A	venturicidin a	6	0
C068166	tricosanoic acid	tricosanoic acid	5	0
C068170	OOPC	oopc	31	0
C068173	DAAP	daap	7	0
C068233	THCC	thcc	10	0
C068250	CA-074	ca - 074	8	0
C068420	TPST	tpst	24	0
C068473	PPAP	ppap	56	0
C068483	rhod-2	rhod - 2	11	0
C068489	thermostable direct hemolysin	thermostable direct hemolysin	12	0
C068501	xestoquinone	xestoquinone	5	0
C068511	plumericin	plumericin	7	0
C068514	chroman-4-one	chroman - 4 - one	15	0
C068514	chromanone	chromanone	7	0
C068544	neoagarobiose	neoagarobiose	5	0
C068554	TMSBr	tmsbr	3	0
C068554	bromotrimethylsilane	bromotrimethylsilane	2	0
C068554	trimethylsilyl bromide	trimethylsilyl bromide	1	0
C068559	ammonium propanesulfonate	ammonium propanesulfonate	2	0
C068559	propanesulfonate	propanesulfonate	17	0
C068559	propylsulfonic acid	propylsulfonic acid	1	0
C068562	loxoribine	loxoribine	6	0
C068574	WHO 2017	who 2017	10	0
C068581	danofloxacin	danofloxacin	26	0
C068621	protamine 2	protamine 2	6	0
C068720	1-penten-3-ol	1 - penten - 3 - ol	7	0
C068798	PNPP	pnpp	22	0
C068880	miltirone	miltirone	15	0
C068935	matairesinol	matairesinol	16	0
C068951	NT-2	nt - 2	6	0
C069025	sulfate radical	sulfate radical	33	0
C069036	syringotoxin	syringotoxin	6	0
C069036	syringotoxin B	syringotoxin b	1	0
C069048	PCME	pcme	49	0
C069053	norathyriol	norathyriol	8	0
C069090	lysicamine	lysicamine	5	0
C069195	sivelestat	sivelestat	115	0
C069226	SFBS	sfbs	12	0
C069282	multimerin	multimerin	8	0
C069304	2,2-dimethyl-N-(2,4,6-trimethoxyphenyl)dodecanamide	2 , 2 - dimethyl - n - ( 2 , 4 , 6 - trimethoxyphenyl ) dodecanamide	1	0
C069304	CI-976	ci - 976	4	0
C069319	Disperse Blue 124	disperse blue 124	5	0
C069334	CMPP	cmpp	16	0
C069373	ethyl propanoate	ethyl propanoate	4	0
C069373	ethyl propionate	ethyl propionate	7	0
C069424	polyadenosine	polyadenosine	10	0
C069538	yibeinoside A	yibeinoside a	5	0
C069544	tryptophanol	tryptophanol	6	0
C069705	xymedon	xymedon	12	0
C069715	trans-sialidase	trans - sialidase	9	0
C069741	norcantharidin	norcantharidin	11	0
C069749	10-MDP	10 - mdp	52	0
C069749	10-methacryloyloxydecyl dihydrogen phosphate	10 - methacryloyloxydecyl dihydrogen phosphate	17	0
C069749	methacryloyloxydecyl dihydrogen phosphate	methacryloyloxydecyl dihydrogen phosphate	21	0
C069836	C70 fullerene	c70 fullerene	5	0
C069849	1,3,5-benzenetricarboxylate	1 , 3 , 5 - benzenetricarboxylate	5	0
C069849	1,3,5-benzenetricarboxylic acid	1 , 3 , 5 - benzenetricarboxylic acid	10	0
C069849	trimesic acid	trimesic acid	22	0
C069868	aloesin	aloesin	32	0
C069977	DMPO-OH	dmpo - oh	9	0
C070021	tolylfluanid	tolylfluanid	18	0
C070053	carbonyl cyanide 3-chlorophenylhydrazone	carbonyl cyanide 3 - chlorophenylhydrazone	12	0
C070055	2,3',4,4',5-pentachlorobiphenyl	2 , 3 ' , 4 , 4 ' , 5 - pentachlorobiphenyl	2	0
C070055	PCB 118	pcb 118	2	0
C070055	PCB-118	pcb - 118	11	0
C070066	D-ribose-L-cysteine	d - ribose - l - cysteine	2	0
C070066	RibCys	ribcys	5	0
C070163	28-homobrassinolide	28 - homobrassinolide	1	0
C070163	homobrassinolide	homobrassinolide	7	0
C070186	sphingomyelin synthase	sphingomyelin synthase	20	0
C070196	ferulic acid esterase	ferulic acid esterase	10	0
C070196	feruloyl esterase	feruloyl esterase	17	0
C070243	MTTS	mtts	17	0
C070376	10-hydroxystearic acid	10 - hydroxystearic acid	5	0
C070379	BAPTA-AM	bapta - am	29	0
C070380	3-(4,5-dimethylthiazol-2-yl)-5-(3-carboxymethoxyphenyl)-2-(4-sulfophenyl)-2H-tetrazolium	3 - ( 4 , 5 - dimethylthiazol - 2 - yl ) - 5 - ( 3 - carboxymethoxyphenyl ) - 2 - ( 4 - sulfophenyl ) - 2h - tetrazolium	7	0
C070385	ASA-PS	asa - ps	116	0
C070417	WIN 55,212	win 55 , 212	42	0
C070417	WIN-55212	win - 55212	2	0
C070417	Win-55212-2	win - 55212 - 2	2	0
C070515	GF109203X	gf109203x	3	0
C070515	bisindolylmaleimide I	bisindolylmaleimide i	2	0
C070671	azasetron	azasetron	16	0
C070752	Asp-Pro	asp - pro	4	0
C070752	aspartyl-proline	aspartyl - proline	1	0
C070760	sclareol	sclareol	52	0
C070845	2-phenylbenzothiazole	2 - phenylbenzothiazole	4	0
C070845	phenylbenzothiazole	phenylbenzothiazole	5	0
C070846	2-(2'-hydroxyphenyl)benzothiazole	2 - ( 2 ' - hydroxyphenyl ) benzothiazole	6	0
C070846	2-(2-hydroxyphenyl)benzothiazole	2 - ( 2 - hydroxyphenyl ) benzothiazole	4	0
C070896	M-cadherin	m - cadherin	5	0
C070896	cadherin 15	cadherin 15	1	0
C070902	usambarensine	usambarensine	6	0
C070905	dermaseptin	dermaseptin	8	0
C070925	lycopene beta-cyclase	lycopene beta - cyclase	1	0
C070925	lycopene cyclase	lycopene cyclase	7	0
C070961	diethofencarb	diethofencarb	5	0
C071162	citrulline malate	citrulline malate	7	0
C071167	CTX-M-2	ctx - m - 2	2	0
C071167	cefotaximase	cefotaximase	6	0
C071170	HLA-DPB1	hla - dpb1	67	0
C071172	HLA-DPA1	hla - dpa1	23	0
C071190	BPHA	bpha	9	0
C071195	D-lactate dehydrogenase	d - lactate dehydrogenase	16	0
C071227	4-AHP	4 - ahp	3	0
C071227	4-amino-3-hydroxyphenylalanine	4 - amino - 3 - hydroxyphenylalanine	2	0
C071262	SKF 82958	skf 82958	2	0
C071262	SKF-82958	skf - 82958	3	0
C071288	astacin	astacin	22	0
C071298	Bacillus metalloendopeptidase	bacillus metalloendopeptidase	1	0
C071298	bacillolysin	bacillolysin	8	0
C071364	nisin Z	nisin z	33	0
C071385	EIPP	eipp	11	0
C071482	calpeptin	calpeptin	30	0
C071518	BMTP	bmtp	7	0
C071550	ferrocenemethanol	ferrocenemethanol	5	0
C071570	SNF1-related kinase	snf1 - related kinase	6	0
C071570	SNF1-related protein kinases	snf1 - related protein kinases	2	0
C071570	Snf1 kinase	snf1 kinase	2	0
C071690	berberine bridge enzyme	berberine bridge enzyme	5	0
C071696	androsin	androsin	10	0
C071718	methyltrimethoxysilane	methyltrimethoxysilane	14	0
C071736	TGFBR3	tgfbr3	68	0
C071736	betaglycan	betaglycan	4	0
C071738	PRE-084	pre - 084	18	0
C071845	dendrophenol	dendrophenol	6	0
C071845	moscatilin	moscatilin	3	0
C071913	melamine cyanurate	melamine cyanurate	7	0
C071926	2,6-dichlorobenzoquinone	2 , 6 - dichlorobenzoquinone	3	0
C071926	DCBQ	dcbq	20	0
C071983	altanserin	altanserin	13	0
C072061	coronin proteins	coronin proteins	7	0
C072105	KN-93	kn - 93	18	0
C072105	KN93	kn93	17	0
C072197	Survanta	survanta	1	0
C072197	beractant	beractant	5	0
C072212	PR 39	pr 39	1	0
C072212	PR-39	pr - 39	4	0
C072247	BQ 123	bq 123	1	0
C072247	BQ-123	bq - 123	4	0
C072247	BQ123	bq123	3	0
C072271	m5C methyltransferase	m5c methyltransferase	23	0
C072368	mFAD	mfad	7	0
C072417	Dotarem	dotarem	13	0
C072417	gadoterate meglumine	gadoterate meglumine	4	0
C072421	isoserine	isoserine	11	0
C072422	2-amino-1,3-propanediol	2 - amino - 1 , 3 - propanediol	4	0
C072422	serinol	serinol	14	0
C072433	1-kestose	1 - kestose	28	0
C072433	1-kestotriose	1 - kestotriose	2	0
C072547	epristeride	epristeride	15	0
C072665	JS-1	js - 1	17	0
C072685	guanylin	guanylin	5	0
C072704	FTCP	ftcp	7	0
C072735	CBAA	cbaa	5	0
C072818	xyloglucanase	xyloglucanase	6	0
C072847	diflufenican	diflufenican	29	0
C072936	notoginsenoside R1	notoginsenoside r1	43	0
C072941	semduramicin	semduramicin	6	0
C072993	CADPA	cadpa	6	0
C073062	HBPM	hbpm	193	0
C073143	indolicidin	indolicidin	15	0
C073293	dTDP-L-rhamnose	dtdp - l - rhamnose	6	0
C073341	citraconic acid	citraconic acid	7	0
C073341	mesaconic acid	mesaconic acid	7	0
C073402	PD123319	pd123319	6	0
C073412	SQR enzyme	sqr enzyme	1	0
C073412	plastoquinone reductase	plastoquinone reductase	1	0
C073412	sulfide quinone reductase	sulfide quinone reductase	1	0
C073412	sulfide-quinone oxidoreductase	sulfide - quinone oxidoreductase	1	0
C073412	sulfide-quinone reductase	sulfide - quinone reductase	1	0
C073432	6-kestose	6 - kestose	5	0
C073441	gephyrin	gephyrin	68	0
C073467	Barricaid	barricaid	7	0
C073539	erucin	erucin	11	0
C073590	Eovist	eovist	3	0
C073590	Gd-EOB-DTPA	gd - eob - dtpa	83	0
C073590	gadolinium ethoxybenzyl diethylenetriaminepentaacetic acid	gadolinium ethoxybenzyl diethylenetriaminepentaacetic acid	1	0
C073590	gadoxetate disodium	gadoxetate disodium	17	0
C073590	gadoxetic acid	gadoxetic acid	114	0
C073590	gadoxetic acid disodium	gadoxetic acid disodium	2	0
C073666	PVDF-TrFE	pvdf - trfe	51	0
C073693	xyloglucan endotransglycosylase	xyloglucan endotransglycosylase	7	0
C073740	ATAA	ataa	79	0
C073747	EK 49	ek 49	1	0
C073747	kamikihito	kamikihito	4	0
C073804	FM 1-43	fm 1 - 43	7	0
C073804	FM1-43	fm1 - 43	15	0
C073812	2,3-dihydrofuran	2 , 3 - dihydrofuran	7	0
C073870	Copper (I) iodide	copper ( i ) iodide	18	0
C073870	cuprous iodide	cuprous iodide	7	0
C073922	NT-4	nt - 4	17	0
C073922	neurotrophin 4	neurotrophin 4	1	0
C073922	neurotrophin-4	neurotrophin - 4	8	0
C073944	acetylshikonin	acetylshikonin	14	0
C073950	baccatin III	baccatin iii	7	0
C074004	N-feruloyltyramine	n - feruloyltyramine	1	0
C074004	feruloyltyramine	feruloyltyramine	22	0
C074004	moupinamide	moupinamide	7	0
C074016	Pro-Tyr	pro - tyr	8	0
C074142	DDMC	ddmc	12	0
C074185	NDHPS	ndhps	7	0
C074232	Phenyl-P	phenyl - p	96	0
C074250	MFPA	mfpa	6	0
C074268	BTMSS	btmss	6	0
C074308	sovateltide	sovateltide	11	0
C074309	LVV-H7	lvv - h7	5	0
C074309	LVV-hemorphin-7	lvv - hemorphin - 7	1	0
C074418	Apexit	apexit	6	0
C074442	TAPB	tapb	203	0
C074526	urethanase	urethanase	5	0
C074533	osteogenic growth peptide	osteogenic growth peptide	5	0
C074582	9-MG	9 - mg	11	0
C074585	trifluoroethylene	trifluoroethylene	50	0
C074641	caspase-1 inhibitor	caspase - 1 inhibitor	26	0
C074667	AdBP	adbp	8	0
C074678	DMHB	dmhb	6	0
C074696	MESG	mesg	14	0
C074808	NuPro	nupro	10	0
C074933	Geristore	geristore	9	0
C075054	SPase	spase	13	0
C075185	GlyCAM-1	glycam - 1	4	0
C075185	glycosylation-dependent cell adhesion molecule 1	glycosylation - dependent cell adhesion molecule 1	1	0
C075192	gustducin	gustducin	11	0
C075257	xanomeline	xanomeline	156	0
C075274	HCNP	hcnp	11	0
C075313	HBED-CC	hbed - cc	18	0
C075364	Fricke solution	fricke solution	5	0
C075384	coniferaldehyde	coniferaldehyde	9	0
C075384	coniferyl aldehyde	coniferyl aldehyde	6	0
C075386	sinapaldehyde	sinapaldehyde	6	0
C075391	fraxinellone	fraxinellone	8	0
C075425	physalin F	physalin f	5	0
C075430	serglycin	serglycin	22	0
C075524	2,5-DMP	2 , 5 - dmp	1	0
C075524	2,5-dimethylpyrazine	2 , 5 - dimethylpyrazine	17	0
C075524	2,6-dimethylpyrazine	2 , 6 - dimethylpyrazine	4	0
C075528	forsythin	forsythin	1	0
C075528	phillyrin	phillyrin	69	0
C075637	amphiphysin	amphiphysin	33	0
C075687	cynaropicrin	cynaropicrin	16	0
C075712	1,4,7-triazacyclononane	1 , 4 , 7 - triazacyclononane	19	0
C075736	Optisol	optisol	30	0
C075750	15-F2t-IsoP	15 - f2t - isop	2	0
C075750	15-F2t-isoprostane	15 - f2t - isoprostane	3	0
C075750	8-isoprostane	8 - isoprostane	80	0
C075773	4-phenylbutyrate	4 - phenylbutyrate	43	0
C075773	4-phenylbutyric acid	4 - phenylbutyric acid	53	0
C075773	sodium 4-phenylbutyrate	sodium 4 - phenylbutyrate	2	0
C075773	sodium phenylbutyrate	sodium phenylbutyrate	16	0
C075780	fluazinam	fluazinam	40	0
C075871	aspartimide	aspartimide	14	0
C076154	dimethomorph	dimethomorph	21	0
C076170	mizolastine	mizolastine	5	0
C076178	chebulagic acid	chebulagic acid	10	0
C076221	DTX-2	dtx - 2	2	0
C076221	DTX2	dtx2	42	0
C076221	dinophysistoxin 2	dinophysistoxin 2	1	0
C076221	dinophysistoxin-2	dinophysistoxin - 2	3	0
C076251	mozavaptan	mozavaptan	8	0
C076257	romifidine	romifidine	11	0
C076259	nifekalant	nifekalant	22	0
C076259	nifekalant hydrochloride	nifekalant hydrochloride	1	0
C076397	biotinylated dextran amine	biotinylated dextran amine	6	0
C076489	Meldrum's acid	meldrum ' s acid	18	0
C076523	allatostatin	allatostatin	19	0
C076624	dibenzyl ether	dibenzyl ether	5	0
C076626	TGTG	tgtg	5	0
C076685	Arg-Arg	arg - arg	17	0
C076744	CLIP-170	clip - 170	5	0
C076744	restin	restin	1	0
C076775	clostebol	clostebol	8	0
C076841	Ayush-64	ayush - 64	6	0
C076856	DHBT	dhbt	13	0
C076944	salvianolic acid B	salvianolic acid b	129	0
C076950	3,5-dihydroxybenzoic acid	3 , 5 - dihydroxybenzoic acid	7	0
C077010	gidazepam	gidazepam	13	0
C077020	histone H2A.Z	histone h2a . z	5	0
C077049	landiolol	landiolol	101	0
C077049	landiolol hydrochloride	landiolol hydrochloride	10	0
C077059	1,3,7,9-tetramethyluric acid	1 , 3 , 7 , 9 - tetramethyluric acid	1	0
C077059	tetramethyluric acid	tetramethyluric acid	1	0
C077059	theacrine	theacrine	35	0
C077073	2-(2-nitro-4-trifluoromethylbenzoyl)-1,3-cyclohexanedione	2 - ( 2 - nitro - 4 - trifluoromethylbenzoyl ) - 1 , 3 - cyclohexanedione	1	0
C077073	nitisinone	nitisinone	24	0
C077079	4-MP	4 - mp	8	0
C077108	HFPA	hfpa	8	0
C077110	acebrophylline	acebrophylline	8	0
C077114	poly(4-styrenesulfonic acid)	poly ( 4 - styrenesulfonic acid )	4	0
C077114	poly(sodium-4-styrenesulfonate)	poly ( sodium - 4 - styrenesulfonate )	3	0
C077209	oroidin	oroidin	8	0
C077219	EMAP II	emap ii	14	0
C077219	endothelial monocyte-activating polypeptide II	endothelial monocyte - activating polypeptide ii	3	0
C077258	sarcolipin	sarcolipin	11	0
C077305	CTF-1	ctf - 1	20	0
C077393	GT-2	gt - 2	6	0
C077447	angeloylzygadenine	angeloylzygadenine	6	0
C077455	1,2-diethoxyethane	1 , 2 - diethoxyethane	4	0
C077455	ethylene glycol diethyl ether	ethylene glycol diethyl ether	2	0
C077458	ginkgetin	ginkgetin	33	0
C077659	xenin	xenin	30	0
C077659	xenin-25	xenin - 25	23	0
C077728	Zot toxin	zot toxin	1	0
C077728	zonula occludens toxin	zonula occludens toxin	5	0
C077759	aryl-alcohol oxidase	aryl - alcohol oxidase	8	0
C077910	MGTX	mgtx	15	0
C077910	margatoxin	margatoxin	1	0
C077922	formamidine	formamidine	11	0
C077922	formamidinium	formamidinium	77	0
C077922	methanimidamide	methanimidamide	2	0
C077954	silver diammine	silver diammine	9	0
C077990	alvocidib	alvocidib	12	0
C077990	flavopiridol	flavopiridol	12	0
C078113	perfluoropolyether	perfluoropolyether	18	0
C078143	levosulpiride	levosulpiride	6	0
C078157	triapine	triapine	18	0
C078167	OmpA protein	ompa protein	2	0
C078167	Outer membrane protein A	outer membrane protein a	22	0
C078206	8-oxo-7,8-dihydro-2'-deoxyguanosine 5'-triphosphate	8 - oxo - 7 , 8 - dihydro - 2 ' - deoxyguanosine 5 ' - triphosphate	2	0
C078206	8-oxo-dGTP	8 - oxo - dgtp	12	0
C078228	FSOD	fsod	7	0
C078238	SIAB	siab	10	0
C078282	Unifast	unifast	7	0
C078327	MeCPP	mecpp	52	0
C078565	omega-3 fatty acid desaturase	omega - 3 fatty acid desaturase	5	0
C078626	Imagent	imagent	3	0
C078626	perfluorohexane	perfluorohexane	75	0
C078629	DMPI	dmpi	10	0
C078634	2,4-dihydroxyacetophenone	2 , 4 - dihydroxyacetophenone	5	0
C078669	cedrol	cedrol	75	0
C078685	211At-MABG	211at - mabg	6	0
C078700	99mTc-tetrofosmin	99mtc - tetrofosmin	3	0
C078700	Myoview	myoview	4	0
C078700	Tc-99m-tetrofosmin	tc - 99m - tetrofosmin	1	0
C078846	epoxomicin	epoxomicin	6	0
C078856	RNase H1	rnase h1	28	0
C078856	RNase HI	rnase hi	9	0
C078856	ribonuclease HI	ribonuclease hi	3	0
C078865	reticulocalbin	reticulocalbin	10	0
C078904	ifetroban	ifetroban	8	0
C078922	torulene	torulene	10	0
C078923	torularhodin	torularhodin	25	0
C079032	CGP 37157	cgp 37157	1	0
C079032	CGP-37157	cgp - 37157	9	0
C079040	benzocyclobutene	benzocyclobutene	10	0
C079049	M100907	m100907	4	0
C079049	MDL 100907	mdl 100907	1	0
C079049	MDL-100,907	mdl - 100 , 907	2	0
C079049	MDL-100907	mdl - 100907	2	0
C079049	volinanserin	volinanserin	6	0
C079087	SR48692	sr48692	13	0
C079110	YM-3	ym - 3	5	0
C079111	YM-4	ym - 4	9	0
C079142	1,2-dioxetane	1 , 2 - dioxetane	9	0
C079149	clozapine N-oxide	clozapine n - oxide	7	0
C079163	quercetagetin	quercetagetin	52	0
C079168	agathisflavone	agathisflavone	5	0
C079170	damnacanthal	damnacanthal	7	0
C079213	IPCIT	ipcit	8	0
C079215	3,5-DHPG	3 , 5 - dhpg	3	0
C079215	3,5-dihydroxyphenylglycine	3 , 5 - dihydroxyphenylglycine	6	0
C079237	ethyl caproate	ethyl caproate	15	0
C079237	ethyl hexanoate	ethyl hexanoate	39	0
C079237	hexanoic acid ethyl ester	hexanoic acid ethyl ester	2	0
C079308	6-chloropurine	6 - chloropurine	5	0
C079310	blonanserin	blonanserin	22	0
C079391	2-phenyl-4,4,5,5-tetramethylimidazoline-1-oxyl-3-oxide	2 - phenyl - 4 , 4 , 5 , 5 - tetramethylimidazoline - 1 - oxyl - 3 - oxide	1	0
C079391	PTIO	ptio	17	0
C079465	pneumocandin B0	pneumocandin b0	7	0
C079489	bindarit	bindarit	19	0
C079540	PTBD	ptbd	124	0
C079573	MBCA	mbca	11	0
C079584	NO-Cbl	no - cbl	6	0
C079733	poly(p-dioxanone)	poly ( p - dioxanone )	13	0
C079733	poly-p-dioxanone	poly - p - dioxanone	5	0
C080033	Chiralpak AD	chiralpak ad	15	0
C080033	amylose tris(3,5-dimethylphenylcarbamate)	amylose tris ( 3 , 5 - dimethylphenylcarbamate )	1	0
C080035	Imunofan	imunofan	10	0
C080057	Leu-Tyr	leu - tyr	11	0
C080077	oenothein B	oenothein b	22	0
C080095	liensinine	liensinine	54	0
C080127	norfentanyl	norfentanyl	24	0
C080260	marbofloxacin	marbofloxacin	41	0
C080276	mono(2-ethyl-5-oxohexyl) phthalate	mono ( 2 - ethyl - 5 - oxohexyl ) phthalate	5	0
C080276	mono(2-ethyl-5-oxohexyl)phthalate	mono ( 2 - ethyl - 5 - oxohexyl ) phthalate	5	0
C080315	annamycin	annamycin	6	0
C080380	SMI2	smi2	35	0
C080406	protein phosphatase 4	protein phosphatase 4	10	0
C080419	HPIP	hpip	7	0
C080436	8-aminoquinoline	8 - aminoquinoline	16	0
C080469	4,5-dichloro-2-n-octyl-4-isothiazolin-3-one	4 , 5 - dichloro - 2 - n - octyl - 4 - isothiazolin - 3 - one	5	0
C080477	D-carbamoylase	d - carbamoylase	7	0
C080546	cysteine desulfurase	cysteine desulfurase	17	0
C080568	Fc gamma receptor IIA	fc gamma receptor iia	5	0
C080586	hymenoptaecin	hymenoptaecin	12	0
C080613	spiraeoside	spiraeoside	7	0
C080661	2-NAP	2 - nap	8	0
C080669	oroxylin	oroxylin	53	0
C080669	oroxylin A	oroxylin a	52	0
C080726	cornuside	cornuside	15	0
C080771	bergaptol	bergaptol	11	0
C080774	EKLF	eklf	5	0
C080774	Kruppel-like factor 1	kruppel - like factor 1	3	0
C080813	inducible T cell kinase	inducible t cell kinase	7	0
C080868	RNase R	rnase r	47	0
C080890	terpestacin	terpestacin	5	0
C080903	TJ-114	tj - 114	1	0
C080903	saireito	saireito	9	0
C080906	glucokinase regulatory protein	glucokinase regulatory protein	9	0
C081014	1,2-bis(2,4,6-tribromophenoxy)ethane	1 , 2 - bis ( 2 , 4 , 6 - tribromophenoxy ) ethane	8	0
C081021	Go 6976	go 6976	1	0
C081021	Go6976	go6976	5	0
C081092	HGF activator	hgf activator	2	0
C081092	hepatocyte growth factor activator	hepatocyte growth factor activator	10	0
C081153	1,2-difluorobenzene	1 , 2 - difluorobenzene	6	0
C081159	secretoneurin	secretoneurin	12	0
C081331	nor-UDCA	nor - udca	5	0
C081331	nor-ursodeoxycholic acid	nor - ursodeoxycholic acid	2	0
C081378	microbial lipase	microbial lipase	5	0
C081408	fiscalin B	fiscalin b	11	0
C081524	DADH	dadh	5	0
C081552	protopanaxatriol	protopanaxatriol	34	0
C081565	AACOCF3	aacocf3	10	0
C081571	Tyr-Ile-Gly-Ser-Arg	tyr - ile - gly - ser - arg	1	0
C081571	YIGSR	yigsr	13	0
C081581	1,2-dipalmitoyl-sn-glycero-3-phosphocholine	1 , 2 - dipalmitoyl - sn - glycero - 3 - phosphocholine	18	0
C081587	strontium ranelate	strontium ranelate	7	0
C081676	GGTTGGTGTGGTTGG	ggttggtgtggttgg	1	0
C081676	thrombin aptamer	thrombin aptamer	4	0
C081676	thrombin-binding aptamer	thrombin - binding aptamer	3	0
C081732	HP 873	hp 873	1	0
C081732	iloperidone	iloperidone	16	0
C081766	2,4,4'-trichlorobiphenyl	2 , 4 , 4 ' - trichlorobiphenyl	5	0
C081766	PCB 28	pcb 28	3	0
C081766	PCB-28	pcb - 28	3	0
C081798	neoagarotetraose	neoagarotetraose	5	0
C081895	CI-994	ci - 994	25	0
C081895	tacedinaline	tacedinaline	1	0
C081914	2-methoxybenzoate	2 - methoxybenzoate	1	0
C081914	2-methoxybenzoic acid	2 - methoxybenzoic acid	2	0
C081914	o-anisic acid	o - anisic acid	2	0
C081939	acetyleugenol	acetyleugenol	1	0
C081939	eugenyl acetate	eugenyl acetate	8	0
C081959	selenourea	selenourea	9	0
C082026	tebufenozide	tebufenozide	36	0
C082090	gomisin B	gomisin b	9	0
C082090	schisantherin B	schisantherin b	8	0
C082134	SR-49059	sr - 49059	1	0
C082134	relcovaptan	relcovaptan	8	0
C082196	Innovin	innovin	5	0
C082246	ZD-7288	zd - 7288	2	0
C082246	ZD7288	zd7288	12	0
C082309	tezampanel	tezampanel	6	0
C082361	polydiacetylene	polydiacetylene	15	0
C082368	fluvibactin	fluvibactin	9	0
C082408	SAM486A	sam486a	5	0
C082412	notopterol	notopterol	11	0
C082430	molgramostim	molgramostim	8	0
C082444	neuromedin U receptor	neuromedin u receptor	7	0
C082444	neuromedin U receptors	neuromedin u receptors	1	0
C082497	neoandrographolide	neoandrographolide	12	0
C082585	IMSP	imsp	7	0
C082598	aldesleukin	aldesleukin	8	0
C082662	4'-phosphopantetheinyl transferase	4 ' - phosphopantetheinyl transferase	3	0
C082662	phosphopantetheinyl transferase	phosphopantetheinyl transferase	9	0
C082668	PSG12	psg12	6	0
C082691	MFP-1	mfp - 1	8	0
C082735	azetidine	azetidine	69	0
C082835	SFLLRN	sfllrn	2	0
C082835	TRAP-6	trap - 6	13	0
C082854	silicon phthalocyanine	silicon phthalocyanine	6	0
C082897	CP-70429	cp - 70429	1	0
C082897	sulopenem	sulopenem	24	0
C082908	ITGA7	itga7	56	0
C082909	candidalysin	candidalysin	88	0
C082913	L-iditol	l - iditol	2	0
C082913	iditol	iditol	3	0
C083030	dehydrocostus lactone	dehydrocostus lactone	14	0
C083030	dehydrocostuslactone	dehydrocostuslactone	3	0
C083066	calceolarioside	calceolarioside	10	0
C083076	acetyltaurine	acetyltaurine	8	0
C083094	polyglucosan	polyglucosan	33	0
C083152	liquiritigenin	liquiritigenin	89	0
C083169	CysLT1 receptor	cyslt1 receptor	7	0
C083169	CysLT1R	cyslt1r	18	0
C083169	cysteinyl leukotriene receptor	cysteinyl leukotriene receptor	13	0
C083178	nuezhenide	nuezhenide	1	0
C083178	specnuezhenide	specnuezhenide	13	0
C083283	cPAF	cpaf	13	0
C083286	degradable starch microspheres	degradable starch microspheres	7	0
C083295	prunetin	prunetin	28	0
C083299	MPMS	mpms	44	0
C083346	arglabin	arglabin	7	0
C083368	scytonemin	scytonemin	22	0
C083404	Plt-I	plt - i	15	0
C083501	Elacridar	elacridar	37	0
C083510	THDCA	thdca	16	0
C083510	taurohyodeoxycholic acid	taurohyodeoxycholic acid	10	0
C083545	castasterone	castasterone	8	0
C083624	HWTX-I	hwtx - i	8	0
C083641	NITEGE	nitege	2	0
C083641	aggrecanase	aggrecanase	6	0
C083728	class II transactivator	class ii transactivator	5	0
C083773	exendin (9-39)	exendin ( 9 - 39 )	17	0
C083825	carbohydrate antigen 72-4	carbohydrate antigen 72 - 4	8	0
C083832	NE-100	ne - 100	8	0
C083929	neuropeptide FF receptor	neuropeptide ff receptor	8	0
C083929	neuropeptide FF receptors	neuropeptide ff receptors	1	0
C083998	HPPH	hpph	16	0
C084063	RIBBOND	ribbond	30	0
C084079	triptonide	triptonide	15	0
C084136	liu-jun-zi-tang	liu - jun - zi - tang	2	0
C084136	rikkunshito	rikkunshito	23	0
C084241	pedunculoside	pedunculoside	26	0
C084245	HLA-DMA	hla - dma	13	0
C084245	HLA-DMB	hla - dmb	5	0
C084258	CYP75A	cyp75a	1	0
C084258	flavonoid 3',5'-hydroxylase	flavonoid 3 ' , 5 ' - hydroxylase	5	0
C084350	teverelix	teverelix	9	0
C084352	DSPG	dspg	9	0
C084356	FMPP	fmpp	12	0
C084507	peptide deformylase	peptide deformylase	22	0
C084519	farnesal	farnesal	6	0
C084550	Vitremer	vitremer	7	0
C084562	Medpor	medpor	35	0
C084586	metomidate	metomidate	26	0
C084593	sulthiame	sulthiame	2	0
C084593	sultiame	sultiame	8	0
C084599	clotiazepam	clotiazepam	7	0
C084612	fibulin 2	fibulin 2	2	0
C084612	fibulin-2	fibulin - 2	10	0
C084709	castalagin	castalagin	12	0
C084709	vescalagin	vescalagin	5	0
C084715	HIVIG	hivig	7	0
C084794	hydroxyitraconazole	hydroxyitraconazole	6	0
C084797	INSL3 protein	insl3 protein	1	0
C084797	Insulin-like peptide 5	insulin - like peptide 5	5	0
C084824	syrosingopine	syrosingopine	8	0
C084835	etonitazene	etonitazene	9	0
C084882	P-selectin glycoprotein ligand-1	p - selectin glycoprotein ligand - 1	10	0
C084956	IB-MECA	ib - meca	12	0
C084991	4-ethylguaiacol	4 - ethylguaiacol	21	0
C085059	phloxine	phloxine	13	0
C085163	benoxacor	benoxacor	15	0
C085192	MoCl3	mocl3	2	0
C085192	MoCl5	mocl5	11	0
C085192	molybdenum chloride	molybdenum chloride	1	0
C085192	molybdenum pentachloride	molybdenum pentachloride	2	0
C085278	hydroxysafflor yellow A	hydroxysafflor yellow a	62	0
C085284	MAP1B	map1b	31	0
C085284	microtubule-associated protein 1B	microtubule - associated protein 1b	2	0
C085312	1-naphthoic acid	1 - naphthoic acid	2	0
C085312	naphthoic acid	naphthoic acid	19	0
C085319	maculosin	maculosin	7	0
C085344	maspin	maspin	28	0
C085352	cycloartane	cycloartane	22	0
C085567	complement C3a receptor	complement c3a receptor	7	0
C085577	CabP1	cabp1	14	0
C085592	pteridine reductase	pteridine reductase	9	0
C085592	pteridine reductase 1	pteridine reductase 1	6	0
C085746	rottlerin	rottlerin	26	0
C085894	2-hydroxycinnamic acid	2 - hydroxycinnamic acid	12	0
C085911	LY 294002	ly 294002	1	0
C085911	LY-294002	ly - 294002	2	0
C085911	LY294002	ly294002	315	0
C086073	5-formylcytidine	5 - formylcytidine	5	0
C086178	PCNT protein	pcnt protein	1	0
C086178	pericentrin	pericentrin	13	0
C086184	hexarelin	hexarelin	17	0
C086206	L-368,899	l - 368 , 899	6	0
C086243	sciadopitysin	sciadopitysin	5	0
C086292	CYP2C29	cyp2c29	10	0
C086299	cis-jasmone	cis - jasmone	9	0
C086299	jasmone	jasmone	11	0
C086337	acid fuchsin	acid fuchsin	6	0
C086337	acid violet 19	acid violet 19	1	0
C086458	RU 58841	ru 58841	7	0
C086458	RU58841	ru58841	1	0
C086491	NS1619	ns1619	11	0
C086531	ST271	st271	7	0
C086539	BQ-788	bq - 788	2	0
C086539	BQ788	bq788	10	0
C086548	pixantrone	pixantrone	15	0
C086597	Spi-1	spi - 1	53	0
C086651	H179	h179	5	0
C086668	acinetoferrin	acinetoferrin	5	0
C086788	Mg-chelatase	mg - chelatase	9	0
C086788	magnesium chelatase	magnesium chelatase	5	0
C086822	ethyl mandelate	ethyl mandelate	6	0
C086860	GSH transporter	gsh transporter	2	0
C086860	glutathione transporter	glutathione transporter	6	0
C086861	poly(N-vinylcaprolactam)	poly ( n - vinylcaprolactam )	8	0
C086861	poly-N-vinylcaprolactam	poly - n - vinylcaprolactam	1	0
C086974	1-hexadecanethiol	1 - hexadecanethiol	1	0
C086974	hexadecanethiol	hexadecanethiol	4	0
C087079	ProGRP	progrp	89	0
C087259	3-chlorotyrosine	3 - chlorotyrosine	8	0
C087496	rhizoferrin	rhizoferrin	5	0
C087769	ST antigen	st antigen	7	0
C087808	jujuboside A	jujuboside a	28	0
C087822	alkaline protease	alkaline protease	66	0
C087913	neocnidilide	neocnidilide	4	0
C087913	sedanolide	sedanolide	13	0
C087950	nuclear matrix protein 2	nuclear matrix protein 2	15	0
C087976	NRD convertase	nrd convertase	1	0
C087976	nardilysin	nardilysin	14	0
C087987	riparin III	riparin iii	12	0
C088013	2-hydroxy-phenazine	2 - hydroxy - phenazine	1	0
C088013	2-hydroxyphenazine	2 - hydroxyphenazine	5	0
C088060	bisindolylmaleimide	bisindolylmaleimide	6	0
C088069	andrimid	andrimid	10	0
C088117	Tanganil	tanganil	2	0
C088117	acetyl-DL-leucine	acetyl - dl - leucine	6	0
C088117	acetylleucine	acetylleucine	3	0
C088139	undecaprenyl pyrophosphate	undecaprenyl pyrophosphate	7	0
C088188	Gly-Pro-Hyp	gly - pro - hyp	7	0
C088294	3-aminopropyltrimethoxysilane	3 - aminopropyltrimethoxysilane	9	0
C088294	APS-3	aps - 3	5	0
C088446	pironetin	pironetin	5	0
C088464	SNC 80	snc 80	1	0
C088464	SNC80	snc80	20	0
C088486	Dyract	dyract	5	0
C088563	fomesafen	fomesafen	27	0
C088633	proadrenomedullin	proadrenomedullin	13	0
C088936	GTS-21	gts - 21	33	0
C089210	GA 20-oxidase	ga 20 - oxidase	1	0
C089210	gibberellin 20-oxidase	gibberellin 20 - oxidase	5	0
C089212	protein kinase D	protein kinase d	17	0
C089227	celgard	celgard	18	0
C089294	cereulide	cereulide	73	0
C089378	apigenin-7-O-neohesperidoside	apigenin - 7 - o - neohesperidoside	1	0
C089378	rhoifolin	rhoifolin	28	0
C089384	N-acetyltransferase 1	n - acetyltransferase 1	5	0
C089525	1-NAP	1 - nap	10	0
C089548	Cu-ATSM	cu - atsm	7	0
C089641	protein phosphatase 5	protein phosphatase 5	5	0
C089669	di-8-ANEPPS	di - 8 - anepps	7	0
C089767	indium nitrate	indium nitrate	4	0
C089767	indium nitrate hydrate	indium nitrate hydrate	1	0
C089797	poly(butylene succinate)	poly ( butylene succinate )	39	0
C089797	polybutylene succinate	polybutylene succinate	44	0
C089808	TgP1	tgp1	5	0
C089813	YO-PRO-1	yo - pro - 1	7	0
C089813	YoPro-1	yopro - 1	2	0
C089872	6'-deoxy-6'-fluoro-5'-hydroxyhomoadenosine	6 ' - deoxy - 6 ' - fluoro - 5 ' - hydroxyhomoadenosine	1	0
C089872	DFHHA	dfhha	4	0
C089930	8-oxo-dATP	8 - oxo - datp	9	0
C090019	CCK-8S	cck - 8s	9	0
C090126	vibrioferrin	vibrioferrin	7	0
C090278	CYP2B11	cyp2b11	15	0
C090365	ponicidin	ponicidin	19	0
C090413	WAY-100635	way - 100635	15	0
C090413	WAY100,635	way100 , 635	5	0
C090448	cinnamoylglycine	cinnamoylglycine	12	0
C090573	Tpp47	tpp47	5	0
C090600	Gadovist	gadovist	4	0
C090600	gadobutrol	gadobutrol	63	0
C090683	artocarpin	artocarpin	15	0
C090764	prelamin A	prelamin a	27	0
C090831	gegen decoction	gegen decoction	8	0
C090831	kakkonto	kakkonto	10	0
C090942	SB 202190	sb 202190	1	0
C090942	SB202190	sb202190	21	0
C090969	Tetric	tetric	117	0
C090998	3-quinuclidinone	3 - quinuclidinone	3	0
C090998	quinuclidin-3-one	quinuclidin - 3 - one	3	0
C091012	anti-Sc2	anti - sc2	5	0
C091139	RNase HII	rnase hii	10	0
C091186	acinetobactin	acinetobactin	9	0
C091279	neogenin	neogenin	21	0
C091375	9-hydroxyphenanthrene	9 - hydroxyphenanthrene	3	0
C091375	9-phenanthrol	9 - phenanthrol	3	0
C091529	plexin	plexin	114	0
C091644	fusinite	fusinite	6	0
C091694	1,2,3-TMB	1 , 2 , 3 - tmb	1	0
C091694	1,2,3-trimethoxybenzene	1 , 2 , 3 - trimethoxybenzene	4	0
C091715	guanylyl cyclase-A	guanylyl cyclase - a	4	0
C091715	natriuretic peptide receptor 1	natriuretic peptide receptor 1	5	0
C091715	natriuretic peptide receptor A	natriuretic peptide receptor a	3	0
C091824	syntrophin	syntrophin	11	0
C091960	ethyl decanoate	ethyl decanoate	11	0
C092006	A-779	a - 779	8	0
C092018	glycoluril	glycoluril	6	0
C092152	TAPI-1	tapi - 1	12	0
C092244	Lyral	lyral	4	0
C092244	hydroxyisohexyl 3-cyclohexene carboxaldehyde	hydroxyisohexyl 3 - cyclohexene carboxaldehyde	4	0
C092274	MCH receptor	mch receptor	2	0
C092274	melanin-concentrating hormone receptor	melanin - concentrating hormone receptor	2	0
C092274	melanin-concentrating hormone receptors	melanin - concentrating hormone receptors	1	0
C092340	ferulenol	ferulenol	11	0
C092349	chromokinesin	chromokinesin	5	0
C092530	neurotrimin	neurotrimin	7	0
C092646	oxyacanthine	oxyacanthine	5	0
C092705	uniconazole	uniconazole	18	0
C092717	thymidine kinase 1	thymidine kinase 1	17	0
C092985	calcium pidolate	calcium pidolate	5	0
C092987	Optibond	optibond	26	0
C093067	tilivalline	tilivalline	8	0
C093073	Demineralized Dentin Matrix	demineralized dentin matrix	21	0
C093125	taxadiene	taxadiene	10	0
C093207	SYBR-14	sybr - 14	7	0
C093224	sema4D	sema4d	71	0
C093224	semaphorin 4D	semaphorin 4d	9	0
C093233	iobitridol	iobitridol	7	0
C093238	NK-lysin	nk - lysin	6	0
C093350	NUP98	nup98	127	0
C093373	HOE-642	hoe - 642	3	0
C093373	cariporide	cariporide	13	0
C093382	isovanillin	isovanillin	16	0
C093438	neuroligin 1	neuroligin 1	5	0
C093443	madecassoside	madecassoside	33	0
C093444	1,2,4-triazine	1 , 2 , 4 - triazine	27	0
C093517	TIF1	tif1	83	0
C093517	transcriptional intermediary factor 1	transcriptional intermediary factor 1	10	0
C093529	funoran	funoran	13	0
C093582	indan	indan	11	0
C093628	cyproconazole	cyproconazole	22	0
C093642	SB 203580	sb 203580	1	0
C093642	SB203580	sb203580	78	0
C093656	AG85	ag85	12	0
C093666	Lipozyme	lipozyme	13	0
C093667	Novozyme 435	novozyme 435	1	0
C093667	novozym 435	novozym 435	11	0
C093696	Ionoseal	ionoseal	11	0
C093701	lacdiNAc	lacdinac	26	0
C093713	ribonucleotide reductase M2	ribonucleotide reductase m2	9	0
C093713	ribonucleotide reductase M2 subunit	ribonucleotide reductase m2 subunit	3	0
C093768	galactoglucan	galactoglucan	9	0
C093788	epothilone B	epothilone b	24	0
C093792	680C91	680c91	8	0
C093792	LM10	lm10	3	0
C093828	MSI-78	msi - 78	7	0
C093828	pexiganan	pexiganan	10	0
C093850	methyl phenyl sulfide	methyl phenyl sulfide	3	0
C093850	thioanisole	thioanisole	8	0
C093854	isoprene synthase	isoprene synthase	5	0
C094023	AM-630	am - 630	3	0
C094023	AM630	am630	27	0
C094148	epimagnolin	epimagnolin	1	0
C094148	magnolin	magnolin	12	0
C094210	DETA NONOate	deta nonoate	1	0
C094210	DETA-NONOate	deta - nonoate	3	0
C094210	diethylenetriamine NONOate	diethylenetriamine nonoate	2	0
C094428	AQ4N	aq4n	14	0
C094428	banoxantrone	banoxantrone	5	0
C094428	banoxantrone dihydrochloride	banoxantrone dihydrochloride	1	0
C094493	RANBP2	ranbp2	42	0
C094535	deflux	deflux	10	0
C094621	cemadotin	cemadotin	5	0
C094850	4-PPBP	4 - ppbp	9	0
C094854	ulipristal	ulipristal	46	0
C094877	dioleoyl phosphatidylethanolamine	dioleoyl phosphatidylethanolamine	2	0
C094877	dioleoylphosphatidylethanolamine	dioleoylphosphatidylethanolamine	4	0
C094880	protegrin-1	protegrin - 1	13	0
C095024	LDGF	ldgf	6	0
C095029	CYP4B1	cyp4b1	7	0
C095039	Merrifield resin	merrifield resin	5	0
C095122	MDR3 protein	mdr3 protein	1	0
C095122	multidrug resistance protein 3	multidrug resistance protein 3	5	0
C095255	clomazone	clomazone	11	0
C095299	palmitoyl-protein thioesterase	palmitoyl - protein thioesterase	10	0
C095299	palmitoyl-protein thioesterase 1	palmitoyl - protein thioesterase 1	7	0
C095446	3-indolepropionic acid	3 - indolepropionic acid	20	0
C095477	PDGF-AB	pdgf - ab	42	0
C095477	platelet-derived growth factor AB	platelet - derived growth factor ab	1	0
C095512	AG490	ag490	55	0
C095643	altenusin	altenusin	9	0
C095886	anillin	anillin	22	0
C095889	NPY2 receptor	npy2 receptor	5	0
C095889	neuropeptide Y2 receptor	neuropeptide y2 receptor	1	0
C095889	neuropeptide Y2 receptors	neuropeptide y2 receptors	1	0
C095926	taxa-4(5),11(12)-diene synthase	taxa - 4 ( 5 ) , 11 ( 12 ) - diene synthase	2	0
C095926	taxadiene synthase	taxadiene synthase	3	0
C095998	Adhesive cement	adhesive cement	9	0
C096118	2-methoxy-1,4-naphthoquinone	2 - methoxy - 1 , 4 - naphthoquinone	5	0
C096126	propionic anhydride	propionic anhydride	5	0
C096164	hepatocyte growth factor-regulated tyrosine kinase substrate	hepatocyte growth factor - regulated tyrosine kinase substrate	6	0
C096222	tmRNA	tmrna	35	0
C096226	tri-n-propylamine	tri - n - propylamine	10	0
C096226	tripropylamine	tripropylamine	7	0
C096305	fluorinated ethylene propylene	fluorinated ethylene propylene	11	0
C096326	botulinum neurotoxin E	botulinum neurotoxin e	1	0
C096326	botulinum neurotoxin type E	botulinum neurotoxin type e	5	0
C096326	botulinum toxin type E	botulinum toxin type e	2	0
C096387	3-dehydroshikimate	3 - dehydroshikimate	4	0
C096387	3-dehydroshikimic acid	3 - dehydroshikimic acid	1	0
C096645	galactinol synthase	galactinol synthase	12	0
C096654	N-methylpyrrole	n - methylpyrrole	7	0
C096713	Z-VAD-FMK	z - vad - fmk	69	0
C096713	ZVAD-FMK	zvad - fmk	7	0
C096794	C-terminal binding protein	c - terminal binding protein	13	0
C096995	pseudouridine synthase	pseudouridine synthase	34	0
C096995	pseudouridine synthases	pseudouridine synthases	9	0
C096996	GSSSG	gsssg	3	0
C096996	glutathione trisulfide	glutathione trisulfide	3	0
C097153	zeaxanthin epoxidase	zeaxanthin epoxidase	15	0
C097196	2,6-nonadienal	2 , 6 - nonadienal	13	0
C097199	Kinase suppressor of ras	kinase suppressor of ras	8	0
C097270	ZM 241385	zm 241385	1	0
C097270	ZM241385	zm241385	11	0
C097314	progesterone receptor B	progesterone receptor b	5	0
C097367	ginsenoside Rg3	ginsenoside rg3	81	0
C097407	VS 215	vs 215	8	0
C097428	Bioseal	bioseal	7	0
C097702	synaptojanin	synaptojanin	10	0
C097702	synaptojanin-1	synaptojanin - 1	1	0
C097702	synaptojanin-2	synaptojanin - 2	2	0
C097702	synaptojanin1	synaptojanin1	2	0
C097760	C16-ceramide	c16 - ceramide	25	0
C097869	SR59230A	sr59230a	18	0
C097921	USPIO	uspio	19	0
C097921	ultrasmall superparamagnetic iron oxide	ultrasmall superparamagnetic iron oxide	7	0
C098003	neuroligin 2	neuroligin 2	2	0
C098003	neuroligin-2	neuroligin - 2	13	0
C098051	UDP-galactopyranose mutase	udp - galactopyranose mutase	5	0
C098076	S-thanatin	s - thanatin	1	0
C098076	thanatin	thanatin	36	0
C098107	flibanserin	flibanserin	17	0
C098156	PBzMA	pbzma	9	0
C098189	pentabromophenol	pentabromophenol	5	0
C098230	Met-Gly	met - gly	5	0
C098340	2-(N-(7-nitrobenz-2-oxa-1,3-diazol-4-yl)amino)-2-deoxyglucose	2 - ( n - ( 7 - nitrobenz - 2 - oxa - 1 , 3 - diazol - 4 - yl ) amino ) - 2 - deoxyglucose	1	0
C098340	2-NBDG	2 - nbdg	24	0
C098341	platelet glycoprotein VI	platelet glycoprotein vi	9	0
C098402	metacycloprodigiosin	metacycloprodigiosin	6	0
C098416	MAPKAPK3	mapkapk3	20	0
C098467	isoliquiritin	isoliquiritin	6	0
C098467	neoisoliquiritin	neoisoliquiritin	1	0
C098468	Cu-His	cu - his	6	0
C098468	Zycubo	zycubo	2	0
C098468	copper histidinate	copper histidinate	3	0
C098555	lacto-N-triose II	lacto - n - triose ii	11	0
C098580	chikusetsusaponin IVa	chikusetsusaponin iva	5	0
C098609	ammonium dinitramide	ammonium dinitramide	9	0
C098657	SCH 58261	sch 58261	4	0
C098657	SCH58261	sch58261	10	0
C098681	somatostatin receptor 4	somatostatin receptor 4	4	0
C098681	sst4 receptor	sst4 receptor	3	0
C098738	Ac-YVAD-cmk	ac - yvad - cmk	5	0
C098738	YVAD-CMK	yvad - cmk	5	0
C098798	SYBR Green II	sybr green ii	9	0
C098946	hyaluronan-mediated motility receptor	hyaluronan - mediated motility receptor	6	0
C099046	N,N-dimethylacrylamide	n , n - dimethylacrylamide	27	0
C099069	astilbin	astilbin	61	0
C099069	isoastilbin	isoastilbin	1	0
C099069	neoisoastilbin	neoisoastilbin	1	0
C099085	ethyl ferulate	ethyl ferulate	8	0
C099132	Hb Pakse	hb pakse	4	0
C099132	hemoglobin Pakse	hemoglobin pakse	1	0
C099403	acibenzolar-S-methyl	acibenzolar - s - methyl	7	0
C099471	sesamoside	sesamoside	5	0
C099495	RS 17053	rs 17053	5	0
C099499	TPPo	tppo	8	0
C099537	EBER1	eber1	8	0
C099539	tris(2-aminoethyl)amine	tris ( 2 - aminoethyl ) amine	10	0
C099565	4-(methylnitrosamino)-1-(3-pyridyl)-1-butanol	4 - ( methylnitrosamino ) - 1 - ( 3 - pyridyl ) - 1 - butanol	9	0
C099588	myotubularin	myotubularin	8	0
C099596	bianthrone	bianthrone	6	0
C099630	L-745,870	l - 745 , 870	5	0
C099724	sakuranetin	sakuranetin	80	0
C099796	bigelovin	bigelovin	8	0
C099823	norbixin	norbixin	13	0
C099845	P2Y6 receptor	p2y6 receptor	11	0
C099845	P2Y6 receptors	p2y6 receptors	4	0
C099855	demethylzeylasteral	demethylzeylasteral	6	0
C099950	Ephedrae herba	ephedrae herba	13	0
C099950	mahuanggen	mahuanggen	1	0
C100006	PGF1	pgf1	15	0
C100006	PGF1alpha	pgf1alpha	1	0
C100006	prostaglandin F1	prostaglandin f1	4	0
C100028	hypusine	hypusine	16	0
C100076	carbonyl cyanide	carbonyl cyanide	51	0
C100082	malaoxon	malaoxon	5	0
C100089	cycloartenol	cycloartenol	25	0
C100093	gentamicin C	gentamicin c	1	0
C100093	gentamicin C1a	gentamicin c1a	6	0
C100099	CB1954	cb1954	10	0
C100106	stobadine	stobadine	5	0
C100126	ODAP	odap	31	0
C100126	dencichine	dencichine	4	0
C100153	2,4-dienoyl-CoA reductase	2 , 4 - dienoyl - coa reductase	5	0
C100169	saccharopine	saccharopine	8	0
C100200	negamycin	negamycin	8	0
C100209	Optipen	optipen	5	0
C100213	piericidin A	piericidin a	1	0
C100213	piericidin A1	piericidin a1	5	0
C100248	6-azauracil	6 - azauracil	4	0
C100248	azauracil	azauracil	6	0
C100264	enniatin A	enniatin a	2	0
C100264	enniatin B	enniatin b	13	0
C100264	enniatins	enniatins	23	0
C100305	kasugamycin	kasugamycin	24	0
C100342	marimastat	marimastat	23	0
C100398	hydroxymycotrienin A	hydroxymycotrienin a	5	0
C100442	PD150606	pd150606	7	0
C100573	PGA1	pga1	11	0
C100573	prostaglandin A1	prostaglandin a1	5	0
C100637	plasmepsin II	plasmepsin ii	6	0
C100646	Metal Primer	metal primer	5	0
C100688	neonatal Fc receptor	neonatal fc receptor	153	0
C100688	neonatal Fc receptors	neonatal fc receptors	2	0
C100769	amylovoran	amylovoran	5	0
C100832	2-octyl cyanoacrylate	2 - octyl cyanoacrylate	15	0
C100832	2-octylcyanoacrylate	2 - octylcyanoacrylate	3	0
C100832	Dermabond	dermabond	3	0
C100832	octyl cyanoacrylate	octyl cyanoacrylate	16	0
C101012	ferrous lactate	ferrous lactate	10	0
C101130	SSTR1	sstr1	20	0
C101203	IQ motif containing GTPase activating protein 1	iq motif containing gtpase activating protein 1	1	0
C101203	IQGAP1 protein	iqgap1 protein	4	0
C101233	2-thiothymine	2 - thiothymine	8	0
C101278	decursin	decursin	11	0
C101278	decursinol	decursinol	9	0
C101278	decursinol angelate	decursinol angelate	2	0
C101280	ginsenoside Rh4	ginsenoside rh4	13	0
C101670	KB-R7943	kb - r7943	9	0
C101789	SA4503	sa4503	19	0
C101789	cutamesine	cutamesine	7	0
C101815	perfluoro-n-heptanoic acid	perfluoro - n - heptanoic acid	1	0
C101815	perfluoroheptanoic acid	perfluoroheptanoic acid	16	0
C101967	arabinosyltransferase	arabinosyltransferase	5	0
C102012	CYFRA 21-1	cyfra 21 - 1	94	0
C102012	CYFRA 21.1	cyfra 21 . 1	3	0
C102075	difluoromethane	difluoromethane	4	0
C102075	difluoromethylene	difluoromethylene	22	0
C102102	hematopoietic progenitor kinase 1	hematopoietic progenitor kinase 1	17	0
C102106	vasostatin-2	vasostatin - 2	12	0
C102196	SREBP cleavage-activating protein	srebp cleavage - activating protein	10	0
C102254	itopride	itopride	24	0
C102259	artepillin C	artepillin c	17	0
C102295	elosulfase alfa	elosulfase alfa	8	0
C102360	BMAP-28	bmap - 28	6	0
C102521	GGTI-298	ggti - 298	6	0
C102529	IGFBP-7	igfbp - 7	83	0
C102529	IGFBP-rP1	igfbp - rp1	3	0
C102654	Polident	polident	5	0
C102663	berbamunine	berbamunine	5	0
C102718	mGluR3	mglur3	31	0
C102718	metabotropic glutamate receptor 3	metabotropic glutamate receptor 3	8	0
C102829	ethylmalonyl-CoA	ethylmalonyl - coa	6	0
C103016	antalarmin	antalarmin	5	0
C103110	eupatorin	eupatorin	26	0
C103139	tuberculatin	tuberculatin	5	0
C103272	SHU-9119	shu - 9119	1	0
C103272	SHU9119	shu9119	10	0
C103273	rufigallol	rufigallol	20	0
C103294	climen	climen	6	0
C103325	mono-benzyl phthalate	mono - benzyl phthalate	5	0
C103397	tocopherol cyclase	tocopherol cyclase	5	0
C103469	PSA-NCAM	psa - ncam	19	0
C103500	Prime & Bond	prime & bond	7	0
C103502	Variolink	variolink	30	0
C103596	HLA-DQA2	hla - dqa2	12	0
C103599	Ru(bpy)2	ru ( bpy ) 2	14	0
C103639	rupatadine	rupatadine	19	0
C103707	HLA-B*57	hla - b * 57	42	0
C103707	HLA-B57	hla - b57	4	0
C103734	jelonet	jelonet	5	0
C103742	TREK-1	trek - 1	63	0
C103794	remorin	remorin	5	0
C104077	mGluR1	mglur1	82	0
C104077	mGluR1a	mglur1a	6	0
C104077	metabotropic glutamate receptor type 1	metabotropic glutamate receptor type 1	3	0
C104090	Arg-Lys	arg - lys	6	0
C104090	arginine-lysine	arginine - lysine	4	0
C104096	TNK-TPA	tnk - tpa	16	0
C104154	DegraPol	degrapol	5	0
C104223	aluminum lactate	aluminum lactate	7	0
C104227	coumarin-3-carboxylic acid	coumarin - 3 - carboxylic acid	8	0
C104398	yersiniabactin	yersiniabactin	44	0
C104417	lobaric acid	lobaric acid	7	0
C104425	5-HT7 receptor	5 - ht7 receptor	41	0
C104457	nelarabine	nelarabine	24	0
C104601	phellopterin	phellopterin	6	0
C104760	suilysin	suilysin	9	0
C104977	Yariv reagent	yariv reagent	8	0
C105051	Ztalmy	ztalmy	1	0
C105051	ganaxolone	ganaxolone	13	0
C105141	DNA topoisomerase VI	dna topoisomerase vi	2	0
C105141	topoisomerase VI	topoisomerase vi	5	0
C105175	pE120R	pe120r	9	0
C105231	nucleoredoxin	nucleoredoxin	9	0
C105260	4-tert-octylphenol	4 - tert - octylphenol	6	0
C105273	2-thiouridine	2 - thiouridine	16	0
C105339	thymidine kinase 2	thymidine kinase 2	26	0
C105606	phospholipase D2	phospholipase d2	6	0
C105726	Ro 48-8071	ro 48 - 8071	6	0
C105804	transglutaminase 1	transglutaminase 1	9	0
C105838	prieurianin	prieurianin	5	0
C105875	eudesmin	eudesmin	17	0
C106053	epimedin B	epimedin b	9	0
C106054	epimedin C	epimedin c	27	0
C106079	protein phosphatase 6	protein phosphatase 6	5	0
C106107	sigma-2 receptor	sigma - 2 receptor	10	0
C106107	sigma-2 receptors	sigma - 2 receptors	3	0
C106188	dammarenediol	dammarenediol	4	0
C106188	dammarenediol II	dammarenediol ii	3	0
C106263	rostafuroxin	rostafuroxin	10	0
C106336	PI(3,5)P2	pi ( 3 , 5 ) p2	65	0
C106336	PtdIns(3,5)P2	ptdins ( 3 , 5 ) p2	20	0
C106336	phosphatidylinositol 3,5-bisphosphate	phosphatidylinositol 3 , 5 - bisphosphate	10	0
C106354	flotillin	flotillin	59	0
C106354	flotillin-1	flotillin - 1	19	0
C106354	flotillin-2	flotillin - 2	5	0
C106354	flotillins	flotillins	3	0
C106389	conivaptan	conivaptan	10	0
C106408	OSW-1	osw - 1	5	0
C106416	Bio-Gide	bio - gide	27	0
C106416	BioGide	biogide	5	0
C106533	girentuximab	girentuximab	40	0
C106559	HLA-DR15	hla - dr15	7	0
C106592	CEP-1347	cep - 1347	17	0
C106628	kisspeptin-10	kisspeptin - 10	63	0
C106635	Liberase	liberase	13	0
C106670	adenylyl cyclase 1	adenylyl cyclase 1	6	0
C106674	ibuprofen arginine	ibuprofen arginine	5	0
C106872	aclonifen	aclonifen	11	0
C106914	atractylodin	atractylodin	19	0
C107016	14,15-DHET	14 , 15 - dhet	4	0
C107016	14,15-dihydroxyeicosatrienoic acid	14 , 15 - dihydroxyeicosatrienoic acid	3	0
C107057	faropenem	faropenem	10	0
C107067	2,4,6-trihydroxyacetophenone	2 , 4 , 6 - trihydroxyacetophenone	2	0
C107067	phloracetophenone	phloracetophenone	3	0
C107184	myosin light chain 2	myosin light chain 2	14	0
C107203	ABA 8'-hydroxylase	aba 8 ' - hydroxylase	5	0
C107203	CYP707A	cyp707a	4	0
C107313	argpyrimidine	argpyrimidine	6	0
C107378	lophine	lophine	8	0
C107393	Coptidis rhizoma extract	coptidis rhizoma extract	3	0
C107393	Rhizoma coptidis	rhizoma coptidis	10	0
C107473	LY295427	ly295427	7	0
C107509	chlorophyll d	chlorophyll d	6	0
C107601	glabridin	glabridin	100	0
C107617	gloverin	gloverin	9	0
C107676	deguelin	deguelin	15	0
C107687	neuronal pentraxin receptor	neuronal pentraxin receptor	8	0
C107687	receptor, neuronal pentraxin	receptor , neuronal pentraxin	1	0
C107724	2-hydroxyquinoline	2 - hydroxyquinoline	3	0
C107724	quinolin-2(1H)-one	quinolin - 2 ( 1h ) - one	2	0
C107762	tapasin	tapasin	24	0
C107772	rocaglamide	rocaglamide	8	0
C107772	rocaglamide A	rocaglamide a	3	0
C107882	dihydromethysticin	dihydromethysticin	16	0
C107908	MBP85-99	mbp85 - 99	12	0
C107972	ceanothic acid	ceanothic acid	8	0
C108015	CYP1A5	cyp1a5	5	0
C108127	fullerenol	fullerenol	64	0
C108138	ceramide synthase	ceramide synthase	33	0
C108138	dihydroceramide desaturase	dihydroceramide desaturase	7	0
C108169	decysin	decysin	5	0
C108261	pinobanksin	pinobanksin	9	0
C108283	PAMP-12	pamp - 12	9	0
C108337	pyrimethanil	pyrimethanil	34	0
C108338	cyprodinil	cyprodinil	26	0
C108339	fludioxonil	fludioxonil	91	0
C108352	alpha-methylacyl-CoA racemase	alpha - methylacyl - coa racemase	5	0
C108362	MMP 19	mmp 19	1	0
C108362	MMP-19	mmp - 19	3	0
C108362	matrix metalloproteinase 19	matrix metalloproteinase 19	2	0
C108402	SCO-spondin	sco - spondin	11	0
C108448	pyolysin	pyolysin	5	0
C108449	oxacillinase	oxacillinase	31	0
C108453	AAC(6')-APH(2'')	aac ( 6 ' ) - aph ( 2 ' ' )	6	0
C108518	SB-224289	sb - 224289	4	0
C108518	SB224289	sb224289	1	0
C108822	mGluR2	mglur2	91	0
C108822	metabotropic glutamate receptor 2	metabotropic glutamate receptor 2	12	0
C108835	afadin	afadin	36	0
C108952	Asp-Asp	asp - asp	5	0
C108952	aspartyl-aspartic acid	aspartyl - aspartic acid	1	0
C108953	platycodin D	platycodin d	22	0
C108974	polyphosphazene	polyphosphazene	11	0
C109043	9-cis-epoxycarotenoid dioxygenase	9 - cis - epoxycarotenoid dioxygenase	14	0
C109084	catestatin	catestatin	54	0
C109133	laurolitsine	laurolitsine	10	0
C109260	reactive orange	reactive orange	10	0
C109343	dihydroceramide	dihydroceramide	19	0
C109347	linoleoyl ethanolamide	linoleoyl ethanolamide	2	0
C109347	linoleoylethanolamide	linoleoylethanolamide	3	0
C109460	1-deoxy-D-xylulose 5-phosphate	1 - deoxy - d - xylulose 5 - phosphate	13	0
C109461	1-deoxy-D-xylulose-5-phosphate synthase	1 - deoxy - d - xylulose - 5 - phosphate synthase	10	0
C109461	deoxyxylulose-5-phosphate synthase	deoxyxylulose - 5 - phosphate synthase	1	0
C109476	epoxiconazole	epoxiconazole	18	0
C109491	Y4 receptor	y4 receptor	4	0
C109491	neuropeptide Y4 receptor	neuropeptide y4 receptor	3	0
C109513	(-)-OSU6162	( - ) - osu6162	11	0
C109513	OSU6162	osu6162	11	0
C109522	V 70	v 70	5	0
C109522	V-70	v - 70	3	0
C109540	latency-associated nuclear antigen	latency - associated nuclear antigen	14	0
C109641	clazosentan	clazosentan	146	0
C109644	Siramesine	siramesine	8	0
C109663	CAD enzyme	cad enzyme	2	0
C109663	caspase-activated DNase	caspase - activated dnase	3	0
C109663	caspase-activated deoxyribonuclease	caspase - activated deoxyribonuclease	1	0
C109756	HLA DQ8	hla dq8	2	0
C109756	HLA-DQ8	hla - dq8	38	0
C109777	GluCl channel	glucl channel	1	0
C109777	glutamate-gated chloride channel	glutamate - gated chloride channel	9	0
C109777	glutamate-gated chloride channels	glutamate - gated chloride channels	4	0
C109804	AD7c-NTP	ad7c - ntp	10	0
C109846	PDEAEMA	pdeaema	5	0
C109846	poly(2-(diethylamino)ethyl methacrylate)	poly ( 2 - ( diethylamino ) ethyl methacrylate )	2	0
C109854	zeaxanthin dipalmitate	zeaxanthin dipalmitate	9	0
C109865	2-methylbenzimidazole	2 - methylbenzimidazole	7	0
C110250	RNase Z	rnase z	14	0
C110258	NF-449	nf - 449	2	0
C110258	NF449	nf449	5	0
C110309	miquelianin	miquelianin	14	0
C110368	FR901379	fr901379	7	0
C110570	legionaminic acid	legionaminic acid	9	0
C110621	isoindolone	isoindolone	5	0
C110630	SR144528	sr144528	5	0
C110664	ProBase	probase	12	0
C110713	fuji IX	fuji ix	36	0
C110762	CrossLaps	crosslaps	18	0
C110772	Z-DEVD-FMK	z - devd - fmk	5	0
C110989	TI90	ti90	5	0
C111044	triphosgene	triphosgene	8	0
C111068	ferutinin	ferutinin	11	0
C111140	salcaprozate sodium	salcaprozate sodium	7	0
C111212	nalfurafine	nalfurafine	32	0
C111244	RNA degradosome	rna degradosome	8	0
C111244	degradosome	degradosome	21	0
C111264	PPARGC1	ppargc1	6	0
C111332	Lasofoxifene	lasofoxifene	8	0
C111420	4-hydroxybutyric acid	4 - hydroxybutyric acid	4	0
C111420	gamma-hydroxybutyric acid	gamma - hydroxybutyric acid	7	0
C111435	mGlur8	mglur8	9	0
C111435	metabotropic glutamate receptor 8	metabotropic glutamate receptor 8	2	0
C111472	mitotracker green	mitotracker green	10	0
C111567	parkin protein	parkin protein	8	0
C111599	KW-6002	kw - 6002	2	0
C111599	KW6002	kw6002	12	0
C111599	istradefylline	istradefylline	44	0
C111688	di-c-glycoside	di - c - glycoside	5	0
C111827	Azopt	azopt	5	0
C111827	brinzolamide	brinzolamide	35	0
C111828	compstatin	compstatin	10	0
C112019	SB-225002	sb - 225002	4	0
C112019	SB225002	sb225002	19	0
C112020	RU360	ru360	8	0
C112162	neurexophilin	neurexophilin	5	0
C112162	neurexophilin 4	neurexophilin 4	2	0
C112213	ENDO-1	endo - 1	111	0
C112468	4-allyl-2,6-dimethoxyphenol	4 - allyl - 2 , 6 - dimethoxyphenol	6	0
C112528	luliconazole	luliconazole	15	0
C112765	17-(allylamino)-17-demethoxygeldanamycin	17 - ( allylamino ) - 17 - demethoxygeldanamycin	2	0
C112765	17-AAG	17 - aag	41	0
C112765	17-N-allylamino-17-demethoxygeldanamycin	17 - n - allylamino - 17 - demethoxygeldanamycin	1	0
C112765	17-allylamino-17-demethoxygeldanamycin	17 - allylamino - 17 - demethoxygeldanamycin	4	0
C112765	17AAG	17aag	5	0
C112765	tanespimycin	tanespimycin	14	0
C112772	ginsenoside CK	ginsenoside ck	26	0
C112772	ginsenoside compound K	ginsenoside compound k	20	0
C112906	calanthoside	calanthoside	7	0
C112908	protease-activated receptor 4	protease - activated receptor 4	7	0
C112971	fibroblast growth factor 14	fibroblast growth factor 14	6	0
C113101	forodesine	forodesine	5	0
C113101	immucillin-H	immucillin - h	1	0
C113117	phosphonium chloride	phosphonium chloride	6	0
C113254	4-hydroxy-5-methyl-3(2H)-furanone	4 - hydroxy - 5 - methyl - 3 ( 2h ) - furanone	5	0
C113282	prinomastat	prinomastat	6	0
C113296	Trp-Pro	trp - pro	7	0
C113567	phosphatidylinositol 5-phosphate	phosphatidylinositol 5 - phosphate	7	0
C113567	phosphatidylinositol-5-phosphate	phosphatidylinositol - 5 - phosphate	3	0
C113569	FGF-18	fgf - 18	14	0
C113569	fibroblast growth factor 18	fibroblast growth factor 18	5	0
C113569	sprifermin	sprifermin	1	0
C113580	U0126	u0126	100	0
C113661	NAMI-A	nami - a	5	0
C113724	OmpC protein	ompc protein	9	0
C113724	Outer membrane protein C	outer membrane protein c	1	0
C113805	1-nonen-3-one	1 - nonen - 3 - one	8	0
C113805	1-octen-3-one	1 - octen - 3 - one	35	0
C113848	GtfD	gtfd	13	0
C113897	mGlur6	mglur6	22	0
C113897	metabotropic glutamate receptor 6	metabotropic glutamate receptor 6	1	0
C113915	Avemar	avemar	1	0
C113915	fermented wheat germ extract	fermented wheat germ extract	6	0
C114154	epsin	epsin	8	0
C114154	epsin 1	epsin 1	2	0
C114304	chitosan-EDTA	chitosan - edta	6	0
C114354	benzylsuccinate synthase	benzylsuccinate synthase	6	0
C114415	nitric oxide dioxygenase	nitric oxide dioxygenase	5	0
C114444	trafermin	trafermin	15	0
C114520	NSIST	nsist	13	0
C114545	CD2-associated protein	cd2 - associated protein	5	0
C114583	m-AAA protease	m - aaa protease	4	0
C114583	m-AAA proteases	m - aaa proteases	1	0
C114589	butanetriol	butanetriol	5	0
C114602	sublancin	sublancin	15	0
C114624	LY-341495	ly - 341495	1	0
C114624	LY341495	ly341495	9	0
C114685	SN-38G	sn - 38g	7	0
C114768	decamethylcyclopentasiloxane	decamethylcyclopentasiloxane	7	0
C114834	mepitel	mepitel	20	0
C114843	incomplete Freund's adjuvant	incomplete freund ' s adjuvant	8	0
C114880	trypsin-like serine protease	trypsin - like serine protease	8	0
C114886	EIMP	eimp	14	0
C114955	2-linoleoylglycerol	2 - linoleoylglycerol	6	0
C114956	2-palmitoyl-glycerol	2 - palmitoyl - glycerol	4	0
C114956	2-palmitoylglycerol	2 - palmitoylglycerol	5	0
C115015	atypical protein kinase C	atypical protein kinase c	9	0
C115058	difenoconazole	difenoconazole	91	0
C115103	PPTD	pptd	7	0
C115362	flubatine	flubatine	7	0
C115407	acutolysin A	acutolysin a	7	0
C115461	SC-560	sc - 560	5	0
C115521	SNX-482	snx - 482	5	0
C115535	pomolic acid	pomolic acid	15	0
C115566	dolabellane	dolabellane	5	0
C115583	clavaric acid	clavaric acid	5	0
C115647	eletriptan	eletriptan	6	0
C115647	eletriptan hydrobromide	eletriptan hydrobromide	3	0
C115711	PD-173074	pd - 173074	1	0
C115711	PD173074	pd173074	11	0
C115766	poly(2-methacryloyloxyethyl phosphorylcholine)	poly ( 2 - methacryloyloxyethyl phosphorylcholine )	10	0
C115846	lauryl methacrylate	lauryl methacrylate	9	0
C115919	intersectin	intersectin	7	0
C115919	intersectin 1	intersectin 1	1	0
C115945	rhododendrol	rhododendrol	6	0
C115958	berberrubine	berberrubine	24	0
C116092	cimicifugic acid	cimicifugic acid	9	0
C116092	cimicifugic acid B	cimicifugic acid b	8	0
C116092	cimicifugic acid C	cimicifugic acid c	1	0
C116093	N-(2-chloro-4-pyridyl)-N'-phenylurea	n - ( 2 - chloro - 4 - pyridyl ) - n ' - phenylurea	2	0
C116093	forchlorfenuron	forchlorfenuron	23	0
C116169	fluoroethoxy-benzovesamicol	fluoroethoxy - benzovesamicol	1	0
C116169	fluoroethoxybenzovesamicol	fluoroethoxybenzovesamicol	7	0
C116379	2-azetidinone	2 - azetidinone	2	0
C116379	azetidinone	azetidinone	6	0
C116435	lipoic acid synthase	lipoic acid synthase	13	0
C116863	poly n-butyl methacrylate	poly n - butyl methacrylate	1	0
C116863	poly(butyl methacrylate)	poly ( butyl methacrylate )	4	0
C116890	SU5416	su5416	47	0
C116890	Semaxinib	semaxinib	4	0
C116890	Sugen 5416	sugen 5416	3	0
C117045	hydroxycinnamaldehyde	hydroxycinnamaldehyde	2	0
C117045	p-coumaraldehyde	p - coumaraldehyde	2	0
C117045	p-hydroxycinnamaldehyde	p - hydroxycinnamaldehyde	1	0
C117079	RNase HIII	rnase hiii	6	0
C117108	cytochrome c oxidase II	cytochrome c oxidase ii	5	0
C117157	CMT-2	cmt - 2	7	0
C117197	hydroimidazolone	hydroimidazolone	10	0
C117197	imidazolone	imidazolone	15	0
C117342	Infasurf	infasurf	1	0
C117342	calfactant	calfactant	7	0
C117378	U3 small nucleolar RNA	u3 small nucleolar rna	1	0
C117378	U3 snRNA	u3 snrna	2	0
C117378	U3 snoRNA	u3 snorna	5	0
C117403	poly(2-methyl-2-oxazoline)	poly ( 2 - methyl - 2 - oxazoline )	5	0
C117416	BIBO 3304	bibo 3304	1	0
C117416	BIBO3304	bibo3304	11	0
C117433	13-LOX enzyme	13 - lox enzyme	1	0
C117433	13-lipoxygenase	13 - lipoxygenase	7	0
C117438	japonilure	japonilure	8	0
C117446	cangrelor	cangrelor	112	0
C117780	mitoKATP	mitokatp	9	0
C117959	sapacitabine	sapacitabine	6	0
C117975	DDMS	ddms	34	0
C118048	SCP-1	scp - 1	8	0
C118085	Sterilox	sterilox	4	0
C118085	superoxidized water	superoxidized water	1	0
C118110	7-epiclusianone	7 - epiclusianone	5	0
C118198	Seprafilm	seprafilm	19	0
C118218	LY 379268	ly 379268	4	0
C118218	LY379268	ly379268	7	0
C118301	PI(3,4)P2	pi ( 3 , 4 ) p2	15	0
C118303	PI(3,4,5)P3	pi ( 3 , 4 , 5 ) p3	18	0
C118308	betulonic acid	betulonic acid	16	0
C118437	negative elongation factor	negative elongation factor	6	0
C118437	negative elongation factor (NELF)	negative elongation factor ( nelf )	4	0
C118437	negative elongation factor E	negative elongation factor e	1	0
C118531	pyrazolopyridine	pyrazolopyridine	10	0
C118577	amotosalen	amotosalen	9	0
C118616	Miebo	miebo	1	0
C118616	perfluorohexyloctane	perfluorohexyloctane	20	0
C118659	procathepsin K	procathepsin k	6	0
C118683	C3O2	c3o2	4	0
C118683	carbon suboxide	carbon suboxide	6	0
C118706	tonabersat	tonabersat	19	0
C118782	adenylate kinase 5	adenylate kinase 5	8	0
C118790	angiotensin (1-7)	angiotensin ( 1 - 7 )	20	0
C118790	angiotensin 1-7	angiotensin 1 - 7	14	0
C118790	angiotensin-(1-7)	angiotensin - ( 1 - 7 )	67	0
C118897	peptidoglycan recognition protein	peptidoglycan recognition protein	18	0
C118897	peptidoglycan recognition proteins	peptidoglycan recognition proteins	14	0
C119167	feruloyl-CoA	feruloyl - coa	13	0
C119203	ilomastat	ilomastat	7	0
C119239	Nup96	nup96	8	0
C119285	6,8-difluoro-4-methylumbelliferyl phosphate	6 , 8 - difluoro - 4 - methylumbelliferyl phosphate	1	0
C119285	DIFMUP	difmup	8	0
C119407	BmK AS	bmk as	11	0
C119569	netrin-3	netrin - 3	11	0
C119615	ilaprazole	ilaprazole	45	0
C119641	poncirin	poncirin	8	0
C119642	gosha-jinki-gan	gosha - jinki - gan	6	0
C119642	goshajinkigan	goshajinkigan	3	0
C119788	dodecaborate	dodecaborate	18	0
C119934	Carisolv	carisolv	7	0
C120029	hCPT	hcpt	48	0
C120029	homocamptothecin	homocamptothecin	3	0
C120039	tectorigenin	tectorigenin	53	0
C120099	GW1929	gw1929	8	0
C120158	PI-88	pi - 88	6	0
C120158	muparfostat	muparfostat	1	0
C120250	chotosan	chotosan	9	0
C120343	cyclopropenone	cyclopropenone	11	0
C120461	Biosilicate	biosilicate	9	0
C120488	collagen-PVP	collagen - pvp	4	0
C120488	collagen-polyvinylpyrrolidone	collagen - polyvinylpyrrolidone	2	0
C120642	sophoricoside	sophoricoside	7	0
C120727	gyrophoric acid	gyrophoric acid	7	0
C120756	macroH2A1.2	macroh2a1 . 2	10	0
C120793	alsterpaullone	alsterpaullone	7	0
C120861	dimethenamid	dimethenamid	6	0
C120864	NKLAM	nklam	12	0
C120999	tebipenem pivoxil	tebipenem pivoxil	8	0
C121048	guaiacol peroxidase	guaiacol peroxidase	45	0
C121084	difluorocarbene	difluorocarbene	27	0
C121135	aristolactam I	aristolactam i	9	0
C121169	cardiotrophin-like cytokine	cardiotrophin - like cytokine	9	0
C121187	Etch & Prime	etch & prime	5	0
C121187	Etch&Prime	etch & prime	5	0
C121277	DPIP	dpip	19	0
C121358	4-PBA	4 - pba	167	0
C121358	4-phenylbutylamine	4 - phenylbutylamine	1	0
C121414	dai-kenchu-to	dai - kenchu - to	8	0
C121414	daikenchuto	daikenchuto	16	0
C121463	gibberellin 2-oxidase	gibberellin 2 - oxidase	8	0
C121491	mindin	mindin	16	0
C121557	5-hydroxyectoine	5 - hydroxyectoine	3	0
C121557	hydroxyectoine	hydroxyectoine	20	0
C121619	lunularin	lunularin	8	0
C121707	calycosin	calycosin	132	0
C122101	claudin 6	claudin 6	2	0
C122101	claudin-6	claudin - 6	31	0
C122107	microsomal glutathione S-transferase 1	microsomal glutathione s - transferase 1	6	0
C122147	tyrosyl-DNA phosphodiesterase	tyrosyl - dna phosphodiesterase	21	0
C370242	PD166793	pd166793	7	0
C400159	jujubogenin	jujubogenin	7	0
C400189	ST6GALNAC5	st6galnac5	16	0
C400321	3-phytase	3 - phytase	13	0
C400322	CYP2C	cyp2c	26	0
C400347	5-phenylvaleric acid	5 - phenylvaleric acid	3	0
C400347	phenylvaleric acid	phenylvaleric acid	3	0
C400401	maribavir	maribavir	87	0
C400424	Crinone	crinone	5	0
C400723	MAPTAC	maptac	13	0
C400760	clodinafop	clodinafop	8	0
C400901	CAM5.2	cam5 . 2	30	0
C400939	methylone	methylone	13	0
C401104	indoxacarb	indoxacarb	64	0
C401281	cycloxydim	cycloxydim	5	0
C401312	GMX1778	gmx1778	7	0
C402117	ZmMPK5	zmmpk5	6	0
C402123	InsP7	insp7	15	0
C402142	MIT1	mit1	10	0
C402244	nuclear factor Y	nuclear factor y	19	0
C402365	R-848	r - 848	1	0
C402365	resiquimod	resiquimod	74	0
C402373	polymethylhydrosiloxane	polymethylhydrosiloxane	10	0
C402416	HU-308	hu - 308	9	0
C402416	HU308	hu308	4	0
C402623	bilobetin	bilobetin	14	0
C402729	tectochrysin	tectochrysin	29	0
C402836	caleosin	caleosin	5	0
C402943	bu-zhong-yi-qi-tang	bu - zhong - yi - qi - tang	1	0
C402943	hochu-ekki-to	hochu - ekki - to	2	0
C402943	hochuekkito	hochuekkito	4	0
C403256	BIIE 0246	biie 0246	1	0
C403256	BIIE0246	biie0246	4	0
C403258	si-wu-tang	si - wu - tang	5	0
C403287	pyruvate dehydrogenase kinase 4	pyruvate dehydrogenase kinase 4	33	0
C403315	diquafosol	diquafosol	43	0
C403777	6'-sialyllactose	6 ' - sialyllactose	22	0
C403862	homoplantaginin	homoplantaginin	6	0
C403866	agrochelin	agrochelin	5	0
C403894	4-oxo-2-nonenal	4 - oxo - 2 - nonenal	6	0
C403895	6-nitrodopamine	6 - nitrodopamine	8	0
C403912	formylcytidine	formylcytidine	5	0
C403922	BAG S53P4	bag s53p4	8	0
C403922	bioactive glass S53P4	bioactive glass s53p4	4	0
C403928	MMP-25	mmp - 25	4	0
C403928	MMP25	mmp25	18	0
C403928	MT6-MMP	mt6 - mmp	1	0
C404204	quercetin-3-O-rutinoside	quercetin - 3 - o - rutinoside	7	0
C404388	alpha-tocomonoenol	alpha - tocomonoenol	5	0
C404392	ATN-161	atn - 161	5	0
C404416	NaTaO3	natao3	6	0
C404762	NP-10	np - 10	5	0
C404768	PTK787	ptk787	4	0
C404768	vatalanib	vatalanib	1	0
C404813	PTMO	ptmo	14	0
C404922	SB 269970	sb 269970	5	0
C404922	SB-269970	sb - 269970	3	0
C405031	Bacteroides fragilis toxin	bacteroides fragilis toxin	9	0
C405269	TH1177	th1177	9	0
C405482	U4 small nuclear RNA	u4 small nuclear rna	3	0
C405482	U4 snRNA	u4 snrna	2	0
C405483	U1 RNA	u1 rna	7	0
C405483	U1 small nuclear RNA	u1 small nuclear rna	4	0
C405483	U1 snRNA	u1 snrna	19	0
C405487	U7 small nuclear RNA	u7 small nuclear rna	3	0
C405487	U7 snRNA	u7 snrna	2	0
C405585	ligustroflavone	ligustroflavone	13	0
C405586	BGP-15	bgp - 15	33	0
C405953	N-azidoacetylmannosamine	n - azidoacetylmannosamine	5	0
C406031	pim kinases	pim kinases	10	0
C406305	BIBN4096BS	bibn4096bs	2	0
C406305	olcegepant	olcegepant	7	0
C406413	HNP-1	hnp - 1	15	0
C406413	human neutrophil peptide 1	human neutrophil peptide 1	1	0
C406592	Azaspiracid-1	azaspiracid - 1	1	0
C406592	azaspiracid	azaspiracid	10	0
C406634	SPAF	spaf	8	0
C406712	methoxyfenozide	methoxyfenozide	22	0
C406794	ALT-711	alt - 711	7	0
C406794	alagebrium	alagebrium	5	0
C406942	DEOC	deoc	5	0
C406943	BINAP	binap	22	0
C406944	(S)-BINOL	( s ) - binol	3	0
C406944	BINOL	binol	62	0
C407002	Merimepodib	merimepodib	4	0
C407002	VX-497	vx - 497	1	0
C407037	PDMAEMA	pdmaema	38	0
C407037	poly(2-(dimethylamino)ethyl methacrylate)	poly ( 2 - ( dimethylamino ) ethyl methacrylate )	17	0
C407037	poly(N,N-dimethylaminoethyl methacrylate)	poly ( n , n - dimethylaminoethyl methacrylate )	2	0
C407062	P-15 peptide	p - 15 peptide	5	0
C407102	PCMS-2	pcms - 2	6	0
C407267	syringolin A	syringolin a	6	0
C407741	AtUBP1b	atubp1b	8	0
C408123	phosphatidylserine receptor	phosphatidylserine receptor	3	0
C408123	phosphatidylserine receptors	phosphatidylserine receptors	3	0
C408128	AR-R17779	ar - r17779	12	0
C408363	1-deoxysphinganine	1 - deoxysphinganine	12	0
C408522	CRTAM	crtam	12	0
C408642	DGPP	dgpp	11	0
C408747	copalyl diphosphate	copalyl diphosphate	9	0
C408750	selectfluor	selectfluor	26	0
C408982	CPG-ODN	cpg - odn	30	0
C408982	CPG-oligonucleotide	cpg - oligonucleotide	1	0
C408994	OSTF1	ostf1	6	0
C409022	PDZ-binding kinase	pdz - binding kinase	9	0
C409185	glycerophosphoglycerol	glycerophosphoglycerol	5	0
C409667	LDH-1	ldh - 1	10	0
C409667	LDH-B	ldh - b	5	0
C409667	LDH-H	ldh - h	2	0
C409667	LDH1	ldh1	6	0
C409667	lactate dehydrogenase 1	lactate dehydrogenase 1	2	0
C409667	lactate dehydrogenase B	lactate dehydrogenase b	17	0
C409673	LDH-C	ldh - c	6	0
C409673	LDH-X	ldh - x	3	0
C409673	lactate dehydrogenase C	lactate dehydrogenase c	2	0
C409673	lactate dehydrogenase C4	lactate dehydrogenase c4	2	0
C409673	lactate dehydrogenase-X	lactate dehydrogenase - x	1	0
C409722	hexaconazole	hexaconazole	31	0
C409925	tetrahydrocarbazole	tetrahydrocarbazole	5	0
C409945	parecoxib	parecoxib	40	0
C409945	parecoxib sodium	parecoxib sodium	6	0
C410042	HLA-DQ5	hla - dq5	6	0
C410326	geissoschizine	geissoschizine	15	0
C410406	pyrroloquinoline	pyrroloquinoline	82	0
C410454	1-pentene	1 - pentene	7	0
C410590	4-methylthiazole	4 - methylthiazole	6	0
C410723	EGFRvIII	egfrviii	102	0
C410733	scriptaid	scriptaid	15	0
C410941	cichoriin	cichoriin	27	0
C410949	RNA polymerase II largest subunit	rna polymerase ii largest subunit	6	0
C410957	laxogenin	laxogenin	6	0
C411004	Floseal	floseal	17	0
C411249	GsMTx-4	gsmtx - 4	6	0
C411254	(3E)-4,8-dimethyl-1,3,7-nonatriene	( 3e ) - 4 , 8 - dimethyl - 1 , 3 , 7 - nonatriene	1	0
C411254	4,8-dimethyl-1,3,7-nonatriene	4 , 8 - dimethyl - 1 , 3 , 7 - nonatriene	2	0
C411254	4,8-dimethylnona-1,3,7-triene	4 , 8 - dimethylnona - 1 , 3 , 7 - triene	3	0
C411318	(2S)-2'-methoxykurarinone	( 2s ) - 2 ' - methoxykurarinone	6	0
C411318	2'-methoxykurarinone	2 ' - methoxykurarinone	6	0
C411345	bemiparin	bemiparin	7	0
C411423	PDGF-C	pdgf - c	13	0
C411423	PDGF-CC	pdgf - cc	4	0
C411423	platelet-derived growth factor C	platelet - derived growth factor c	1	0
C411470	glucocorticoid receptor alpha	glucocorticoid receptor alpha	5	0
C411885	BX471	bx471	6	0
C412074	2H-chromene	2h - chromene	35	0
C412109	1,2,4,5-tetracyanobenzene	1 , 2 , 4 , 5 - tetracyanobenzene	5	0
C412109	tetracyanobenzene	tetracyanobenzene	8	0
C412292	himachalene	himachalene	13	0
C412330	1,1'-binaphthyl	1 , 1 ' - binaphthyl	15	0
C412332	1,1'-bi-2-naphthol	1 , 1 ' - bi - 2 - naphthol	6	0
C412342	brassinazole	brassinazole	26	0
C412469	vitisin A	vitisin a	19	0
C412507	junctophilin	junctophilin	9	0
C412507	junctophilin-1	junctophilin - 1	3	0
C412507	junctophilin-2	junctophilin - 2	5	0
C412605	2,6-dihydroxybenzoic acid	2 , 6 - dihydroxybenzoic acid	5	0
C412619	1,3-dicyanobenzene	1 , 3 - dicyanobenzene	1	0
C412619	dicyanobenzene	dicyanobenzene	11	0
C412621	1-butyl-3-methylimidazolium hexafluorophosphate	1 - butyl - 3 - methylimidazolium hexafluorophosphate	6	0
C412811	crategolic acid	crategolic acid	1	0
C412811	maslinic acid	maslinic acid	51	0
C412886	2,4-nonadienal	2 , 4 - nonadienal	13	0
C412892	p-fluorofentanyl	p - fluorofentanyl	10	0
C412914	parasporin	parasporin	5	0
C413220	tokishakuyakusan	tokishakuyakusan	16	0
C413246	oleanane	oleanane	64	0
C413264	megastigmane	megastigmane	15	0
C413355	GC-1	gc - 1	72	0
C413355	sobetirome	sobetirome	1	0
C413384	1,2-indanedione	1 , 2 - indanedione	1	0
C413384	indanedione	indanedione	13	0
C413390	florasulam	florasulam	17	0
C413485	poly(2-methoxyethyl acrylate)	poly ( 2 - methoxyethyl acrylate )	8	0
C413486	vIRF	virf	3	0
C413486	vIRF3	virf3	16	0
C413544	textilinin	textilinin	8	0
C413548	proteorhodopsin	proteorhodopsin	7	0
C413580	ambrox	ambrox	6	0
C413985	pseudoginsenoside F11	pseudoginsenoside f11	4	0
C413985	pseudoginsenoside-F11	pseudoginsenoside - f11	4	0
C414123	reblastatin	reblastatin	7	0
C414203	nepafenac	nepafenac	25	0
C414222	OR-1896	or - 1896	7	0
C414314	thifensulfuron-methyl	thifensulfuron - methyl	8	0
C414409	penetratin	penetratin	23	0
C414730	midnolin	midnolin	32	0
C414982	neocryptolepine	neocryptolepine	6	0
C415002	ponazuril	ponazuril	18	0
C415327	isoxaflutole	isoxaflutole	8	0
C415424	SCH-79797	sch - 79797	6	0
C415424	SCH79797	sch79797	17	0
C415768	tris(2,2'-bipyridyl)dichlororuthenium(II) hexahydrate	tris ( 2 , 2 ' - bipyridyl ) dichlororuthenium ( ii ) hexahydrate	1	0
C415768	tris(2,2'-bipyridyl)ruthenium(II)	tris ( 2 , 2 ' - bipyridyl ) ruthenium ( ii )	6	0
C415771	metreleptin	metreleptin	36	0
C415909	Lys-Glu	lys - glu	5	0
C416282	BAY 11-7085	bay 11 - 7085	6	0
C416723	nicosulfuron	nicosulfuron	19	0
C416835	eslicarbazepine acetate	eslicarbazepine acetate	19	0
C416837	picroside II	picroside ii	22	0
C417087	BmK IT2	bmk it2	10	0
C417240	methyl phenyl sulfoxide	methyl phenyl sulfoxide	5	0
C417308	hydrozincite	hydrozincite	5	0
C417521	SB216763	sb216763	21	0
C417714	phenolic acid decarboxylase	phenolic acid decarboxylase	17	0
C417935	spirobrassinin	spirobrassinin	8	0
C417939	catechin gallate	catechin gallate	20	0
C417940	gallocatechin gallate	gallocatechin gallate	12	0
C419063	aglepristone	aglepristone	11	0
C419324	1-butyl-3-methylimidazolium tetrafluoroborate	1 - butyl - 3 - methylimidazolium tetrafluoroborate	7	0
C419385	Cav1.2 calcium channel	cav1 . 2 calcium channel	5	0
C419399	P7 peptide	p7 peptide	6	0
C420062	SB-334867	sb - 334867	6	0
C420120	growth hormone-releasing peptide	growth hormone - releasing peptide	5	0
C420606	mulberroside A	mulberroside a	8	0
C420709	Phe-Val	phe - val	5	0
C420709	phenylalanyl-valine	phenylalanyl - valine	1	0
C420843	SonoVue	sonovue	21	0
C420863	glabrol	glabrol	17	0
C420866	racemosol	racemosol	14	0
C420923	phenazine-1-carboxamide	phenazine - 1 - carboxamide	7	0
C421025	porphyra-334	porphyra - 334	8	0
C421026	guaiane	guaiane	43	0
C421283	PEGDMA	pegdma	14	0
C421460	glubran	glubran	26	0
C421461	glubran 2	glubran 2	6	0
C421461	glubran-2	glubran - 2	7	0
C421467	3'-sialyllactose	3 ' - sialyllactose	28	0
C421484	ethylammonium	ethylammonium	10	0
C421484	ethylammonium nitrate	ethylammonium nitrate	5	0
C421487	3-phenylpropanal	3 - phenylpropanal	2	0
C421487	3-phenylpropionaldehyde	3 - phenylpropionaldehyde	2	0
C421487	hydrocinnamaldehyde	hydrocinnamaldehyde	3	0
C421805	friedelane	friedelane	7	0
C421864	hen egg lysozyme	hen egg lysozyme	5	0
C421885	eleutheroside E	eleutheroside e	21	0
C422042	IL-20	il - 20	45	0
C422042	interleukin 20	interleukin 20	3	0
C422064	claudin 14	claudin 14	1	0
C422064	claudin-14	claudin - 14	4	0
C422363	kinsenoside	kinsenoside	8	0
C422562	mitochondrial transcription factor A	mitochondrial transcription factor a	61	0
C422650	des-acyl ghrelin	des - acyl ghrelin	9	0
C422655	prostein	prostein	7	0
C422706	ferrocenecarboxaldehyde	ferrocenecarboxaldehyde	6	0
C422849	Ser-His	ser - his	9	0
C422904	proIAPP	proiapp	6	0
C422910	Cilengitide	cilengitide	37	0
C423185	avasimibe	avasimibe	10	0
C423202	PVMA	pvma	7	0
C423282	BoLA-DRB3	bola - drb3	17	0
C423306	ambiol	ambiol	5	0
C423449	CpG ODN 1826	cpg odn 1826	3	0
C423449	CpG1826	cpg1826	2	0
C423652	PEG-rhG-CSF	peg - rhg - csf	40	0
C423652	mecapegfilgrastim	mecapegfilgrastim	14	0
C423652	pegylated granulocyte colony-stimulating factor	pegylated granulocyte colony - stimulating factor	5	0
C423902	irisolidone	irisolidone	13	0
C423915	T0901317	t0901317	20	0
C423921	anastellin	anastellin	7	0
C423964	CYP2A7	cyp2a7	7	0
C424423	Roflumilast	roflumilast	246	0
C424802	atractylenolide III	atractylenolide iii	26	0
C424804	atractylenolide I	atractylenolide i	20	0
C425023	HLA-B*07	hla - b * 07	13	0
C425042	sperm-binding protein	sperm - binding protein	4	0
C425042	spermadhesin	spermadhesin	1	0
C425287	sharpin	sharpin	23	0
C425330	Bioglass 45S5	bioglass 45s5	12	0
C425330	bioactive glass 45S5	bioactive glass 45s5	1	0
C425564	ginsenoside Rh1	ginsenoside rh1	31	0
C425776	YVAD-FMK	yvad - fmk	9	0
C425828	3-hexenyl acetate	3 - hexenyl acetate	21	0
C425828	cis-3-hexenyl acetate	cis - 3 - hexenyl acetate	9	0
C425904	AL-208	al - 208	2	0
C425904	NAP peptide	nap peptide	2	0
C425904	davunetide	davunetide	7	0
C425983	profoxydim	profoxydim	6	0
C426674	brain-derived neurotrophic factor precursor	brain - derived neurotrophic factor precursor	2	0
C426674	pro-BDNF	pro - bdnf	20	0
C426678	epiplakin	epiplakin	11	0
C426884	tilianin	tilianin	14	0
C426945	Pentavac	pentavac	2	0
C426945	Pentaxim	pentaxim	3	0
C427065	butyrylcarnitine	butyrylcarnitine	12	0
C427545	RELT	relt	25	0
C427706	enflicoxib	enflicoxib	16	0
C427725	3,4-dimethoxybenzaldehyde	3 , 4 - dimethoxybenzaldehyde	8	0
C427725	veratraldehyde	veratraldehyde	7	0
C427728	IRDye 800	irdye 800	2	0
C427728	IRDye800	irdye800	31	0
C428024	pyroxamide	pyroxamide	5	0
C428439	prostatic acid phosphatase	prostatic acid phosphatase	19	0
C428927	UGT2B28	ugt2b28	5	0
C429005	venturicidin	venturicidin	18	0
C429015	mitoquinol	mitoquinol	8	0
C429533	SB-3CT	sb - 3ct	8	0
C429543	spiggin	spiggin	6	0
C429790	poly(N,N-dimethylacrylamide)	poly ( n , n - dimethylacrylamide )	13	0
C429790	polydimethylacrylamide	polydimethylacrylamide	1	0
C429845	7-hydroxyflavone	7 - hydroxyflavone	16	0
C430327	anhMurNAc	anhmurnac	9	0
C430327	anhydro-N-acetylmuramic acid	anhydro - n - acetylmuramic acid	1	0
C430456	synemin	synemin	5	0
C430593	cyanohydrin	cyanohydrin	5	0
C430848	halohydrin dehalogenase	halohydrin dehalogenase	8	0
C430918	SEA0400	sea0400	6	0
C431074	ferruginol	ferruginol	7	0
C431126	rhapontigenin	rhapontigenin	10	0
C431184	poly(acrylamide-co-acrylic acid)	poly ( acrylamide - co - acrylic acid )	5	0
C431349	Candida antarctica lipase B	candida antarctica lipase b	26	0
C431715	D-xylopyranose	d - xylopyranose	3	0
C431715	xylopyranose	xylopyranose	9	0
C431863	corrole	corrole	56	0
C432003	AHL lactonase	ahl lactonase	11	0
C432003	N-acyl homoserine lactonase	n - acyl homoserine lactonase	3	0
C432307	isorhapontigenin	isorhapontigenin	31	0
C432447	ovatodiolide	ovatodiolide	8	0
C432586	ubiquinol oxidase	ubiquinol oxidase	5	0
C432744	asperulosidic acid	asperulosidic acid	6	0
C432747	JWH-133	jwh - 133	19	0
C432747	JWH133	jwh133	11	0
C432945	lipophorin receptor	lipophorin receptor	3	0
C432945	lipophorin receptors	lipophorin receptors	3	0
C433018	pimarane	pimarane	17	0
C433143	Capromorelin	capromorelin	18	0
C433163	dihydrodaidzein	dihydrodaidzein	7	0
C433205	Calibra	calibra	14	0
C433283	glycitin	glycitin	7	0
C433304	3,4-dimethylpyrazole phosphate	3 , 4 - dimethylpyrazole phosphate	5	0
C433343	pyrazosulfuron-ethyl	pyrazosulfuron - ethyl	9	0
C433346	imazosulfuron	imazosulfuron	8	0
C433551	Withanolide A	withanolide a	6	0
C433919	4-cyano-4'-pentylbiphenyl	4 - cyano - 4 ' - pentylbiphenyl	5	0
C433919	4-n-pentyl-4'-cyanobiphenyl	4 - n - pentyl - 4 ' - cyanobiphenyl	2	0
C434003	BAY 11-7082	bay 11 - 7082	34	0
C434003	BAY-11-7082	bay - 11 - 7082	1	0
C434003	BAY-117082	bay - 117082	1	0
C434003	BAY11-7082	bay11 - 7082	14	0
C434003	BAY117082	bay117082	1	0
C434257	inositol polyphosphate multikinase	inositol polyphosphate multikinase	6	0
C434457	MCC-135	mcc - 135	8	0
C434607	GBSSI	gbssi	12	0
C434607	granule-bound starch synthase I	granule - bound starch synthase i	6	0
C434645	Mo(CO)6	mo ( co ) 6	12	0
C434645	molybdenum hexacarbonyl	molybdenum hexacarbonyl	2	0
C434666	LNFPIII	lnfpiii	2	0
C434666	lacto-N-fucopentaose III	lacto - n - fucopentaose iii	3	0
C434685	byakangelicin	byakangelicin	14	0
C434734	AR-M1896	ar - m1896	5	0
C434926	PJ-34	pj - 34	2	0
C434926	PJ34	pj34	33	0
C435043	1-naphthalenesulfonic acid	1 - naphthalenesulfonic acid	10	0
C435084	pentagalloylglucose	pentagalloylglucose	21	0
C435228	CYP153	cyp153	6	0
C435643	2-methylpiperazine	2 - methylpiperazine	6	0
C435690	anilofos	anilofos	5	0
C435731	Fluoro-Jade B	fluoro - jade b	7	0
C435731	fluoro jade	fluoro jade	1	0
C435731	fluoro-jade	fluoro - jade	18	0
C435908	collagen-related peptide	collagen - related peptide	11	0
C436511	malassezin	malassezin	8	0
C436603	Sc(OTf)3	sc ( otf ) 3	23	0
C436603	scandium triflate	scandium triflate	2	0
C436740	NPS 2143	nps 2143	1	0
C436740	NPS2143	nps2143	7	0
C436748	alpinetin	alpinetin	70	0
C437167	PEG-DA	peg - da	6	0
C437167	poly(ethylene glycol)diacrylate	poly ( ethylene glycol ) diacrylate	54	0
C437186	corifollitropin alfa	corifollitropin alfa	16	0
C437376	drimane	drimane	22	0
C437387	Mo2(OAc)4	mo2 ( oac ) 4	5	0
C438020	norjuziphine	norjuziphine	5	0
C438021	6-methoxydihydrosanguinarine	6 - methoxydihydrosanguinarine	9	0
C438267	amphisin	amphisin	5	0
C438273	aviptadil	aviptadil	11	0
C438283	alibra	alibra	5	0
C438313	Clearfil SE Bond	clearfil se bond	36	0
C438462	pyrrolobenzodiazepine	pyrrolobenzodiazepine	9	0
C438506	HLA-A*24:02	hla - a * 24 : 02	14	0
C438544	azidotrimethylsilane	azidotrimethylsilane	3	0
C438544	trimethylsilyl azide	trimethylsilyl azide	5	0
C438934	C-glycoside	c - glycoside	27	0
C439060	sirtinol	sirtinol	19	0
C439087	terrein	terrein	10	0
C439263	AM1241	am1241	21	0
C439268	sulfosulfuron	sulfosulfuron	6	0
C439304	KMUP-1	kmup - 1	10	0
C439358	alternan	alternan	6	0
C439395	1-phenylpropanol	1 - phenylpropanol	1	0
C439395	phenylpropanol	phenylpropanol	4	0
C439611	mPEG-PCL	mpeg - pcl	9	0
C439678	glabrene	glabrene	7	0
C439829	indisulam	indisulam	21	0
C440220	Labrasol	labrasol	11	0
C440308	lamin C	lamin c	8	0
C440369	N-propargyl	n - propargyl	8	0
C440668	isaindigotone	isaindigotone	7	0
C441201	2-mercaptobenzoic acid	2 - mercaptobenzoic acid	1	0
C441201	thiosalicylic acid	thiosalicylic acid	8	0
C441626	peptide P	peptide p	8	0
C442169	bacopaside II	bacopaside ii	11	0
C442170	bacopaside I	bacopaside i	5	0
C442270	selenol	selenol	17	0
C442344	acutumine	acutumine	7	0
C442344	dauricumine	dauricumine	7	0
C442489	furanodiene	furanodiene	9	0
C442582	saringosterol	saringosterol	8	0
C442701	centratherin	centratherin	14	0
C442759	ginsenoside Rb1	ginsenoside rb1	82	0
C442781	Houttuynia cordata extract	houttuynia cordata extract	7	0
C442842	Puerariae Radix extract	puerariae radix extract	3	0
C442842	Puerariae radix	puerariae radix	6	0
C442939	cavitand	cavitand	17	0
C443041	anoplin	anoplin	8	0
C443100	preptin	preptin	18	0
C443106	POMGnT1	pomgnt1	17	0
C443113	AAC(2')	aac ( 2 ' )	4	0
C443113	AAC(2')-Ia	aac ( 2 ' ) - ia	1	0
C443113	AAC(2')-Ib	aac ( 2 ' ) - ib	1	0
C443113	AAC(2')-Ic	aac ( 2 ' ) - ic	1	0
C443341	glucovanillin	glucovanillin	10	0
C443401	quercetin 3-O-glucuronide	quercetin 3 - o - glucuronide	2	0
C443401	quercetin-3-glucuronide	quercetin - 3 - glucuronide	3	0
C443641	poly(propylene imine)	poly ( propylene imine )	1	0
C443641	polypropyleneimine	polypropyleneimine	2	0
C443641	polypropylenimine	polypropylenimine	3	0
C443643	trimethylene carbonate	trimethylene carbonate	29	0
C443804	galactoglucomannan	galactoglucomannan	10	0
C443901	LHP1	lhp1	18	0
C443901	like heterochromatin protein 1	like heterochromatin protein 1	4	0
C444241	cryptand	cryptand	24	0
C444701	Filtek Z250	filtek z250	31	0
C444760	Embarc	embarc	20	0
C445340	dectin-2	dectin - 2	35	0
C445365	cubenol	cubenol	5	0
C445404	SU(VAR)3-9	su ( var ) 3 - 9	7	0
C445503	NFATc3	nfatc3	22	0
C445659	bilastine	bilastine	44	0
C446243	licoisoflavone A	licoisoflavone a	10	0
C446244	licoisoflavone B	licoisoflavone b	5	0
C446402	OVA-alum	ova - alum	5	0
C446402	ovalbumin-alum	ovalbumin - alum	2	0
C446505	iron chlorin e6	iron chlorin e6	5	0
C446540	thienopyridine	thienopyridine	14	0
C447082	CORM-2	corm - 2	23	0
C447082	carbon monoxide-releasing molecule-2	carbon monoxide - releasing molecule - 2	1	0
C447284	conocarpan	conocarpan	6	0
C447941	177Lu-DOTATATE	177lu - dotatate	143	0
C447941	Lutathera	lutathera	18	0
C448022	GnRH3	gnrh3	13	0
C448039	Pro-Pro	pro - pro	16	0
C448039	prolylproline	prolylproline	1	0
C448459	lupinifolin	lupinifolin	15	0
C448619	octaarginine	octaarginine	5	0
C448659	17-DMAG	17 - dmag	32	0
C448659	alvespimycin	alvespimycin	2	0
C448819	calebin-A	calebin - a	5	0
C448901	p70S6K1	p70s6k1	10	0
C448901	p85s6k	p85s6k	2	0
C448994	58S bioactive glass	58s bioactive glass	7	0
C449302	GW6471	gw6471	27	0
C449659	otolin-1	otolin - 1	13	0
C449720	kaempferide	kaempferide	23	0
C449816	AHL synthase	ahl synthase	6	0
C449880	O-GlcNAc transferase	o - glcnac transferase	90	0
C450142	theta-defensin	theta - defensin	4	0
C450142	theta-defensins	theta - defensins	1	0
C450681	TMEDA	tmeda	41	0
C450681	phenyllithium	phenyllithium	3	0
C450739	oleanonic acid	oleanonic acid	6	0
C451019	4-hydroxychalcone	4 - hydroxychalcone	6	0
C451060	spasmolytic polypeptide	spasmolytic polypeptide	21	0
C451159	Der f 1	der f 1	13	0
C451163	Der p 2	der p 2	34	0
C451163	Der p 2 allergen	der p 2 allergen	2	0
C451241	PKH 67	pkh 67	1	0
C451241	PKH67	pkh67	19	0
C451418	ethyl cinnamate	ethyl cinnamate	14	0
C451459	eIF5B	eif5b	7	0
C452139	BIRB-796	birb - 796	1	0
C452139	BIRB796	birb796	2	0
C452139	doramapimod	doramapimod	10	0
C452212	stellettin B	stellettin b	6	0
C452539	N-diazeniumdiolate	n - diazeniumdiolate	1	0
C452539	diazen-1-ium-1,2-diolate	diazen - 1 - ium - 1 , 2 - diolate	1	0
C452539	diazeniumdiolate	diazeniumdiolate	4	0
C452799	corydaline	corydaline	7	0
C452802	yatein	yatein	6	0
C452984	isoginkgetin	isoginkgetin	22	0
C453221	BAY 57-1293	bay 57 - 1293	1	0
C453221	pritelivir	pritelivir	27	0
C453562	macrolactin A	macrolactin a	7	0
C453622	carbopol 934	carbopol 934	15	0
C453622	carbopol 934P	carbopol 934p	4	0
C453899	GW7647	gw7647	7	0
C454064	BRACO-19	braco - 19	17	0
C454064	BRACO19	braco19	2	0
C454646	tomentosin	tomentosin	10	0
C455100	1,4-polyisoprene	1 , 4 - polyisoprene	15	0
C455100	poly(cis-1,4-isoprene)	poly ( cis - 1 , 4 - isoprene )	1	0
C455106	2-furanmethanethiol	2 - furanmethanethiol	3	0
C455106	2-furfurylthiol	2 - furfurylthiol	1	0
C455106	furfuryl mercaptan	furfuryl mercaptan	1	0
C455107	petunidin-3-glucoside	petunidin - 3 - glucoside	6	0
C455117	aramchol	aramchol	12	0
C455165	poricoic acid A	poricoic acid a	9	0
C455260	isoquinocycline B	isoquinocycline b	1	0
C455260	kosinostatin	kosinostatin	4	0
C456097	apigenin-7-O-glucuronide	apigenin - 7 - o - glucuronide	12	0
C456319	PS1145	ps1145	8	0
C456407	BMS-193885	bms - 193885	4	0
C456407	BMS193885	bms193885	3	0
C456584	18C6	18c6	25	0
C456584	aza-18-crown-6 ether	aza - 18 - crown - 6 ether	1	0
C456900	indolin-2-one	indolin - 2 - one	14	0
C457232	alisol B	alisol b	22	0
C457499	GW-9662	gw - 9662	1	0
C457499	GW9662	gw9662	76	0
C457640	ling-gui-zhu-gan	ling - gui - zhu - gan	6	0
C457640	ling-gui-zhu-gan decoction	ling - gui - zhu - gan decoction	5	0
C457771	saponarin	saponarin	6	0
C458339	thyrostimulin	thyrostimulin	6	0
C458419	malvidin-3-glucoside	malvidin - 3 - glucoside	5	0
C458523	BIBR1532	bibr1532	25	0
C458525	STO-609	sto - 609	8	0
C458886	inuviscolide	inuviscolide	6	0
C459179	SB-431542	sb - 431542	8	0
C459179	SB431542	sb431542	51	0
C459211	corylin	corylin	71	0
C459561	4-HBA	4 - hba	25	0
C459596	claudin-15	claudin - 15	8	0
C459619	protodioscin	protodioscin	21	0
C460085	signal peptide peptidase	signal peptide peptidase	16	0
C460579	Z-YVAD-FMK	z - yvad - fmk	9	0
C460801	polycarpol	polycarpol	9	0
C461523	isoperezone	isoperezone	5	0
C462034	byakangelicol	byakangelicol	13	0
C462036	xanthomicrol	xanthomicrol	5	0
C463061	AP20187	ap20187	10	0
C463639	bis(pinacolato)diboron	bis ( pinacolato ) diboron	11	0
C463799	BODIPY581	bodipy581	10	0
C464484	pluronic P123	pluronic p123	7	0
C464577	palladia	palladia	2	0
C464577	toceranib phosphate	toceranib phosphate	15	0
C464587	stigmasterol glucoside	stigmasterol glucoside	6	0
C464660	INT-747	int - 747	1	0
C464660	obeticholic acid	obeticholic acid	69	0
C464670	tandutinib	tandutinib	5	0
C465023	Tapet	tapet	1	0
C465023	VNP-20009	vnp - 20009	1	0
C465023	VNP20009	vnp20009	35	0
C465259	CYP3A37	cyp3a37	7	0
C465259	cytochrome P450 3A37	cytochrome p450 3a37	1	0
C465366	cyazofamid	cyazofamid	5	0
C465543	sulfo-NHS	sulfo - nhs	8	0
C465548	bifendate	bifendate	6	0
C465625	CYP4X1	cyp4x1	11	0
C465664	Go6983	go6983	4	0
C465664	Gö6983	g ö 6983	3	0
C466027	trehalosamine	trehalosamine	7	0
C466066	rhizocarpic acid	rhizocarpic acid	5	0
C466160	resorcinarene	resorcinarene	19	0
C466618	ethylhexyl triazone	ethylhexyl triazone	6	0
C466708	13-HOTrE	13 - hotre	7	0
C467098	indole-3-acetaldoxime	indole - 3 - acetaldoxime	6	0
C467484	VEGF-165	vegf - 165	6	0
C467484	vascular endothelial growth factor-165	vascular endothelial growth factor - 165	2	0
C467801	matriptase-2	matriptase - 2	10	0
C468277	monteplase	monteplase	6	0
C468515	FITC-PNA	fitc - pna	4	0
C468515	fluorescein isothiocyanate-peanut agglutinin	fluorescein isothiocyanate - peanut agglutinin	1	0
C468549	1,4-benzodiazepine	1 , 4 - benzodiazepine	5	0
C468549	Bz-423	bz - 423	3	0
C468752	bavachinin	bavachinin	30	0
C468752	bavachinin A	bavachinin a	1	0
C468753	isobavachin	isobavachin	12	0
C468773	GW4869	gw4869	100	0
C468872	E7820	e7820	8	0
C468918	Smoothened Agonist (SAG)	smoothened agonist ( sag )	5	0
C469146	(-)-guaiol	( - ) - guaiol	1	0
C469146	guaiol	guaiol	6	0
C469310	isochlorogenic acid	isochlorogenic acid	48	0
C469607	OptiBond FL	optibond fl	11	0
C469726	AVE0991	ave0991	11	0
C469892	poly(glycerol sebacate)	poly ( glycerol sebacate )	13	0
C470023	docosane	docosane	10	0
C470230	Gradia	gradia	31	0
C470230	Gradia Direct	gradia direct	8	0
C470230	Gradia Indirect	gradia indirect	2	0
C470430	10-acetyl-3,7-dihydroxyphenoxazine	10 - acetyl - 3 , 7 - dihydroxyphenoxazine	1	0
C470430	Amplex Red	amplex red	9	0
C470592	lupenone	lupenone	12	0
C470794	W54011	w54011	15	0
C470812	G-clamp	g - clamp	14	0
C471071	perfluorohexane sulfonic acid	perfluorohexane sulfonic acid	26	0
C471071	perfluorohexanesulfonic acid	perfluorohexanesulfonic acid	41	0
C471213	(His)6	( his ) 6	5	0
C471213	hexahistidine	hexahistidine	10	0
C471213	his6 tag	his6 tag	3	0
C471364	Pb5(PO4)3Cl	pb5 ( po4 ) 3cl	2	0
C471364	pyromorphite	pyromorphite	3	0
C471392	sulfenamide	sulfenamide	9	0
C471579	nodakenin	nodakenin	14	0
C471701	sodium titanate	sodium titanate	8	0
C471849	ajulemic acid	ajulemic acid	3	0
C471849	lenabasum	lenabasum	9	0
C471998	JTE-013	jte - 013	20	0
C471998	JTE013	jte013	4	0
C472006	moist exposed burn ointment	moist exposed burn ointment	6	0
C472077	ginsenoside Rk1	ginsenoside rk1	7	0
C472185	ethiprole	ethiprole	12	0
C472241	femoston	femoston	34	0
C472349	OxPAPC	oxpapc	10	0
C472367	compound 24	compound 24	21	0
C472586	Ti3SiC2	ti3sic2	10	0
C472765	Globo-H	globo - h	8	0
C472774	senicapoc	senicapoc	13	0
C472948	BEDT-TTF	bedt - ttf	8	0
C472955	carperitide	carperitide	12	0
C472965	fospropofol	fospropofol	46	0
C472965	fospropofol disodium	fospropofol disodium	17	0
C473027	GW3965	gw3965	17	0
C473049	xyloglucan endotransglucosylase	xyloglucan endotransglucosylase	25	0
C473049	xyloglucan endotransglucosylase-hydrolase	xyloglucan endotransglucosylase - hydrolase	1	0
C473248	Fe-TCPP	fe - tcpp	8	0
C473299	tellimagrandin II	tellimagrandin ii	13	0
C473347	LiTaO3	litao3	17	0
C473503	Tn5 transposase	tn5 transposase	20	0
C473636	iridal	iridal	6	0
C473731	lomitapide	lomitapide	72	0
C473805	mPC5	mpc5	27	0
C473845	akaganeite	akaganeite	7	0
C473995	wogonoside	wogonoside	36	0
C474035	Filtek Supreme	filtek supreme	38	0
C474139	Mn-TCPP	mn - tcpp	13	0
C474178	FR252921	fr252921	5	0
C474316	tubacin	tubacin	15	0
C474477	3-dehydroquinate	3 - dehydroquinate	7	0
C474479	cyclooctane	cyclooctane	10	0
C474540	3-quinuclidinol	3 - quinuclidinol	6	0
C474615	fexaramine	fexaramine	5	0
C474722	ZM-447439	zm - 447439	6	0
C474722	ZM447439	zm447439	2	0
C474723	hesperadin	hesperadin	14	0
C474729	austdiol	austdiol	6	0
C474837	pomiferin	pomiferin	7	0
C474918	gypenoside	gypenoside	27	0
C475234	filbertone	filbertone	9	0
C475455	YM-254890	ym - 254890	4	0
C475455	YM254890	ym254890	3	0
C475480	MTA Angelus	mta angelus	33	0
C475480	MTA-Angelus	mta - angelus	6	0
C475571	sulfentrazone	sulfentrazone	7	0
C475673	polyrotaxane	polyrotaxane	38	0
C475724	bromotyrosine	bromotyrosine	5	0
C475729	casein hydrolysate	casein hydrolysate	19	0
C475729	casitone	casitone	6	0
C475809	sarpagine	sarpagine	9	0
C475857	ethyl isovalerate	ethyl isovalerate	8	0
C475934	hinokinin	hinokinin	11	0
C475935	curcumin III	curcumin iii	6	0
C476003	thienopyrimidine	thienopyrimidine	12	0
C476104	sinbaglustat	sinbaglustat	11	0
C476282	cinnoline	cinnoline	5	0
C476329	WST-8	wst - 8	46	0
C476335	Ze 339	ze 339	6	0
C476392	olivil	olivil	5	0
C476488	undecenal	undecenal	7	0
C476489	(2E)-decenal	( 2e ) - decenal	1	0
C476489	decenal	decenal	28	0
C476721	bremelanotide	bremelanotide	7	0
C476734	Gnetol	gnetol	13	0
C476811	aptosimon	aptosimon	6	0
C476922	2,5-diformylfuran	2 , 5 - diformylfuran	12	0
C476987	MMA-TBB	mma - tbb	8	0
C477020	Eudragit E100	eudragit e100	6	0
C477155	demethyleneberberine	demethyleneberberine	5	0
C477169	dachengqi decoction	dachengqi decoction	8	0
C477170	curculigoside	curculigoside	12	0
C477224	erastin	erastin	477	0
C477250	CoOOH	coooh	81	0
C477250	cobalt oxyhydroxide	cobalt oxyhydroxide	9	0
C477278	erzhi pill	erzhi pill	10	0
C477279	Danggui Buxue Tang	danggui buxue tang	8	0
C477279	danggui buxue decoction	danggui buxue decoction	20	0
C477279	dangguibuxue decoction	dangguibuxue decoction	2	0
C477353	L116	l116	5	0
C477378	carbonic anhydrase 12	carbonic anhydrase 12	9	0
C477378	carbonic anhydrase XII	carbonic anhydrase xii	2	0
C477501	PD-168,077	pd - 168 , 077	3	0
C477501	PD-168077	pd - 168077	2	0
C477501	PD168077	pd168077	1	0
C477508	jaceosidin	jaceosidin	17	0
C477582	gnetofuran A	gnetofuran a	8	0
C477638	Erianin	erianin	92	0
C477682	lutetium orthosilicate	lutetium orthosilicate	1	0
C477682	lutetium oxy-orthosilicate	lutetium oxy - orthosilicate	1	0
C477682	lutetium oxyorthosilicate	lutetium oxyorthosilicate	3	0
C477694	BDE-99	bde - 99	11	0
C477790	Transbond XT	transbond xt	43	0
C477819	15d-PGJ2	15d - pgj2	33	0
C477843	bicyclol	bicyclol	31	0
C477954	afzelin	afzelin	12	0
C477954	kaempferol-3-rhamnoside	kaempferol - 3 - rhamnoside	1	0
C477965	isolinderalactone	isolinderalactone	7	0
C477965	linderalactone	linderalactone	3	0
C478098	dehydroandrographolide	dehydroandrographolide	11	0
C478099	gigantol	gigantol	26	0
C478100	3,4-DICQA	3 , 4 - dicqa	3	0
C478100	3,4-di-O-caffeoylquinic acid	3 , 4 - di - o - caffeoylquinic acid	4	0
C478100	3,4-dicaffeoylquinic acid	3 , 4 - dicaffeoylquinic acid	5	0
C478100	isochlorogenic acid B	isochlorogenic acid b	6	0
C478100	isochlorogenic acid C	isochlorogenic acid c	16	0
C478420	FIIa	fiia	17	0
C478745	tasimelteon	tasimelteon	14	0
C479069	mono(2-ethyl-5-hydroxyhexyl) phthalate	mono ( 2 - ethyl - 5 - hydroxyhexyl ) phthalate	7	0
C479069	mono(2-ethyl-5-hydroxyhexyl)phthalate	mono ( 2 - ethyl - 5 - hydroxyhexyl ) phthalate	7	0
C479084	admira	admira	29	0
C479228	perfluorohexanoic acid	perfluorohexanoic acid	40	0
C479548	undecanal	undecanal	7	0
C479579	procyanidin B1	procyanidin b1	19	0
C479580	procyanidin B2	procyanidin b2	52	0
C479759	arjunglucoside I	arjunglucoside i	7	0
C479838	UFP-101	ufp - 101	8	0
C479979	GW0742	gw0742	6	0
C480311	pymetrozine	pymetrozine	23	0
C480398	atraric acid	atraric acid	14	0
C480486	vitisin B	vitisin b	14	0
C480521	peonidin-3-O-glucoside	peonidin - 3 - o - glucoside	9	0
C480546	lupane	lupane	33	0
C480588	cinaciguat	cinaciguat	10	0
C480596	squaraine	squaraine	52	0
C481019	Biopex	biopex	11	0
C481298	theasinensin A	theasinensin a	7	0
C481384	4-ethyloctanoic acid	4 - ethyloctanoic acid	9	0
C481504	ibalizumab	ibalizumab	11	0
C481647	Mn2(CO)10	mn2 ( co ) 10	10	0
C481647	dimanganese decacarbonyl	dimanganese decacarbonyl	2	0
C481719	lead titanate	lead titanate	9	0
C482205	nutlin-3	nutlin - 3	18	0
C482205	nutlin-3A	nutlin - 3a	29	0
C482302	hederacoside C	hederacoside c	8	0
C482333	Calhex-231	calhex - 231	4	0
C482333	Calhex231	calhex231	10	0
C482492	3,4,5,4'-tetramethoxy-trans-stilbene	3 , 4 , 5 , 4 ' - tetramethoxy - trans - stilbene	1	0
C482492	3,4,5,4'-tetramethoxystilbene	3 , 4 , 5 , 4 ' - tetramethoxystilbene	1	0
C482492	DMU-212	dmu - 212	4	0
C482526	citronellyl methacrylate	citronellyl methacrylate	5	0
C482694	pantocin A	pantocin a	5	0
C482777	triazacyclononane	triazacyclononane	23	0
C482910	G6PD A-	g6pd a -	9	0
C483020	CpG7909	cpg7909	5	0
C483158	Ufi gel	ufi gel	4	0
C483158	Ufi gel hard	ufi gel hard	4	0
C483238	botryosphaeran	botryosphaeran	8	0
C483503	neurexan	neurexan	5	0
C483658	Pogostone	pogostone	12	0
C483701	RelyX Unicem	relyx unicem	6	0
C483720	pridopidine	pridopidine	27	0
C483727	sulfobetaine	sulfobetaine	69	0
C483909	torcetrapib	torcetrapib	10	0
C484398	9-mesityl-10-methylacridinium	9 - mesityl - 10 - methylacridinium	2	0
C484398	Mes-Acr	mes - acr	5	0
C484472	barettin	barettin	5	0
C484831	miliusol	miliusol	7	0
C484848	ziyuglycoside I	ziyuglycoside i	17	0
C484864	BMS-387032	bms - 387032	1	0
C484864	SNS-032	sns - 032	9	0
C484876	scutellarein-7-O-glucuronide	scutellarein - 7 - o - glucuronide	3	0
C484876	scutellarin	scutellarin	117	0
C484911	thioxanthone	thioxanthone	12	0
C484966	oroxindin	oroxindin	8	0
C484967	arjunetin	arjunetin	5	0
C485182	Cyan Fluorescent Protein	cyan fluorescent protein	7	0
C485333	tafluprost	tafluprost	22	0
C485383	7,8-dihydroxyflavone	7 , 8 - dihydroxyflavone	21	0
C485576	elatol	elatol	5	0
C485595	matriptase	matriptase	53	0
C486140	penehyclidine	penehyclidine	25	0
C486182	diarylpropionitrile	diarylpropionitrile	15	0
C486857	pentafluoropyridine	pentafluoropyridine	5	0
C487056	N-Acetylcysteine amide	n - acetylcysteine amide	7	0
C487081	PXD101	pxd101	3	0
C487081	belinostat	belinostat	29	0
C487112	IDN-6556	idn - 6556	6	0
C487112	emricasan	emricasan	6	0
C487162	butafenacil	butafenacil	5	0
C487471	OSI-420	osi - 420	5	0
C487513	NSC 23766	nsc 23766	2	0
C487513	NSC23766	nsc23766	12	0
C487644	corynoline	corynoline	21	0
C487941	batatasin-III	batatasin - iii	8	0
C488060	p-benzoyl-L-phenylalanine	p - benzoyl - l - phenylalanine	6	0
C488176	NO-aspirin	no - aspirin	8	0
C488231	hydrindacene	hydrindacene	6	0
C488234	XCT-790	xct - 790	1	0
C488234	XCT790	xct790	10	0
C488250	oleoylethanolamide	oleoylethanolamide	38	0
C488376	comenic acid	comenic acid	6	0
C488396	neamine	neamine	5	0
C488401	morroniside	morroniside	39	0
C488411	canolol	canolol	11	0
C488516	asoprisnil	asoprisnil	7	0
C488734	C-1305	c - 1305	5	0
C488803	karrikin	karrikin	13	0
C488805	dimethachlon	dimethachlon	12	0
C488833	Imrecoxib	imrecoxib	13	0
C488877	coumarin 153	coumarin 153	8	0
C488938	octaethylporphyrin	octaethylporphyrin	7	0
C489048	quinclorac	quinclorac	50	0
C489136	arterolane	arterolane	9	0
C489251	GW5074	gw5074	5	0
C489337	oteracil potassium	oteracil potassium	8	0
C489337	potassium oxonate	potassium oxonate	50	0
C489347	affinin	affinin	3	0
C489347	spilanthol	spilanthol	5	0
C489630	CpG1018	cpg1018	7	0
C489827	tefluthrin	tefluthrin	6	0
C490076	pyranopterin	pyranopterin	6	0
C490207	oxaline	oxaline	6	0
C490483	icilin	icilin	11	0
C490707	reparixin	reparixin	9	0
C491147	methanobactin	methanobactin	6	0
C491237	2-methoxy-3,5-dimethylpyrazine	2 - methoxy - 3 , 5 - dimethylpyrazine	5	0
C491509	decabromodiphenyl ethane	decabromodiphenyl ethane	20	0
C492074	PVA-HA	pva - ha	11	0
C492076	ethaboxam	ethaboxam	8	0
C492079	urantide	urantide	6	0
C492425	MPEG-PLA	mpeg - pla	8	0
C492448	ICG-001	icg - 001	12	0
C492448	ICG001	icg001	2	0
C492448	PRI-724	pri - 724	10	0
C492510	IL-20 receptor	il - 20 receptor	3	0
C492510	interleukin-20 receptor	interleukin - 20 receptor	2	0
C492546	GW280264X	gw280264x	7	0
C492597	1,2,3,5,6-pentathiepane	1 , 2 , 3 , 5 , 6 - pentathiepane	1	0
C492597	lenthionine	lenthionine	9	0
C492600	metofluthrin	metofluthrin	12	0
C492687	kaempferol-3-O-rutinoside	kaempferol - 3 - o - rutinoside	26	0
C492760	annexin V-FITC	annexin v - fitc	155	0
C492908	PX-478	px - 478	15	0
C493138	4,5-DHP	4 , 5 - dhp	3	0
C493138	4,5-dihydroxy-2,3-pentanedione	4 , 5 - dihydroxy - 2 , 3 - pentanedione	3	0
C493220	senegenin	senegenin	2	0
C493220	tenuigenin	tenuigenin	11	0
C493276	Biothrax	biothrax	6	0
C493483	Mao-to	mao - to	5	0
C493492	acyl-CoA cholesterol acyltransferase-1	acyl - coa cholesterol acyltransferase - 1	1	0
C493492	sterol O-acyltransferase 1	sterol o - acyltransferase 1	16	0
C493666	acequinocyl	acequinocyl	10	0
C493734	polyHIPE	polyhipe	16	0
C493785	Protollin	protollin	9	0
C493990	iron phthalocyanine	iron phthalocyanine	22	0
C494120	delphinidin-3-glucoside	delphinidin - 3 - glucoside	8	0
C494154	azaphilone	azaphilone	14	0
C494197	imazamox	imazamox	13	0
C494379	hematoporphyrin monomethyl ether	hematoporphyrin monomethyl ether	16	0
C494379	hemoporfin	hemoporfin	7	0
C494414	AMD-070	amd - 070	7	0
C494414	AMD070	amd070	1	0
C494414	X4P-001	x4p - 001	1	0
C494414	Xolremdi	xolremdi	1	0
C494414	mavorixafor	mavorixafor	17	0
C494415	qinpi	qinpi	6	0
C494416	kushen	kushen	42	0
C494417	huanglian	huanglian	62	0
C494892	thifluzamide	thifluzamide	28	0
C494902	lactiflorin	lactiflorin	11	0
C494910	teduglutide	teduglutide	116	0
C495199	apelin-13	apelin - 13	169	0
C495200	apelin-12	apelin - 12	18	0
C495200	apelin-12 peptide	apelin - 12 peptide	1	0
C495284	triacetone triperoxide	triacetone triperoxide	5	0
C495366	hydroxyoctadecadienoic acid	hydroxyoctadecadienoic acid	22	0
C495417	JNJ16259685	jnj16259685	5	0
C495512	lactisole	lactisole	6	0
C495575	monomethyl auristatin E	monomethyl auristatin e	55	0
C495626	14-deoxy-11,12-didehydroandrographolide	14 - deoxy - 11 , 12 - didehydroandrographolide	8	0
C495809	bispidine	bispidine	16	0
C495818	KU-55933	ku - 55933	4	0
C495818	KU55933	ku55933	11	0
C496116	damascone	damascone	8	0
C496130	sinapyl alcohol	sinapyl alcohol	9	0
C496140	everStick	everstick	15	0
C496164	mansonone E	mansonone e	6	0
C496269	Clascoterone	clascoterone	18	0
C496492	abrine	abrine	11	0
C496603	dehydrodiisoeugenol	dehydrodiisoeugenol	7	0
C496656	piperitone	piperitone	21	0
C496735	Embosphere Microspheres	embosphere microspheres	4	0
C496735	Embospheres	embospheres	2	0
C496735	tris-acryl gelatin microspheres	tris - acryl gelatin microspheres	6	0
C496735	trisacryl gelatin microspheres	trisacryl gelatin microspheres	4	0
C496822	xuezhikang	xuezhikang	8	0
C496827	salubrinal	salubrinal	17	0
C496890	fagopyrin	fagopyrin	14	0
C496906	DANSYL	dansyl	23	0
C497000	chaihu-shugan-san	chaihu - shugan - san	6	0
C497150	PG01037	pg01037	6	0
C497341	nepetalactol	nepetalactol	6	0
C497413	vittatalactone	vittatalactone	5	0
C497675	cyathane	cyathane	9	0
C498052	18F-FAZA	18f - faza	3	0
C498052	fluoroazomycin arabinoside	fluoroazomycin arabinoside	1	0
C498052	fluoroazomycinarabinoside	fluoroazomycinarabinoside	1	0
C498115	Metapex	metapex	11	0
C498182	ertiprotafib	ertiprotafib	6	0
C498383	irciniastatin A	irciniastatin a	1	0
C498383	psymberin	psymberin	5	0
C498513	PNU-282987	pnu - 282987	21	0
C498513	PNU282987	pnu282987	8	0
C498810	diethyl malonate	diethyl malonate	5	0
C498945	prim-O-glucosylcimifugin	prim - o - glucosylcimifugin	12	0
C499007	peramine	peramine	6	0
C499119	1-ethyl-3-methylimidazolium tetrafluoroborate	1 - ethyl - 3 - methylimidazolium tetrafluoroborate	7	0
C499292	KP1019	kp1019	11	0
C499326	TPCA-1	tpca - 1	6	0
C499403	icaritin	icaritin	95	0
C499747	1,4,7-trimethyl-1,4,7-triazacyclononane	1 , 4 , 7 - trimethyl - 1 , 4 , 7 - triazacyclononane	1	0
C499747	Me3TACN	me3tacn	9	0
C499779	isoliensinine	isoliensinine	18	0
C499781	kanglaite	kanglaite	21	0
C499803	goyazensolide	goyazensolide	8	0
C499814	Scutellaria baicalensis extract	scutellaria baicalensis extract	9	0
C499954	cryptomeridiol	cryptomeridiol	8	0
C500135	tebipenem	tebipenem	27	0
C500223	lycium barbarum polysaccharide	lycium barbarum polysaccharide	57	0
C500528	URB-597	urb - 597	3	0
C500528	URB597	urb597	19	0
C500530	AMG 9810	amg 9810	2	0
C500530	AMG-9810	amg - 9810	1	0
C500530	AMG9810	amg9810	11	0
C500601	narirutin	narirutin	49	0
C500809	flavokawain A	flavokawain a	18	0
C500823	arvelexin	arvelexin	8	0
C501279	HLA-B*52:01	hla - b * 52 : 01	7	0
C501466	nimotuzumab	nimotuzumab	100	0
C501517	UCF 101	ucf 101	1	0
C501517	UCF-101	ucf - 101	6	0
C501583	cyhalofop-butyl	cyhalofop - butyl	33	0
C501612	orsellinic acid	orsellinic acid	21	0
C501632	Pro Seal	pro seal	5	0
C501636	4'-hydroxywogonin	4 ' - hydroxywogonin	8	0
C501763	1,3,5-triaza-7-phosphaadamantane	1 , 3 , 5 - triaza - 7 - phosphaadamantane	8	0
C501847	2,2'-dipicolylamine	2 , 2 ' - dipicolylamine	5	0
C501847	dipicolylamine	dipicolylamine	19	0
C501891	Tetric EvoCeram	tetric evoceram	15	0
C501899	KRP-203	krp - 203	23	0
C501944	Viscoat	viscoat	9	0
C501944	ialuril	ialuril	4	0
C502009	claudin 10	claudin 10	1	0
C502009	claudin-10	claudin - 10	6	0
C502011	claudin-8	claudin - 8	5	0
C502026	macelignan	macelignan	23	0
C502356	PNU-159682	pnu - 159682	11	0
C502379	lyoniresinol	lyoniresinol	12	0
C502381	periplocin	periplocin	38	0
C502503	2,4-heptadienal	2 , 4 - heptadienal	18	0
C502644	calamenene	calamenene	10	0
C502722	lucinactant	lucinactant	7	0
C502869	damascenone	damascenone	36	0
C502907	poly(glycidol)	poly ( glycidol )	1	0
C502907	polyglycidol	polyglycidol	14	0
C502908	PEG-PCL-PEG	peg - pcl - peg	6	0
C503112	shepherdin	shepherdin	8	0
C503231	homoeriodictyol	homoeriodictyol	6	0
C503302	triladyl	triladyl	7	0
C503488	6-mercapto-1-hexanol	6 - mercapto - 1 - hexanol	5	0
C503624	eupafolin	eupafolin	17	0
C503624	nepetin	nepetin	5	0
C503639	RG108	rg108	10	0
C503696	WST11	wst11	5	0
C503840	dieckol	dieckol	27	0
C503854	CORM-A1	corm - a1	14	0
C504072	carbosilane	carbosilane	16	0
C504080	3,5-dimethylphenylcarbamate	3 , 5 - dimethylphenylcarbamate	5	0
C504126	curdione	curdione	6	0
C504156	PMX205	pmx205	5	0
C504164	O-carboxymethyl chitosan	o - carboxymethyl chitosan	9	0
C504197	PM597	pm597	6	0
C504197	pyrromethene 597	pyrromethene 597	2	0
C504227	apilimod	apilimod	16	0
C504234	siltuximab	siltuximab	35	0
C504422	flurbiprofen axetil	flurbiprofen axetil	44	0
C504882	topiroxostat	topiroxostat	5	0
C504894	68Ga-DOTA-NOC	68ga - dota - noc	6	0
C504894	68Ga-DOTANOC	68ga - dotanoc	26	0
C504942	Coltosol F	coltosol f	7	0
C505028	sumanene	sumanene	22	0
C505144	AS-605240	as - 605240	4	0
C505144	AS605240	as605240	5	0
C505165	BIBN-4096	bibn - 4096	2	0
C505165	BIBN4096	bibn4096	10	0
C505222	11-mercaptoundecanoic acid	11 - mercaptoundecanoic acid	17	0
C505405	poly(ethylene imine)	poly ( ethylene imine )	7	0
C505439	ceftobiprole medocaril	ceftobiprole medocaril	11	0
C505504	3-(trimethoxysilyl)propyl methacrylate	3 - ( trimethoxysilyl ) propyl methacrylate	8	0
C505694	Clearfil S3 Bond	clearfil s3 bond	5	0
C505698	hecogenin acetate	hecogenin acetate	7	0
C505734	5Z-7-oxozeanol	5z - 7 - oxozeanol	1	0
C505734	7-oxozeaenol	7 - oxozeaenol	9	0
C505734	7-oxozeanol	7 - oxozeanol	1	0
C505764	loureirin B	loureirin b	12	0
C506098	azidohomoalanine	azidohomoalanine	9	0
C506133	methyl syringate	methyl syringate	18	0
C506175	chignolin	chignolin	5	0
C506188	Kdo2-lipid A	kdo2 - lipid a	9	0
C506248	compound 26	compound 26	18	0
C506266	amustaline	amustaline	11	0
C506269	GW2580	gw2580	6	0
C506362	yu ping feng san	yu ping feng san	7	0
C506457	calindol	calindol	7	0
C506587	ASB-14	asb - 14	7	0
C506587	amidosulfobetaine-14	amidosulfobetaine - 14	1	0
C506614	GOMEKLI	gomekli	1	0
C506614	PD-0325901	pd - 0325901	3	0
C506614	PD0325901	pd0325901	29	0
C506614	mirdametinib	mirdametinib	33	0
C506622	prunin	prunin	10	0
C506652	1-ethyl-3-methylimidazolium bis(trifluoromethylsulfonyl)imide	1 - ethyl - 3 - methylimidazolium bis ( trifluoromethylsulfonyl ) imide	12	0
C506900	momordicine I	momordicine i	8	0
C506967	cenicriviroc	cenicriviroc	8	0
C506998	reactive red 3BS	reactive red 3bs	5	0
C507011	A-83-01	a - 83 - 01	3	0
C507011	A83-01	a83 - 01	8	0
C507035	CLI-095	cli - 095	2	0
C507035	TAK-242	tak - 242	100	0
C507035	TAK242	tak242	26	0
C507035	resatorvid	resatorvid	14	0
C507091	DPA-713	dpa - 713	10	0
C507124	Estelite sigma	estelite sigma	15	0
C507134	rigosertib	rigosertib	19	0
C507250	pradofloxacin	pradofloxacin	12	0
C507253	poly(beta-amino ester)	poly ( beta - amino ester )	5	0
C507296	heptazine	heptazine	106	0
C507384	cholesterol 25-hydroxylase	cholesterol 25 - hydroxylase	20	0
C507544	dipyrromethene	dipyrromethene	58	0
C507582	monotropein	monotropein	27	0
C507608	cyclohexadienone	cyclohexadienone	6	0
C507641	TiO2-SiO2	tio2 - sio2	12	0
C507866	dihydrodiol	dihydrodiol	13	0
C508039	cadinane	cadinane	16	0
C508135	spirodiclofen	spirodiclofen	19	0
C508136	etoxazole	etoxazole	34	0
C508388	PNU-120596	pnu - 120596	12	0
C508388	PNU120596	pnu120596	1	0
C508401	spectinabilin	spectinabilin	12	0
C508407	meranzin	meranzin	14	0
C508408	meranzin hydrate	meranzin hydrate	8	0
C508420	Mircera	mircera	11	0
C508420	continuous erythropoietin receptor activator	continuous erythropoietin receptor activator	2	0
C508420	epoetin beta pegol	epoetin beta pegol	1	0
C508420	methoxy polyethylene glycol-epoetin beta	methoxy polyethylene glycol - epoetin beta	4	0
C508523	Colivelin	colivelin	40	0
C508548	ormeloxifene	ormeloxifene	24	0
C508735	isavuconazole	isavuconazole	332	0
C508735	isavuconazonium sulfate	isavuconazonium sulfate	7	0
C508745	vialinin A	vialinin a	10	0
C508854	netupitant	netupitant	26	0
C508873	phytantriol	phytantriol	18	0
C509058	monomethyl fumarate	monomethyl fumarate	11	0
C509074	5-hydroxytriptolide	5 - hydroxytriptolide	5	0
C509089	traumatic acid	traumatic acid	6	0
C509207	hsa-miR-124-3p	hsa - mir - 124 - 3p	9	0
C509225	barbatic acid	barbatic acid	13	0
C509291	DZ2002	dz2002	7	0
C509557	Papacarie	papacarie	11	0
C509799	xuesaitong	xuesaitong	19	0
C509872	2,4-dinitrobenzene	2 , 4 - dinitrobenzene	17	0
C509874	irigenin	irigenin	8	0
C509933	1,3,6,8-tetrabromocarbazole	1 , 3 , 6 , 8 - tetrabromocarbazole	3	0
C509933	tetrabromocarbazole	tetrabromocarbazole	3	0
C509969	SBA-15	sba - 15	139	0
C509998	Grandio	grandio	20	0
C510217	salicylideneaniline	salicylideneaniline	7	0
C510369	ALX-5407	alx - 5407	9	0
C510718	cambinol	cambinol	15	0
C510722	Ze 450	ze 450	8	0
C510906	4-mercaptophenylboronic acid	4 - mercaptophenylboronic acid	16	0
C510945	Si-Ni-San	si - ni - san	5	0
C510945	sinisan	sinisan	4	0
C510984	NovaMin	novamin	12	0
C510997	angucyclinone	angucyclinone	5	0
C511097	dibenzocyclooctadiene	dibenzocyclooctadiene	13	0
C511179	VAS2870	vas2870	7	0
C511282	geranyl diphosphate	geranyl diphosphate	17	0
C511295	2,2',4,4'-tetrabromodiphenyl ether	2 , 2 ' , 4 , 4 ' - tetrabromodiphenyl ether	17	0
C511295	BDE-47	bde - 47	119	0
C511295	PBDE-47	pbde - 47	1	0
C511312	amyrone	amyrone	5	0
C511340	metrafenone	metrafenone	19	0
C511603	MgTiO3	mgtio3	6	0
C511603	magnesium titanate	magnesium titanate	1	0
C511621	CH-223191	ch - 223191	19	0
C511621	CH223191	ch223191	36	0
C511650	2-succinocysteine	2 - succinocysteine	3	0
C511650	S-(2-succino)cysteine	s - ( 2 - succino ) cysteine	2	0
C511650	S-(2-succinyl)cysteine	s - ( 2 - succinyl ) cysteine	1	0
C511655	Fluorofenidone	fluorofenidone	7	0
C511776	ladarixin	ladarixin	6	0
C511794	dynasore	dynasore	15	0
C511916	poly(2-ethyl-2-oxazoline)	poly ( 2 - ethyl - 2 - oxazoline )	22	0
C511925	bis(2-ethylhexyl)sulfosuccinate	bis ( 2 - ethylhexyl ) sulfosuccinate	5	0
C511963	kaempferol-3-O-glucoside	kaempferol - 3 - o - glucoside	9	0
C511969	schwertmannite	schwertmannite	37	0
C512015	dipyrromethane	dipyrromethane	7	0
C512195	STA-4783	sta - 4783	2	0
C512195	elesclomol	elesclomol	122	0
C512196	liquiritin	liquiritin	103	0
C512198	CuTAPc	cutapc	6	0
C512290	5-azaindole	5 - azaindole	5	0
C512352	abexinostat	abexinostat	5	0
C512408	A-769662	a - 769662	5	0
C512408	A769662	a769662	7	0
C512420	eritoran	eritoran	5	0
C512542	rabbit ATG	rabbit atg	10	0
C512542	rabbit antithymocyte globulin	rabbit antithymocyte globulin	13	0
C512542	thymoglobulin	thymoglobulin	53	0
C512584	benzyl methacrylate	benzyl methacrylate	12	0
C512606	(Z)-9-tetradecenyl acetate	( z ) - 9 - tetradecenyl acetate	3	0
C512606	9-tetradecenyl acetate	9 - tetradecenyl acetate	3	0
C512607	1,3,5-triamino-2,4,6-trinitrobenzene	1 , 3 , 5 - triamino - 2 , 4 , 6 - trinitrobenzene	9	0
C512681	Ostene	ostene	9	0
C512682	hypophyllanthin	hypophyllanthin	11	0
C512711	IRMOF-1	irmof - 1	14	0
C512862	peroxymonocarbonate	peroxymonocarbonate	5	0
C512918	triethylsilane	triethylsilane	7	0
C512929	7-deazapurine	7 - deazapurine	8	0
C512984	RO 3306	ro 3306	1	0
C512984	RO-3306	ro - 3306	16	0
C512984	RO3306	ro3306	1	0
C512996	ensifentrine	ensifentrine	47	0
C512998	Kerydin	kerydin	2	0
C512998	tavaborole	tavaborole	21	0
C513029	3,5-di-tert-butyl-4-hydroxyphenyl	3 , 5 - di - tert - butyl - 4 - hydroxyphenyl	6	0
C513053	polyamic acid	polyamic acid	5	0
C513095	inotilone	inotilone	5	0
C513202	hydroxybutyrylcarnitine	hydroxybutyrylcarnitine	10	0
C513224	cinchonain Ib	cinchonain ib	16	0
C513235	conferone	conferone	8	0
C513399	68Ga-DOTATATE	68ga - dotatate	87	0
C513415	ferrichrysin	ferrichrysin	7	0
C513444	pseudaminic acid	pseudaminic acid	12	0
C513486	ABT-869	abt - 869	1	0
C513486	linifanib	linifanib	13	0
C513519	trifluorotoluene	trifluorotoluene	9	0
C513530	quadricyclane	quadricyclane	9	0
C513576	monomethyl auristatin F	monomethyl auristatin f	9	0
C513576	monomethylauristatin F	monomethylauristatin f	1	0
C513643	CYANEX 301	cyanex 301	3	0
C513643	bis(2,4,4-trimethylpentyl)dithiophosphinic acid	bis ( 2 , 4 , 4 - trimethylpentyl ) dithiophosphinic acid	2	0
C513882	nicotiflorin	nicotiflorin	29	0
C513941	tongxinluo	tongxinluo	50	0
C513957	3,5-di-tert-butyl-4-hydroxybenzaldehyde	3 , 5 - di - tert - butyl - 4 - hydroxybenzaldehyde	1	0
C513957	BHT-CHO	bht - cho	6	0
C514120	ferrocifen	ferrocifen	5	0
C514136	calcium propionate	calcium propionate	24	0
C514153	phos-tag	phos - tag	7	0
C514237	thiotaurine	thiotaurine	8	0
C514277	cucurbitane	cucurbitane	20	0
C514285	IMT504	imt504	5	0
C514345	Hybrid Bond	hybrid bond	5	0
C514393	tirucallane	tirucallane	11	0
C514459	aminoethyl methacrylate	aminoethyl methacrylate	5	0
C514490	imidazolidine-2,4-dione	imidazolidine - 2 , 4 - dione	8	0
C514652	LB42708	lb42708	8	0
C514699	octyltriethoxysilane	octyltriethoxysilane	8	0
C514801	HIV-1 integrase	hiv - 1 integrase	42	0
C514960	18F-fluorocholine	18f - fluorocholine	19	0
C514960	fluorocholine	fluorocholine	59	0
C515005	ganoderic acid A	ganoderic acid a	27	0
C515044	xylotriose	xylotriose	15	0
C515085	koumine	koumine	23	0
C515100	Fe(CO)5	fe ( co ) 5	14	0
C515100	iron pentacarbonyl	iron pentacarbonyl	4	0
C515101	caftaric acid	caftaric acid	14	0
C515112	schaftoside	schaftoside	25	0
C515113	isoschaftoside	isoschaftoside	9	0
C515147	vestitol	vestitol	17	0
C515233	AZD0530	azd0530	3	0
C515233	saracatinib	saracatinib	43	0
C515492	reslizumab	reslizumab	44	0
C515562	nifene	nifene	16	0
C515594	8-anilino-1-naphthalenesulfonic acid	8 - anilino - 1 - naphthalenesulfonic acid	8	0
C515594	8-anilinonaphthalene-1-sulfonate	8 - anilinonaphthalene - 1 - sulfonate	1	0
C515594	8-anilinonaphthalene-1-sulfonic acid	8 - anilinonaphthalene - 1 - sulfonic acid	2	0
C515608	densiron	densiron	4	0
C515608	heavy silicone oil	heavy silicone oil	4	0
C515629	chiglitazar	chiglitazar	42	0
C515630	GW9508	gw9508	5	0
C515718	GuttaFlow	guttaflow	12	0
C515747	isosteviol	isosteviol	16	0
C515901	Brij 35	brij 35	9	0
C515901	Brij-35	brij - 35	17	0
C515901	polyoxyethylene(23)lauryl ether	polyoxyethylene ( 23 ) lauryl ether	3	0
C515928	A-740003	a - 740003	2	0
C515928	A740003	a740003	9	0
C515955	Maxcem	maxcem	11	0
C516071	Pd(OAc)2	pd ( oac ) 2	6	0
C516109	tasquinimod	tasquinimod	17	0
C516138	dorsomorphin	dorsomorphin	45	0
C516370	18F-choline	18f - choline	18	0
C516370	fluoromethylcholine	fluoromethylcholine	2	0
C516449	xiao-yao	xiao - yao	1	0
C516449	xiaoyao	xiaoyao	30	0
C516449	xiaoyao san	xiaoyao san	13	0
C516482	belite	belite	5	0
C516498	1H,1H,2H,2H-perfluorooctyltriethoxysilane	1h , 1h , 2h , 2h - perfluorooctyltriethoxysilane	4	0
C516498	perfluorooctyl triethoxysilane	perfluorooctyl triethoxysilane	1	0
C516541	BI-D1870	bi - d1870	7	0
C516825	KTaO3	ktao3	38	0
C516832	smaragdyrin	smaragdyrin	7	0
C516855	HP-136	hp - 136	7	0
C517178	poly(carboxybetaine methacrylate)	poly ( carboxybetaine methacrylate )	7	0
C517282	coumarin 6	coumarin 6	25	0
C517409	stattic	stattic	50	0
C517623	gypenoside XLIX	gypenoside xlix	13	0
C517667	hypothiocyanous acid	hypothiocyanous acid	8	0
C517771	VX-702	vx - 702	5	0
C517773	ferrylHb	ferrylhb	7	0
C517827	BDE-100	bde - 100	7	0
C517828	BDE-153	bde - 153	7	0
C517830	arzanol	arzanol	12	0
C517969	nonadecanoic acid	nonadecanoic acid	6	0
C517975	ARRY-142886	arry - 142886	1	0
C517975	AZD6244	azd6244	3	0
C517975	selumetinib	selumetinib	153	0
C517985	phyllanthin	phyllanthin	17	0
C518064	mygalin	mygalin	7	0
C518149	selicrelumab	selicrelumab	6	0
C518184	ST1976	st1976	8	0
C518275	TG4010	tg4010	5	0
C518276	cobalt hydroxide	cobalt hydroxide	15	0
C518299	BIX-01294	bix - 01294	24	0
C518299	BIX01294	bix01294	1	0
C518364	Xiexin Tang	xiexin tang	7	0
C518364	Xiexin decoction	xiexin decoction	32	0
C518399	resolvin D1	resolvin d1	56	0
C518437	2-nitrobenzoate	2 - nitrobenzoate	5	0
C518537	luteolinidin	luteolinidin	6	0
C518665	LaFeO3	lafeo3	59	0
C518666	BB41 dye	bb41 dye	5	0
C518705	hexafluoroacetylacetonate	hexafluoroacetylacetonate	7	0
C518739	1-ethyl-3-methylimidazolium	1 - ethyl - 3 - methylimidazolium	80	0
C518739	1-ethyl-3-methylimidazolium acetate	1 - ethyl - 3 - methylimidazolium acetate	16	0
C518739	1-ethyl-3-methylimidazolium hexafluorophosphate	1 - ethyl - 3 - methylimidazolium hexafluorophosphate	1	0
C518808	Yb(OTf)3	yb ( otf ) 3	1	0
C518808	ytterbium(III) triflate	ytterbium ( iii ) triflate	2	0
C518808	ytterbium(III) trifluoromethanesulfonate	ytterbium ( iii ) trifluoromethanesulfonate	2	0
C518876	sphaerophorin	sphaerophorin	5	0
C518914	Carisbamate	carisbamate	6	0
C518915	Seletracetam	seletracetam	5	0
C518919	CHIR-124	chir - 124	5	0
C518953	dimethyl itaconate	dimethyl itaconate	23	0
C518955	TachoSil	tachosil	27	0
C519041	semipinacol	semipinacol	32	0
C519076	iguratimod	iguratimod	25	0
C519090	phosphinine	phosphinine	7	0
C519132	SB-505124	sb - 505124	1	0
C519132	SB505124	sb505124	6	0
C519316	La2CuO4	la2cuo4	14	0
C519456	opuntiol	opuntiol	9	0
C519463	Taohong Siwu decoction	taohong siwu decoction	11	0
C519463	tao hong si wu decoction	tao hong si wu decoction	2	0
C519491	ceftolozane	ceftolozane	158	0
C519528	123I-ioflupane	123i - ioflupane	28	0
C519528	ioflupane	ioflupane	50	0
C519537	2-(diethylamino)ethyl methacrylate	2 - ( diethylamino ) ethyl methacrylate	5	0
C519558	cyperenoic acid	cyperenoic acid	10	0
C519562	GRN163L	grn163l	2	0
C519562	Rytelo	rytelo	1	0
C519562	imetelstat	imetelstat	41	0
C519726	CPP-115	cpp - 115	5	0
C519861	xantphos	xantphos	15	0
C519880	H3PW12O40	h3pw12o40	8	0
C519885	WP1066	wp1066	11	0
C519959	aromadendrane	aromadendrane	5	0
C520022	VX-765	vx - 765	41	0
C520022	VX765	vx765	1	0
C520022	belnacasan	belnacasan	4	0
C520147	licochalcone E	licochalcone e	14	0
C520337	NSC74859	nsc74859	1	0
C520337	S3I-201	s3i - 201	16	0
C520393	oxidosqualene	oxidosqualene	36	0
C520462	dihydroartemisinic acid	dihydroartemisinic acid	5	0
C520474	schisandrol A	schisandrol a	19	0
C520604	aildenafil	aildenafil	14	0
C520647	AZD1152	azd1152	2	0
C520647	barasertib	barasertib	6	0
C520682	MEH-PPV	meh - ppv	17	0
C520684	procyanidin A1	procyanidin a1	8	0
C520712	triptycene	triptycene	53	0
C520774	spiroketal	spiroketal	25	0
C520777	matuzumab	matuzumab	11	0
C520807	dihydroferulic acid	dihydroferulic acid	6	0
C520836	(D-Lys-3)-GHRP-6	( d - lys - 3 ) - ghrp - 6	4	0
C520836	D-Lys3-GHRP-6	d - lys3 - ghrp - 6	2	0
C520889	poly(styrene-alt-maleic anhydride)	poly ( styrene - alt - maleic anhydride )	8	0
C520892	tetraoctylammonium bromide	tetraoctylammonium bromide	5	0
C520953	E-POSS	e - poss	5	0
C521013	ABT-888	abt - 888	3	0
C521013	ABT888	abt888	1	0
C521013	veliparib	veliparib	32	0
C521104	CP-724,714	cp - 724 , 714	19	0
C521108	PF 573228	pf 573228	1	0
C521108	PF-573228	pf - 573228	6	0
C521108	PF573228	pf573228	3	0
C521270	magnesium isoglycyrrhizinate	magnesium isoglycyrrhizinate	9	0
C521273	azilsartan	azilsartan	41	0
C521281	MitoSOX	mitosox	105	0
C521494	cevipabulin	cevipabulin	6	0
C521557	renalase	renalase	64	0
C521561	lobetyolin	lobetyolin	18	0
C521589	poly(sulfobetaine methacrylate)	poly ( sulfobetaine methacrylate )	12	0
C521609	cyanomethylidyne	cyanomethylidyne	1	0
C521609	dicyanomethylene	dicyanomethylene	13	0
C521737	shenqi fuzheng	shenqi fuzheng	11	0
C521739	liujunzi	liujunzi	9	0
C521745	mesosulfuron-methyl	mesosulfuron - methyl	31	0
C521813	SB 525334	sb 525334	2	0
C521813	SB-525334	sb - 525334	1	0
C521813	SB525334	sb525334	12	0
C521814	4-methyloctanoic acid	4 - methyloctanoic acid	5	0
C521840	AZD5438	azd5438	7	0
C521871	6-prenylnaringenin	6 - prenylnaringenin	6	0
C521881	PS-b-P2VP	ps - b - p2vp	8	0
C521900	poly(styrene-co-maleic anhydride)	poly ( styrene - co - maleic anhydride )	8	0
C521904	PEG-b-PCL	peg - b - pcl	11	0
C521984	enhydrin	enhydrin	6	0
C521990	metazachlor	metazachlor	11	0
C522035	2-ethyl-3,5-dimethylpyrazine	2 - ethyl - 3 , 5 - dimethylpyrazine	8	0
C522101	stictic acid	stictic acid	7	0
C522124	besifloxacin	besifloxacin	7	0
C522201	ONO-2745	ono - 2745	2	0
C522201	remimazolam	remimazolam	1527	0
C522312	chaetominine	chaetominine	5	0
C522315	vibralactone	vibralactone	5	0
C522335	Ferinject	ferinject	2	0
C522335	ferric carboxymaltose	ferric carboxymaltose	170	0
C522342	pladienolide B	pladienolide b	16	0
C522391	perfluorododecanoate	perfluorododecanoate	1	0
C522391	perfluorododecanoic acid	perfluorododecanoic acid	8	0
C522667	asenapine	asenapine	45	0
C522667	asenapine maleate	asenapine maleate	4	0
C522755	verticilide	verticilide	13	0
C522766	metamifop	metamifop	7	0
C522768	monascorubrin	monascorubrin	7	0
C522803	monoHER	monoher	9	0
C522865	TG101209	tg101209	8	0
C522911	endostar	endostar	36	0
C522917	eliglustat	eliglustat	31	0
C522936	engeletin	engeletin	33	0
C522974	MPC-6827	mpc - 6827	1	0
C522974	MPC6827	mpc6827	4	0
C522974	verubulin	verubulin	1	0
C522997	pinostilbene	pinostilbene	11	0
C523069	BMS-470539	bms - 470539	5	0
C523076	CuFe2O4	cufe2o4	91	0
C523076	copper ferrite	copper ferrite	21	0
C523076	cuprospinel	cuprospinel	1	0
C523077	pericosine A	pericosine a	7	0
C523184	MGCD-0103	mgcd - 0103	2	0
C523184	mocetinostat	mocetinostat	6	0
C523196	senofilcon A	senofilcon a	12	0
C523198	isosilybin A	isosilybin a	7	0
C523241	octafluoronaphthalene	octafluoronaphthalene	5	0
C523242	cryptophane	cryptophane	22	0
C523409	AMG 517	amg 517	1	0
C523409	AMG517	amg517	7	0
C523455	CCG-1423	ccg - 1423	4	0
C523455	CCG1423	ccg1423	1	0
C523491	3-nitrophenylhydrazine	3 - nitrophenylhydrazine	5	0
C523615	levistolide A	levistolide a	5	0
C523665	fostamatinib	fostamatinib	69	0
C523668	A-438079	a - 438079	4	0
C523668	A438079	a438079	10	0
C523711	N-fluorobenzenesulfonimide	n - fluorobenzenesulfonimide	5	0
C523775	2-aminobenzothiazole	2 - aminobenzothiazole	7	0
C523798	YM-155	ym - 155	12	0
C523798	YM155	ym155	36	0
C523798	sepantronium	sepantronium	7	0
C523798	sepantronium bromide	sepantronium bromide	7	0
C523829	Tmbim1	tmbim1	15	0
C523964	3-iodotyrosine	3 - iodotyrosine	5	0
C524142	Kynamro	kynamro	1	0
C524142	mipomersen	mipomersen	6	0
C524540	ocotillol	ocotillol	11	0
C524548	COG1410	cog1410	5	0
C524581	vernakalant	vernakalant	30	0
C524582	lotrafilcon B	lotrafilcon b	11	0
C524618	Atacicept	atacicept	14	0
C524632	TAE-226	tae - 226	8	0
C524632	TAE226	tae226	2	0
C524644	yokukansan	yokukansan	6	0
C524982	dihydrochelerythrine	dihydrochelerythrine	9	0
C525085	N-methyl-2-pyridone-5-carboxamide	n - methyl - 2 - pyridone - 5 - carboxamide	3	0
C525085	met4PY	met4py	5	0
C525086	LDN-57444	ldn - 57444	10	0
C525086	LDN57444	ldn57444	2	0
C525131	UVI3003	uvi3003	5	0
C525137	7-methoxyflavone	7 - methoxyflavone	8	0
C525272	prenylterphenyllin	prenylterphenyllin	7	0
C525396	1-methyltryptophan	1 - methyltryptophan	4	0
C525396	indoximod	indoximod	5	0
C525422	SRT1720	srt1720	67	0
C525433	psammaplysene D	psammaplysene d	10	0
C525447	ERr 731	err 731	9	0
C525450	Ti-15Mo alloy	ti - 15mo alloy	6	0
C525450	titanium molybdenum alloy	titanium molybdenum alloy	1	0
C525726	dacomitinib	dacomitinib	64	0
C525733	brincidofovir	brincidofovir	37	0
C526095	Alternol	alternol	8	0
C526146	Centella asiatica extract	centella asiatica extract	10	0
C526153	2-nonanol	2 - nonanol	5	0
C526187	amatuximab	amatuximab	6	0
C526230	trifolirhizin	trifolirhizin	14	0
C526273	KB2115	kb2115	5	0
C526273	eprotirome	eprotirome	1	0
C526360	dechlorane plus	dechlorane plus	14	0
C526426	ononin	ononin	64	0
C526535	hexyl acrylate	hexyl acrylate	6	0
C526552	2-methoxy-4-vinylphenol	2 - methoxy - 4 - vinylphenol	6	0
C526569	noroxymorphone	noroxymorphone	5	0
C526575	masitinib	masitinib	7	0
C526712	shexiang baoxin	shexiang baoxin	19	0
C526719	zhigancao decoction	zhigancao decoction	9	0
C526898	icariside I	icariside i	10	0
C526922	AVN-944	avn - 944	5	0
C526922	AVN944	avn944	10	0
C526957	alisol B 23-acetate	alisol b 23 - acetate	8	0
C527042	hydroxycamptothecin	hydroxycamptothecin	25	0
C527044	Juvéderm	juv é derm	13	0
C527174	tongluo	tongluo	52	0
C527184	zhuhuang	zhuhuang	6	0
C527191	jinhong	jinhong	5	0
C527336	tropodithietic acid	tropodithietic acid	9	0
C527363	conbercept	conbercept	119	0
C527456	cateslytin	cateslytin	17	0
C527484	farletuzumab	farletuzumab	6	0
C527517	ofatumumab	ofatumumab	255	0
C527741	pyrrolopyrimidine	pyrrolopyrimidine	17	0
C527756	18F-florbetaben	18f - florbetaben	31	0
C527756	florbetaben	florbetaben	77	0
C527789	suprathel	suprathel	12	0
C527817	dibenzazepine	dibenzazepine	9	0
C527817	iminostilbene	iminostilbene	14	0
C527833	4-(heptyloxy)phenol	4 - ( heptyloxy ) phenol	2	0
C527833	AC-45594	ac - 45594	4	0
C527833	AC45594	ac45594	1	0
C527851	bushen huoxue	bushen huoxue	32	0
C527895	largazole	largazole	13	0
C527966	delanzomib	delanzomib	5	0
C527969	necitumumab	necitumumab	10	0
C528044	AUY922	auy922	4	0
C528044	NVP-AUY922	nvp - auy922	3	0
C528044	luminespib	luminespib	14	0
C528141	1,2,5-oxadiazole 2-oxide	1 , 2 , 5 - oxadiazole 2 - oxide	3	0
C528141	furoxan	furoxan	13	0
C528168	AgBiS2	agbis2	32	0
C528185	perfluoroheptane	perfluoroheptane	6	0
C528186	N6-(2-hydroxyethyl)adenosine	n6 - ( 2 - hydroxyethyl ) adenosine	6	0
C528271	Bulkamid	bulkamid	16	0
C528327	TG-101348	tg - 101348	1	0
C528327	TG101348	tg101348	3	0
C528327	fedratinib	fedratinib	53	0
C528328	GSK690693	gsk690693	6	0
C528374	ND-DOTA	nd - dota	7	0
C528407	PLX-4720	plx - 4720	3	0
C528407	PLX4720	plx4720	8	0
C528424	huangbai	huangbai	8	0
C528449	carglumic acid	carglumic acid	6	0
C528561	ABT-263	abt - 263	48	0
C528561	ABT263	abt263	22	0
C528561	navitoclax	navitoclax	90	0
C528570	metaflumizone	metaflumizone	9	0
C528579	daotan	daotan	10	0
C528580	qishen yiqi	qishen yiqi	15	0
C528580	qishenyiqi	qishenyiqi	3	0
C528586	gushukang	gushukang	7	0
C528663	guizhi decoction	guizhi decoction	12	0
C528663	guizhi tang	guizhi tang	2	0
C528671	pectolinarigenin	pectolinarigenin	24	0
C528767	1-hexyl-3-methylimidazolium	1 - hexyl - 3 - methylimidazolium	9	0
C528768	1-octyl-3-methylimidazolium	1 - octyl - 3 - methylimidazolium	7	0
C528901	ganoderic acid D	ganoderic acid d	5	0
C528938	undecylprodiginine	undecylprodiginine	9	0
C528989	terrylene	terrylene	18	0
C528994	HLA-Cw6	hla - cw6	8	0
C528998	c-di-AMP	c - di - amp	162	0
C528998	cyclic di-AMP	cyclic di - amp	18	0
C529019	calceolarioside B	calceolarioside b	10	0
C529068	naringenin-7-O-glucoside	naringenin - 7 - o - glucoside	6	0
C529106	epimedin A	epimedin a	8	0
C529149	rosarin	rosarin	8	0
C529206	3-sulfopropyl methacrylate	3 - sulfopropyl methacrylate	5	0
C529208	trimethoxyvinylsilane	trimethoxyvinylsilane	1	0
C529208	vinyltrimethoxysilane	vinyltrimethoxysilane	5	0
C529296	CP376395	cp376395	8	0
C529356	6-hydroxyflavone	6 - hydroxyflavone	5	0
C529376	GYY 4137	gyy 4137	2	0
C529376	GYY4137	gyy4137	34	0
C529399	KLVFF	klvff	20	0
C529435	PCI-34051	pci - 34051	13	0
C529583	CSA cement	csa cement	5	0
C529583	calcium sulfoaluminate	calcium sulfoaluminate	8	0
C529594	rytvela	rytvela	10	0
C529850	Shaofu Zhuyu decoction	shaofu zhuyu decoction	10	0
C529890	3',4'-dihydroxyflavonol	3 ' , 4 ' - dihydroxyflavonol	12	0
C529955	Co2(CO)8	co2 ( co ) 8	6	0
C529955	dicobalt octacarbonyl	dicobalt octacarbonyl	1	0
C530101	2-pentylfuran	2 - pentylfuran	48	0
C530110	ingenane	ingenane	7	0
C530309	pumiloside	pumiloside	5	0
C530377	OTX008	otx008	5	0
C530394	qiangxin	qiangxin	8	0
C530449	vicenin II	vicenin ii	4	0
C530449	vicenin-2	vicenin - 2	35	0
C530487	poly(o-phenylenediamine)	poly ( o - phenylenediamine )	7	0
C530602	GSK1016790A	gsk1016790a	15	0
C530605	Sch-221510	sch - 221510	5	0
C530773	3,5-diethoxycarbonyl-1,4-dihydrocollidine	3 , 5 - diethoxycarbonyl - 1 , 4 - dihydrocollidine	22	0
C530781	InBr3	inbr3	5	0
C530781	indium bromide	indium bromide	1	0
C531010	triheptanoin	triheptanoin	23	0
C531021	UltraCal XS	ultracal xs	11	0
C531150	danggui-shaoyao-san	danggui - shaoyao - san	5	0
C531230	AT7519	at7519	8	0
C531259	C4a-hydroperoxyflavin	c4a - hydroperoxyflavin	5	0
C531284	globulol	globulol	13	0
C531364	ethyl p-methoxycinnamate	ethyl p - methoxycinnamate	7	0
C531380	Ca(BH4)2	ca ( bh4 ) 2	8	0
C531380	calcium borohydride	calcium borohydride	1	0
C531461	Csn-B	csn - b	11	0
C531461	cytosporone B	cytosporone b	6	0
C531470	icotinib	icotinib	54	0
C531519	blennolide C	blennolide c	5	0
C531729	Autoimmune limbic encephalitis	autoimmune limbic encephalitis	14	0
C531762	Alkaptonuric ochronosis	alkaptonuric ochronosis	2	0
C531762	Exogenous ochronosis	exogenous ochronosis	12	0
C531821	Stenotrophomonas maltophilia bacteraemia	stenotrophomonas maltophilia bacteraemia	1	0
C531821	Stenotrophomonas maltophilia bacteremia	stenotrophomonas maltophilia bacteremia	6	0
C531835	Ea-Tef	ea - tef	17	0
C531835	Esophageal Atresia-Tracheoesophageal Fistula	esophageal atresia - tracheoesophageal fistula	5	0
C531835	Esophageal atresia with or without tracheoesophageal fistula	esophageal atresia with or without tracheoesophageal fistula	2	0
C531860	Angiopep-2	angiopep - 2	40	0
C532045	hsa-mir-29a	hsa - mir - 29a	23	0
C532053	shuxuetong	shuxuetong	7	0
C532162	GDC-0941	gdc - 0941	6	0
C532162	pictilisib	pictilisib	20	0
C532216	hericenone C	hericenone c	10	0
C532254	GSK 650394	gsk 650394	2	0
C532254	GSK650394	gsk650394	3	0
C532297	blue covarine	blue covarine	12	0
C532298	matriderm	matriderm	26	0
C532363	AZD-7762	azd - 7762	2	0
C532363	AZD7762	azd7762	7	0
C532496	MK0873	mk0873	8	0
C532652	threoninol	threoninol	8	0
C532809	2-formylphenylboronic acid	2 - formylphenylboronic acid	9	0
C532810	laurinterol	laurinterol	8	0
C532829	fuzheng huayu	fuzheng huayu	5	0
C532869	polymethylsilsesquioxane	polymethylsilsesquioxane	7	0
C532883	JA-Ile	ja - ile	52	0
C532883	jasmonoyl-isoleucine	jasmonoyl - isoleucine	14	0
C532894	corallopyronin A	corallopyronin a	7	0
C532967	yupingfeng	yupingfeng	8	0
C532980	quxie	quxie	12	0
C532995	CYM5442	cym5442	8	0
C533053	lecirelin	lecirelin	7	0
C533068	HSD3B2	hsd3b2	20	0
C533096	hsa-mir-186	hsa - mir - 186	5	0
C533097	hsa-mir-150	hsa - mir - 150	16	0
C533114	aureonitol	aureonitol	6	0
C533117	tricyanofuran	tricyanofuran	6	0
C533150	lancemaside A	lancemaside a	6	0
C533198	cimifugin	cimifugin	14	0
C533204	filtek Z350	filtek z350	38	0
C533205	gradio	gradio	7	0
C533207	BIX02189	bix02189	10	0
C533238	avatrombopag	avatrombopag	111	0
C533287	cariprazine	cariprazine	207	0
C533322	Cacicol20	cacicol20	3	0
C533322	OTR4120	otr4120	6	0
C533371	telatinib	telatinib	6	0
C533373	galaxamide	galaxamide	5	0
C533410	APR-246	apr - 246	46	0
C533410	eprenetapopt	eprenetapopt	15	0
C533475	Cr(acac)3	cr ( acac ) 3	8	0
C533482	fuzheng yiliu	fuzheng yiliu	7	0
C533575	neodolabellane	neodolabellane	5	0
C533621	fuzheng jiedu	fuzheng jiedu	10	0
C533622	xinfeng	xinfeng	18	0
C533756	PEDOT-PSS	pedot - pss	4	0
C533756	poly(3,4-ethylenedioxythiophene)-poly(styrenesulfonate)	poly ( 3 , 4 - ethylenedioxythiophene ) - poly ( styrenesulfonate )	8	0
C533760	BDE-28	bde - 28	5	0
C533771	Fc-diOH	fc - dioh	7	0
C533771	ferrociphenol	ferrociphenol	2	0
C533860	macitentan	macitentan	71	0
C533860	opsumit	opsumit	4	0
C533957	propidium monoazide	propidium monoazide	45	0
C533973	DA-9701	da - 9701	5	0
C534004	akebia saponin D	akebia saponin d	6	0
C534004	asperosaponin VI	asperosaponin vi	8	0
C534014	L-galactono-1,4-lactone	l - galactono - 1 , 4 - lactone	2	0
C534014	galactono-1,4-lactone	galactono - 1 , 4 - lactone	3	0
C534068	tasisulam	tasisulam	12	0
C534143	4-hydroxypyridine	4 - hydroxypyridine	7	0
C534143	4-pyridinol	4 - pyridinol	1	0
C534143	4-pyridone	4 - pyridone	14	0
C534214	Zn2GeO4	zn2geo4	6	0
C534368	fipronil sulfone	fipronil sulfone	20	0
C534464	8-gingerol	8 - gingerol	15	0
C534467	NaTi2(PO4)3	nati2 ( po4 ) 3	6	0
C534517	1,2-cyclohexanedicarboxylic acid	1 , 2 - cyclohexanedicarboxylic acid	4	0
C534517	cyclohexane-1,2-dicarboxylic acid	cyclohexane - 1 , 2 - dicarboxylic acid	1	0
C534582	fluoro-jade C	fluoro - jade c	11	0
C534628	SCH 23390	sch 23390	3	0
C534628	SCH-23390	sch - 23390	2	0
C534628	SCH23390	sch23390	28	0
C534678	RAPTA-T	rapta - t	5	0
C534891	gemigliptin	gemigliptin	12	0
C534919	mailuoning	mailuoning	18	0
C534977	25-hydroxycholesterol-3-sulfate	25 - hydroxycholesterol - 3 - sulfate	2	0
C534977	25HC3S	25hc3s	3	0
C535058	KLA peptide	kla peptide	5	0
C535115	wilforine	wilforine	9	0
C535204	bis-amidinium	bis - amidinium	5	0
C535211	maresin 1	maresin 1	39	0
C535212	SKA-31	ska - 31	5	0
C535282	Raine syndrome	raine syndrome	6	0
C535289	Rapp-Hodgkin syndrome	rapp - hodgkin syndrome	5	0
C535299	Autoimmune progesterone dermatitis	autoimmune progesterone dermatitis	6	0
C535303	CMTX3	cmtx3	9	0
C535362	1p36 deletion syndrome	1p36 deletion syndrome	13	0
C535362	Chromosome 1p36 Deletion Syndrome	chromosome 1p36 deletion syndrome	2	0
C535388	Arts syndrome	arts syndrome	6	0
C535434	Beta ketothiolase deficiency	beta ketothiolase deficiency	2	0
C535434	Beta-Ketothiolase Deficiency	beta - ketothiolase deficiency	11	0
C535436	Bethlem myopathy	bethlem myopathy	8	0
C535440	Bietti Crystalline Corneoretinal Dystrophy	bietti crystalline corneoretinal dystrophy	3	0
C535440	Bietti Crystalline Dystrophy	bietti crystalline dystrophy	16	0
C535454	Trisomy 9 mosaicism	trisomy 9 mosaicism	5	0
C535456	CRMO	crmo	77	0
C535456	Chronic multifocal osteomyelitis	chronic multifocal osteomyelitis	1	0
C535456	Chronic recurrent multifocal osteomyelitis	chronic recurrent multifocal osteomyelitis	36	0
C535463	Mainzer-Saldino Syndrome	mainzer - saldino syndrome	7	0
C535484	13q deletion syndrome	13q deletion syndrome	5	0
C535484	Deletion 13q	deletion 13q	2	0
C535488	Trisomy 14	trisomy 14	5	0
C535506	Episodic ataxia type 2	episodic ataxia type 2	8	0
C535516	Hereditary leiomyomatosis and renal cell cancer	hereditary leiomyomatosis and renal cell cancer	6	0
C535555	Aberrant left subclavian artery	aberrant left subclavian artery	21	0
C535555	Aberrant right subclavian artery	aberrant right subclavian artery	72	0
C535555	Aberrant subclavian artery	aberrant subclavian artery	6	0
C535566	Vici syndrome	vici syndrome	20	0
C535579	Cardiofaciocutaneous syndrome	cardiofaciocutaneous syndrome	12	0
C535580	Najjar syndrome	najjar syndrome	13	0
C535581	Carvajal syndrome	carvajal syndrome	10	0
C535589	Carnitine Palmitoyltransferase Ii Deficiency	carnitine palmitoyltransferase ii deficiency	2	0
C535589	Cpt Ii Deficiency	cpt ii deficiency	7	0
C535589	Cpt2 Deficiency	cpt2 deficiency	1	0
C535590	Carrington's Disease	carrington ' s disease	3	0
C535590	Chronic eosinophilic pneumonia (CEP)	chronic eosinophilic pneumonia ( cep )	10	0
C535602	Doyne honeycomb retinal dystrophy	doyne honeycomb retinal dystrophy	14	0
C535602	Malattia Leventinese	malattia leventinese	11	0
C535682	Hypoplasia of the right ventricle	hypoplasia of the right ventricle	2	0
C535682	Isolated right ventricular hypoplasia	isolated right ventricular hypoplasia	5	0
C535682	Right ventricular hypoplasia	right ventricular hypoplasia	10	0
C535687	Roberts Syndrome	roberts syndrome	7	0
C535700	Malignant mesenchymal tumor	malignant mesenchymal tumor	25	0
C535716	CMT4D	cmt4d	5	0
C535733	Emanuel syndrome	emanuel syndrome	5	0
C535735	Congenital lobar emphysema	congenital lobar emphysema	10	0
C535736	Encephalocraniocutaneous lipomatosis	encephalocraniocutaneous lipomatosis	5	0
C535737	Ethylmalonic encephalopathy	ethylmalonic encephalopathy	10	0
C535739	Congenital disorder of glycosylation type 1A	congenital disorder of glycosylation type 1a	1	0
C535739	PMM2 deficiency	pmm2 deficiency	1	0
C535739	Pmm2-CDG	pmm2 - cdg	66	0
C535755	LAD2	lad2	15	0
C535762	Congenital pseudoarthrosis	congenital pseudoarthrosis	5	0
C535782	Spondyloenchondrodysplasia	spondyloenchondrodysplasia	7	0
C535808	Dystonia-Deafness Syndrome	dystonia - deafness syndrome	4	0
C535808	Mohr-Tranebjærg Syndrome	mohr - tranebj æ rg syndrome	1	0
C535824	Pseudoangiomatous stromal hyperplasia	pseudoangiomatous stromal hyperplasia	14	0
C535824	Pseudoangiomatous stromal hyperplasia of the breast	pseudoangiomatous stromal hyperplasia of the breast	1	0
C535833	High altitude pulmonary hypertension	high altitude pulmonary hypertension	11	0
C535841	Hashimoto's encephalitis	hashimoto ' s encephalitis	1	0
C535841	Hashimoto's encephalopathy	hashimoto ' s encephalopathy	17	0
C535841	Steroid-responsive encephalopathy associated with autoimmune thyroiditis	steroid - responsive encephalopathy associated with autoimmune thyroiditis	9	0
C535892	Lichen planus follicularis	lichen planus follicularis	4	0
C535892	Lichen planus follicularis tumidus	lichen planus follicularis tumidus	4	0
C535919	Cmtx1	cmtx1	8	0
C535924	Chilblain lupus	chilblain lupus	9	0
C535933	Progressive familial intrahepatic cholestasis	progressive familial intrahepatic cholestasis	61	0
C535933	Progressive familial intrahepatic cholestasis type 1 (PFIC1)	progressive familial intrahepatic cholestasis type 1 ( pfic1 )	3	0
C535953	Eosinophilic pustular folliculitis	eosinophilic pustular folliculitis	8	0
C535968	Macular coloboma	macular coloboma	10	0
C535970	Optic nerve coloboma	optic nerve coloboma	7	0
C535973	Colpocephaly	colpocephaly	6	0
C535983	Congenital anosmia	congenital anosmia	8	0
C535983	Isolated congenital anosmia	isolated congenital anosmia	3	0
C535984	Absence of Vas Deferens	absence of vas deferens	1	0
C535984	Congenital Bilateral Absence of Vas Deferens	congenital bilateral absence of vas deferens	1	0
C535984	Congenital bilateral absence of the vas deferens	congenital bilateral absence of the vas deferens	7	0
C535994	Heimler syndrome	heimler syndrome	12	0
C536008	Achalasia-Addisonianism-Alacrima Syndrome	achalasia - addisonianism - alacrima syndrome	1	0
C536008	Allgrove syndrome	allgrove syndrome	32	0
C536008	Triple A syndrome	triple a syndrome	13	0
C536008	Triple-A Syndrome	triple - a syndrome	1	0
C536038	MCAD Deficiency	mcad deficiency	5	0
C536038	Medium Chain Acyl-Coa Dehydrogenase Deficiency	medium chain acyl - coa dehydrogenase deficiency	2	0
C536038	Medium chain acyl CoA dehydrogenase deficiency	medium chain acyl coa dehydrogenase deficiency	1	0
C536038	Medium-chain Acyl-CoA dehydrogenase deficiency	medium - chain acyl - coa dehydrogenase deficiency	12	0
C536096	Myoclonic dystonia	myoclonic dystonia	1	0
C536096	Myoclonus-Dystonia	myoclonus - dystonia	13	0
C536096	Myoclonus-dystonia syndrome	myoclonus - dystonia syndrome	1	0
C536105	Myopia 6	myopia 6	6	0
C536112	Partial AVSD	partial avsd	5	0
C536112	Partial atrioventricular canal	partial atrioventricular canal	1	0
C536112	Partial atrioventricular septal defects	partial atrioventricular septal defects	3	0
C536136	Fibrosing mediastinitis	fibrosing mediastinitis	52	0
C536136	Mediastinal Fibrosis	mediastinal fibrosis	12	0
C536136	Sclerosing mediastinitis	sclerosing mediastinitis	5	0
C536139	Fetal megacystis	fetal megacystis	2	0
C536139	Megacystis	megacystis	19	0
C536139	Megaduodenum	megaduodenum	2	0
C536141	Megalencephalic leukoencephalopathy with subcortical cysts	megalencephalic leukoencephalopathy with subcortical cysts	13	0
C536172	Avascular necrosis of the metacarpal head	avascular necrosis of the metacarpal head	2	0
C536172	Dieterich disease	dieterich disease	3	0
C536172	Dieterich's disease	dieterich ' s disease	1	0
C536174	Diffuse panbronchiolitis	diffuse panbronchiolitis	11	0
C536189	EEC syndrome	eec syndrome	3	0
C536189	Ectrodactyly-ectodermal dysplasia-clefting (EEC) syndrome	ectrodactyly - ectodermal dysplasia - clefting ( eec ) syndrome	2	0
C536192	Brittle cornea syndrome	brittle cornea syndrome	9	0
C536208	Baraitser Syndrome	baraitser syndrome	5	0
C536208	Clark-Baraitser syndrome	clark - baraitser syndrome	2	0
C536211	Beals-Hecht syndrome	beals - hecht syndrome	1	0
C536211	Congenital contractural arachnodactyly	congenital contractural arachnodactyly	4	0
C536214	Cold-induced sweating syndrome	cold - induced sweating syndrome	5	0
C536214	Crisponi syndrome	crisponi syndrome	9	0
C536221	Currarino syndrome	currarino syndrome	21	0
C536221	Currarino triad	currarino triad	2	0
C536226	Cutis marmorata telangiectatica congenita	cutis marmorata telangiectatica congenita	6	0
C536231	familial dilated cardiomyopathy	familial dilated cardiomyopathy	7	0
C536246	Maternally inherited diabetes and deafness	maternally inherited diabetes and deafness	14	0
C536254	Pyridoxine-Dependent Seizures	pyridoxine - dependent seizures	1	0
C536254	Pyridoxine-dependent epilepsy	pyridoxine - dependent epilepsy	20	0
C536275	Bilateral Striopallidodentate Calcinosis	bilateral striopallidodentate calcinosis	1	0
C536275	Fahr's disease	fahr ' s disease	14	0
C536275	Fahr's syndrome	fahr ' s syndrome	25	0
C536275	Striopallidodentate Calcinosis	striopallidodentate calcinosis	1	0
C536297	Y chromosome microdeletions	y chromosome microdeletions	11	0
C536297	Y-chromosome microdeletions	y - chromosome microdeletions	8	0
C536329	Nasu-Hakola disease	nasu - hakola disease	6	0
C536329	PLOSL	plosl	3	0
C536329	Polycystic lipomembranous osteodysplasia with sclerosing leukoencephalopathy	polycystic lipomembranous osteodysplasia with sclerosing leukoencephalopathy	2	0
C536332	Thumb polydactyly	thumb polydactyly	11	0
C536380	Evans Syndrome	evans syndrome	96	0
C536398	NICCD	niccd	9	0
C536398	Neonatal intrahepatic cholestasis caused by citrin deficiency	neonatal intrahepatic cholestasis caused by citrin deficiency	4	0
C536417	Primary malignant melanoma of the cervix	primary malignant melanoma of the cervix	2	0
C536417	Primary malignant melanoma of the uterine cervix	primary malignant melanoma of the uterine cervix	4	0
C536418	Primary orthostatic tremor	primary orthostatic tremor	9	0
C536423	Wiedemann-Rautenstrauch syndrome	wiedemann - rautenstrauch syndrome	6	0
C536436	Coffin-Siris syndrome	coffin - siris syndrome	29	0
C536438	Cohen syndrome	cohen syndrome	21	0
C536474	Adenocarcinoma of the urachus	adenocarcinoma of the urachus	2	0
C536474	Urachal adenocarcinoma	urachal adenocarcinoma	17	0
C536502	Tetrasomy X	tetrasomy x	5	0
C536510	Rogers syndrome	rogers syndrome	7	0
C536510	Thiamine-Responsive Megaloblastic Anemia Syndrome	thiamine - responsive megaloblastic anemia syndrome	2	0
C536522	Autophagic vacuolar myopathy	autophagic vacuolar myopathy	2	0
C536522	Vacuolar myopathy	vacuolar myopathy	9	0
C536554	Oliver-McFarlane syndrome	oliver - mcfarlane syndrome	5	0
C536590	Alveolar capillary dysplasia	alveolar capillary dysplasia	11	0
C536590	Congenital alveolar capillary dysplasia	congenital alveolar capillary dysplasia	1	0
C536607	Brody Disease	brody disease	6	0
C536610	Familial cerebral cavernous malformation	familial cerebral cavernous malformation	8	0
C536616	Satoyoshi syndrome	satoyoshi syndrome	10	0
C536629	Schimke Immuno-Osseous Dysplasia	schimke immuno - osseous dysplasia	7	0
C536629	Schimke immunoosseous dysplasia	schimke immunoosseous dysplasia	3	0
C536648	Pendred syndrome	pendred syndrome	10	0
C536649	Micropenis	micropenis	35	0
C536650	Penoscrotal transposition	penoscrotal transposition	9	0
C536665	Persistent Mullerian duct syndrome	persistent mullerian duct syndrome	1	0
C536665	Persistent Müllerian Duct Syndrome	persistent m ü llerian duct syndrome	20	0
C536678	Snyder-Robinson Syndrome	snyder - robinson syndrome	9	0
C536681	Micro Syndrome	micro syndrome	5	0
C536681	Warburg micro syndrome	warburg micro syndrome	5	0
C536697	WHIM syndrome	whim syndrome	14	0
C536697	Warts, hypogammaglobulinemia, infections, and myelokathexis	warts , hypogammaglobulinemia , infections , and myelokathexis	5	0
C536719	Yunis Varon syndrome	yunis varon syndrome	1	0
C536719	Yunis-Varon Syndrome	yunis - varon syndrome	6	0
C536739	Wolcott-Rallison syndrome	wolcott - rallison syndrome	10	0
C536741	Female adnexal tumor of probable Wolffian origin	female adnexal tumor of probable wolffian origin	4	0
C536741	Wolffian tumor	wolffian tumor	3	0
C536742	Woodhouse-Sakati Syndrome	woodhouse - sakati syndrome	7	0
C536745	Woolly hair syndrome	woolly hair syndrome	5	0
C536764	Dehydrated hereditary stomatocytosis	dehydrated hereditary stomatocytosis	5	0
C536764	Hereditary Xerocytosis	hereditary xerocytosis	6	0
C536787	ARSACS	arsacs	33	0
C536787	Autosomal recessive spastic ataxia of Charlevoix-Saguenay	autosomal recessive spastic ataxia of charlevoix - saguenay	14	0
C536787	Charlevoix-Saguenay spastic ataxia	charlevoix - saguenay spastic ataxia	1	0
C536787	Spastic ataxia of Charlevoix-Saguenay	spastic ataxia of charlevoix - saguenay	15	0
C536799	Trisomy 22	trisomy 22	6	0
C536801	Phelan-McDermid Syndrome	phelan - mcdermid syndrome	43	0
C536820	Giedion syndrome	giedion syndrome	7	0
C536821	Gestational gigantomastia	gestational gigantomastia	5	0
C536821	Gigantomastia	gigantomastia	30	0
C536821	Juvenile gigantomastia	juvenile gigantomastia	6	0
C536821	Macromastia	macromastia	68	0
C536826	Fibronectin glomerulopathy	fibronectin glomerulopathy	6	0
C536830	Glucose Transporter Type 1 Deficiency Syndrome	glucose transporter type 1 deficiency syndrome	18	0
C536830	Glut1 Deficiency Syndrome	glut1 deficiency syndrome	10	0
C536842	Congenital Erythrocytosis	congenital erythrocytosis	2	0
C536842	Familial Erythrocytosis	familial erythrocytosis	5	0
C536842	Hereditary Erythrocytosis	hereditary erythrocytosis	2	0
C536858	Troyer syndrome	troyer syndrome	6	0
C536866	Fsp3	fsp3	5	0
C536880	Smard1	smard1	20	0
C536880	Spinal Muscular Atrophy with Respiratory Distress	spinal muscular atrophy with respiratory distress	6	0
C536880	Spinal Muscular Atrophy with Respiratory Distress Type 1	spinal muscular atrophy with respiratory distress type 1	4	0
C536905	Thymic epithelial tumor	thymic epithelial tumor	8	0
C536922	TINU syndrome	tinu syndrome	12	0
C536922	Tubulointerstitial Nephritis with Uveitis	tubulointerstitial nephritis with uveitis	2	0
C536922	Tubulointerstitial nephritis and uveitis	tubulointerstitial nephritis and uveitis	15	0
C536922	Tubulointerstitial nephritis and uveitis syndrome	tubulointerstitial nephritis and uveitis syndrome	5	0
C536924	Tufted angioma	tufted angioma	11	0
C536940	TAR Syndrome	tar syndrome	11	0
C536940	Thrombocytopenia absent radius syndrome	thrombocytopenia absent radius syndrome	1	0
C536940	Thrombocytopenia-Absent Radius Syndrome	thrombocytopenia - absent radius syndrome	1	0
C536957	TMJ Ankylosis	tmj ankylosis	39	0
C536957	Temporomandibular ankylosis	temporomandibular ankylosis	1	0
C536959	Temtamy syndrome	temtamy syndrome	6	0
C536962	Timothy syndrome	timothy syndrome	21	0
C536974	Townes-Brocks syndrome	townes - brocks syndrome	6	0
C536977	Tracheobronchopathia Osteochondroplastica	tracheobronchopathia osteochondroplastica	11	0
C536977	Tracheobronchopathia osteoplastica	tracheobronchopathia osteoplastica	2	0
C536990	Mowat-Wilson syndrome	mowat - wilson syndrome	16	0
C537001	Left-sided gallbladder	left - sided gallbladder	7	0
C537007	Kaposiform Hemangioendothelioma	kaposiform hemangioendothelioma	42	0
C537013	Kaufman oculocerebrofacial syndrome	kaufman oculocerebrofacial syndrome	5	0
C537015	KBG syndrome	kbg syndrome	43	0
C537027	Lipoid congenital adrenal hyperplasia	lipoid congenital adrenal hyperplasia	9	0
C537031	Littoral cell angioma	littoral cell angioma	6	0
C537047	Allan-Herndon-Dudley syndrome	allan - herndon - dudley syndrome	13	0
C537047	Monocarboxylate Transporter 8 (Mct8) Deficiency	monocarboxylate transporter 8 ( mct8 ) deficiency	3	0
C537047	T3 Resistance	t3 resistance	1	0
C537048	Renal tubular dysgenesis	renal tubular dysgenesis	6	0
C537063	Florid cemento-osseous dysplasia	florid cemento - osseous dysplasia	6	0
C537069	Anterior Opercular Syndrome	anterior opercular syndrome	8	0
C537077	FUMHD	fumhd	11	0
C537077	Febrile Ulceronecrotic Mucha-Habermann disease	febrile ulceronecrotic mucha - habermann disease	5	0
C537077	Ulceronecrotic Mucha-Habermann disease	ulceronecrotic mucha - habermann disease	5	0
C537119	Dyschondrosteosis	dyschondrosteosis	4	0
C537119	Léri-Weill Dyschondrosteosis	l é ri - weill dyschondrosteosis	3	0
C537131	Lymphoma of the orbit	lymphoma of the orbit	1	0
C537131	Orbital lymphoma	orbital lymphoma	21	0
C537131	Primary orbital lymphoma	primary orbital lymphoma	5	0
C537157	Sanjad-Sakati syndrome	sanjad - sakati syndrome	6	0
C537162	Pancreatoblastoma	pancreatoblastoma	18	0
C537163	Pediatric Autoimmune Neuropsychiatric Disorders Associated with Streptococcal infections	pediatric autoimmune neuropsychiatric disorders associated with streptococcal infections	8	0
C537168	Papillorenal syndrome	papillorenal syndrome	4	0
C537168	Renal Coloboma Syndrome	renal coloboma syndrome	3	0
C537177	Kufor-Rakeb syndrome	kufor - rakeb syndrome	7	0
C537185	Pierson syndrome	pierson syndrome	7	0
C537207	Kniest dysplasia	kniest dysplasia	10	0
C537217	Iahsp	iahsp	11	0
C537217	Infantile-Onset Ascending Hereditary Spastic Paralysis	infantile - onset ascending hereditary spastic paralysis	1	0
C537221	Sacral agenesis	sacral agenesis	16	0
C537227	Sakati syndrome	sakati syndrome	13	0
C537236	Hypersarcosinemia	hypersarcosinemia	6	0
C537258	Fibrolamellar hepatocellular carcinoma	fibrolamellar hepatocellular carcinoma	24	0
C537267	Langer mesomelic dysplasia	langer mesomelic dysplasia	6	0
C537270	Fountain syndrome	fountain syndrome	7	0
C537302	Griscelli syndrome type 2	griscelli syndrome type 2	10	0
C537302	Partial albinism and immunodeficiency	partial albinism and immunodeficiency	1	0
C537306	Grover disease	grover disease	1	0
C537306	Grover's disease	grover ' s disease	9	0
C537306	Transient Acantholytic Dermatosis	transient acantholytic dermatosis	2	0
C537308	Ataxia with Oculomotor Apraxia	ataxia with oculomotor apraxia	7	0
C537308	SCAN2	scan2	3	0
C537308	SCAR1	scar1	1	0
C537327	SHORT syndrome	short syndrome	12	0
C537342	SMMCI Syndrome	smmci syndrome	1	0
C537342	Solitary median maxillary central incisor	solitary median maxillary central incisor	6	0
C537342	Solitary median maxillary central incisor syndrome	solitary median maxillary central incisor syndrome	2	0
C537357	MTHFR deficiency	mthfr deficiency	9	0
C537373	Pelvi-ureteric junction obstruction	pelvi - ureteric junction obstruction	7	0
C537373	Pelviureteric Junction Obstruction	pelviureteric junction obstruction	19	0
C537387	Neurocutaneous melanosis	neurocutaneous melanosis	10	0
C537395	Neuronal intranuclear inclusion disease	neuronal intranuclear inclusion disease	75	0
C537396	NARP syndrome	narp syndrome	1	0
C537396	Neuropathy, Ataxia, and Retinitis Pigmentosa	neuropathy , ataxia , and retinitis pigmentosa	5	0
C537417	Butyrylcholinesterase deficiency	butyrylcholinesterase deficiency	1	0
C537417	Pseudocholinesterase deficiency	pseudocholinesterase deficiency	8	0
C537423	Ocular Motor Apraxia	ocular motor apraxia	8	0
C537436	Aromatase deficiency	aromatase deficiency	5	0
C537437	Aromatic L-amino acid decarboxylase deficiency	aromatic l - amino acid decarboxylase deficiency	6	0
C537470	Microvillus inclusion disease	microvillus inclusion disease	11	0
C537489	Congenital sternal cleft	congenital sternal cleft	1	0
C537489	Sternal cleft	sternal cleft	18	0
C537502	Stuve-Wiedemann syndrome	stuve - wiedemann syndrome	9	0
C537503	Subcutaneous panniculitis-like T-cell lymphoma	subcutaneous panniculitis - like t - cell lymphoma	8	0
C537516	Pleuropulmonary blastoma	pleuropulmonary blastoma	31	0
C537521	Ullrich congenital muscular dystrophy	ullrich congenital muscular dystrophy	7	0
C537525	Sclerosteosis	sclerosteosis	5	0
C537527	3-Oxoacid Coa Transferase Deficiency	3 - oxoacid coa transferase deficiency	1	0
C537527	SCOT deficiency	scot deficiency	4	0
C537527	Succinyl-CoA:3-oxoacid CoA transferase deficiency	succinyl - coa : 3 - oxoacid coa transferase deficiency	1	0
C537537	Tyrosine Hydroxylase Deficiency	tyrosine hydroxylase deficiency	5	0
C537577	Mopd	mopd	10	0
C537577	Mopd1	mopd1	2	0
C537594	Shapiro syndrome	shapiro syndrome	6	0
C537622	GAMT Deficiency	gamt deficiency	5	0
C537663	Bazex syndrome	bazex syndrome	8	0
C537702	Juvenile polyposis syndrome	juvenile polyposis syndrome	25	0
C537702	Smad4-Related Juvenile Polyposis	smad4 - related juvenile polyposis	1	0
C537705	Kabuki Make-Up Syndrome	kabuki make - up syndrome	1	0
C537705	Kabuki syndrome	kabuki syndrome	67	0
C537723	MECP2 Duplication Syndrome	mecp2 duplication syndrome	12	0
C537728	Albinism 1	albinism 1	1	0
C537728	Oculocutaneous albinism type 1	oculocutaneous albinism type 1	9	0
C537728	Oculocutaneous albinism type 1A	oculocutaneous albinism type 1a	2	0
C537734	Feingold syndrome	feingold syndrome	7	0
C537743	Oguchi disease	oguchi disease	7	0
C537761	Renpenning Syndrome	renpenning syndrome	6	0
C537778	Antisynthetase syndrome	antisynthetase syndrome	92	0
C537782	Aortopulmonary fistula	aortopulmonary fistula	12	0
C537799	Geroderma Osteodysplasticum	geroderma osteodysplasticum	3	0
C537799	Geroderma osteodysplastica	geroderma osteodysplastica	4	0
C537844	Nonseminomatous germ cell tumor	nonseminomatous germ cell tumor	6	0
C537845	Nonsyndromic sensorineural hearing loss	nonsyndromic sensorineural hearing loss	5	0
C537907	HDR syndrome	hdr syndrome	17	0
C537927	Fibrocartilaginous embolism	fibrocartilaginous embolism	14	0
C537979	CARD9 deficiency	card9 deficiency	18	0
C537989	CMT2B	cmt2b	5	0
C537997	Dysplasia epiphysealis hemimelica	dysplasia epiphysealis hemimelica	9	0
C538010	Eagle syndrome	eagle syndrome	68	0
C538010	Eagle's syndrome	eagle ' s syndrome	14	0
C538010	elongated styloid process	elongated styloid process	13	0
C538027	Mosaic tetrasomy 9p	mosaic tetrasomy 9p	2	0
C538027	Tetrasomy 9p	tetrasomy 9p	6	0
C538028	Trisomy 9	trisomy 9	11	0
C538053	Citrin deficiency	citrin deficiency	24	0
C538065	Frontonasal dysplasia	frontonasal dysplasia	7	0
C538081	Congenital patellar dislocation	congenital patellar dislocation	8	0
C538137	Hereditary hyperferritinemia-cataract syndrome	hereditary hyperferritinemia - cataract syndrome	4	0
C538137	Hyperferritinemia cataract syndrome	hyperferritinemia cataract syndrome	2	0
C538137	Hyperferritinemia-Cataract Syndrome	hyperferritinemia - cataract syndrome	4	0
C538152	Filippi syndrome	filippi syndrome	10	0
C538172	Acquired amegakaryocytic thrombocytopenia	acquired amegakaryocytic thrombocytopenia	9	0
C538173	Acquired angioedema	acquired angioedema	11	0
C538179	ACRDYS1	acrdys1	4	0
C538179	Acrodysostosis	acrodysostosis	3	0
C538191	Fumarase deficiency	fumarase deficiency	1	0
C538191	Fumarate Hydratase Deficiency	fumarate hydratase deficiency	6	0
C538196	Atlantoaxial Fusion	atlantoaxial fusion	6	0
C538223	Acute zonal occult outer retinopathy	acute zonal occult outer retinopathy	11	0
C538225	Adams-Oliver syndrome	adams - oliver syndrome	15	0
C538228	2,8-Dihydroxyadeninuria	2 , 8 - dihydroxyadeninuria	1	0
C538228	APRT Deficiency	aprt deficiency	12	0
C538228	Adenine phosphoribosyltransferase deficiency	adenine phosphoribosyltransferase deficiency	3	0
C538229	Adenomatoid odontogenic tumor	adenomatoid odontogenic tumor	44	0
C538232	Uterine adenosarcoma	uterine adenosarcoma	25	0
C538235	ADSL Deficiency	adsl deficiency	5	0
C538235	Adenylosuccinate lyase deficiency	adenylosuccinate lyase deficiency	5	0
C538250	Amyopathic dermatomyositis	amyopathic dermatomyositis	34	0
C538253	Hirayama disease	hirayama disease	15	0
C538256	Anauxetic dysplasia	anauxetic dysplasia	5	0
C538259	Atransferrinemia	atransferrinemia	5	0
C538259	Congenital atransferrinemia	congenital atransferrinemia	4	0
C538275	Autoimmune polyendocrinopathy-candidiasis-ectodermal dystrophy (APECED)	autoimmune polyendocrinopathy - candidiasis - ectodermal dystrophy ( apeced )	6	0
C538306	Tetrasomy 18p	tetrasomy 18p	7	0
C538309	18p deletion syndrome	18p deletion syndrome	7	0
C538324	3-Hydroxy-3-Methylglutaryl-CoA Lyase Deficiency	3 - hydroxy - 3 - methylglutaryl - coa lyase deficiency	4	0
C538324	HMG-CoA Lyase Deficiency	hmg - coa lyase deficiency	1	0
C538336	Nance-Horan syndrome	nance - horan syndrome	7	0
C538353	Myotonia permanens	myotonia permanens	7	0
C538353	Potassium-Aggravated Myotonia	potassium - aggravated myotonia	3	0
C538353	Sodium Channel Myotonia	sodium channel myotonia	6	0
C538362	Reticuloendotheliosis	reticuloendotheliosis	13	0
C538370	Retroperitoneal liposarcoma	retroperitoneal liposarcoma	44	0
C538377	Flegel disease	flegel disease	3	0
C538377	Flegel's disease	flegel ' s disease	1	0
C538377	Hyperkeratosis lenticularis perstans	hyperkeratosis lenticularis perstans	2	0
C538421	Neurodegeneration with brain iron accumulation (NBIA)	neurodegeneration with brain iron accumulation ( nbia )	17	0
C538690	carboxymethyl konjac glucomannan	carboxymethyl konjac glucomannan	5	0
C538809	sodium pentaborate	sodium pentaborate	5	0
C538814	cyclobutanol	cyclobutanol	7	0
C538950	anti-centromere antibodies	anti - centromere antibodies	13	0
C538950	anticentromere antibody	anticentromere antibody	4	0
C538973	isosakuranetin	isosakuranetin	20	0
C539106	penthiopyrad	penthiopyrad	16	0
C539263	Dp44mt	dp44mt	13	0
C539273	JNJ-26366821	jnj - 26366821	9	0
C539351	elagolix	elagolix	44	0
C539377	fargesin	fargesin	7	0
C539416	triazavirin	triazavirin	5	0
C539462	strictosamide	strictosamide	5	0
C539466	Oviductus Ranae	oviductus ranae	8	0
C539489	faujasite	faujasite	22	0
C539490	AM6527	am6527	8	0
C539751	ankaferd blood stopper	ankaferd blood stopper	10	0
C539827	NED-19	ned - 19	7	0
C539933	MLN4924	mln4924	112	0
C539933	pevonedistat	pevonedistat	27	0
C540163	Celox	celox	16	0
C540193	hsa-mir-181b	hsa - mir - 181b	3	0
C540193	hsa-mir-181c	hsa - mir - 181c	8	0
C540250	hydroxy naphthol blue	hydroxy naphthol blue	6	0
C540250	hydroxynaphthol blue	hydroxynaphthol blue	8	0
C540261	NNZ-2591	nnz - 2591	8	0
C540376	silole	silole	9	0
C540579	banlangen	banlangen	1	0
C540579	radix isatidis	radix isatidis	5	0
C540581	danhong	danhong	22	0
C540591	XPro1595	xpro1595	10	0
C540740	pemafibrate	pemafibrate	142	0
C540817	tanreqing	tanreqing	13	0
C540904	2-oxo-clopidogrel	2 - oxo - clopidogrel	14	0
C540936	CJ-15,208	cj - 15 , 208	5	0
C540945	azvudine	azvudine	41	0
C540973	pyrabactin	pyrabactin	12	0
C541131	PCB170	pcb170	5	0
C541363	BI6727	bi6727	2	0
C541363	volasertib	volasertib	12	0
C541372	perhydropolysilazane	perhydropolysilazane	6	0
C541505	AMG 487	amg 487	3	0
C541505	AMG487	amg487	4	0
C541508	clearfil majesty	clearfil majesty	34	0
C541528	licochalcone B	licochalcone b	42	0
C541529	licochalcone D	licochalcone d	8	0
C541550	di-4-ANEPPDHQ	di - 4 - aneppdhq	7	0
C541577	2-phenylquinoline	2 - phenylquinoline	7	0
C541743	tris(2,3-dibromopropyl)isocyanurate	tris ( 2 , 3 - dibromopropyl ) isocyanurate	5	0
C541771	CRS3123	crs3123	19	0
C541771	REP3123	rep3123	1	0
C541917	AMG-131	amg - 131	2	0
C541917	INT131	int131	7	0
C541965	PS-b-PEO	ps - b - peo	11	0
C542017	sotatercept	sotatercept	232	0
C542050	deoxynivalenol-3-glucoside	deoxynivalenol - 3 - glucoside	7	0
C542175	acid red 88	acid red 88	5	0
C542279	BiOBr	biobr	167	0
C542279	bismuth oxybromide	bismuth oxybromide	16	0
C542294	phillygenin	phillygenin	16	0
C542342	pexacerfont	pexacerfont	6	0
C542359	hsa-mir-143	hsa - mir - 143	5	0
C542574	levamlodipine	levamlodipine	10	0
C542595	riociguat	riociguat	95	0
C542732	prenylcysteine	prenylcysteine	5	0
C542735	procyanidin A2	procyanidin a2	14	0
C542794	gegen qinlian	gegen qinlian	28	0
C542859	aclidinium bromide	aclidinium bromide	5	0
C542964	1,2,3,4-tetrahydroquinoline	1 , 2 , 3 , 4 - tetrahydroquinoline	7	0
C542964	tetrahydroquinoline	tetrahydroquinoline	45	0
C543015	sutezolid	sutezolid	8	0
C543065	NovoSorb	novosorb	25	0
C543086	betrixaban	betrixaban	21	0
C543146	timosaponin AIII	timosaponin aiii	16	0
C543211	quinalizarin	quinalizarin	21	0
C543332	Gazyva	gazyva	3	0
C543332	obinutuzumab	obinutuzumab	402	0
C543394	Iplex	iplex	8	0
C543413	reversan	reversan	5	0
C543520	nemonoxacin	nemonoxacin	15	0
C543533	auristatin	auristatin	71	0
C543534	losmapimod	losmapimod	25	0
C543575	bolaamphiphile	bolaamphiphile	5	0
C543800	hsa-mir-210	hsa - mir - 210	5	0
C543810	hsa-mir-661	hsa - mir - 661	10	0
C543820	hsa-mir-339	hsa - mir - 339	12	0
C543845	hsa-mir-24	hsa - mir - 24	14	0
C543930	2-acetylpyridine	2 - acetylpyridine	9	0
C543984	calenduloside E	calenduloside e	6	0
C544016	PEG-PEI	peg - pei	6	0
C544261	XAV 939	xav 939	2	0
C544261	XAV-939	xav - 939	29	0
C544261	XAV939	xav939	55	0
C544266	hsa-mir-100	hsa - mir - 100	9	0
C544302	hsa-mir-140	hsa - mir - 140	6	0
C544393	N-desethyl sunitinib	n - desethyl sunitinib	5	0
C544393	SU12662	su12662	4	0
C544520	HP-DO3A	hp - do3a	6	0
C544537	proquinazid	proquinazid	8	0
C544547	hsa-mir-1	hsa - mir - 1	16	0
C544754	dihydro-resveratrol	dihydro - resveratrol	1	0
C544754	dihydroresveratrol	dihydroresveratrol	4	0
C544775	JP4-039	jp4 - 039	7	0
C544831	foretinib	foretinib	20	0
C544923	AS1517499	as1517499	13	0
C544965	hsa-miR-135b	hsa - mir - 135b	5	0
C544967	AC220	ac220	3	0
C544967	quizartinib	quizartinib	130	0
C545053	gambogic amide	gambogic amide	10	0
C545188	SGI-1776	sgi - 1776	6	0
C545188	SGI1776	sgi1776	4	0
C545190	TLN-05220	tln - 05220	14	0
C545235	GSK4716	gsk4716	5	0
C545303	reactive red 195	reactive red 195	5	0
C545423	resolvin D2	resolvin d2	13	0
C545430	tylvalosin	tylvalosin	30	0
C545473	hsa-mir-503	hsa - mir - 503	9	0
C545484	cryptophane-A	cryptophane - a	11	0
C545606	AZD1480	azd1480	8	0
C545733	fatostatin	fatostatin	9	0
C545920	P(VDF-HFP)	p ( vdf - hfp )	18	0
C545990	BMS-754807	bms - 754807	21	0
C545998	doxaz	doxaz	15	0
C545998	doxazolidine	doxazolidine	4	0
C546012	Ojjaara	ojjaara	3	0
C546012	momelotinib	momelotinib	62	0
C546110	hsa-mir-138	hsa - mir - 138	6	0
C546176	hsa-mir-342	hsa - mir - 342	9	0
C546193	KU60019	ku60019	8	0
C546212	qingzhen	qingzhen	8	0
C546215	lobeglitazone	lobeglitazone	15	0
C546417	MLC901	mlc901	2	0
C546417	Neuroaid	neuroaid	7	0
C546441	HBX41108	hbx41108	9	0
C546494	syringetin	syringetin	14	0
C546524	swietenine	swietenine	10	0
C546620	chloride intracellular channel 1	chloride intracellular channel 1	11	0
C546681	PuraMatrix	puramatrix	2	0
C546681	RADA16-I	rada16 - i	11	0
C546702	ethyl 2-methylpropanoate	ethyl 2 - methylpropanoate	3	0
C546702	ethyl isobutyrate	ethyl isobutyrate	7	0
C546709	obtusifolin	obtusifolin	6	0
C546729	worenine	worenine	16	0
C546771	gardiquimod	gardiquimod	10	0
C546776	lithium phenyl-2,4,6-trimethylbenzoylphosphinate	lithium phenyl - 2 , 4 , 6 - trimethylbenzoylphosphinate	6	0
C546776	phenyl-2,4,6-trimethylbenzoylphosphinate	phenyl - 2 , 4 , 6 - trimethylbenzoylphosphinate	6	0
C546783	hsa-mir-192	hsa - mir - 192	7	0
C546881	1,7-octadiene	1 , 7 - octadiene	5	0
C546958	1,2-HOPO	1 , 2 - hopo	12	0
C546977	AR-C155858	ar - c155858	6	0
C547014	MIR-29B	mir - 29b	128	0
C547049	tris(pentafluorophenyl)borane	tris ( pentafluorophenyl ) borane	9	0
C547077	hsa-mir-132	hsa - mir - 132	9	0
C547093	2-methylbutanal	2 - methylbutanal	11	0
C547250	JNJ-31020028	jnj - 31020028	4	0
C547250	JNJ31020028	jnj31020028	1	0
C547276	hsa-mir-127	hsa - mir - 127	5	0
C547293	omecamtiv mecarbil	omecamtiv mecarbil	45	0
C547330	hexaazatrinaphthylene	hexaazatrinaphthylene	11	0
C547512	ED-71	ed - 71	13	0
C547512	eldecalcitol	eldecalcitol	36	0
C547688	TWS-119	tws - 119	1	0
C547688	TWS119	tws119	4	0
C547816	chidamide	chidamide	123	0
C547822	deinoxanthin	deinoxanthin	5	0
C547825	bavituximab	bavituximab	6	0
C548020	jaceidin	jaceidin	13	0
C548028	Inherited Peripheral Neuropathy	inherited peripheral neuropathy	15	0
C548170	hsa-mir-328	hsa - mir - 328	8	0
C548172	JPH203	jph203	22	0
C548172	KYT-0353	kyt - 0353	2	0
C548234	hsa-mir-133a	hsa - mir - 133a	5	0
C548262	spinetoram	spinetoram	87	0
C548297	momordin	momordin	18	0
C548378	BGB324	bgb324	5	0
C548378	bemcentinib	bemcentinib	8	0
C548458	IR-780	ir - 780	26	0
C548591	buriti oil	buriti oil	10	0
C548754	xiao-xu-ming	xiao - xu - ming	5	0
C548756	xiangdan	xiangdan	23	0
C548773	tehranolide	tehranolide	11	0
C548779	GlyH-101	glyh - 101	17	0
C548875	sapitinib	sapitinib	6	0
C548887	MK-2206	mk - 2206	59	0
C548887	MK2206	mk2206	34	0
C548900	hsa-mir-423	hsa - mir - 423	19	0
C548901	FLLL31	flll31	10	0
C548970	diethyl chlorophosphate	diethyl chlorophosphate	9	0
C549035	mogamulizumab	mogamulizumab	96	0
C549041	Mdivi-1	mdivi - 1	180	0
C549041	mitochondrial division inhibitor-1	mitochondrial division inhibitor - 1	8	0
C549045	hsa-mir-107	hsa - mir - 107	5	0
C549060	PKI-587	pki - 587	1	0
C549060	gedatolisib	gedatolisib	27	0
C549067	IDR-1002	idr - 1002	16	0
C549242	hsa-mir-7	hsa - mir - 7	11	0
C549324	ethyl caprylate	ethyl caprylate	11	0
C549324	ethyl octanoate	ethyl octanoate	26	0
C549343	TS-071	ts - 071	2	0
C549343	luseogliflozin	luseogliflozin	46	0
C549350	GSK 2033	gsk 2033	1	0
C549350	GSK2033	gsk2033	8	0
C549376	Xuebijing	xuebijing	60	0
C549404	hsa-mir-204	hsa - mir - 204	10	0
C549567	AZD 1775	azd 1775	6	0
C549567	AZD-1775	azd - 1775	1	0
C549567	AZD1775	azd1775	23	0
C549567	MK-1775	mk - 1775	13	0
C549567	MK1775	mk1775	2	0
C549567	adavosertib	adavosertib	41	0
C549620	3-(triphenylmethylaminomethyl)pyridine	3 - ( triphenylmethylaminomethyl ) pyridine	1	0
C549620	UCL2077	ucl2077	11	0
C549713	isocarbophos	isocarbophos	9	0
C549824	Mid1ip1	mid1ip1	9	0
C549829	corylifol A	corylifol a	8	0
C549830	neobavaisoflavone	neobavaisoflavone	9	0
C549874	3,7-dimethyl-1,6-nonadien-3-ol	3 , 7 - dimethyl - 1 , 6 - nonadien - 3 - ol	6	0
C549877	2-penten-1-ol	2 - penten - 1 - ol	9	0
C550005	prothioconazole	prothioconazole	62	0
C550087	imidaclothiz	imidaclothiz	9	0
C550088	boscalid	boscalid	82	0
C550103	wuhua	wuhua	6	0
C550113	allantopyrone A	allantopyrone a	9	0
C550144	Fructus xanthii	fructus xanthii	9	0
C550144	Xanthii Fructus	xanthii fructus	6	0
C550169	ponesimod	ponesimod	24	0
C550183	Bi12TiO20	bi12tio20	5	0
C550183	bismuth titanate	bismuth titanate	13	0
C550200	xiaochaihu	xiaochaihu	8	0
C550253	AS03 adjuvant	as03 adjuvant	2	0
C550253	AS03B	as03b	2	0
C550253	adjuvant system 03	adjuvant system 03	1	0
C550258	MLN8237	mln8237	3	0
C550258	alisertib	alisertib	52	0
C550306	marein	marein	8	0
C550307	okanin	okanin	33	0
C550322	selenoneine	selenoneine	10	0
C550584	2-methyltetrahydrofuran	2 - methyltetrahydrofuran	20	0
C550621	RepSox	repsox	15	0
C550631	bitopertin	bitopertin	41	0
C550701	TRX-4	trx - 4	2	0
C550701	TRX4	trx4	1	0
C550701	otelixizumab	otelixizumab	4	0
C550722	nirogacestat	nirogacestat	32	0
C550725	PF-8380	pf - 8380	1	0
C550725	PF8380	pf8380	5	0
C550733	VER-155008	ver - 155008	5	0
C550733	VER155008	ver155008	13	0
C550923	PF-3758309	pf - 3758309	3	0
C550923	PF3758309	pf3758309	2	0
C550943	mandipropamid	mandipropamid	16	0
C551041	homopropargylglycine	homopropargylglycine	7	0
C551151	MnFe2O4	mnfe2o4	91	0
C551151	manganese ferrite	manganese ferrite	25	0
C551282	Tx-100	tx - 100	18	0
C551336	2,2,6,6-tetramethylpiperidide	2 , 2 , 6 , 6 - tetramethylpiperidide	2	0
C551336	2,2,6,6-tetramethylpiperidine	2 , 2 , 6 , 6 - tetramethylpiperidine	39	0
C551400	2,5-furandicarboxylic acid	2 , 5 - furandicarboxylic acid	63	0
C551524	robenacoxib	robenacoxib	17	0
C551528	OSI-906	osi - 906	1	0
C551528	linsitinib	linsitinib	24	0
C551557	hsa-miR-149	hsa - mir - 149	14	0
C551585	BOLD-100	bold - 100	20	0
C551585	KP1339	kp1339	3	0
C551620	oncocin	oncocin	7	0
C551652	dioctyldiethylenetriamine	dioctyldiethylenetriamine	6	0
C551652	xinjunan	xinjunan	1	0
C551661	tivantinib	tivantinib	6	0
C551825	AM6545	am6545	9	0
C551853	Viusid	viusid	9	0
C551966	OSA starch	osa starch	10	0
C551966	octenyl succinic anhydride-modified starch	octenyl succinic anhydride - modified starch	3	0
C552040	zuogui	zuogui	15	0
C552080	viridiflorol	viridiflorol	6	0
C552103	AT13387	at13387	10	0
C552103	onalespib	onalespib	11	0
C552234	didymin	didymin	32	0
C552382	avermitilol	avermitilol	11	0
C552397	dihydrorobinetin	dihydrorobinetin	6	0
C552431	hsa-mir-185	hsa - mir - 185	10	0
C552436	3-butenyl glucosinolate	3 - butenyl glucosinolate	3	0
C552436	gluconapin	gluconapin	12	0
C552498	AZD4694	azd4694	5	0
C552526	TH-302	th - 302	10	0
C552526	evofosfamide	evofosfamide	5	0
C552597	JWH-018	jwh - 018	19	0
C552602	adelmidrol	adelmidrol	8	0
C552681	DhHP-6	dhhp - 6	7	0
C552681	deuterohemin-AlaHisThrValGluLys	deuterohemin - alahisthrvalglulys	1	0
C552722	hsa-mir-195	hsa - mir - 195	9	0
C552862	2-ethyl-2-oxazoline	2 - ethyl - 2 - oxazoline	26	0
C552956	vonoprazan	vonoprazan	371	0
C552956	vonoprazan fumarate	vonoprazan fumarate	14	0
C553176	tivozanib	tivozanib	38	0
C553183	KHS101	khs101	8	0
C553306	LCI699	lci699	2	0
C553306	Osilodrostat	osilodrostat	134	0
C553326	farnesiferol C	farnesiferol c	5	0
C553360	flumatinib	flumatinib	43	0
C553458	apatinib	apatinib	317	0
C553458	rivoceranib	rivoceranib	45	0
C553502	HLA-DRB1*03:01	hla - drb1 * 03 : 01	19	0
C553505	HLA-DRB1*04:01	hla - drb1 * 04 : 01	13	0
C553506	HLA-DRB1*04:02	hla - drb1 * 04 : 02	6	0
C553587	tubastatin A	tubastatin a	33	0
C553728	vidofludimus	vidofludimus	10	0
C553926	AS1842856	as1842856	23	0
C554064	parishin C	parishin c	9	0
C554093	MK-0752	mk - 0752	3	0
C554093	MK0752	mk0752	4	0
C554125	Actimmune	actimmune	1	0
C554125	interferon gamma-1b	interferon gamma - 1b	4	0
C554142	epoxidized soybean oil	epoxidized soybean oil	33	0
C554293	hsa-mir-144	hsa - mir - 144	12	0
C554430	LDN-193189	ldn - 193189	7	0
C554430	LDN193189	ldn193189	9	0
C554641	Adper single bond 2	adper single bond 2	5	0
C554645	I-BET762	i - bet762	13	0
C554738	oprozomib	oprozomib	7	0
C554777	lasmiditan	lasmiditan	54	0
C554846	hsa-mir-194	hsa - mir - 194	5	0
C555052	IDR-1018	idr - 1018	6	0
C555052	Val-Arg-Leu-Ile-Val-Ala-Val-Arg-Ile-Trp-Arg-Arg	val - arg - leu - ile - val - ala - val - arg - ile - trp - arg - arg	1	0
C555097	mavacoxib	mavacoxib	6	0
C555098	hsa-mir-139	hsa - mir - 139	17	0
C555142	CX-4945	cx - 4945	30	0
C555142	CX4945	cx4945	2	0
C555142	silmitasertib	silmitasertib	5	0
C555159	hsa-mir-142	hsa - mir - 142	12	0
C555398	GI254023X	gi254023x	11	0
C555404	neoglucobrassicin	neoglucobrassicin	6	0
C555442	Nerofe	nerofe	8	0
C555497	chrysotoxine	chrysotoxine	8	0
C555523	gomphrenin I	gomphrenin i	7	0
C555528	FM19G11	fm19g11	5	0
C555534	TRV027	trv027	7	0
C555622	ulipristal acetate	ulipristal acetate	45	0
C555658	AMG-900	amg - 900	3	0
C555658	AMG900	amg900	2	0
C555684	cyclopropenylidene	cyclopropenylidene	6	0
C555916	MitoTEMPO	mitotempo	72	0
C556155	benzyltriethylammonium	benzyltriethylammonium	7	0
C556179	cobaloxime	cobaloxime	15	0
C556217	polyphyllin I	polyphyllin i	24	0
C556347	hsa-mir-335	hsa - mir - 335	22	0
C556377	11-O-galloylbergenin	11 - o - galloylbergenin	9	0
C556396	sodium new houttuyfonate	sodium new houttuyfonate	11	0
C556512	kusunokinin	kusunokinin	5	0
C556693	tolfenpyrad	tolfenpyrad	36	0
C556859	dihydrocarvone	dihydrocarvone	9	0
C556859	p-menth-8-en-2-one	p - menth - 8 - en - 2 - one	3	0
C556862	ganoderic acid	ganoderic acid	64	0
C556941	swertisin	swertisin	24	0
C557123	12-crown-4	12 - crown - 4	11	0
C557282	AMG785	amg785	1	0
C557282	evenity	evenity	2	0
C557282	romosozumab	romosozumab	379	0
C557282	romosozumab-aqqg	romosozumab - aqqg	1	0
C557482	chenpi	chenpi	25	0
C557526	cucurbitacin IIa	cucurbitacin iia	5	0
C557559	2,3,6,7,10,11-hexahydroxytriphenylene	2 , 3 , 6 , 7 , 10 , 11 - hexahydroxytriphenylene	12	0
C557577	fluopicolide	fluopicolide	17	0
C557621	SL-325	sl - 325	10	0
C557674	SeSAME syndrome	sesame syndrome	5	0
C557707	iron isomaltoside	iron isomaltoside	9	0
C557707	iron isomaltoside 1000	iron isomaltoside 1000	5	0
C557717	CX-5461	cx - 5461	46	0
C557717	CX5461	cx5461	2	0
C557799	LY-2157299	ly - 2157299	1	0
C557799	LY2157299	ly2157299	9	0
C557799	galunisertib	galunisertib	39	0
C557982	evogliptin	evogliptin	34	0
C558003	TGN-020	tgn - 020	14	0
C558003	TGN020	tgn020	6	0
C558219	cyantraniliprole	cyantraniliprole	55	0
C558237	CDX-110	cdx - 110	3	0
C558237	rindopepimut	rindopepimut	3	0
C558383	fluspidine	fluspidine	6	0
C558447	mPEG-PLGA	mpeg - plga	14	0
C558456	SR8278	sr8278	18	0
C558471	Hizentra	hizentra	1	0
C558471	IgPro20	igpro20	7	0
C558473	HBI-3000	hbi - 3000	3	0
C558473	sulcardine sulfate	sulcardine sulfate	3	0
C558633	isopyrazam	isopyrazam	14	0
C558700	benzene-1,3,5-tricarboxamide	benzene - 1 , 3 , 5 - tricarboxamide	8	0
C558702	ZnChl	znchl	7	0
C558702	zinc chlorin	zinc chlorin	1	0
C558811	hsa-mir-574	hsa - mir - 574	7	0
C558823	4'-ethynyl-2-fluoro-2'-deoxyadenosine	4 ' - ethynyl - 2 - fluoro - 2 ' - deoxyadenosine	1	0
C558823	MK-8591	mk - 8591	1	0
C558823	islatravir	islatravir	122	0
C558933	fimasartan	fimasartan	6	0
C558998	strevertene A	strevertene a	5	0
C559000	TRC051384	trc051384	9	0
C559038	TC-2153	tc - 2153	9	0
C559087	SR1078	sr1078	12	0
C559198	etrolizumab	etrolizumab	8	0
C559219	shentong zhuyu	shentong zhuyu	7	0
C559288	BMS-309403	bms - 309403	2	0
C559288	BMS309403	bms309403	3	0
C559645	TU-100	tu - 100	11	0
C559761	Pentoclo	pentoclo	10	0
C559771	Visiol	visiol	7	0
C559961	NaNbO3	nanbo3	52	0
C559961	sodium niobate	sodium niobate	26	0
C560099	DCC-2036	dcc - 2036	6	0
C560136	turnagainolide B	turnagainolide b	5	0
C560237	mimetite	mimetite	13	0
C560340	cubane	cubane	49	0
C560363	heparosan	heparosan	26	0
C560536	KSOP1009	ksop1009	9	0
C560536	SuHeXiang Wan	suhexiang wan	5	0
C560613	transfluthrin	transfluthrin	16	0
C560620	PF-04457845	pf - 04457845	5	0
C560928	fresolimumab	fresolimumab	10	0
C560945	hsa-mir-486	hsa - mir - 486	16	0
C560973	5-formylcytosine	5 - formylcytosine	12	0
C560974	5-carboxylcytosine	5 - carboxylcytosine	6	0
C560978	aegeline	aegeline	16	0
C561036	clodinafop-propargyl	clodinafop - propargyl	7	0
C561044	OP-1118	op - 1118	6	0
C561234	pacritinib	pacritinib	37	0
C561428	saucerneol D	saucerneol d	11	0
C561435	LDE225	lde225	4	0
C561435	NVP-LDE225	nvp - lde225	1	0
C561435	sonidegib	sonidegib	81	0
C561454	omipalisib	omipalisib	19	0
C561519	2-methyl-2-oxazoline	2 - methyl - 2 - oxazoline	10	0
C561576	desferrioxamine E	desferrioxamine e	9	0
C561601	CMP-Neu5Ac	cmp - neu5ac	5	0
C561601	cytidine-5'-monophospho-N-acetylneuraminic acid	cytidine - 5 ' - monophospho - n - acetylneuraminic acid	1	0
C561634	relugolix	relugolix	173	0
C561635	MK-8245	mk - 8245	5	0
C561695	BET inhibitor JQ1	bet inhibitor jq1	7	0
C561701	AR-C124910XX	ar - c124910xx	5	0
C561806	ebglyss	ebglyss	2	0
C561806	lebrikizumab	lebrikizumab	160	0
C561806	lebrikizumab-lbkz	lebrikizumab - lbkz	2	0
C561960	salvianolate	salvianolate	9	0
C562190	PEG-rhGH	peg - rhgh	41	0
C562190	polyethylene glycol-recombinant human growth hormone	polyethylene glycol - recombinant human growth hormone	2	0
C562345	YK-4-279	yk - 4 - 279	8	0
C562350	PG01042	pg01042	8	0
C562366	IRDye 800CW	irdye 800cw	7	0
C562378	Congenital Hepatic Fibrosis	congenital hepatic fibrosis	15	0
C562398	Madelung Deformity	madelung deformity	19	0
C562401	Pseudopapilledema	pseudopapilledema	33	0
C562404	Pulmonary Arteriovenous Fistulas	pulmonary arteriovenous fistulas	5	0
C562405	Pulmonary Alveolar Microlithiasis	pulmonary alveolar microlithiasis	16	0
C562461	Annular Erythema	annular erythema	18	0
C562485	Pili Torti	pili torti	5	0
C562492	Robinow Syndrome	robinow syndrome	9	0
C562546	Macrodactyly	macrodactyly	50	0
C562546	Megalodactyly	megalodactyly	1	0
C562562	Colonic Atresia	colonic atresia	15	0
C562563	Microcolon	microcolon	13	0
C562594	GSD Ib	gsd ib	10	0
C562642	Primary Localized Cutaneous Amyloidosis	primary localized cutaneous amyloidosis	7	0
C562687	Lysinuric Protein Intolerance	lysinuric protein intolerance	15	0
C562704	IGHD II	ighd ii	6	0
C562733	Fundus Albipunctatus	fundus albipunctatus	7	0
C562733	Retinitis Punctata Albescens	retinitis punctata albescens	1	0
C562742	Ascher Syndrome	ascher syndrome	9	0
C562745	Posterior Polymorphous Corneal Dystrophy	posterior polymorphous corneal dystrophy	7	0
C562760	Capillary Malformations	capillary malformations	28	0
C562827	Alacrima	alacrima	21	0
C562829	MGCN	mgcn	15	0
C562829	Megalocornea	megalocornea	12	0
C562830	Patent Ductus Venosus	patent ductus venosus	8	0
C562864	MPO Deficiency	mpo deficiency	6	0
C562864	Myeloperoxidase Deficiency	myeloperoxidase deficiency	3	0
C562880	ADHCAI	adhcai	8	0
C563020	Anal Canal Carcinoma	anal canal carcinoma	5	0
C563043	9q34.3 Microdeletion Syndrome	9q34 . 3 microdeletion syndrome	1	0
C563043	Kleefstra Syndrome	kleefstra syndrome	33	0
C563161	Hypertensive Nephropathy	hypertensive nephropathy	77	0
C563168	Askin Tumor	askin tumor	6	0
C563192	Dystrophic Epidermolysis Bullosa Pruriginosa	dystrophic epidermolysis bullosa pruriginosa	4	0
C563192	Epidermolysis Bullosa Pruriginosa	epidermolysis bullosa pruriginosa	5	0
C563207	Transaldolase Deficiency	transaldolase deficiency	18	0
C563236	Testicular Germ Cell Tumor	testicular germ cell tumor	29	0
C563273	Hpt-Jt	hpt - jt	16	0
C563273	Hyperparathyroidism-Jaw Tumor Syndrome	hyperparathyroidism - jaw tumor syndrome	4	0
C563276	Osteofibrous Dysplasia	osteofibrous dysplasia	16	0
C563277	Papillary Thyroid Microcarcinoma	papillary thyroid microcarcinoma	117	0
C563324	FPDMM	fpdmm	17	0
C563399	BAFME1	bafme1	5	0
C563399	FAME1	fame1	2	0
C563508	Oculopharyngodistal Myopathy	oculopharyngodistal myopathy	11	0
C563600	Masseter Muscle Hypertrophy	masseter muscle hypertrophy	7	0
C563710	DRRD	drrd	9	0
C563797	COXPD1	coxpd1	5	0
C563904	Cerebrofrontofacial Syndrome	cerebrofrontofacial syndrome	6	0
C563922	Myopia 5	myopia 5	6	0
C563933	MODY3	mody3	8	0
C563980	FAD1	fad1	5	0
C563980	FANCD1	fancd1	2	0
C563990	CARASIL	carasil	8	0
C563990	Cerebral Autosomal Recessive Arteriopathy with Subcortical Infarcts and Leukoencephalopathy	cerebral autosomal recessive arteriopathy with subcortical infarcts and leukoencephalopathy	3	0
C564048	X-Linked Dystonia-Parkinsonism	x - linked dystonia - parkinsonism	16	0
C564064	CDKL5 deficiency disorder	cdkl5 deficiency disorder	27	0
C564146	Odontohypophosphatasia	odontohypophosphatasia	5	0
C564245	CD36 Deficiency	cd36 deficiency	18	0
C564254	Capillary Malformation-Arteriovenous Malformation	capillary malformation - arteriovenous malformation	16	0
C564254	Capillary Malformation-Arteriovenous Malformation Syndrome	capillary malformation - arteriovenous malformation syndrome	6	0
C564254	Cm-Avm	cm - avm	20	0
C564296	HSN1B	hsn1b	6	0
C564307	SPENCDI	spencdi	7	0
C564307	Spondyloenchondrodysplasia with Immune Dysregulation	spondyloenchondrodysplasia with immune dysregulation	4	0
C564469	XIAP Deficiency	xiap deficiency	12	0
C564543	IMAGE Syndrome	image syndrome	5	0
C564815	Spastic Ataxia	spastic ataxia	31	0
C564878	Adult Polyglucosan Body Disease	adult polyglucosan body disease	7	0
C564931	Oliver Syndrome	oliver syndrome	15	0
C565128	Mitochondrial Complex III Deficiency	mitochondrial complex iii deficiency	7	0
C565158	CNA1	cna1	7	0
C565192	Neutral Lipid Storage Disease with Myopathy	neutral lipid storage disease with myopathy	5	0
C565201	Prostate Cancer Aggressiveness	prostate cancer aggressiveness	26	0
C565231	MODY6	mody6	6	0
C565460	Stromme Syndrome	stromme syndrome	5	0
C565647	SHFM1D	shfm1d	6	0
C565662	Acth-Independent Cushing Syndrome	acth - independent cushing syndrome	6	0
C565690	COXPD4	coxpd4	4	0
C565690	Combined Oxidative Phosphorylation Deficiency 4	combined oxidative phosphorylation deficiency 4	2	0
C565820	Poikiloderma with Neutropenia	poikiloderma with neutropenia	8	0
C565820	Poikiloderma with Neutropenia, Clericuzio-Type	poikiloderma with neutropenia , clericuzio - type	1	0
C565988	PAMI syndrome	pami syndrome	6	0
C565988	PSTPIP1-associated myeloid-related proteinemia inflammatory syndrome	pstpip1 - associated myeloid - related proteinemia inflammatory syndrome	1	0
C565988	myeloid-related proteinemia inflammatory syndrome	myeloid - related proteinemia inflammatory syndrome	1	0
C566076	Lobodontia	lobodontia	5	0
C566108	Stormorken Syndrome	stormorken syndrome	9	0
C566113	Progressive Encephalomyelitis with Rigidity	progressive encephalomyelitis with rigidity	7	0
C566136	Cmt1e	cmt1e	11	0
C566343	HMERF	hmerf	9	0
C566343	Hereditary Myopathy with Early Respiratory Failure	hereditary myopathy with early respiratory failure	3	0
C566366	Enlarged Vestibular Aqueduct	enlarged vestibular aqueduct	19	0
C566366	Enlarged Vestibular Aqueduct Syndrome	enlarged vestibular aqueduct syndrome	7	0
C566478	Testicular Microlithiasis	testicular microlithiasis	21	0
C566775	Fundic Gland Polyposis	fundic gland polyposis	10	0
C566822	Perry Syndrome	perry syndrome	5	0
C566826	Enlarged Parietal Foramina	enlarged parietal foramina	5	0
C566826	Parietal Foramina	parietal foramina	5	0
C566870	Hyperphosphatemic Familial Tumoral Calcinosis	hyperphosphatemic familial tumoral calcinosis	7	0
C566874	Sca10	sca10	18	0
C566945	LCHAD Deficiency	lchad deficiency	12	0
C566945	Long-Chain 3-Hydroxyacyl-CoA Dehydrogenase Deficiency	long - chain 3 - hydroxyacyl - coa dehydrogenase deficiency	8	0
C566945	Mitochondrial Trifunctional Protein Deficiency	mitochondrial trifunctional protein deficiency	2	0
C566945	TFP Deficiency	tfp deficiency	3	0
C566945	Trifunctional Protein Deficiency	trifunctional protein deficiency	2	0
C567089	Lipoprotein Glomerulopathy	lipoprotein glomerulopathy	9	0
C567098	FAME3	fame3	6	0
C567159	SPH1	sph1	5	0
C567258	Adiponectin Deficiency	adiponectin deficiency	8	0
C567258	Hypoadiponectinemia	hypoadiponectinemia	7	0
C567260	Dursun Syndrome	dursun syndrome	2	0
C567260	Scn4	scn4	3	0
C567401	Cerebroretinal Microangiopathy with Calcifications and Cysts	cerebroretinal microangiopathy with calcifications and cysts	5	0
C567401	Coats Plus Syndrome	coats plus syndrome	1	0
C567466	MICPCH	micpch	8	0
C567518	Bestrophinopathy	bestrophinopathy	14	0
C567570	Mitchell-Riley Syndrome	mitchell - riley syndrome	6	0
C567763	CLAPO Syndrome	clapo syndrome	7	0
C567763	Clapo	clapo	7	0
C567784	HMGCS2 Deficiency	hmgcs2 deficiency	4	0
C567784	Mitochondrial HMG-CoA Synthase Deficiency	mitochondrial hmg - coa synthase deficiency	2	0
C567830	Emery-Dreifuss Muscular Dystrophy 5	emery - dreifuss muscular dystrophy 5	5	0
C567859	GSD XIV	gsd xiv	3	0
C567859	PGM1 Deficiency	pgm1 deficiency	2	0
C567859	Phosphoglucomutase 1 Deficiency	phosphoglucomutase 1 deficiency	2	0
C567863	Cloves Syndrome	cloves syndrome	10	0
C567962	pyridostatin	pyridostatin	17	0
C568020	moracin M	moracin m	5	0
C568210	Serdemetan	serdemetan	7	0
C568289	BLZ-945	blz - 945	2	0
C568289	BLZ945	blz945	8	0
C568301	evacetrapib	evacetrapib	9	0
C568345	Omegaven	omegaven	10	0
C568345	fish oil triglycerides	fish oil triglycerides	2	0
C568360	dyngo-4a	dyngo - 4a	6	0
C568444	strattice	strattice	12	0
C568527	hsa-mir-410	hsa - mir - 410	10	0
C568529	hsa-mir-32	hsa - mir - 32	7	0
C568535	ANAVEX2-73	anavex2 - 73	1	0
C568535	blarcamesine	blarcamesine	14	0
C568537	O-1602	o - 1602	5	0
C568537	O1602	o1602	7	0
C568606	lurbinectedin	lurbinectedin	76	0
C568713	I-BET151	i - bet151	28	0
C568714	amenamevir	amenamevir	28	0
C568736	relebactam	relebactam	141	0
C568740	salvianolic acid	salvianolic acid	224	0
C568788	MT-103	mt - 103	5	0
C568790	XMD8-92	xmd8 - 92	7	0
C568850	CPI-613	cpi - 613	19	0
C568850	devimistat	devimistat	7	0
C568859	latanoprostene bunod	latanoprostene bunod	9	0
C568912	T-5224	t - 5224	6	0
C568912	T5224	t5224	6	0
C568950	BGJ398	bgj398	4	0
C568950	infigratinib	infigratinib	34	0
C569030	EMD638683	emd638683	5	0
C569338	ibrexafungerp	ibrexafungerp	29	0
C569338	ibrexafungerp citrate	ibrexafungerp citrate	2	0
C569455	theabrownin	theabrownin	24	0
C569473	crotonic acid	crotonic acid	10	0
C569492	CoFe2O4	cofe2o4	236	0
C569492	cobalt ferrite	cobalt ferrite	82	0
C569516	Deep dermatophytosis	deep dermatophytosis	2	0
C569516	Majocchi's granuloma	majocchi ' s granuloma	2	0
C569516	Trichophyton infections	trichophyton infections	2	0
C569516	Trichophyton rubrum infection	trichophyton rubrum infection	1	0
C569516	Trichophyton rubrum infections	trichophyton rubrum infections	1	0
C569566	colibactin	colibactin	136	0
C569626	ibipinabant	ibipinabant	7	0
C569627	Cold Hypersensitivity	cold hypersensitivity	44	0
C569656	iRGD peptide	irgd peptide	8	0
C569686	AF647	af647	11	0
C569686	Alexa Fluor 647	alexa fluor 647	14	0
C569779	N-(3-dimethylaminopropyl)-N'-ethylcarbodiimide	n - ( 3 - dimethylaminopropyl ) - n ' - ethylcarbodiimide	8	0
C569780	polysilsesquioxane	polysilsesquioxane	11	0
C569879	Sapylin	sapylin	6	0
C570000	niuhuang	niuhuang	17	0
C570020	4-methylesculetin	4 - methylesculetin	13	0
C570046	hsa-mir-340	hsa - mir - 340	5	0
C570135	Tocomin	tocomin	5	0
C570208	Ramalin	ramalin	8	0
C570223	Ravicti	ravicti	1	0
C570223	glycerol phenylbutyrate	glycerol phenylbutyrate	23	0
C570288	Steglatro	steglatro	2	0
C570288	ertugliflozin	ertugliflozin	51	0
C570314	PF-429242	pf - 429242	10	0
C570438	APX001A	apx001a	1	0
C570438	Manogepix	manogepix	42	0
C570441	DPP-1	dpp - 1	26	0
C570461	xylomannan	xylomannan	8	0
C570564	ZSM-5 zeolite	zsm - 5 zeolite	32	0
C570634	phenyl acetate	phenyl acetate	11	0
C570695	necrosulfonamide	necrosulfonamide	7	0
C570710	asfotase alfa	asfotase alfa	30	0
C570852	BGT226	bgt226	6	0
C570862	NVP-HSP990	nvp - hsp990	12	0
C570874	BMS-813160	bms - 813160	14	0
C570894	PR-619	pr - 619	10	0
C570895	P22077	p22077	5	0
C570909	TG02	tg02	7	0
C570942	gentiandiol	gentiandiol	11	0
C570991	xylooligosaccharide	xylooligosaccharide	12	0
C571027	gelsenicine	gelsenicine	7	0
C571042	BAM8-22	bam8 - 22	10	0
C571179	eravacycline	eravacycline	248	0
C571217	eupalinolide B	eupalinolide b	22	0
C571360	N6022	n6022	6	0
C571386	Fasenra	fasenra	1	0
C571386	benralizumab	benralizumab	421	0
C571443	naoxintong	naoxintong	9	0
C571561	pyridine-2,6-dicarboxamide	pyridine - 2 , 6 - dicarboxamide	6	0
C571720	SKL2001	skl2001	29	0
C571726	GCSB-5	gcsb - 5	11	0
C571726	shinbaro	shinbaro	17	0
C571759	R-CHOP chemotherapy	r - chop chemotherapy	48	0
C571759	R-CHOP protocol	r - chop protocol	1	0
C571831	ulvan	ulvan	127	0
C571854	melem	melem	9	0
C571886	degludec	degludec	137	0
C571886	insulin degludec	insulin degludec	84	0
C571901	RAP-103	rap - 103	9	0
C571996	fluensulfone	fluensulfone	12	0
C571999	UVI5008	uvi5008	7	0
C572045	Erleada	erleada	2	0
C572045	apalutamide	apalutamide	284	0
C572153	cyflumetofen	cyflumetofen	22	0
C572162	ganoderic acid Mf	ganoderic acid mf	5	0
C572167	soluplus	soluplus	69	0
C572218	diethyl aminoethyl hexanoate	diethyl aminoethyl hexanoate	6	0
C572255	ACY-1215	acy - 1215	14	0
C572255	ricolinostat	ricolinostat	5	0
C572336	galloflavin	galloflavin	5	0
C572342	kartogenin	kartogenin	29	0
C572356	GSK4112	gsk4112	6	0
C572381	ginsenoside Rg5	ginsenoside rg5	12	0
C572413	qiliqiangxin	qiliqiangxin	17	0
C572449	INK128	ink128	7	0
C572449	MLN0128	mln0128	4	0
C572449	sapanisertib	sapanisertib	7	0
C572450	SR9011	sr9011	9	0
C572451	SR9009	sr9009	43	0
C572463	AZD4547	azd4547	19	0
C572520	tocol	tocol	8	0
C572626	DCFPYL	dcfpyl	67	0
C572626	Pylarify	pylarify	1	0
C572626	piflufolastat	piflufolastat	26	0
C572629	FPS-ZM1	fps - zm1	30	0
C572723	NODAGA	nodaga	61	0
C572762	aprocitentan	aprocitentan	29	0
C572765	resolvin D5	resolvin d5	11	0
C572919	PP242	pp242	8	0
C572941	ipragliflozin	ipragliflozin	24	0
C572961	t-TUCB	t - tucb	13	0
C573235	Gemogenovatucel-T	gemogenovatucel - t	5	0
C573235	Vigil vaccine	vigil vaccine	1	0
C573308	HC-067047	hc - 067047	15	0
C573308	HC067047	hc067047	8	0
C573330	PF-543	pf - 543	19	0
C573330	PF543	pf543	5	0
C573334	albuvirtide	albuvirtide	10	0
C573440	ABR-215757	abr - 215757	2	0
C573440	paquinimod	paquinimod	34	0
C573600	miltiradiene	miltiradiene	5	0
C573862	HU-910	hu - 910	6	0
C573930	Lys01	lys01	2	0
C573930	Lys05	lys05	5	0
C573968	benzisothiazol-3(2H)-one	benzisothiazol - 3 ( 2h ) - one	6	0
C573971	umeclidinium	umeclidinium	55	0
C574001	CuAlO2	cualo2	14	0
C574003	fallypride	fallypride	9	0
C574038	EstroG-100	estrog - 100	7	0
C574065	tralokinumab	tralokinumab	168	0
C574181	molybdenum carbide	molybdenum carbide	32	0
C574246	LCL161	lcl161	7	0
C574561	trolline	trolline	10	0
C574617	VU0364572	vu0364572	16	0
C574646	vicagrel	vicagrel	8	0
C574708	HI-TOPK-032	hi - topk - 032	5	0
C574790	ilaprazole sulfone	ilaprazole sulfone	5	0
C574799	BPADS	bpads	6	0
C574806	ETP-46321	etp - 46321	14	0
C574808	KL001	kl001	7	0
C574855	Gliadel	gliadel	11	0
C574914	bufei yishen	bufei yishen	6	0
C575077	LM11A-31	lm11a - 31	22	0
C575086	tofogliflozin	tofogliflozin	32	0
C575134	bufothionine	bufothionine	9	0
C575137	Hyp-Gly	hyp - gly	5	0
C575255	givinostat	givinostat	31	0
C575430	FH535	fh535	7	0
C575435	aspirin eugenol ester	aspirin eugenol ester	7	0
C575475	hsa-miR-361	hsa - mir - 361	5	0
C575618	AZD5363	azd5363	12	0
C575618	capivasertib	capivasertib	168	0
C575677	benzopyran-4-one	benzopyran - 4 - one	6	0
C575681	Inpefa	inpefa	2	0
C575681	sotagliflozin	sotagliflozin	88	0
C575713	TMC647055	tmc647055	8	0
C575719	notoginsenoside Ft1	notoginsenoside ft1	6	0
C575881	imeglimin	imeglimin	220	0
C575912	AAD-2004	aad - 2004	9	0
C575982	MAG-DHA	mag - dha	5	0
C575982	docosahexaenoic acid monoglyceride	docosahexaenoic acid monoglyceride	1	0
C575995	isomenthone	isomenthone	8	0
C576178	ARA290	ara290	4	0
C576178	cibinetide	cibinetide	1	0
C576246	disialyllacto-N-tetraose	disialyllacto - n - tetraose	6	0
C576258	tildipirosin	tildipirosin	9	0
C576296	Myrtacine	myrtacine	5	0
C576364	fostemsavir	fostemsavir	32	0
C576403	GSK2606414	gsk2606414	23	0
C576501	BAY 94-8862	bay 94 - 8862	1	0
C576501	finerenone	finerenone	1022	0
C576694	GKT137831	gkt137831	10	0
C576694	setanaxib	setanaxib	20	0
C576699	(R)-3-hydroxybutyl (R)-3-hydroxybutyrate	( r ) - 3 - hydroxybutyl ( r ) - 3 - hydroxybutyrate	5	0
C576743	senkyunolide I	senkyunolide i	15	0
C576806	SAR131675	sar131675	8	0
C576807	WZB117	wzb117	16	0
C576808	XL765	xl765	3	0
C576808	voxtalisib	voxtalisib	6	0
C576871	AdVax	advax	11	0
C576940	CUDC-907	cudc - 907	37	0
C576941	hydroxypropyltrimethyl ammonium chloride chitosan	hydroxypropyltrimethyl ammonium chloride chitosan	6	0
C576956	RKI-1447	rki - 1447	19	0
C577044	HG-9-91-01	hg - 9 - 91 - 01	7	0
C577112	FTC-146	ftc - 146	5	0
C577194	Maxxion	maxxion	7	0
C577200	JD5037	jd5037	8	0
C577469	RRx-001	rrx - 001	37	0
C577554	MC1568	mc1568	5	0
C577620	velutin	velutin	9	0
C577623	salecan	salecan	14	0
C577756	MHY1485	mhy1485	25	0
C577913	poly(2-oxazoline)	poly ( 2 - oxazoline )	38	0
C577920	GSK126	gsk126	47	0
C577924	avutometinib	avutometinib	47	0
C577928	micheliolide	micheliolide	18	0
C577929	DMAMCL	dmamcl	11	0
C577929	dimethylaminomicheliolide	dimethylaminomicheliolide	2	0
C577930	JNJ-42153605	jnj - 42153605	5	0
C578025	ethylicin	ethylicin	10	0
C578055	oleacein	oleacein	20	0
C578072	TAK-683	tak - 683	12	0
C578157	anhydroicaritin	anhydroicaritin	6	0
C578169	2-nitroaniline	2 - nitroaniline	3	0
C578169	o-nitroaniline	o - nitroaniline	1	0
C578169	ortho-nitroaniline	ortho - nitroaniline	1	0
C578443	rimegepant	rimegepant	237	0
C578515	FL118	fl118	15	0
C578518	AZD6482	azd6482	6	0
C578782	palmostatin B	palmostatin b	5	0
C578785	3-MeO-PCP	3 - meo - pcp	2	0
C578785	4-MeO-PCP	4 - meo - pcp	3	0
C578834	rolapitant	rolapitant	6	0
C578860	Arg-Gln	arg - gln	6	0
C578864	pinacolborane	pinacolborane	16	0
C578927	ML221	ml221	9	0
C578961	tripropylene glycol	tripropylene glycol	5	0
C578963	shuxuening	shuxuening	12	0
C578965	guipi	guipi	19	0
C578989	BAF312	baf312	7	0
C578989	siponimod	siponimod	96	0
C579022	Minnelide	minnelide	24	0
C579035	teneligliptin	teneligliptin	20	0
C579131	Wnt-C59	wnt - c59	6	0
C579460	boron difluoride	boron difluoride	16	0
C579557	TRC105	trc105	8	0
C579557	carotuximab	carotuximab	4	0
C579558	ESI-09	esi - 09	8	0
C579663	setmelanotide	setmelanotide	78	0
C579665	fortunellin	fortunellin	16	0
C579675	BX-795	bx - 795	2	0
C579675	BX795	bx795	5	0
C579813	GZD-824	gzd - 824	1	0
C579813	olverembatinib	olverembatinib	51	0
C579935	Autosomal Recessive Primary Microcephaly	autosomal recessive primary microcephaly	9	0
C579935	Microcephaly Primary Hereditary	microcephaly primary hereditary	1	0
C579935	Primary Autosomal Recessive Microcephaly	primary autosomal recessive microcephaly	3	0
C579991	Ftd3	ftd3	6	0
C580002	Cmamma	cmamma	15	0
C580002	Combined Malonic and Methylmalonic Aciduria	combined malonic and methylmalonic aciduria	3	0
C580012	Cfeom	cfeom	3	0
C580012	congenital fibrosis of the extraocular muscles	congenital fibrosis of the extraocular muscles	3	0
C580065	Episodic Ataxia	episodic ataxia	32	0
C580087	Familial Hyperaldosteronism	familial hyperaldosteronism	11	0
C580102	Fatty Acid Hydroxylase-Associated Neurodegeneration	fatty acid hydroxylase - associated neurodegeneration	4	0
C580102	Spastic Paraplegia 35	spastic paraplegia 35	1	0
C580130	Glycogen Storage Disease Type Ix	glycogen storage disease type ix	11	0
C580130	Gsd Ix	gsd ix	24	0
C580130	Phk Deficiency	phk deficiency	1	0
C580130	Phosphorylase Kinase Deficiency	phosphorylase kinase deficiency	3	0
C580241	Larsen Syndrome	larsen syndrome	7	0
C580280	Congenital Methemoglobinemia	congenital methemoglobinemia	6	0
C580316	Myofibrillar Myopathies	myofibrillar myopathies	6	0
C580316	Myofibrillar Myopathy	myofibrillar myopathy	29	0
C580477	Surfactant Dysfunction	surfactant dysfunction	20	0
C580539	Frmd7-Related Infantile Nystagmus	frmd7 - related infantile nystagmus	2	0
C580539	Idiopathic Infantile Nystagmus	idiopathic infantile nystagmus	2	0
C580539	X-Linked Idiopathic Infantile Nystagmus	x - linked idiopathic infantile nystagmus	1	0
C580601	astragaloside II	astragaloside ii	10	0
C580748	hydroxybupropion	hydroxybupropion	10	0
C580751	23-HBA	23 - hba	10	0
C580915	andexanet	andexanet	185	0
C580915	andexanet alfa	andexanet alfa	157	0
C581236	ETC-1002	etc - 1002	1	0
C581236	bempedoic acid	bempedoic acid	244	0
C581303	elobixibat	elobixibat	26	0
C581327	betalutin	betalutin	7	0
C581355	leucoside	leucoside	6	0
C581370	rose oxide	rose oxide	6	0
C581534	herbacetin	herbacetin	29	0
C581552	Vizamyl	vizamyl	1	0
C581552	flutemetamol	flutemetamol	36	0
C581609	Neu-P11	neu - p11	11	0
C581609	piromelatine	piromelatine	1	0
C581746	vertise flow	vertise flow	5	0
C581747	uromune	uromune	5	0
C581750	TC-325	tc - 325	3	0
C581750	hemospray	hemospray	28	0
C581752	alamandine	alamandine	15	0
C581932	IUB288	iub288	8	0
C581934	alarin	alarin	8	0
C581936	1,3,3,3-tetrafluoropropene	1 , 3 , 3 , 3 - tetrafluoropropene	2	0
C581936	HFO-1234ze	hfo - 1234ze	30	0
C581936	trans-1,3,3,3-tetrafluoropropene	trans - 1 , 3 , 3 , 3 - tetrafluoropropene	2	0
C581972	VU0360172	vu0360172	8	0
C582113	xiamenmycin	xiamenmycin	9	0
C582303	ALT-803	alt - 803	2	0
C582303	IL-15 superagonist N-803	il - 15 superagonist n - 803	1	0
C582303	N-803	n - 803	15	0
C582303	nogapendekin alfa inbakicept	nogapendekin alfa inbakicept	9	0
C582345	anifrolumab	anifrolumab	220	0
C582429	birinapant	birinapant	12	0
C582524	GS-9620	gs - 9620	11	0
C582524	vesatolimod	vesatolimod	6	0
C582670	alectinib	alectinib	393	0
C582723	pyclen	pyclen	12	0
C582727	macimorelin	macimorelin	5	0
C582887	UC2288	uc2288	14	0
C582924	GDC-0032	gdc - 0032	1	0
C582924	taselisib	taselisib	15	0
C582942	ammonium iodide	ammonium iodide	16	0
C583002	CU06-1004	cu06 - 1004	11	0
C583074	bisphenol AF	bisphenol af	36	0
C583075	RVG peptide	rvg peptide	5	0
C583075	rabies virus glycoprotein peptide	rabies virus glycoprotein peptide	1	0
C583175	anagliptin	anagliptin	16	0
C583281	BMS-986122	bms - 986122	10	0
C583328	hexythiazox	hexythiazox	7	0
C583329	eflapegrastim	eflapegrastim	6	0
C583329	eflapegrastim-xnst	eflapegrastim - xnst	5	0
C583352	chlorophyll f	chlorophyll f	5	0
C583359	wgx-50	wgx - 50	11	0
C583365	sedaxane	sedaxane	6	0
C583366	cycloxaprid	cycloxaprid	16	0
C583463	1,3,4-oxadiazole	1 , 3 , 4 - oxadiazole	100	0
C583485	3-MeO-PCE	3 - meo - pce	5	0
C583569	etelcalcetide	etelcalcetide	22	0
C583602	CYM51010	cym51010	8	0
C583616	GDC-0068	gdc - 0068	2	0
C583616	ipatasertib	ipatasertib	31	0
C583634	triazatruxene	triazatruxene	6	0
C583657	PF-04859989	pf - 04859989	21	0
C583854	TAK-901	tak - 901	8	0
C584014	SUN11602	sun11602	7	0
C584017	2-pyrone	2 - pyrone	20	0
C584135	endotrophin	endotrophin	72	0
C584174	bullvalene	bullvalene	13	0
C584242	poliumoside	poliumoside	8	0
C584390	famitinib	famitinib	7	0
C584497	Q203	q203	11	0
C584497	telacebec	telacebec	12	0
C584510	VS6063	vs6063	1	0
C584510	defactinib	defactinib	55	0
C584571	filgotinib	filgotinib	163	0
C584575	plecanatide	plecanatide	34	0
C584662	beautibond	beautibond	11	0
C584666	SRT2104	srt2104	12	0
C584679	K-115	k - 115	1	0
C584679	ripasudil	ripasudil	58	0
C584713	sodium aescinate	sodium aescinate	7	0
C584752	zavegepant	zavegepant	89	0
C584811	vamorolone	vamorolone	73	0
C584947	ATSP-7041	atsp - 7041	6	0
C585004	2-MCPD	2 - mcpd	23	0
C585004	2-Monochloropropane-1,3-diol	2 - monochloropropane - 1 , 3 - diol	2	0
C585004	2-monochloropropanediol	2 - monochloropropanediol	2	0
C585004	monochloropropanediol	monochloropropanediol	4	0
C585065	TUG-891	tug - 891	11	0
C585069	melflufen	melflufen	16	0
C585069	melphalan-flufenamide	melphalan - flufenamide	1	0
C585069	pepaxto	pepaxto	1	0
C585113	AdipoRon	adiporon	108	0
C585126	dodecyl nicotinate	dodecyl nicotinate	5	0
C585131	8-shogaol	8 - shogaol	6	0
C585271	VU0155069	vu0155069	5	0
C585278	JIB-04	jib - 04	10	0
C585331	orfamide A	orfamide a	11	0
C585343	caplacizumab	caplacizumab	133	0
C585471	patritumab	patritumab	19	0
C585473	theaflavin-3,3'-digallate	theaflavin - 3 , 3 ' - digallate	9	0
C585537	AZD2014	azd2014	6	0
C585537	vistusertib	vistusertib	5	0
C585643	polyphyllin VII	polyphyllin vii	7	0
C585662	IMAB362	imab362	3	0
C585662	zolbetuximab	zolbetuximab	213	0
C585684	Modeyso	modeyso	1	0
C585684	ONC201	onc201	54	0
C585684	dordaviprone	dordaviprone	38	0
C585780	MHY498	mhy498	10	0
C585830	Leqvio	leqvio	1	0
C585830	inclisiran	inclisiran	288	0
C585832	CT-011	ct - 011	9	0
C585906	elafibranor	elafibranor	70	0
C585913	shenqi	shenqi	48	0
C585972	apilarnil	apilarnil	19	0
C586085	PFUnDA	pfunda	63	0
C586085	perfluoro-n-undecanoic acid	perfluoro - n - undecanoic acid	1	0
C586085	perfluoroundecanoate	perfluoroundecanoate	1	0
C586085	perfluoroundecanoic acid	perfluoroundecanoic acid	34	0
C586093	ADB-PINACA	adb - pinaca	5	0
C586113	lithium bis(fluorosulfonyl)imide	lithium bis ( fluorosulfonyl ) imide	15	0
C586246	Cimbi-36	cimbi - 36	8	0
C586265	GSK343	gsk343	22	0
C586365	BMN673	bmn673	10	0
C586365	Talzenna	talzenna	1	0
C586365	talazoparib	talazoparib	135	0
C586471	erythraline	erythraline	5	0
C586502	Teysuno	teysuno	2	0
C586502	tegafur-gimeracil-oteracil	tegafur - gimeracil - oteracil	8	0
C586519	endocem	endocem	13	0
C586521	Embrace WetBond	embrace wetbond	14	0
C586522	osteobiol	osteobiol	9	0
C586533	AZ31 alloy	az31 alloy	7	0
C586629	ATI-2341	ati - 2341	9	0
C586669	vilaprisan	vilaprisan	21	0
C586688	(Z)-3-hexenal	( z ) - 3 - hexenal	2	0
C586688	3-hexenal	3 - hexenal	9	0
C586690	rhosin	rhosin	5	0
C586691	duvelisib	duvelisib	34	0
C586719	AZD5582	azd5582	14	0
C586738	111In-DOTA	111in - dota	13	0
C586824	rebaudioside D	rebaudioside d	6	0
C586849	RG7388	rg7388	4	0
C586849	idasanutlin	idasanutlin	13	0
C586946	sulfilimine	sulfilimine	18	0
C587045	isobornyl acrylate	isobornyl acrylate	16	0
C587103	AMG 330	amg 330	5	0
C587178	SCH772984	sch772984	16	0
C587242	RelyX U200	relyx u200	26	0
C587464	3-methylimidazolium hexafluorophosphate	3 - methylimidazolium hexafluorophosphate	11	0
C587539	Omarigliptin	omarigliptin	11	0
C587575	AZD-1208	azd - 1208	3	0
C587575	AZD1208	azd1208	8	0
C587577	B355252	b355252	9	0
C587715	MJN110	mjn110	9	0
C587878	NOX-A12	nox - a12	11	0
C587878	spiegelmer NOX-A12	spiegelmer nox - a12	1	0
C588013	Nanoseal	nanoseal	6	0
C588038	Jinyinhua	jinyinhua	2	0
C588038	Lonicera japonica flower	lonicera japonica flower	1	0
C588038	lonicerae flos	lonicerae flos	10	0
C588089	xentuzumab	xentuzumab	7	0
C588090	GI-6207	gi - 6207	8	0
C588090	yeast-CEA vaccine	yeast - cea vaccine	1	0
C588130	BDCPP	bdcpp	26	0
C588336	AF38469	af38469	5	0
C588408	MGL-3196	mgl - 3196	4	0
C588408	Rezdiffra	rezdiffra	6	0
C588408	resmetirom	resmetirom	283	0
