edge_index,partition,seed,split_mode
6,train,11,node_disjoint
7,train,11,node_disjoint
8,train,11,node_disjoint
11,train,11,node_disjoint
15,train,11,node_disjoint
19,train,11,node_disjoint
22,train,11,node_disjoint
23,train,11,node_disjoint
24,train,11,node_disjoint
29,train,11,node_disjoint
33,train,11,node_disjoint
35,train,11,node_disjoint
36,train,11,node_disjoint
37,train,11,node_disjoint
39,train,11,node_disjoint
49,train,11,node_disjoint
50,train,11,node_disjoint
52,train,11,node_disjoint
53,train,11,node_disjoint
66,train,11,node_disjoint
67,train,11,node_disjoint
77,train,11,node_disjoint
78,train,11,node_disjoint
85,train,11,node_disjoint
88,train,11,node_disjoint
92,train,11,node_disjoint
94,train,11,node_disjoint
97,train,11,node_disjoint
100,train,11,node_disjoint
106,train,11,node_disjoint
107,train,11,node_disjoint
113,train,11,node_disjoint
117,train,11,node_disjoint
121,train,11,node_disjoint
122,train,11,node_disjoint
123,train,11,node_disjoint
126,train,11,node_disjoint
128,train,11,node_disjoint
129,train,11,node_disjoint
132,train,11,node_disjoint
135,train,11,node_disjoint
136,train,11,node_disjoint
142,train,11,node_disjoint
144,train,11,node_disjoint
146,train,11,node_disjoint
150,train,11,node_disjoint
155,train,11,node_disjoint
160,train,11,node_disjoint
162,train,11,node_disjoint
165,train,11,node_disjoint
167,train,11,node_disjoint
170,train,11,node_disjoint
174,train,11,node_disjoint
175,train,11,node_disjoint
183,train,11,node_disjoint
184,train,11,node_disjoint
187,train,11,node_disjoint
188,train,11,node_disjoint
189,train,11,node_disjoint
193,train,11,node_disjoint
194,train,11,node_disjoint
195,train,11,node_disjoint
196,train,11,node_disjoint
201,train,11,node_disjoint
203,train,11,node_disjoint
205,train,11,node_disjoint
209,train,11,node_disjoint
211,train,11,node_disjoint
219,train,11,node_disjoint
220,train,11,node_disjoint
224,train,11,node_disjoint
226,train,11,node_disjoint
228,train,11,node_disjoint
229,train,11,node_disjoint
233,train,11,node_disjoint
237,train,11,node_disjoint
238,train,11,node_disjoint
239,train,11,node_disjoint
240,train,11,node_disjoint
248,train,11,node_disjoint
253,train,11,node_disjoint
260,train,11,node_disjoint
262,train,11,node_disjoint
266,train,11,node_disjoint
267,train,11,node_disjoint
268,train,11,node_disjoint
270,train,11,node_disjoint
275,train,11,node_disjoint
277,train,11,node_disjoint
278,train,11,node_disjoint
281,train,11,node_disjoint
284,train,11,node_disjoint
296,train,11,node_disjoint
297,train,11,node_disjoint
304,train,11,node_disjoint
306,train,11,node_disjoint
312,train,11,node_disjoint
313,train,11,node_disjoint
316,train,11,node_disjoint
331,train,11,node_disjoint
333,train,11,node_disjoint
337,train,11,node_disjoint
338,train,11,node_disjoint
347,train,11,node_disjoint
350,train,11,node_disjoint
352,train,11,node_disjoint
357,train,11,node_disjoint
358,train,11,node_disjoint
359,train,11,node_disjoint
360,train,11,node_disjoint
361,train,11,node_disjoint
362,train,11,node_disjoint
363,train,11,node_disjoint
364,train,11,node_disjoint
370,train,11,node_disjoint
371,train,11,node_disjoint
373,train,11,node_disjoint
375,train,11,node_disjoint
378,train,11,node_disjoint
386,train,11,node_disjoint
387,train,11,node_disjoint
388,train,11,node_disjoint
389,train,11,node_disjoint
391,train,11,node_disjoint
395,train,11,node_disjoint
407,train,11,node_disjoint
412,train,11,node_disjoint
413,train,11,node_disjoint
416,train,11,node_disjoint
419,train,11,node_disjoint
420,train,11,node_disjoint
421,train,11,node_disjoint
422,train,11,node_disjoint
426,train,11,node_disjoint
429,train,11,node_disjoint
430,train,11,node_disjoint
432,train,11,node_disjoint
439,train,11,node_disjoint
445,train,11,node_disjoint
446,train,11,node_disjoint
447,train,11,node_disjoint
456,train,11,node_disjoint
461,train,11,node_disjoint
462,train,11,node_disjoint
470,train,11,node_disjoint
474,train,11,node_disjoint
477,train,11,node_disjoint
480,train,11,node_disjoint
488,train,11,node_disjoint
490,train,11,node_disjoint
495,train,11,node_disjoint
500,train,11,node_disjoint
501,train,11,node_disjoint
502,train,11,node_disjoint
507,train,11,node_disjoint
517,train,11,node_disjoint
522,train,11,node_disjoint
524,train,11,node_disjoint
526,train,11,node_disjoint
531,train,11,node_disjoint
533,train,11,node_disjoint
534,train,11,node_disjoint
535,train,11,node_disjoint
536,train,11,node_disjoint
546,train,11,node_disjoint
547,train,11,node_disjoint
548,train,11,node_disjoint
552,train,11,node_disjoint
554,train,11,node_disjoint
558,train,11,node_disjoint
3,test,11,node_disjoint
17,test,11,node_disjoint
21,test,11,node_disjoint
27,test,11,node_disjoint
28,test,11,node_disjoint
32,test,11,node_disjoint
34,test,11,node_disjoint
42,test,11,node_disjoint
45,test,11,node_disjoint
46,test,11,node_disjoint
55,test,11,node_disjoint
56,test,11,node_disjoint
57,test,11,node_disjoint
58,test,11,node_disjoint
59,test,11,node_disjoint
61,test,11,node_disjoint
63,test,11,node_disjoint
65,test,11,node_disjoint
74,test,11,node_disjoint
75,test,11,node_disjoint
76,test,11,node_disjoint
86,test,11,node_disjoint
91,test,11,node_disjoint
95,test,11,node_disjoint
96,test,11,node_disjoint
99,test,11,node_disjoint
103,test,11,node_disjoint
104,test,11,node_disjoint
110,test,11,node_disjoint
116,test,11,node_disjoint
120,test,11,node_disjoint
127,test,11,node_disjoint
143,test,11,node_disjoint
148,test,11,node_disjoint
152,test,11,node_disjoint
161,test,11,node_disjoint
168,test,11,node_disjoint
197,test,11,node_disjoint
216,test,11,node_disjoint
221,test,11,node_disjoint
235,test,11,node_disjoint
236,test,11,node_disjoint
247,test,11,node_disjoint
251,test,11,node_disjoint
254,test,11,node_disjoint
256,test,11,node_disjoint
258,test,11,node_disjoint
264,test,11,node_disjoint
269,test,11,node_disjoint
271,test,11,node_disjoint
286,test,11,node_disjoint
293,test,11,node_disjoint
311,test,11,node_disjoint
317,test,11,node_disjoint
318,test,11,node_disjoint
321,test,11,node_disjoint
322,test,11,node_disjoint
324,test,11,node_disjoint
325,test,11,node_disjoint
326,test,11,node_disjoint
329,test,11,node_disjoint
334,test,11,node_disjoint
335,test,11,node_disjoint
345,test,11,node_disjoint
349,test,11,node_disjoint
356,test,11,node_disjoint
366,test,11,node_disjoint
367,test,11,node_disjoint
376,test,11,node_disjoint
379,test,11,node_disjoint
394,test,11,node_disjoint
397,test,11,node_disjoint
398,test,11,node_disjoint
399,test,11,node_disjoint
408,test,11,node_disjoint
415,test,11,node_disjoint
417,test,11,node_disjoint
424,test,11,node_disjoint
433,test,11,node_disjoint
437,test,11,node_disjoint
443,test,11,node_disjoint
444,test,11,node_disjoint
453,test,11,node_disjoint
464,test,11,node_disjoint
472,test,11,node_disjoint
481,test,11,node_disjoint
486,test,11,node_disjoint
492,test,11,node_disjoint
493,test,11,node_disjoint
497,test,11,node_disjoint
498,test,11,node_disjoint
503,test,11,node_disjoint
504,test,11,node_disjoint
505,test,11,node_disjoint
506,test,11,node_disjoint
509,test,11,node_disjoint
510,test,11,node_disjoint
518,test,11,node_disjoint
519,test,11,node_disjoint
523,test,11,node_disjoint
537,test,11,node_disjoint
541,test,11,node_disjoint
543,test,11,node_disjoint
545,test,11,node_disjoint
549,test,11,node_disjoint
551,test,11,node_disjoint
556,test,11,node_disjoint
557,test,11,node_disjoint
559,test,11,node_disjoint
0,discarded,11,node_disjoint
1,discarded,11,node_disjoint
2,discarded,11,node_disjoint
4,discarded,11,node_disjoint
5,discarded,11,node_disjoint
9,discarded,11,node_disjoint
10,discarded,11,node_disjoint
12,discarded,11,node_disjoint
13,discarded,11,node_disjoint
14,discarded,11,node_disjoint
16,discarded,11,node_disjoint
18,discarded,11,node_disjoint
20,discarded,11,node_disjoint
25,discarded,11,node_disjoint
26,discarded,11,node_disjoint
30,discarded,11,node_disjoint
31,discarded,11,node_disjoint
38,discarded,11,node_disjoint
40,discarded,11,node_disjoint
41,discarded,11,node_disjoint
43,discarded,11,node_disjoint
44,discarded,11,node_disjoint
47,discarded,11,node_disjoint
48,discarded,11,node_disjoint
51,discarded,11,node_disjoint
54,discarded,11,node_disjoint
60,discarded,11,node_disjoint
62,discarded,11,node_disjoint
64,discarded,11,node_disjoint
68,discarded,11,node_disjoint
69,discarded,11,node_disjoint
70,discarded,11,node_disjoint
71,discarded,11,node_disjoint
72,discarded,11,node_disjoint
73,discarded,11,node_disjoint
79,discarded,11,node_disjoint
80,discarded,11,node_disjoint
81,discarded,11,node_disjoint
82,discarded,11,node_disjoint
83,discarded,11,node_disjoint
84,discarded,11,node_disjoint
87,discarded,11,node_disjoint
89,discarded,11,node_disjoint
90,discarded,11,node_disjoint
93,discarded,11,node_disjoint
98,discarded,11,node_disjoint
101,discarded,11,node_disjoint
102,discarded,11,node_disjoint
105,discarded,11,node_disjoint
108,discarded,11,node_disjoint
109,discarded,11,node_disjoint
111,discarded,11,node_disjoint
112,discarded,11,node_disjoint
114,discarded,11,node_disjoint
115,discarded,11,node_disjoint
118,discarded,11,node_disjoint
119,discarded,11,node_disjoint
124,discarded,11,node_disjoint
125,discarded,11,node_disjoint
130,discarded,11,node_disjoint
131,discarded,11,node_disjoint
133,discarded,11,node_disjoint
134,discarded,11,node_disjoint
137,discarded,11,node_disjoint
138,discarded,11,node_disjoint
139,discarded,11,node_disjoint
140,discarded,11,node_disjoint
141,discarded,11,node_disjoint
145,discarded,11,node_disjoint
147,discarded,11,node_disjoint
149,discarded,11,node_disjoint
151,discarded,11,node_disjoint
153,discarded,11,node_disjoint
154,discarded,11,node_disjoint
156,discarded,11,node_disjoint
157,discarded,11,node_disjoint
158,discarded,11,node_disjoint
159,discarded,11,node_disjoint
163,discarded,11,node_disjoint
164,discarded,11,node_disjoint
166,discarded,11,node_disjoint
169,discarded,11,node_disjoint
171,discarded,11,node_disjoint
172,discarded,11,node_disjoint
173,discarded,11,node_disjoint
176,discarded,11,node_disjoint
177,discarded,11,node_disjoint
178,discarded,11,node_disjoint
179,discarded,11,node_disjoint
180,discarded,11,node_disjoint
181,discarded,11,node_disjoint
182,discarded,11,node_disjoint
185,discarded,11,node_disjoint
186,discarded,11,node_disjoint
190,discarded,11,node_disjoint
191,discarded,11,node_disjoint
192,discarded,11,node_disjoint
198,discarded,11,node_disjoint
199,discarded,11,node_disjoint
200,discarded,11,node_disjoint
202,discarded,11,node_disjoint
204,discarded,11,node_disjoint
206,discarded,11,node_disjoint
207,discarded,11,node_disjoint
208,discarded,11,node_disjoint
210,discarded,11,node_disjoint
212,discarded,11,node_disjoint
213,discarded,11,node_disjoint
214,discarded,11,node_disjoint
215,discarded,11,node_disjoint
217,discarded,11,node_disjoint
218,discarded,11,node_disjoint
222,discarded,11,node_disjoint
223,discarded,11,node_disjoint
225,discarded,11,node_disjoint
227,discarded,11,node_disjoint
230,discarded,11,node_disjoint
231,discarded,11,node_disjoint
232,discarded,11,node_disjoint
234,discarded,11,node_disjoint
241,discarded,11,node_disjoint
242,discarded,11,node_disjoint
243,discarded,11,node_disjoint
244,discarded,11,node_disjoint
245,discarded,11,node_disjoint
246,discarded,11,node_disjoint
249,discarded,11,node_disjoint
250,discarded,11,node_disjoint
252,discarded,11,node_disjoint
255,discarded,11,node_disjoint
257,discarded,11,node_disjoint
259,discarded,11,node_disjoint
261,discarded,11,node_disjoint
263,discarded,11,node_disjoint
265,discarded,11,node_disjoint
272,discarded,11,node_disjoint
273,discarded,11,node_disjoint
274,discarded,11,node_disjoint
276,discarded,11,node_disjoint
279,discarded,11,node_disjoint
280,discarded,11,node_disjoint
282,discarded,11,node_disjoint
283,discarded,11,node_disjoint
285,discarded,11,node_disjoint
287,discarded,11,node_disjoint
288,discarded,11,node_disjoint
289,discarded,11,node_disjoint
290,discarded,11,node_disjoint
291,discarded,11,node_disjoint
292,discarded,11,node_disjoint
294,discarded,11,node_disjoint
295,discarded,11,node_disjoint
298,discarded,11,node_disjoint
299,discarded,11,node_disjoint
300,discarded,11,node_disjoint
301,discarded,11,node_disjoint
302,discarded,11,node_disjoint
303,discarded,11,node_disjoint
305,discarded,11,node_disjoint
307,discarded,11,node_disjoint
308,discarded,11,node_disjoint
309,discarded,11,node_disjoint
310,discarded,11,node_disjoint
314,discarded,11,node_disjoint
315,discarded,11,node_disjoint
319,discarded,11,node_disjoint
320,discarded,11,node_disjoint
323,discarded,11,node_disjoint
327,discarded,11,node_disjoint
328,discarded,11,node_disjoint
330,discarded,11,node_disjoint
332,discarded,11,node_disjoint
336,discarded,11,node_disjoint
339,discarded,11,node_disjoint
340,discarded,11,node_disjoint
341,discarded,11,node_disjoint
342,discarded,11,node_disjoint
343,discarded,11,node_disjoint
344,discarded,11,node_disjoint
346,discarded,11,node_disjoint
348,discarded,11,node_disjoint
351,discarded,11,node_disjoint
353,discarded,11,node_disjoint
354,discarded,11,node_disjoint
355,discarded,11,node_disjoint
365,discarded,11,node_disjoint
368,discarded,11,node_disjoint
369,discarded,11,node_disjoint
372,discarded,11,node_disjoint
374,discarded,11,node_disjoint
377,discarded,11,node_disjoint
380,discarded,11,node_disjoint
381,discarded,11,node_disjoint
382,discarded,11,node_disjoint
383,discarded,11,node_disjoint
384,discarded,11,node_disjoint
385,discarded,11,node_disjoint
390,discarded,11,node_disjoint
392,discarded,11,node_disjoint
393,discarded,11,node_disjoint
396,discarded,11,node_disjoint
400,discarded,11,node_disjoint
401,discarded,11,node_disjoint
402,discarded,11,node_disjoint
403,discarded,11,node_disjoint
404,discarded,11,node_disjoint
405,discarded,11,node_disjoint
406,discarded,11,node_disjoint
409,discarded,11,node_disjoint
410,discarded,11,node_disjoint
411,discarded,11,node_disjoint
414,discarded,11,node_disjoint
418,discarded,11,node_disjoint
423,discarded,11,node_disjoint
425,discarded,11,node_disjoint
427,discarded,11,node_disjoint
428,discarded,11,node_disjoint
431,discarded,11,node_disjoint
434,discarded,11,node_disjoint
435,discarded,11,node_disjoint
436,discarded,11,node_disjoint
438,discarded,11,node_disjoint
440,discarded,11,node_disjoint
441,discarded,11,node_disjoint
442,discarded,11,node_disjoint
448,discarded,11,node_disjoint
449,discarded,11,node_disjoint
450,discarded,11,node_disjoint
451,discarded,11,node_disjoint
452,discarded,11,node_disjoint
454,discarded,11,node_disjoint
455,discarded,11,node_disjoint
457,discarded,11,node_disjoint
458,discarded,11,node_disjoint
459,discarded,11,node_disjoint
460,discarded,11,node_disjoint
463,discarded,11,node_disjoint
465,discarded,11,node_disjoint
466,discarded,11,node_disjoint
467,discarded,11,node_disjoint
468,discarded,11,node_disjoint
469,discarded,11,node_disjoint
471,discarded,11,node_disjoint
473,discarded,11,node_disjoint
475,discarded,11,node_disjoint
476,discarded,11,node_disjoint
478,discarded,11,node_disjoint
479,discarded,11,node_disjoint
482,discarded,11,node_disjoint
483,discarded,11,node_disjoint
484,discarded,11,node_disjoint
485,discarded,11,node_disjoint
487,discarded,11,node_disjoint
489,discarded,11,node_disjoint
491,discarded,11,node_disjoint
494,discarded,11,node_disjoint
496,discarded,11,node_disjoint
499,discarded,11,node_disjoint
508,discarded,11,node_disjoint
511,discarded,11,node_disjoint
512,discarded,11,node_disjoint
513,discarded,11,node_disjoint
514,discarded,11,node_disjoint
515,discarded,11,node_disjoint
516,discarded,11,node_disjoint
520,discarded,11,node_disjoint
521,discarded,11,node_disjoint
525,discarded,11,node_disjoint
527,discarded,11,node_disjoint
528,discarded,11,node_disjoint
529,discarded,11,node_disjoint
530,discarded,11,node_disjoint
532,discarded,11,node_disjoint
538,discarded,11,node_disjoint
539,discarded,11,node_disjoint
540,discarded,11,node_disjoint
542,discarded,11,node_disjoint
544,discarded,11,node_disjoint
550,discarded,11,node_disjoint
553,discarded,11,node_disjoint
555,discarded,11,node_disjoint
0,train,11,token_disjoint
5,train,11,token_disjoint
7,train,11,token_disjoint
11,train,11,token_disjoint
20,train,11,token_disjoint
24,train,11,token_disjoint
29,train,11,token_disjoint
31,train,11,token_disjoint
32,train,11,token_disjoint
37,train,11,token_disjoint
40,train,11,token_disjoint
49,train,11,token_disjoint
58,train,11,token_disjoint
62,train,11,token_disjoint
64,train,11,token_disjoint
65,train,11,token_disjoint
67,train,11,token_disjoint
80,train,11,token_disjoint
83,train,11,token_disjoint
85,train,11,token_disjoint
87,train,11,token_disjoint
88,train,11,token_disjoint
92,train,11,token_disjoint
94,train,11,token_disjoint
96,train,11,token_disjoint
97,train,11,token_disjoint
101,train,11,token_disjoint
102,train,11,token_disjoint
108,train,11,token_disjoint
109,train,11,token_disjoint
110,train,11,token_disjoint
111,train,11,token_disjoint
119,train,11,token_disjoint
120,train,11,token_disjoint
121,train,11,token_disjoint
122,train,11,token_disjoint
123,train,11,token_disjoint
129,train,11,token_disjoint
130,train,11,token_disjoint
133,train,11,token_disjoint
134,train,11,token_disjoint
144,train,11,token_disjoint
149,train,11,token_disjoint
152,train,11,token_disjoint
155,train,11,token_disjoint
162,train,11,token_disjoint
165,train,11,token_disjoint
167,train,11,token_disjoint
172,train,11,token_disjoint
175,train,11,token_disjoint
176,train,11,token_disjoint
180,train,11,token_disjoint
189,train,11,token_disjoint
194,train,11,token_disjoint
203,train,11,token_disjoint
207,train,11,token_disjoint
211,train,11,token_disjoint
212,train,11,token_disjoint
215,train,11,token_disjoint
216,train,11,token_disjoint
217,train,11,token_disjoint
221,train,11,token_disjoint
224,train,11,token_disjoint
226,train,11,token_disjoint
229,train,11,token_disjoint
231,train,11,token_disjoint
233,train,11,token_disjoint
240,train,11,token_disjoint
241,train,11,token_disjoint
242,train,11,token_disjoint
243,train,11,token_disjoint
246,train,11,token_disjoint
249,train,11,token_disjoint
250,train,11,token_disjoint
251,train,11,token_disjoint
252,train,11,token_disjoint
255,train,11,token_disjoint
256,train,11,token_disjoint
257,train,11,token_disjoint
259,train,11,token_disjoint
266,train,11,token_disjoint
267,train,11,token_disjoint
271,train,11,token_disjoint
272,train,11,token_disjoint
274,train,11,token_disjoint
276,train,11,token_disjoint
278,train,11,token_disjoint
279,train,11,token_disjoint
281,train,11,token_disjoint
284,train,11,token_disjoint
287,train,11,token_disjoint
288,train,11,token_disjoint
290,train,11,token_disjoint
296,train,11,token_disjoint
297,train,11,token_disjoint
298,train,11,token_disjoint
299,train,11,token_disjoint
301,train,11,token_disjoint
308,train,11,token_disjoint
309,train,11,token_disjoint
310,train,11,token_disjoint
313,train,11,token_disjoint
316,train,11,token_disjoint
319,train,11,token_disjoint
320,train,11,token_disjoint
321,train,11,token_disjoint
324,train,11,token_disjoint
326,train,11,token_disjoint
327,train,11,token_disjoint
328,train,11,token_disjoint
335,train,11,token_disjoint
338,train,11,token_disjoint
340,train,11,token_disjoint
342,train,11,token_disjoint
347,train,11,token_disjoint
349,train,11,token_disjoint
356,train,11,token_disjoint
357,train,11,token_disjoint
359,train,11,token_disjoint
361,train,11,token_disjoint
367,train,11,token_disjoint
371,train,11,token_disjoint
372,train,11,token_disjoint
374,train,11,token_disjoint
378,train,11,token_disjoint
381,train,11,token_disjoint
384,train,11,token_disjoint
387,train,11,token_disjoint
388,train,11,token_disjoint
390,train,11,token_disjoint
393,train,11,token_disjoint
397,train,11,token_disjoint
399,train,11,token_disjoint
401,train,11,token_disjoint
402,train,11,token_disjoint
403,train,11,token_disjoint
404,train,11,token_disjoint
411,train,11,token_disjoint
415,train,11,token_disjoint
417,train,11,token_disjoint
424,train,11,token_disjoint
425,train,11,token_disjoint
426,train,11,token_disjoint
430,train,11,token_disjoint
436,train,11,token_disjoint
437,train,11,token_disjoint
439,train,11,token_disjoint
442,train,11,token_disjoint
452,train,11,token_disjoint
455,train,11,token_disjoint
456,train,11,token_disjoint
461,train,11,token_disjoint
463,train,11,token_disjoint
466,train,11,token_disjoint
467,train,11,token_disjoint
470,train,11,token_disjoint
472,train,11,token_disjoint
477,train,11,token_disjoint
478,train,11,token_disjoint
483,train,11,token_disjoint
491,train,11,token_disjoint
496,train,11,token_disjoint
501,train,11,token_disjoint
502,train,11,token_disjoint
504,train,11,token_disjoint
506,train,11,token_disjoint
508,train,11,token_disjoint
511,train,11,token_disjoint
519,train,11,token_disjoint
521,train,11,token_disjoint
525,train,11,token_disjoint
527,train,11,token_disjoint
533,train,11,token_disjoint
535,train,11,token_disjoint
538,train,11,token_disjoint
540,train,11,token_disjoint
548,train,11,token_disjoint
549,train,11,token_disjoint
552,train,11,token_disjoint
558,train,11,token_disjoint
2,test,11,token_disjoint
3,test,11,token_disjoint
14,test,11,token_disjoint
17,test,11,token_disjoint
18,test,11,token_disjoint
22,test,11,token_disjoint
25,test,11,token_disjoint
27,test,11,token_disjoint
33,test,11,token_disjoint
34,test,11,token_disjoint
41,test,11,token_disjoint
43,test,11,token_disjoint
53,test,11,token_disjoint
56,test,11,token_disjoint
60,test,11,token_disjoint
78,test,11,token_disjoint
86,test,11,token_disjoint
89,test,11,token_disjoint
90,test,11,token_disjoint
98,test,11,token_disjoint
103,test,11,token_disjoint
107,test,11,token_disjoint
112,test,11,token_disjoint
113,test,11,token_disjoint
115,test,11,token_disjoint
118,test,11,token_disjoint
127,test,11,token_disjoint
128,test,11,token_disjoint
140,test,11,token_disjoint
141,test,11,token_disjoint
151,test,11,token_disjoint
157,test,11,token_disjoint
161,test,11,token_disjoint
164,test,11,token_disjoint
171,test,11,token_disjoint
173,test,11,token_disjoint
174,test,11,token_disjoint
177,test,11,token_disjoint
178,test,11,token_disjoint
181,test,11,token_disjoint
182,test,11,token_disjoint
186,test,11,token_disjoint
187,test,11,token_disjoint
188,test,11,token_disjoint
198,test,11,token_disjoint
200,test,11,token_disjoint
206,test,11,token_disjoint
210,test,11,token_disjoint
218,test,11,token_disjoint
219,test,11,token_disjoint
227,test,11,token_disjoint
230,test,11,token_disjoint
232,test,11,token_disjoint
237,test,11,token_disjoint
238,test,11,token_disjoint
247,test,11,token_disjoint
248,test,11,token_disjoint
253,test,11,token_disjoint
254,test,11,token_disjoint
258,test,11,token_disjoint
270,test,11,token_disjoint
275,test,11,token_disjoint
277,test,11,token_disjoint
280,test,11,token_disjoint
283,test,11,token_disjoint
285,test,11,token_disjoint
292,test,11,token_disjoint
293,test,11,token_disjoint
300,test,11,token_disjoint
302,test,11,token_disjoint
306,test,11,token_disjoint
307,test,11,token_disjoint
314,test,11,token_disjoint
317,test,11,token_disjoint
323,test,11,token_disjoint
325,test,11,token_disjoint
329,test,11,token_disjoint
330,test,11,token_disjoint
331,test,11,token_disjoint
339,test,11,token_disjoint
343,test,11,token_disjoint
360,test,11,token_disjoint
362,test,11,token_disjoint
364,test,11,token_disjoint
368,test,11,token_disjoint
375,test,11,token_disjoint
376,test,11,token_disjoint
386,test,11,token_disjoint
389,test,11,token_disjoint
407,test,11,token_disjoint
408,test,11,token_disjoint
410,test,11,token_disjoint
413,test,11,token_disjoint
414,test,11,token_disjoint
416,test,11,token_disjoint
421,test,11,token_disjoint
423,test,11,token_disjoint
427,test,11,token_disjoint
435,test,11,token_disjoint
444,test,11,token_disjoint
448,test,11,token_disjoint
449,test,11,token_disjoint
454,test,11,token_disjoint
459,test,11,token_disjoint
465,test,11,token_disjoint
469,test,11,token_disjoint
473,test,11,token_disjoint
476,test,11,token_disjoint
481,test,11,token_disjoint
485,test,11,token_disjoint
488,test,11,token_disjoint
489,test,11,token_disjoint
494,test,11,token_disjoint
497,test,11,token_disjoint
512,test,11,token_disjoint
516,test,11,token_disjoint
518,test,11,token_disjoint
520,test,11,token_disjoint
523,test,11,token_disjoint
530,test,11,token_disjoint
537,test,11,token_disjoint
547,test,11,token_disjoint
550,test,11,token_disjoint
554,test,11,token_disjoint
559,test,11,token_disjoint
1,discarded,11,token_disjoint
4,discarded,11,token_disjoint
6,discarded,11,token_disjoint
8,discarded,11,token_disjoint
9,discarded,11,token_disjoint
10,discarded,11,token_disjoint
12,discarded,11,token_disjoint
13,discarded,11,token_disjoint
15,discarded,11,token_disjoint
16,discarded,11,token_disjoint
19,discarded,11,token_disjoint
21,discarded,11,token_disjoint
23,discarded,11,token_disjoint
26,discarded,11,token_disjoint
28,discarded,11,token_disjoint
30,discarded,11,token_disjoint
35,discarded,11,token_disjoint
36,discarded,11,token_disjoint
38,discarded,11,token_disjoint
39,discarded,11,token_disjoint
42,discarded,11,token_disjoint
44,discarded,11,token_disjoint
45,discarded,11,token_disjoint
46,discarded,11,token_disjoint
47,discarded,11,token_disjoint
48,discarded,11,token_disjoint
50,discarded,11,token_disjoint
51,discarded,11,token_disjoint
52,discarded,11,token_disjoint
54,discarded,11,token_disjoint
55,discarded,11,token_disjoint
57,discarded,11,token_disjoint
59,discarded,11,token_disjoint
61,discarded,11,token_disjoint
63,discarded,11,token_disjoint
66,discarded,11,token_disjoint
68,discarded,11,token_disjoint
69,discarded,11,token_disjoint
70,discarded,11,token_disjoint
71,discarded,11,token_disjoint
72,discarded,11,token_disjoint
73,discarded,11,token_disjoint
74,discarded,11,token_disjoint
75,discarded,11,token_disjoint
76,discarded,11,token_disjoint
77,discarded,11,token_disjoint
79,discarded,11,token_disjoint
81,discarded,11,token_disjoint
82,discarded,11,token_disjoint
84,discarded,11,token_disjoint
91,discarded,11,token_disjoint
93,discarded,11,token_disjoint
95,discarded,11,token_disjoint
99,discarded,11,token_disjoint
100,discarded,11,token_disjoint
104,discarded,11,token_disjoint
105,discarded,11,token_disjoint
106,discarded,11,token_disjoint
114,discarded,11,token_disjoint
116,discarded,11,token_disjoint
117,discarded,11,token_disjoint
124,discarded,11,token_disjoint
125,discarded,11,token_disjoint
126,discarded,11,token_disjoint
131,discarded,11,token_disjoint
132,discarded,11,token_disjoint
135,discarded,11,token_disjoint
136,discarded,11,token_disjoint
137,discarded,11,token_disjoint
138,discarded,11,token_disjoint
139,discarded,11,token_disjoint
142,discarded,11,token_disjoint
143,discarded,11,token_disjoint
145,discarded,11,token_disjoint
146,discarded,11,token_disjoint
147,discarded,11,token_disjoint
148,discarded,11,token_disjoint
150,discarded,11,token_disjoint
153,discarded,11,token_disjoint
154,discarded,11,token_disjoint
156,discarded,11,token_disjoint
158,discarded,11,token_disjoint
159,discarded,11,token_disjoint
160,discarded,11,token_disjoint
163,discarded,11,token_disjoint
166,discarded,11,token_disjoint
168,discarded,11,token_disjoint
169,discarded,11,token_disjoint
170,discarded,11,token_disjoint
179,discarded,11,token_disjoint
183,discarded,11,token_disjoint
184,discarded,11,token_disjoint
185,discarded,11,token_disjoint
190,discarded,11,token_disjoint
191,discarded,11,token_disjoint
192,discarded,11,token_disjoint
193,discarded,11,token_disjoint
195,discarded,11,token_disjoint
196,discarded,11,token_disjoint
197,discarded,11,token_disjoint
199,discarded,11,token_disjoint
201,discarded,11,token_disjoint
202,discarded,11,token_disjoint
204,discarded,11,token_disjoint
205,discarded,11,token_disjoint
208,discarded,11,token_disjoint
209,discarded,11,token_disjoint
213,discarded,11,token_disjoint
214,discarded,11,token_disjoint
220,discarded,11,token_disjoint
222,discarded,11,token_disjoint
223,discarded,11,token_disjoint
225,discarded,11,token_disjoint
228,discarded,11,token_disjoint
234,discarded,11,token_disjoint
235,discarded,11,token_disjoint
236,discarded,11,token_disjoint
239,discarded,11,token_disjoint
244,discarded,11,token_disjoint
245,discarded,11,token_disjoint
260,discarded,11,token_disjoint
261,discarded,11,token_disjoint
262,discarded,11,token_disjoint
263,discarded,11,token_disjoint
264,discarded,11,token_disjoint
265,discarded,11,token_disjoint
268,discarded,11,token_disjoint
269,discarded,11,token_disjoint
273,discarded,11,token_disjoint
282,discarded,11,token_disjoint
286,discarded,11,token_disjoint
289,discarded,11,token_disjoint
291,discarded,11,token_disjoint
294,discarded,11,token_disjoint
295,discarded,11,token_disjoint
303,discarded,11,token_disjoint
304,discarded,11,token_disjoint
305,discarded,11,token_disjoint
311,discarded,11,token_disjoint
312,discarded,11,token_disjoint
315,discarded,11,token_disjoint
318,discarded,11,token_disjoint
322,discarded,11,token_disjoint
332,discarded,11,token_disjoint
333,discarded,11,token_disjoint
334,discarded,11,token_disjoint
336,discarded,11,token_disjoint
337,discarded,11,token_disjoint
341,discarded,11,token_disjoint
344,discarded,11,token_disjoint
345,discarded,11,token_disjoint
346,discarded,11,token_disjoint
348,discarded,11,token_disjoint
350,discarded,11,token_disjoint
351,discarded,11,token_disjoint
352,discarded,11,token_disjoint
353,discarded,11,token_disjoint
354,discarded,11,token_disjoint
355,discarded,11,token_disjoint
358,discarded,11,token_disjoint
363,discarded,11,token_disjoint
365,discarded,11,token_disjoint
366,discarded,11,token_disjoint
369,discarded,11,token_disjoint
370,discarded,11,token_disjoint
373,discarded,11,token_disjoint
377,discarded,11,token_disjoint
379,discarded,11,token_disjoint
380,discarded,11,token_disjoint
382,discarded,11,token_disjoint
383,discarded,11,token_disjoint
385,discarded,11,token_disjoint
391,discarded,11,token_disjoint
392,discarded,11,token_disjoint
394,discarded,11,token_disjoint
395,discarded,11,token_disjoint
396,discarded,11,token_disjoint
398,discarded,11,token_disjoint
400,discarded,11,token_disjoint
405,discarded,11,token_disjoint
406,discarded,11,token_disjoint
409,discarded,11,token_disjoint
412,discarded,11,token_disjoint
418,discarded,11,token_disjoint
419,discarded,11,token_disjoint
420,discarded,11,token_disjoint
422,discarded,11,token_disjoint
428,discarded,11,token_disjoint
429,discarded,11,token_disjoint
431,discarded,11,token_disjoint
432,discarded,11,token_disjoint
433,discarded,11,token_disjoint
434,discarded,11,token_disjoint
438,discarded,11,token_disjoint
440,discarded,11,token_disjoint
441,discarded,11,token_disjoint
443,discarded,11,token_disjoint
445,discarded,11,token_disjoint
446,discarded,11,token_disjoint
447,discarded,11,token_disjoint
450,discarded,11,token_disjoint
451,discarded,11,token_disjoint
453,discarded,11,token_disjoint
457,discarded,11,token_disjoint
458,discarded,11,token_disjoint
460,discarded,11,token_disjoint
462,discarded,11,token_disjoint
464,discarded,11,token_disjoint
468,discarded,11,token_disjoint
471,discarded,11,token_disjoint
474,discarded,11,token_disjoint
475,discarded,11,token_disjoint
479,discarded,11,token_disjoint
480,discarded,11,token_disjoint
482,discarded,11,token_disjoint
484,discarded,11,token_disjoint
486,discarded,11,token_disjoint
487,discarded,11,token_disjoint
490,discarded,11,token_disjoint
492,discarded,11,token_disjoint
493,discarded,11,token_disjoint
495,discarded,11,token_disjoint
498,discarded,11,token_disjoint
499,discarded,11,token_disjoint
500,discarded,11,token_disjoint
503,discarded,11,token_disjoint
505,discarded,11,token_disjoint
507,discarded,11,token_disjoint
509,discarded,11,token_disjoint
510,discarded,11,token_disjoint
513,discarded,11,token_disjoint
514,discarded,11,token_disjoint
515,discarded,11,token_disjoint
517,discarded,11,token_disjoint
522,discarded,11,token_disjoint
524,discarded,11,token_disjoint
526,discarded,11,token_disjoint
528,discarded,11,token_disjoint
529,discarded,11,token_disjoint
531,discarded,11,token_disjoint
532,discarded,11,token_disjoint
534,discarded,11,token_disjoint
536,discarded,11,token_disjoint
539,discarded,11,token_disjoint
541,discarded,11,token_disjoint
542,discarded,11,token_disjoint
543,discarded,11,token_disjoint
544,discarded,11,token_disjoint
545,discarded,11,token_disjoint
546,discarded,11,token_disjoint
551,discarded,11,token_disjoint
553,discarded,11,token_disjoint
555,discarded,11,token_disjoint
556,discarded,11,token_disjoint
557,discarded,11,token_disjoint
0,train,11,edge_disjoint
1,train,11,edge_disjoint
2,train,11,edge_disjoint
3,train,11,edge_disjoint
7,train,11,edge_disjoint
8,train,11,edge_disjoint
9,train,11,edge_disjoint
10,train,11,edge_disjoint
11,train,11,edge_disjoint
12,train,11,edge_disjoint
13,train,11,edge_disjoint
15,train,11,edge_disjoint
16,train,11,edge_disjoint
19,train,11,edge_disjoint
20,train,11,edge_disjoint
21,train,11,edge_disjoint
22,train,11,edge_disjoint
23,train,11,edge_disjoint
25,train,11,edge_disjoint
26,train,11,edge_disjoint
29,train,11,edge_disjoint
32,train,11,edge_disjoint
33,train,11,edge_disjoint
37,train,11,edge_disjoint
38,train,11,edge_disjoint
39,train,11,edge_disjoint
40,train,11,edge_disjoint
41,train,11,edge_disjoint
42,train,11,edge_disjoint
43,train,11,edge_disjoint
44,train,11,edge_disjoint
45,train,11,edge_disjoint
46,train,11,edge_disjoint
47,train,11,edge_disjoint
48,train,11,edge_disjoint
49,train,11,edge_disjoint
50,train,11,edge_disjoint
51,train,11,edge_disjoint
53,train,11,edge_disjoint
54,train,11,edge_disjoint
55,train,11,edge_disjoint
58,train,11,edge_disjoint
59,train,11,edge_disjoint
61,train,11,edge_disjoint
62,train,11,edge_disjoint
63,train,11,edge_disjoint
64,train,11,edge_disjoint
66,train,11,edge_disjoint
67,train,11,edge_disjoint
68,train,11,edge_disjoint
69,train,11,edge_disjoint
70,train,11,edge_disjoint
72,train,11,edge_disjoint
73,train,11,edge_disjoint
74,train,11,edge_disjoint
75,train,11,edge_disjoint
76,train,11,edge_disjoint
77,train,11,edge_disjoint
78,train,11,edge_disjoint
79,train,11,edge_disjoint
80,train,11,edge_disjoint
82,train,11,edge_disjoint
84,train,11,edge_disjoint
85,train,11,edge_disjoint
86,train,11,edge_disjoint
88,train,11,edge_disjoint
89,train,11,edge_disjoint
90,train,11,edge_disjoint
92,train,11,edge_disjoint
93,train,11,edge_disjoint
94,train,11,edge_disjoint
95,train,11,edge_disjoint
96,train,11,edge_disjoint
97,train,11,edge_disjoint
98,train,11,edge_disjoint
99,train,11,edge_disjoint
100,train,11,edge_disjoint
101,train,11,edge_disjoint
102,train,11,edge_disjoint
103,train,11,edge_disjoint
104,train,11,edge_disjoint
106,train,11,edge_disjoint
107,train,11,edge_disjoint
108,train,11,edge_disjoint
110,train,11,edge_disjoint
111,train,11,edge_disjoint
112,train,11,edge_disjoint
113,train,11,edge_disjoint
114,train,11,edge_disjoint
115,train,11,edge_disjoint
116,train,11,edge_disjoint
117,train,11,edge_disjoint
118,train,11,edge_disjoint
120,train,11,edge_disjoint
121,train,11,edge_disjoint
122,train,11,edge_disjoint
125,train,11,edge_disjoint
126,train,11,edge_disjoint
127,train,11,edge_disjoint
128,train,11,edge_disjoint
129,train,11,edge_disjoint
130,train,11,edge_disjoint
131,train,11,edge_disjoint
132,train,11,edge_disjoint
133,train,11,edge_disjoint
134,train,11,edge_disjoint
135,train,11,edge_disjoint
138,train,11,edge_disjoint
139,train,11,edge_disjoint
140,train,11,edge_disjoint
141,train,11,edge_disjoint
142,train,11,edge_disjoint
143,train,11,edge_disjoint
144,train,11,edge_disjoint
145,train,11,edge_disjoint
147,train,11,edge_disjoint
148,train,11,edge_disjoint
150,train,11,edge_disjoint
151,train,11,edge_disjoint
152,train,11,edge_disjoint
153,train,11,edge_disjoint
154,train,11,edge_disjoint
155,train,11,edge_disjoint
156,train,11,edge_disjoint
157,train,11,edge_disjoint
158,train,11,edge_disjoint
160,train,11,edge_disjoint
161,train,11,edge_disjoint
162,train,11,edge_disjoint
163,train,11,edge_disjoint
164,train,11,edge_disjoint
165,train,11,edge_disjoint
166,train,11,edge_disjoint
167,train,11,edge_disjoint
169,train,11,edge_disjoint
170,train,11,edge_disjoint
171,train,11,edge_disjoint
172,train,11,edge_disjoint
173,train,11,edge_disjoint
174,train,11,edge_disjoint
175,train,11,edge_disjoint
176,train,11,edge_disjoint
177,train,11,edge_disjoint
178,train,11,edge_disjoint
180,train,11,edge_disjoint
181,train,11,edge_disjoint
183,train,11,edge_disjoint
185,train,11,edge_disjoint
187,train,11,edge_disjoint
189,train,11,edge_disjoint
190,train,11,edge_disjoint
191,train,11,edge_disjoint
192,train,11,edge_disjoint
193,train,11,edge_disjoint
195,train,11,edge_disjoint
196,train,11,edge_disjoint
197,train,11,edge_disjoint
198,train,11,edge_disjoint
199,train,11,edge_disjoint
200,train,11,edge_disjoint
201,train,11,edge_disjoint
202,train,11,edge_disjoint
203,train,11,edge_disjoint
204,train,11,edge_disjoint
205,train,11,edge_disjoint
207,train,11,edge_disjoint
209,train,11,edge_disjoint
210,train,11,edge_disjoint
211,train,11,edge_disjoint
212,train,11,edge_disjoint
213,train,11,edge_disjoint
214,train,11,edge_disjoint
215,train,11,edge_disjoint
218,train,11,edge_disjoint
219,train,11,edge_disjoint
220,train,11,edge_disjoint
221,train,11,edge_disjoint
222,train,11,edge_disjoint
223,train,11,edge_disjoint
224,train,11,edge_disjoint
225,train,11,edge_disjoint
226,train,11,edge_disjoint
227,train,11,edge_disjoint
229,train,11,edge_disjoint
230,train,11,edge_disjoint
232,train,11,edge_disjoint
233,train,11,edge_disjoint
234,train,11,edge_disjoint
237,train,11,edge_disjoint
238,train,11,edge_disjoint
239,train,11,edge_disjoint
240,train,11,edge_disjoint
241,train,11,edge_disjoint
242,train,11,edge_disjoint
243,train,11,edge_disjoint
244,train,11,edge_disjoint
246,train,11,edge_disjoint
247,train,11,edge_disjoint
248,train,11,edge_disjoint
249,train,11,edge_disjoint
250,train,11,edge_disjoint
251,train,11,edge_disjoint
252,train,11,edge_disjoint
253,train,11,edge_disjoint
254,train,11,edge_disjoint
255,train,11,edge_disjoint
256,train,11,edge_disjoint
257,train,11,edge_disjoint
260,train,11,edge_disjoint
261,train,11,edge_disjoint
262,train,11,edge_disjoint
264,train,11,edge_disjoint
265,train,11,edge_disjoint
266,train,11,edge_disjoint
267,train,11,edge_disjoint
268,train,11,edge_disjoint
269,train,11,edge_disjoint
271,train,11,edge_disjoint
273,train,11,edge_disjoint
274,train,11,edge_disjoint
275,train,11,edge_disjoint
276,train,11,edge_disjoint
277,train,11,edge_disjoint
278,train,11,edge_disjoint
280,train,11,edge_disjoint
283,train,11,edge_disjoint
284,train,11,edge_disjoint
285,train,11,edge_disjoint
286,train,11,edge_disjoint
287,train,11,edge_disjoint
288,train,11,edge_disjoint
289,train,11,edge_disjoint
291,train,11,edge_disjoint
292,train,11,edge_disjoint
294,train,11,edge_disjoint
295,train,11,edge_disjoint
296,train,11,edge_disjoint
297,train,11,edge_disjoint
298,train,11,edge_disjoint
299,train,11,edge_disjoint
300,train,11,edge_disjoint
301,train,11,edge_disjoint
302,train,11,edge_disjoint
303,train,11,edge_disjoint
304,train,11,edge_disjoint
305,train,11,edge_disjoint
306,train,11,edge_disjoint
307,train,11,edge_disjoint
308,train,11,edge_disjoint
309,train,11,edge_disjoint
310,train,11,edge_disjoint
311,train,11,edge_disjoint
312,train,11,edge_disjoint
313,train,11,edge_disjoint
314,train,11,edge_disjoint
316,train,11,edge_disjoint
317,train,11,edge_disjoint
318,train,11,edge_disjoint
319,train,11,edge_disjoint
320,train,11,edge_disjoint
321,train,11,edge_disjoint
322,train,11,edge_disjoint
323,train,11,edge_disjoint
324,train,11,edge_disjoint
327,train,11,edge_disjoint
328,train,11,edge_disjoint
329,train,11,edge_disjoint
330,train,11,edge_disjoint
333,train,11,edge_disjoint
334,train,11,edge_disjoint
335,train,11,edge_disjoint
336,train,11,edge_disjoint
337,train,11,edge_disjoint
338,train,11,edge_disjoint
340,train,11,edge_disjoint
341,train,11,edge_disjoint
343,train,11,edge_disjoint
344,train,11,edge_disjoint
345,train,11,edge_disjoint
346,train,11,edge_disjoint
347,train,11,edge_disjoint
348,train,11,edge_disjoint
349,train,11,edge_disjoint
350,train,11,edge_disjoint
351,train,11,edge_disjoint
353,train,11,edge_disjoint
356,train,11,edge_disjoint
357,train,11,edge_disjoint
358,train,11,edge_disjoint
359,train,11,edge_disjoint
360,train,11,edge_disjoint
364,train,11,edge_disjoint
365,train,11,edge_disjoint
366,train,11,edge_disjoint
367,train,11,edge_disjoint
369,train,11,edge_disjoint
370,train,11,edge_disjoint
371,train,11,edge_disjoint
372,train,11,edge_disjoint
373,train,11,edge_disjoint
374,train,11,edge_disjoint
375,train,11,edge_disjoint
376,train,11,edge_disjoint
377,train,11,edge_disjoint
379,train,11,edge_disjoint
380,train,11,edge_disjoint
381,train,11,edge_disjoint
382,train,11,edge_disjoint
383,train,11,edge_disjoint
386,train,11,edge_disjoint
387,train,11,edge_disjoint
388,train,11,edge_disjoint
389,train,11,edge_disjoint
390,train,11,edge_disjoint
391,train,11,edge_disjoint
393,train,11,edge_disjoint
394,train,11,edge_disjoint
395,train,11,edge_disjoint
396,train,11,edge_disjoint
397,train,11,edge_disjoint
400,train,11,edge_disjoint
402,train,11,edge_disjoint
403,train,11,edge_disjoint
404,train,11,edge_disjoint
405,train,11,edge_disjoint
406,train,11,edge_disjoint
407,train,11,edge_disjoint
408,train,11,edge_disjoint
409,train,11,edge_disjoint
410,train,11,edge_disjoint
411,train,11,edge_disjoint
412,train,11,edge_disjoint
413,train,11,edge_disjoint
414,train,11,edge_disjoint
416,train,11,edge_disjoint
417,train,11,edge_disjoint
419,train,11,edge_disjoint
421,train,11,edge_disjoint
423,train,11,edge_disjoint
425,train,11,edge_disjoint
426,train,11,edge_disjoint
427,train,11,edge_disjoint
430,train,11,edge_disjoint
432,train,11,edge_disjoint
433,train,11,edge_disjoint
436,train,11,edge_disjoint
437,train,11,edge_disjoint
438,train,11,edge_disjoint
439,train,11,edge_disjoint
441,train,11,edge_disjoint
442,train,11,edge_disjoint
443,train,11,edge_disjoint
444,train,11,edge_disjoint
445,train,11,edge_disjoint
446,train,11,edge_disjoint
447,train,11,edge_disjoint
448,train,11,edge_disjoint
449,train,11,edge_disjoint
450,train,11,edge_disjoint
451,train,11,edge_disjoint
452,train,11,edge_disjoint
453,train,11,edge_disjoint
454,train,11,edge_disjoint
455,train,11,edge_disjoint
456,train,11,edge_disjoint
457,train,11,edge_disjoint
458,train,11,edge_disjoint
459,train,11,edge_disjoint
460,train,11,edge_disjoint
461,train,11,edge_disjoint
462,train,11,edge_disjoint
463,train,11,edge_disjoint
464,train,11,edge_disjoint
466,train,11,edge_disjoint
468,train,11,edge_disjoint
470,train,11,edge_disjoint
471,train,11,edge_disjoint
472,train,11,edge_disjoint
473,train,11,edge_disjoint
474,train,11,edge_disjoint
476,train,11,edge_disjoint
477,train,11,edge_disjoint
478,train,11,edge_disjoint
479,train,11,edge_disjoint
480,train,11,edge_disjoint
481,train,11,edge_disjoint
482,train,11,edge_disjoint
483,train,11,edge_disjoint
485,train,11,edge_disjoint
486,train,11,edge_disjoint
487,train,11,edge_disjoint
489,train,11,edge_disjoint
491,train,11,edge_disjoint
492,train,11,edge_disjoint
493,train,11,edge_disjoint
494,train,11,edge_disjoint
495,train,11,edge_disjoint
496,train,11,edge_disjoint
497,train,11,edge_disjoint
499,train,11,edge_disjoint
500,train,11,edge_disjoint
501,train,11,edge_disjoint
502,train,11,edge_disjoint
503,train,11,edge_disjoint
504,train,11,edge_disjoint
506,train,11,edge_disjoint
507,train,11,edge_disjoint
508,train,11,edge_disjoint
509,train,11,edge_disjoint
510,train,11,edge_disjoint
511,train,11,edge_disjoint
512,train,11,edge_disjoint
513,train,11,edge_disjoint
515,train,11,edge_disjoint
517,train,11,edge_disjoint
518,train,11,edge_disjoint
519,train,11,edge_disjoint
520,train,11,edge_disjoint
521,train,11,edge_disjoint
522,train,11,edge_disjoint
523,train,11,edge_disjoint
525,train,11,edge_disjoint
526,train,11,edge_disjoint
527,train,11,edge_disjoint
530,train,11,edge_disjoint
532,train,11,edge_disjoint
533,train,11,edge_disjoint
536,train,11,edge_disjoint
537,train,11,edge_disjoint
539,train,11,edge_disjoint
540,train,11,edge_disjoint
541,train,11,edge_disjoint
542,train,11,edge_disjoint
544,train,11,edge_disjoint
545,train,11,edge_disjoint
546,train,11,edge_disjoint
547,train,11,edge_disjoint
549,train,11,edge_disjoint
550,train,11,edge_disjoint
551,train,11,edge_disjoint
552,train,11,edge_disjoint
553,train,11,edge_disjoint
554,train,11,edge_disjoint
555,train,11,edge_disjoint
556,train,11,edge_disjoint
557,train,11,edge_disjoint
558,train,11,edge_disjoint
559,train,11,edge_disjoint
4,test,11,edge_disjoint
5,test,11,edge_disjoint
6,test,11,edge_disjoint
14,test,11,edge_disjoint
17,test,11,edge_disjoint
18,test,11,edge_disjoint
24,test,11,edge_disjoint
27,test,11,edge_disjoint
28,test,11,edge_disjoint
30,test,11,edge_disjoint
31,test,11,edge_disjoint
34,test,11,edge_disjoint
35,test,11,edge_disjoint
36,test,11,edge_disjoint
52,test,11,edge_disjoint
56,test,11,edge_disjoint
57,test,11,edge_disjoint
60,test,11,edge_disjoint
65,test,11,edge_disjoint
71,test,11,edge_disjoint
81,test,11,edge_disjoint
83,test,11,edge_disjoint
87,test,11,edge_disjoint
91,test,11,edge_disjoint
105,test,11,edge_disjoint
109,test,11,edge_disjoint
119,test,11,edge_disjoint
123,test,11,edge_disjoint
124,test,11,edge_disjoint
136,test,11,edge_disjoint
137,test,11,edge_disjoint
146,test,11,edge_disjoint
149,test,11,edge_disjoint
159,test,11,edge_disjoint
168,test,11,edge_disjoint
179,test,11,edge_disjoint
182,test,11,edge_disjoint
184,test,11,edge_disjoint
186,test,11,edge_disjoint
188,test,11,edge_disjoint
194,test,11,edge_disjoint
206,test,11,edge_disjoint
208,test,11,edge_disjoint
216,test,11,edge_disjoint
217,test,11,edge_disjoint
228,test,11,edge_disjoint
231,test,11,edge_disjoint
235,test,11,edge_disjoint
236,test,11,edge_disjoint
245,test,11,edge_disjoint
258,test,11,edge_disjoint
259,test,11,edge_disjoint
263,test,11,edge_disjoint
270,test,11,edge_disjoint
272,test,11,edge_disjoint
279,test,11,edge_disjoint
281,test,11,edge_disjoint
282,test,11,edge_disjoint
290,test,11,edge_disjoint
293,test,11,edge_disjoint
315,test,11,edge_disjoint
325,test,11,edge_disjoint
326,test,11,edge_disjoint
331,test,11,edge_disjoint
332,test,11,edge_disjoint
339,test,11,edge_disjoint
342,test,11,edge_disjoint
352,test,11,edge_disjoint
354,test,11,edge_disjoint
355,test,11,edge_disjoint
361,test,11,edge_disjoint
362,test,11,edge_disjoint
363,test,11,edge_disjoint
368,test,11,edge_disjoint
378,test,11,edge_disjoint
384,test,11,edge_disjoint
385,test,11,edge_disjoint
392,test,11,edge_disjoint
398,test,11,edge_disjoint
399,test,11,edge_disjoint
401,test,11,edge_disjoint
415,test,11,edge_disjoint
418,test,11,edge_disjoint
420,test,11,edge_disjoint
422,test,11,edge_disjoint
424,test,11,edge_disjoint
428,test,11,edge_disjoint
429,test,11,edge_disjoint
431,test,11,edge_disjoint
434,test,11,edge_disjoint
435,test,11,edge_disjoint
440,test,11,edge_disjoint
465,test,11,edge_disjoint
467,test,11,edge_disjoint
469,test,11,edge_disjoint
475,test,11,edge_disjoint
484,test,11,edge_disjoint
488,test,11,edge_disjoint
490,test,11,edge_disjoint
498,test,11,edge_disjoint
505,test,11,edge_disjoint
514,test,11,edge_disjoint
516,test,11,edge_disjoint
524,test,11,edge_disjoint
528,test,11,edge_disjoint
529,test,11,edge_disjoint
531,test,11,edge_disjoint
534,test,11,edge_disjoint
535,test,11,edge_disjoint
538,test,11,edge_disjoint
543,test,11,edge_disjoint
548,test,11,edge_disjoint
1,train,11,edge_disjoint_size_matched
11,train,11,edge_disjoint_size_matched
12,train,11,edge_disjoint_size_matched
13,train,11,edge_disjoint_size_matched
15,train,11,edge_disjoint_size_matched
19,train,11,edge_disjoint_size_matched
21,train,11,edge_disjoint_size_matched
22,train,11,edge_disjoint_size_matched
23,train,11,edge_disjoint_size_matched
25,train,11,edge_disjoint_size_matched
26,train,11,edge_disjoint_size_matched
39,train,11,edge_disjoint_size_matched
44,train,11,edge_disjoint_size_matched
51,train,11,edge_disjoint_size_matched
54,train,11,edge_disjoint_size_matched
55,train,11,edge_disjoint_size_matched
62,train,11,edge_disjoint_size_matched
63,train,11,edge_disjoint_size_matched
70,train,11,edge_disjoint_size_matched
77,train,11,edge_disjoint_size_matched
79,train,11,edge_disjoint_size_matched
80,train,11,edge_disjoint_size_matched
84,train,11,edge_disjoint_size_matched
86,train,11,edge_disjoint_size_matched
88,train,11,edge_disjoint_size_matched
92,train,11,edge_disjoint_size_matched
94,train,11,edge_disjoint_size_matched
99,train,11,edge_disjoint_size_matched
100,train,11,edge_disjoint_size_matched
111,train,11,edge_disjoint_size_matched
113,train,11,edge_disjoint_size_matched
118,train,11,edge_disjoint_size_matched
120,train,11,edge_disjoint_size_matched
121,train,11,edge_disjoint_size_matched
126,train,11,edge_disjoint_size_matched
130,train,11,edge_disjoint_size_matched
132,train,11,edge_disjoint_size_matched
135,train,11,edge_disjoint_size_matched
142,train,11,edge_disjoint_size_matched
144,train,11,edge_disjoint_size_matched
147,train,11,edge_disjoint_size_matched
151,train,11,edge_disjoint_size_matched
152,train,11,edge_disjoint_size_matched
161,train,11,edge_disjoint_size_matched
163,train,11,edge_disjoint_size_matched
164,train,11,edge_disjoint_size_matched
165,train,11,edge_disjoint_size_matched
167,train,11,edge_disjoint_size_matched
175,train,11,edge_disjoint_size_matched
177,train,11,edge_disjoint_size_matched
181,train,11,edge_disjoint_size_matched
185,train,11,edge_disjoint_size_matched
187,train,11,edge_disjoint_size_matched
191,train,11,edge_disjoint_size_matched
201,train,11,edge_disjoint_size_matched
202,train,11,edge_disjoint_size_matched
203,train,11,edge_disjoint_size_matched
204,train,11,edge_disjoint_size_matched
205,train,11,edge_disjoint_size_matched
209,train,11,edge_disjoint_size_matched
218,train,11,edge_disjoint_size_matched
220,train,11,edge_disjoint_size_matched
221,train,11,edge_disjoint_size_matched
223,train,11,edge_disjoint_size_matched
226,train,11,edge_disjoint_size_matched
227,train,11,edge_disjoint_size_matched
229,train,11,edge_disjoint_size_matched
230,train,11,edge_disjoint_size_matched
238,train,11,edge_disjoint_size_matched
241,train,11,edge_disjoint_size_matched
246,train,11,edge_disjoint_size_matched
249,train,11,edge_disjoint_size_matched
253,train,11,edge_disjoint_size_matched
254,train,11,edge_disjoint_size_matched
256,train,11,edge_disjoint_size_matched
260,train,11,edge_disjoint_size_matched
261,train,11,edge_disjoint_size_matched
266,train,11,edge_disjoint_size_matched
275,train,11,edge_disjoint_size_matched
276,train,11,edge_disjoint_size_matched
278,train,11,edge_disjoint_size_matched
280,train,11,edge_disjoint_size_matched
286,train,11,edge_disjoint_size_matched
287,train,11,edge_disjoint_size_matched
288,train,11,edge_disjoint_size_matched
292,train,11,edge_disjoint_size_matched
295,train,11,edge_disjoint_size_matched
297,train,11,edge_disjoint_size_matched
299,train,11,edge_disjoint_size_matched
302,train,11,edge_disjoint_size_matched
303,train,11,edge_disjoint_size_matched
308,train,11,edge_disjoint_size_matched
309,train,11,edge_disjoint_size_matched
312,train,11,edge_disjoint_size_matched
317,train,11,edge_disjoint_size_matched
319,train,11,edge_disjoint_size_matched
320,train,11,edge_disjoint_size_matched
323,train,11,edge_disjoint_size_matched
328,train,11,edge_disjoint_size_matched
337,train,11,edge_disjoint_size_matched
338,train,11,edge_disjoint_size_matched
341,train,11,edge_disjoint_size_matched
344,train,11,edge_disjoint_size_matched
345,train,11,edge_disjoint_size_matched
346,train,11,edge_disjoint_size_matched
347,train,11,edge_disjoint_size_matched
348,train,11,edge_disjoint_size_matched
356,train,11,edge_disjoint_size_matched
359,train,11,edge_disjoint_size_matched
364,train,11,edge_disjoint_size_matched
366,train,11,edge_disjoint_size_matched
367,train,11,edge_disjoint_size_matched
372,train,11,edge_disjoint_size_matched
373,train,11,edge_disjoint_size_matched
375,train,11,edge_disjoint_size_matched
381,train,11,edge_disjoint_size_matched
383,train,11,edge_disjoint_size_matched
386,train,11,edge_disjoint_size_matched
387,train,11,edge_disjoint_size_matched
388,train,11,edge_disjoint_size_matched
389,train,11,edge_disjoint_size_matched
391,train,11,edge_disjoint_size_matched
393,train,11,edge_disjoint_size_matched
394,train,11,edge_disjoint_size_matched
396,train,11,edge_disjoint_size_matched
397,train,11,edge_disjoint_size_matched
408,train,11,edge_disjoint_size_matched
409,train,11,edge_disjoint_size_matched
419,train,11,edge_disjoint_size_matched
437,train,11,edge_disjoint_size_matched
439,train,11,edge_disjoint_size_matched
442,train,11,edge_disjoint_size_matched
443,train,11,edge_disjoint_size_matched
445,train,11,edge_disjoint_size_matched
446,train,11,edge_disjoint_size_matched
448,train,11,edge_disjoint_size_matched
450,train,11,edge_disjoint_size_matched
451,train,11,edge_disjoint_size_matched
455,train,11,edge_disjoint_size_matched
462,train,11,edge_disjoint_size_matched
463,train,11,edge_disjoint_size_matched
464,train,11,edge_disjoint_size_matched
471,train,11,edge_disjoint_size_matched
474,train,11,edge_disjoint_size_matched
476,train,11,edge_disjoint_size_matched
479,train,11,edge_disjoint_size_matched
485,train,11,edge_disjoint_size_matched
491,train,11,edge_disjoint_size_matched
493,train,11,edge_disjoint_size_matched
496,train,11,edge_disjoint_size_matched
506,train,11,edge_disjoint_size_matched
508,train,11,edge_disjoint_size_matched
511,train,11,edge_disjoint_size_matched
512,train,11,edge_disjoint_size_matched
515,train,11,edge_disjoint_size_matched
517,train,11,edge_disjoint_size_matched
518,train,11,edge_disjoint_size_matched
519,train,11,edge_disjoint_size_matched
520,train,11,edge_disjoint_size_matched
523,train,11,edge_disjoint_size_matched
525,train,11,edge_disjoint_size_matched
527,train,11,edge_disjoint_size_matched
532,train,11,edge_disjoint_size_matched
542,train,11,edge_disjoint_size_matched
545,train,11,edge_disjoint_size_matched
547,train,11,edge_disjoint_size_matched
549,train,11,edge_disjoint_size_matched
550,train,11,edge_disjoint_size_matched
558,train,11,edge_disjoint_size_matched
559,train,11,edge_disjoint_size_matched
4,test,11,edge_disjoint_size_matched
5,test,11,edge_disjoint_size_matched
6,test,11,edge_disjoint_size_matched
14,test,11,edge_disjoint_size_matched
17,test,11,edge_disjoint_size_matched
18,test,11,edge_disjoint_size_matched
24,test,11,edge_disjoint_size_matched
27,test,11,edge_disjoint_size_matched
28,test,11,edge_disjoint_size_matched
30,test,11,edge_disjoint_size_matched
31,test,11,edge_disjoint_size_matched
34,test,11,edge_disjoint_size_matched
35,test,11,edge_disjoint_size_matched
36,test,11,edge_disjoint_size_matched
52,test,11,edge_disjoint_size_matched
56,test,11,edge_disjoint_size_matched
57,test,11,edge_disjoint_size_matched
60,test,11,edge_disjoint_size_matched
65,test,11,edge_disjoint_size_matched
71,test,11,edge_disjoint_size_matched
81,test,11,edge_disjoint_size_matched
83,test,11,edge_disjoint_size_matched
87,test,11,edge_disjoint_size_matched
91,test,11,edge_disjoint_size_matched
105,test,11,edge_disjoint_size_matched
109,test,11,edge_disjoint_size_matched
119,test,11,edge_disjoint_size_matched
123,test,11,edge_disjoint_size_matched
124,test,11,edge_disjoint_size_matched
136,test,11,edge_disjoint_size_matched
137,test,11,edge_disjoint_size_matched
146,test,11,edge_disjoint_size_matched
149,test,11,edge_disjoint_size_matched
159,test,11,edge_disjoint_size_matched
168,test,11,edge_disjoint_size_matched
179,test,11,edge_disjoint_size_matched
182,test,11,edge_disjoint_size_matched
184,test,11,edge_disjoint_size_matched
186,test,11,edge_disjoint_size_matched
188,test,11,edge_disjoint_size_matched
194,test,11,edge_disjoint_size_matched
206,test,11,edge_disjoint_size_matched
208,test,11,edge_disjoint_size_matched
216,test,11,edge_disjoint_size_matched
217,test,11,edge_disjoint_size_matched
228,test,11,edge_disjoint_size_matched
231,test,11,edge_disjoint_size_matched
235,test,11,edge_disjoint_size_matched
236,test,11,edge_disjoint_size_matched
245,test,11,edge_disjoint_size_matched
258,test,11,edge_disjoint_size_matched
259,test,11,edge_disjoint_size_matched
263,test,11,edge_disjoint_size_matched
270,test,11,edge_disjoint_size_matched
272,test,11,edge_disjoint_size_matched
279,test,11,edge_disjoint_size_matched
281,test,11,edge_disjoint_size_matched
282,test,11,edge_disjoint_size_matched
290,test,11,edge_disjoint_size_matched
293,test,11,edge_disjoint_size_matched
315,test,11,edge_disjoint_size_matched
325,test,11,edge_disjoint_size_matched
326,test,11,edge_disjoint_size_matched
331,test,11,edge_disjoint_size_matched
332,test,11,edge_disjoint_size_matched
339,test,11,edge_disjoint_size_matched
342,test,11,edge_disjoint_size_matched
352,test,11,edge_disjoint_size_matched
354,test,11,edge_disjoint_size_matched
355,test,11,edge_disjoint_size_matched
361,test,11,edge_disjoint_size_matched
362,test,11,edge_disjoint_size_matched
363,test,11,edge_disjoint_size_matched
368,test,11,edge_disjoint_size_matched
378,test,11,edge_disjoint_size_matched
384,test,11,edge_disjoint_size_matched
385,test,11,edge_disjoint_size_matched
392,test,11,edge_disjoint_size_matched
398,test,11,edge_disjoint_size_matched
399,test,11,edge_disjoint_size_matched
401,test,11,edge_disjoint_size_matched
415,test,11,edge_disjoint_size_matched
418,test,11,edge_disjoint_size_matched
420,test,11,edge_disjoint_size_matched
422,test,11,edge_disjoint_size_matched
424,test,11,edge_disjoint_size_matched
428,test,11,edge_disjoint_size_matched
429,test,11,edge_disjoint_size_matched
431,test,11,edge_disjoint_size_matched
434,test,11,edge_disjoint_size_matched
435,test,11,edge_disjoint_size_matched
440,test,11,edge_disjoint_size_matched
465,test,11,edge_disjoint_size_matched
467,test,11,edge_disjoint_size_matched
469,test,11,edge_disjoint_size_matched
475,test,11,edge_disjoint_size_matched
484,test,11,edge_disjoint_size_matched
488,test,11,edge_disjoint_size_matched
490,test,11,edge_disjoint_size_matched
498,test,11,edge_disjoint_size_matched
505,test,11,edge_disjoint_size_matched
514,test,11,edge_disjoint_size_matched
516,test,11,edge_disjoint_size_matched
524,test,11,edge_disjoint_size_matched
528,test,11,edge_disjoint_size_matched
529,test,11,edge_disjoint_size_matched
531,test,11,edge_disjoint_size_matched
534,test,11,edge_disjoint_size_matched
535,test,11,edge_disjoint_size_matched
538,test,11,edge_disjoint_size_matched
543,test,11,edge_disjoint_size_matched
548,test,11,edge_disjoint_size_matched
0,discarded,11,edge_disjoint_size_matched
2,discarded,11,edge_disjoint_size_matched
3,discarded,11,edge_disjoint_size_matched
7,discarded,11,edge_disjoint_size_matched
8,discarded,11,edge_disjoint_size_matched
9,discarded,11,edge_disjoint_size_matched
10,discarded,11,edge_disjoint_size_matched
16,discarded,11,edge_disjoint_size_matched
20,discarded,11,edge_disjoint_size_matched
29,discarded,11,edge_disjoint_size_matched
32,discarded,11,edge_disjoint_size_matched
33,discarded,11,edge_disjoint_size_matched
37,discarded,11,edge_disjoint_size_matched
38,discarded,11,edge_disjoint_size_matched
40,discarded,11,edge_disjoint_size_matched
41,discarded,11,edge_disjoint_size_matched
42,discarded,11,edge_disjoint_size_matched
43,discarded,11,edge_disjoint_size_matched
45,discarded,11,edge_disjoint_size_matched
46,discarded,11,edge_disjoint_size_matched
47,discarded,11,edge_disjoint_size_matched
48,discarded,11,edge_disjoint_size_matched
49,discarded,11,edge_disjoint_size_matched
50,discarded,11,edge_disjoint_size_matched
53,discarded,11,edge_disjoint_size_matched
58,discarded,11,edge_disjoint_size_matched
59,discarded,11,edge_disjoint_size_matched
61,discarded,11,edge_disjoint_size_matched
64,discarded,11,edge_disjoint_size_matched
66,discarded,11,edge_disjoint_size_matched
67,discarded,11,edge_disjoint_size_matched
68,discarded,11,edge_disjoint_size_matched
69,discarded,11,edge_disjoint_size_matched
72,discarded,11,edge_disjoint_size_matched
73,discarded,11,edge_disjoint_size_matched
74,discarded,11,edge_disjoint_size_matched
75,discarded,11,edge_disjoint_size_matched
76,discarded,11,edge_disjoint_size_matched
78,discarded,11,edge_disjoint_size_matched
82,discarded,11,edge_disjoint_size_matched
85,discarded,11,edge_disjoint_size_matched
89,discarded,11,edge_disjoint_size_matched
90,discarded,11,edge_disjoint_size_matched
93,discarded,11,edge_disjoint_size_matched
95,discarded,11,edge_disjoint_size_matched
96,discarded,11,edge_disjoint_size_matched
97,discarded,11,edge_disjoint_size_matched
98,discarded,11,edge_disjoint_size_matched
101,discarded,11,edge_disjoint_size_matched
102,discarded,11,edge_disjoint_size_matched
103,discarded,11,edge_disjoint_size_matched
104,discarded,11,edge_disjoint_size_matched
106,discarded,11,edge_disjoint_size_matched
107,discarded,11,edge_disjoint_size_matched
108,discarded,11,edge_disjoint_size_matched
110,discarded,11,edge_disjoint_size_matched
112,discarded,11,edge_disjoint_size_matched
114,discarded,11,edge_disjoint_size_matched
115,discarded,11,edge_disjoint_size_matched
116,discarded,11,edge_disjoint_size_matched
117,discarded,11,edge_disjoint_size_matched
122,discarded,11,edge_disjoint_size_matched
125,discarded,11,edge_disjoint_size_matched
127,discarded,11,edge_disjoint_size_matched
128,discarded,11,edge_disjoint_size_matched
129,discarded,11,edge_disjoint_size_matched
131,discarded,11,edge_disjoint_size_matched
133,discarded,11,edge_disjoint_size_matched
134,discarded,11,edge_disjoint_size_matched
138,discarded,11,edge_disjoint_size_matched
139,discarded,11,edge_disjoint_size_matched
140,discarded,11,edge_disjoint_size_matched
141,discarded,11,edge_disjoint_size_matched
143,discarded,11,edge_disjoint_size_matched
145,discarded,11,edge_disjoint_size_matched
148,discarded,11,edge_disjoint_size_matched
150,discarded,11,edge_disjoint_size_matched
153,discarded,11,edge_disjoint_size_matched
154,discarded,11,edge_disjoint_size_matched
155,discarded,11,edge_disjoint_size_matched
156,discarded,11,edge_disjoint_size_matched
157,discarded,11,edge_disjoint_size_matched
158,discarded,11,edge_disjoint_size_matched
160,discarded,11,edge_disjoint_size_matched
162,discarded,11,edge_disjoint_size_matched
166,discarded,11,edge_disjoint_size_matched
169,discarded,11,edge_disjoint_size_matched
170,discarded,11,edge_disjoint_size_matched
171,discarded,11,edge_disjoint_size_matched
172,discarded,11,edge_disjoint_size_matched
173,discarded,11,edge_disjoint_size_matched
174,discarded,11,edge_disjoint_size_matched
176,discarded,11,edge_disjoint_size_matched
178,discarded,11,edge_disjoint_size_matched
180,discarded,11,edge_disjoint_size_matched
183,discarded,11,edge_disjoint_size_matched
189,discarded,11,edge_disjoint_size_matched
190,discarded,11,edge_disjoint_size_matched
192,discarded,11,edge_disjoint_size_matched
193,discarded,11,edge_disjoint_size_matched
195,discarded,11,edge_disjoint_size_matched
196,discarded,11,edge_disjoint_size_matched
197,discarded,11,edge_disjoint_size_matched
198,discarded,11,edge_disjoint_size_matched
199,discarded,11,edge_disjoint_size_matched
200,discarded,11,edge_disjoint_size_matched
207,discarded,11,edge_disjoint_size_matched
210,discarded,11,edge_disjoint_size_matched
211,discarded,11,edge_disjoint_size_matched
212,discarded,11,edge_disjoint_size_matched
213,discarded,11,edge_disjoint_size_matched
214,discarded,11,edge_disjoint_size_matched
215,discarded,11,edge_disjoint_size_matched
219,discarded,11,edge_disjoint_size_matched
222,discarded,11,edge_disjoint_size_matched
224,discarded,11,edge_disjoint_size_matched
225,discarded,11,edge_disjoint_size_matched
232,discarded,11,edge_disjoint_size_matched
233,discarded,11,edge_disjoint_size_matched
234,discarded,11,edge_disjoint_size_matched
237,discarded,11,edge_disjoint_size_matched
239,discarded,11,edge_disjoint_size_matched
240,discarded,11,edge_disjoint_size_matched
242,discarded,11,edge_disjoint_size_matched
243,discarded,11,edge_disjoint_size_matched
244,discarded,11,edge_disjoint_size_matched
247,discarded,11,edge_disjoint_size_matched
248,discarded,11,edge_disjoint_size_matched
250,discarded,11,edge_disjoint_size_matched
251,discarded,11,edge_disjoint_size_matched
252,discarded,11,edge_disjoint_size_matched
255,discarded,11,edge_disjoint_size_matched
257,discarded,11,edge_disjoint_size_matched
262,discarded,11,edge_disjoint_size_matched
264,discarded,11,edge_disjoint_size_matched
265,discarded,11,edge_disjoint_size_matched
267,discarded,11,edge_disjoint_size_matched
268,discarded,11,edge_disjoint_size_matched
269,discarded,11,edge_disjoint_size_matched
271,discarded,11,edge_disjoint_size_matched
273,discarded,11,edge_disjoint_size_matched
274,discarded,11,edge_disjoint_size_matched
277,discarded,11,edge_disjoint_size_matched
283,discarded,11,edge_disjoint_size_matched
284,discarded,11,edge_disjoint_size_matched
285,discarded,11,edge_disjoint_size_matched
289,discarded,11,edge_disjoint_size_matched
291,discarded,11,edge_disjoint_size_matched
294,discarded,11,edge_disjoint_size_matched
296,discarded,11,edge_disjoint_size_matched
298,discarded,11,edge_disjoint_size_matched
300,discarded,11,edge_disjoint_size_matched
301,discarded,11,edge_disjoint_size_matched
304,discarded,11,edge_disjoint_size_matched
305,discarded,11,edge_disjoint_size_matched
306,discarded,11,edge_disjoint_size_matched
307,discarded,11,edge_disjoint_size_matched
310,discarded,11,edge_disjoint_size_matched
311,discarded,11,edge_disjoint_size_matched
313,discarded,11,edge_disjoint_size_matched
314,discarded,11,edge_disjoint_size_matched
316,discarded,11,edge_disjoint_size_matched
318,discarded,11,edge_disjoint_size_matched
321,discarded,11,edge_disjoint_size_matched
322,discarded,11,edge_disjoint_size_matched
324,discarded,11,edge_disjoint_size_matched
327,discarded,11,edge_disjoint_size_matched
329,discarded,11,edge_disjoint_size_matched
330,discarded,11,edge_disjoint_size_matched
333,discarded,11,edge_disjoint_size_matched
334,discarded,11,edge_disjoint_size_matched
335,discarded,11,edge_disjoint_size_matched
336,discarded,11,edge_disjoint_size_matched
340,discarded,11,edge_disjoint_size_matched
343,discarded,11,edge_disjoint_size_matched
349,discarded,11,edge_disjoint_size_matched
350,discarded,11,edge_disjoint_size_matched
351,discarded,11,edge_disjoint_size_matched
353,discarded,11,edge_disjoint_size_matched
357,discarded,11,edge_disjoint_size_matched
358,discarded,11,edge_disjoint_size_matched
360,discarded,11,edge_disjoint_size_matched
365,discarded,11,edge_disjoint_size_matched
369,discarded,11,edge_disjoint_size_matched
370,discarded,11,edge_disjoint_size_matched
371,discarded,11,edge_disjoint_size_matched
374,discarded,11,edge_disjoint_size_matched
376,discarded,11,edge_disjoint_size_matched
377,discarded,11,edge_disjoint_size_matched
379,discarded,11,edge_disjoint_size_matched
380,discarded,11,edge_disjoint_size_matched
382,discarded,11,edge_disjoint_size_matched
390,discarded,11,edge_disjoint_size_matched
395,discarded,11,edge_disjoint_size_matched
400,discarded,11,edge_disjoint_size_matched
402,discarded,11,edge_disjoint_size_matched
403,discarded,11,edge_disjoint_size_matched
404,discarded,11,edge_disjoint_size_matched
405,discarded,11,edge_disjoint_size_matched
406,discarded,11,edge_disjoint_size_matched
407,discarded,11,edge_disjoint_size_matched
410,discarded,11,edge_disjoint_size_matched
411,discarded,11,edge_disjoint_size_matched
412,discarded,11,edge_disjoint_size_matched
413,discarded,11,edge_disjoint_size_matched
414,discarded,11,edge_disjoint_size_matched
416,discarded,11,edge_disjoint_size_matched
417,discarded,11,edge_disjoint_size_matched
421,discarded,11,edge_disjoint_size_matched
423,discarded,11,edge_disjoint_size_matched
425,discarded,11,edge_disjoint_size_matched
426,discarded,11,edge_disjoint_size_matched
427,discarded,11,edge_disjoint_size_matched
430,discarded,11,edge_disjoint_size_matched
432,discarded,11,edge_disjoint_size_matched
433,discarded,11,edge_disjoint_size_matched
436,discarded,11,edge_disjoint_size_matched
438,discarded,11,edge_disjoint_size_matched
441,discarded,11,edge_disjoint_size_matched
444,discarded,11,edge_disjoint_size_matched
447,discarded,11,edge_disjoint_size_matched
449,discarded,11,edge_disjoint_size_matched
452,discarded,11,edge_disjoint_size_matched
453,discarded,11,edge_disjoint_size_matched
454,discarded,11,edge_disjoint_size_matched
456,discarded,11,edge_disjoint_size_matched
457,discarded,11,edge_disjoint_size_matched
458,discarded,11,edge_disjoint_size_matched
459,discarded,11,edge_disjoint_size_matched
460,discarded,11,edge_disjoint_size_matched
461,discarded,11,edge_disjoint_size_matched
466,discarded,11,edge_disjoint_size_matched
468,discarded,11,edge_disjoint_size_matched
470,discarded,11,edge_disjoint_size_matched
472,discarded,11,edge_disjoint_size_matched
473,discarded,11,edge_disjoint_size_matched
477,discarded,11,edge_disjoint_size_matched
478,discarded,11,edge_disjoint_size_matched
480,discarded,11,edge_disjoint_size_matched
481,discarded,11,edge_disjoint_size_matched
482,discarded,11,edge_disjoint_size_matched
483,discarded,11,edge_disjoint_size_matched
486,discarded,11,edge_disjoint_size_matched
487,discarded,11,edge_disjoint_size_matched
489,discarded,11,edge_disjoint_size_matched
492,discarded,11,edge_disjoint_size_matched
494,discarded,11,edge_disjoint_size_matched
495,discarded,11,edge_disjoint_size_matched
497,discarded,11,edge_disjoint_size_matched
499,discarded,11,edge_disjoint_size_matched
500,discarded,11,edge_disjoint_size_matched
501,discarded,11,edge_disjoint_size_matched
502,discarded,11,edge_disjoint_size_matched
503,discarded,11,edge_disjoint_size_matched
504,discarded,11,edge_disjoint_size_matched
507,discarded,11,edge_disjoint_size_matched
509,discarded,11,edge_disjoint_size_matched
510,discarded,11,edge_disjoint_size_matched
513,discarded,11,edge_disjoint_size_matched
521,discarded,11,edge_disjoint_size_matched
522,discarded,11,edge_disjoint_size_matched
526,discarded,11,edge_disjoint_size_matched
530,discarded,11,edge_disjoint_size_matched
533,discarded,11,edge_disjoint_size_matched
536,discarded,11,edge_disjoint_size_matched
537,discarded,11,edge_disjoint_size_matched
539,discarded,11,edge_disjoint_size_matched
540,discarded,11,edge_disjoint_size_matched
541,discarded,11,edge_disjoint_size_matched
544,discarded,11,edge_disjoint_size_matched
546,discarded,11,edge_disjoint_size_matched
551,discarded,11,edge_disjoint_size_matched
552,discarded,11,edge_disjoint_size_matched
553,discarded,11,edge_disjoint_size_matched
554,discarded,11,edge_disjoint_size_matched
555,discarded,11,edge_disjoint_size_matched
556,discarded,11,edge_disjoint_size_matched
557,discarded,11,edge_disjoint_size_matched
7,train,22,node_disjoint
14,train,22,node_disjoint
18,train,22,node_disjoint
21,train,22,node_disjoint
23,train,22,node_disjoint
24,train,22,node_disjoint
25,train,22,node_disjoint
27,train,22,node_disjoint
28,train,22,node_disjoint
38,train,22,node_disjoint
40,train,22,node_disjoint
43,train,22,node_disjoint
45,train,22,node_disjoint
46,train,22,node_disjoint
49,train,22,node_disjoint
58,train,22,node_disjoint
61,train,22,node_disjoint
63,train,22,node_disjoint
70,train,22,node_disjoint
72,train,22,node_disjoint
74,train,22,node_disjoint
75,train,22,node_disjoint
81,train,22,node_disjoint
82,train,22,node_disjoint
89,train,22,node_disjoint
90,train,22,node_disjoint
94,train,22,node_disjoint
97,train,22,node_disjoint
98,train,22,node_disjoint
101,train,22,node_disjoint
103,train,22,node_disjoint
107,train,22,node_disjoint
112,train,22,node_disjoint
114,train,22,node_disjoint
119,train,22,node_disjoint
120,train,22,node_disjoint
121,train,22,node_disjoint
123,train,22,node_disjoint
125,train,22,node_disjoint
126,train,22,node_disjoint
132,train,22,node_disjoint
137,train,22,node_disjoint
146,train,22,node_disjoint
149,train,22,node_disjoint
153,train,22,node_disjoint
158,train,22,node_disjoint
159,train,22,node_disjoint
160,train,22,node_disjoint
161,train,22,node_disjoint
163,train,22,node_disjoint
168,train,22,node_disjoint
171,train,22,node_disjoint
172,train,22,node_disjoint
174,train,22,node_disjoint
188,train,22,node_disjoint
190,train,22,node_disjoint
198,train,22,node_disjoint
200,train,22,node_disjoint
201,train,22,node_disjoint
204,train,22,node_disjoint
205,train,22,node_disjoint
212,train,22,node_disjoint
215,train,22,node_disjoint
219,train,22,node_disjoint
221,train,22,node_disjoint
222,train,22,node_disjoint
224,train,22,node_disjoint
229,train,22,node_disjoint
236,train,22,node_disjoint
240,train,22,node_disjoint
241,train,22,node_disjoint
242,train,22,node_disjoint
244,train,22,node_disjoint
245,train,22,node_disjoint
246,train,22,node_disjoint
247,train,22,node_disjoint
251,train,22,node_disjoint
254,train,22,node_disjoint
257,train,22,node_disjoint
265,train,22,node_disjoint
268,train,22,node_disjoint
269,train,22,node_disjoint
270,train,22,node_disjoint
272,train,22,node_disjoint
275,train,22,node_disjoint
284,train,22,node_disjoint
285,train,22,node_disjoint
288,train,22,node_disjoint
294,train,22,node_disjoint
299,train,22,node_disjoint
302,train,22,node_disjoint
304,train,22,node_disjoint
305,train,22,node_disjoint
314,train,22,node_disjoint
320,train,22,node_disjoint
321,train,22,node_disjoint
328,train,22,node_disjoint
331,train,22,node_disjoint
338,train,22,node_disjoint
339,train,22,node_disjoint
340,train,22,node_disjoint
343,train,22,node_disjoint
346,train,22,node_disjoint
350,train,22,node_disjoint
351,train,22,node_disjoint
358,train,22,node_disjoint
361,train,22,node_disjoint
365,train,22,node_disjoint
368,train,22,node_disjoint
371,train,22,node_disjoint
374,train,22,node_disjoint
377,train,22,node_disjoint
386,train,22,node_disjoint
389,train,22,node_disjoint
390,train,22,node_disjoint
391,train,22,node_disjoint
399,train,22,node_disjoint
400,train,22,node_disjoint
404,train,22,node_disjoint
409,train,22,node_disjoint
410,train,22,node_disjoint
421,train,22,node_disjoint
423,train,22,node_disjoint
425,train,22,node_disjoint
428,train,22,node_disjoint
430,train,22,node_disjoint
436,train,22,node_disjoint
437,train,22,node_disjoint
438,train,22,node_disjoint
440,train,22,node_disjoint
441,train,22,node_disjoint
442,train,22,node_disjoint
444,train,22,node_disjoint
449,train,22,node_disjoint
450,train,22,node_disjoint
451,train,22,node_disjoint
458,train,22,node_disjoint
460,train,22,node_disjoint
464,train,22,node_disjoint
467,train,22,node_disjoint
475,train,22,node_disjoint
476,train,22,node_disjoint
477,train,22,node_disjoint
479,train,22,node_disjoint
480,train,22,node_disjoint
481,train,22,node_disjoint
484,train,22,node_disjoint
485,train,22,node_disjoint
487,train,22,node_disjoint
488,train,22,node_disjoint
489,train,22,node_disjoint
490,train,22,node_disjoint
492,train,22,node_disjoint
496,train,22,node_disjoint
498,train,22,node_disjoint
499,train,22,node_disjoint
500,train,22,node_disjoint
504,train,22,node_disjoint
505,train,22,node_disjoint
506,train,22,node_disjoint
507,train,22,node_disjoint
509,train,22,node_disjoint
510,train,22,node_disjoint
516,train,22,node_disjoint
520,train,22,node_disjoint
533,train,22,node_disjoint
534,train,22,node_disjoint
536,train,22,node_disjoint
546,train,22,node_disjoint
548,train,22,node_disjoint
552,train,22,node_disjoint
557,train,22,node_disjoint
1,test,22,node_disjoint
3,test,22,node_disjoint
5,test,22,node_disjoint
6,test,22,node_disjoint
8,test,22,node_disjoint
9,test,22,node_disjoint
13,test,22,node_disjoint
22,test,22,node_disjoint
47,test,22,node_disjoint
48,test,22,node_disjoint
54,test,22,node_disjoint
55,test,22,node_disjoint
56,test,22,node_disjoint
60,test,22,node_disjoint
64,test,22,node_disjoint
73,test,22,node_disjoint
77,test,22,node_disjoint
95,test,22,node_disjoint
99,test,22,node_disjoint
104,test,22,node_disjoint
108,test,22,node_disjoint
110,test,22,node_disjoint
122,test,22,node_disjoint
128,test,22,node_disjoint
130,test,22,node_disjoint
136,test,22,node_disjoint
144,test,22,node_disjoint
166,test,22,node_disjoint
167,test,22,node_disjoint
169,test,22,node_disjoint
170,test,22,node_disjoint
173,test,22,node_disjoint
175,test,22,node_disjoint
176,test,22,node_disjoint
177,test,22,node_disjoint
181,test,22,node_disjoint
184,test,22,node_disjoint
186,test,22,node_disjoint
187,test,22,node_disjoint
189,test,22,node_disjoint
193,test,22,node_disjoint
195,test,22,node_disjoint
199,test,22,node_disjoint
206,test,22,node_disjoint
208,test,22,node_disjoint
211,test,22,node_disjoint
213,test,22,node_disjoint
216,test,22,node_disjoint
226,test,22,node_disjoint
227,test,22,node_disjoint
233,test,22,node_disjoint
234,test,22,node_disjoint
237,test,22,node_disjoint
238,test,22,node_disjoint
239,test,22,node_disjoint
243,test,22,node_disjoint
252,test,22,node_disjoint
253,test,22,node_disjoint
258,test,22,node_disjoint
259,test,22,node_disjoint
261,test,22,node_disjoint
262,test,22,node_disjoint
271,test,22,node_disjoint
273,test,22,node_disjoint
274,test,22,node_disjoint
279,test,22,node_disjoint
281,test,22,node_disjoint
283,test,22,node_disjoint
287,test,22,node_disjoint
295,test,22,node_disjoint
301,test,22,node_disjoint
308,test,22,node_disjoint
319,test,22,node_disjoint
322,test,22,node_disjoint
335,test,22,node_disjoint
336,test,22,node_disjoint
342,test,22,node_disjoint
348,test,22,node_disjoint
352,test,22,node_disjoint
353,test,22,node_disjoint
359,test,22,node_disjoint
360,test,22,node_disjoint
375,test,22,node_disjoint
388,test,22,node_disjoint
397,test,22,node_disjoint
398,test,22,node_disjoint
401,test,22,node_disjoint
412,test,22,node_disjoint
414,test,22,node_disjoint
420,test,22,node_disjoint
424,test,22,node_disjoint
432,test,22,node_disjoint
434,test,22,node_disjoint
435,test,22,node_disjoint
461,test,22,node_disjoint
463,test,22,node_disjoint
466,test,22,node_disjoint
491,test,22,node_disjoint
493,test,22,node_disjoint
502,test,22,node_disjoint
503,test,22,node_disjoint
512,test,22,node_disjoint
515,test,22,node_disjoint
518,test,22,node_disjoint
521,test,22,node_disjoint
522,test,22,node_disjoint
530,test,22,node_disjoint
537,test,22,node_disjoint
538,test,22,node_disjoint
542,test,22,node_disjoint
545,test,22,node_disjoint
547,test,22,node_disjoint
0,discarded,22,node_disjoint
2,discarded,22,node_disjoint
4,discarded,22,node_disjoint
10,discarded,22,node_disjoint
11,discarded,22,node_disjoint
12,discarded,22,node_disjoint
15,discarded,22,node_disjoint
16,discarded,22,node_disjoint
17,discarded,22,node_disjoint
19,discarded,22,node_disjoint
20,discarded,22,node_disjoint
26,discarded,22,node_disjoint
29,discarded,22,node_disjoint
30,discarded,22,node_disjoint
31,discarded,22,node_disjoint
32,discarded,22,node_disjoint
33,discarded,22,node_disjoint
34,discarded,22,node_disjoint
35,discarded,22,node_disjoint
36,discarded,22,node_disjoint
37,discarded,22,node_disjoint
39,discarded,22,node_disjoint
41,discarded,22,node_disjoint
42,discarded,22,node_disjoint
44,discarded,22,node_disjoint
50,discarded,22,node_disjoint
51,discarded,22,node_disjoint
52,discarded,22,node_disjoint
53,discarded,22,node_disjoint
57,discarded,22,node_disjoint
59,discarded,22,node_disjoint
62,discarded,22,node_disjoint
65,discarded,22,node_disjoint
66,discarded,22,node_disjoint
67,discarded,22,node_disjoint
68,discarded,22,node_disjoint
69,discarded,22,node_disjoint
71,discarded,22,node_disjoint
76,discarded,22,node_disjoint
78,discarded,22,node_disjoint
79,discarded,22,node_disjoint
80,discarded,22,node_disjoint
83,discarded,22,node_disjoint
84,discarded,22,node_disjoint
85,discarded,22,node_disjoint
86,discarded,22,node_disjoint
87,discarded,22,node_disjoint
88,discarded,22,node_disjoint
91,discarded,22,node_disjoint
92,discarded,22,node_disjoint
93,discarded,22,node_disjoint
96,discarded,22,node_disjoint
100,discarded,22,node_disjoint
102,discarded,22,node_disjoint
105,discarded,22,node_disjoint
106,discarded,22,node_disjoint
109,discarded,22,node_disjoint
111,discarded,22,node_disjoint
113,discarded,22,node_disjoint
115,discarded,22,node_disjoint
116,discarded,22,node_disjoint
117,discarded,22,node_disjoint
118,discarded,22,node_disjoint
124,discarded,22,node_disjoint
127,discarded,22,node_disjoint
129,discarded,22,node_disjoint
131,discarded,22,node_disjoint
133,discarded,22,node_disjoint
134,discarded,22,node_disjoint
135,discarded,22,node_disjoint
138,discarded,22,node_disjoint
139,discarded,22,node_disjoint
140,discarded,22,node_disjoint
141,discarded,22,node_disjoint
142,discarded,22,node_disjoint
143,discarded,22,node_disjoint
145,discarded,22,node_disjoint
147,discarded,22,node_disjoint
148,discarded,22,node_disjoint
150,discarded,22,node_disjoint
151,discarded,22,node_disjoint
152,discarded,22,node_disjoint
154,discarded,22,node_disjoint
155,discarded,22,node_disjoint
156,discarded,22,node_disjoint
157,discarded,22,node_disjoint
162,discarded,22,node_disjoint
164,discarded,22,node_disjoint
165,discarded,22,node_disjoint
178,discarded,22,node_disjoint
179,discarded,22,node_disjoint
180,discarded,22,node_disjoint
182,discarded,22,node_disjoint
183,discarded,22,node_disjoint
185,discarded,22,node_disjoint
191,discarded,22,node_disjoint
192,discarded,22,node_disjoint
194,discarded,22,node_disjoint
196,discarded,22,node_disjoint
197,discarded,22,node_disjoint
202,discarded,22,node_disjoint
203,discarded,22,node_disjoint
207,discarded,22,node_disjoint
209,discarded,22,node_disjoint
210,discarded,22,node_disjoint
214,discarded,22,node_disjoint
217,discarded,22,node_disjoint
218,discarded,22,node_disjoint
220,discarded,22,node_disjoint
223,discarded,22,node_disjoint
225,discarded,22,node_disjoint
228,discarded,22,node_disjoint
230,discarded,22,node_disjoint
231,discarded,22,node_disjoint
232,discarded,22,node_disjoint
235,discarded,22,node_disjoint
248,discarded,22,node_disjoint
249,discarded,22,node_disjoint
250,discarded,22,node_disjoint
255,discarded,22,node_disjoint
256,discarded,22,node_disjoint
260,discarded,22,node_disjoint
263,discarded,22,node_disjoint
264,discarded,22,node_disjoint
266,discarded,22,node_disjoint
267,discarded,22,node_disjoint
276,discarded,22,node_disjoint
277,discarded,22,node_disjoint
278,discarded,22,node_disjoint
280,discarded,22,node_disjoint
282,discarded,22,node_disjoint
286,discarded,22,node_disjoint
289,discarded,22,node_disjoint
290,discarded,22,node_disjoint
291,discarded,22,node_disjoint
292,discarded,22,node_disjoint
293,discarded,22,node_disjoint
296,discarded,22,node_disjoint
297,discarded,22,node_disjoint
298,discarded,22,node_disjoint
300,discarded,22,node_disjoint
303,discarded,22,node_disjoint
306,discarded,22,node_disjoint
307,discarded,22,node_disjoint
309,discarded,22,node_disjoint
310,discarded,22,node_disjoint
311,discarded,22,node_disjoint
312,discarded,22,node_disjoint
313,discarded,22,node_disjoint
315,discarded,22,node_disjoint
316,discarded,22,node_disjoint
317,discarded,22,node_disjoint
318,discarded,22,node_disjoint
323,discarded,22,node_disjoint
324,discarded,22,node_disjoint
325,discarded,22,node_disjoint
326,discarded,22,node_disjoint
327,discarded,22,node_disjoint
329,discarded,22,node_disjoint
330,discarded,22,node_disjoint
332,discarded,22,node_disjoint
333,discarded,22,node_disjoint
334,discarded,22,node_disjoint
337,discarded,22,node_disjoint
341,discarded,22,node_disjoint
344,discarded,22,node_disjoint
345,discarded,22,node_disjoint
347,discarded,22,node_disjoint
349,discarded,22,node_disjoint
354,discarded,22,node_disjoint
355,discarded,22,node_disjoint
356,discarded,22,node_disjoint
357,discarded,22,node_disjoint
362,discarded,22,node_disjoint
363,discarded,22,node_disjoint
364,discarded,22,node_disjoint
366,discarded,22,node_disjoint
367,discarded,22,node_disjoint
369,discarded,22,node_disjoint
370,discarded,22,node_disjoint
372,discarded,22,node_disjoint
373,discarded,22,node_disjoint
376,discarded,22,node_disjoint
378,discarded,22,node_disjoint
379,discarded,22,node_disjoint
380,discarded,22,node_disjoint
381,discarded,22,node_disjoint
382,discarded,22,node_disjoint
383,discarded,22,node_disjoint
384,discarded,22,node_disjoint
385,discarded,22,node_disjoint
387,discarded,22,node_disjoint
392,discarded,22,node_disjoint
393,discarded,22,node_disjoint
394,discarded,22,node_disjoint
395,discarded,22,node_disjoint
396,discarded,22,node_disjoint
402,discarded,22,node_disjoint
403,discarded,22,node_disjoint
405,discarded,22,node_disjoint
406,discarded,22,node_disjoint
407,discarded,22,node_disjoint
408,discarded,22,node_disjoint
411,discarded,22,node_disjoint
413,discarded,22,node_disjoint
415,discarded,22,node_disjoint
416,discarded,22,node_disjoint
417,discarded,22,node_disjoint
418,discarded,22,node_disjoint
419,discarded,22,node_disjoint
422,discarded,22,node_disjoint
426,discarded,22,node_disjoint
427,discarded,22,node_disjoint
429,discarded,22,node_disjoint
431,discarded,22,node_disjoint
433,discarded,22,node_disjoint
439,discarded,22,node_disjoint
443,discarded,22,node_disjoint
445,discarded,22,node_disjoint
446,discarded,22,node_disjoint
447,discarded,22,node_disjoint
448,discarded,22,node_disjoint
452,discarded,22,node_disjoint
453,discarded,22,node_disjoint
454,discarded,22,node_disjoint
455,discarded,22,node_disjoint
456,discarded,22,node_disjoint
457,discarded,22,node_disjoint
459,discarded,22,node_disjoint
462,discarded,22,node_disjoint
465,discarded,22,node_disjoint
468,discarded,22,node_disjoint
469,discarded,22,node_disjoint
470,discarded,22,node_disjoint
471,discarded,22,node_disjoint
472,discarded,22,node_disjoint
473,discarded,22,node_disjoint
474,discarded,22,node_disjoint
478,discarded,22,node_disjoint
482,discarded,22,node_disjoint
483,discarded,22,node_disjoint
486,discarded,22,node_disjoint
494,discarded,22,node_disjoint
495,discarded,22,node_disjoint
497,discarded,22,node_disjoint
501,discarded,22,node_disjoint
508,discarded,22,node_disjoint
511,discarded,22,node_disjoint
513,discarded,22,node_disjoint
514,discarded,22,node_disjoint
517,discarded,22,node_disjoint
519,discarded,22,node_disjoint
523,discarded,22,node_disjoint
524,discarded,22,node_disjoint
525,discarded,22,node_disjoint
526,discarded,22,node_disjoint
527,discarded,22,node_disjoint
528,discarded,22,node_disjoint
529,discarded,22,node_disjoint
531,discarded,22,node_disjoint
532,discarded,22,node_disjoint
535,discarded,22,node_disjoint
539,discarded,22,node_disjoint
540,discarded,22,node_disjoint
541,discarded,22,node_disjoint
543,discarded,22,node_disjoint
544,discarded,22,node_disjoint
549,discarded,22,node_disjoint
550,discarded,22,node_disjoint
551,discarded,22,node_disjoint
553,discarded,22,node_disjoint
554,discarded,22,node_disjoint
555,discarded,22,node_disjoint
556,discarded,22,node_disjoint
558,discarded,22,node_disjoint
559,discarded,22,node_disjoint
13,train,22,token_disjoint
16,train,22,token_disjoint
17,train,22,token_disjoint
22,train,22,token_disjoint
26,train,22,token_disjoint
27,train,22,token_disjoint
28,train,22,token_disjoint
31,train,22,token_disjoint
34,train,22,token_disjoint
36,train,22,token_disjoint
38,train,22,token_disjoint
39,train,22,token_disjoint
41,train,22,token_disjoint
42,train,22,token_disjoint
50,train,22,token_disjoint
51,train,22,token_disjoint
53,train,22,token_disjoint
54,train,22,token_disjoint
55,train,22,token_disjoint
56,train,22,token_disjoint
61,train,22,token_disjoint
62,train,22,token_disjoint
63,train,22,token_disjoint
67,train,22,token_disjoint
72,train,22,token_disjoint
73,train,22,token_disjoint
77,train,22,token_disjoint
78,train,22,token_disjoint
80,train,22,token_disjoint
81,train,22,token_disjoint
85,train,22,token_disjoint
89,train,22,token_disjoint
104,train,22,token_disjoint
107,train,22,token_disjoint
108,train,22,token_disjoint
114,train,22,token_disjoint
116,train,22,token_disjoint
120,train,22,token_disjoint
125,train,22,token_disjoint
126,train,22,token_disjoint
127,train,22,token_disjoint
131,train,22,token_disjoint
134,train,22,token_disjoint
136,train,22,token_disjoint
139,train,22,token_disjoint
140,train,22,token_disjoint
142,train,22,token_disjoint
143,train,22,token_disjoint
145,train,22,token_disjoint
146,train,22,token_disjoint
147,train,22,token_disjoint
152,train,22,token_disjoint
153,train,22,token_disjoint
155,train,22,token_disjoint
157,train,22,token_disjoint
158,train,22,token_disjoint
159,train,22,token_disjoint
161,train,22,token_disjoint
163,train,22,token_disjoint
164,train,22,token_disjoint
165,train,22,token_disjoint
167,train,22,token_disjoint
169,train,22,token_disjoint
170,train,22,token_disjoint
172,train,22,token_disjoint
182,train,22,token_disjoint
184,train,22,token_disjoint
187,train,22,token_disjoint
189,train,22,token_disjoint
194,train,22,token_disjoint
195,train,22,token_disjoint
196,train,22,token_disjoint
201,train,22,token_disjoint
202,train,22,token_disjoint
203,train,22,token_disjoint
206,train,22,token_disjoint
207,train,22,token_disjoint
210,train,22,token_disjoint
211,train,22,token_disjoint
212,train,22,token_disjoint
214,train,22,token_disjoint
215,train,22,token_disjoint
217,train,22,token_disjoint
226,train,22,token_disjoint
228,train,22,token_disjoint
229,train,22,token_disjoint
230,train,22,token_disjoint
232,train,22,token_disjoint
234,train,22,token_disjoint
238,train,22,token_disjoint
239,train,22,token_disjoint
240,train,22,token_disjoint
245,train,22,token_disjoint
252,train,22,token_disjoint
254,train,22,token_disjoint
255,train,22,token_disjoint
257,train,22,token_disjoint
258,train,22,token_disjoint
263,train,22,token_disjoint
264,train,22,token_disjoint
266,train,22,token_disjoint
268,train,22,token_disjoint
269,train,22,token_disjoint
273,train,22,token_disjoint
274,train,22,token_disjoint
275,train,22,token_disjoint
277,train,22,token_disjoint
278,train,22,token_disjoint
282,train,22,token_disjoint
292,train,22,token_disjoint
297,train,22,token_disjoint
298,train,22,token_disjoint
302,train,22,token_disjoint
305,train,22,token_disjoint
309,train,22,token_disjoint
311,train,22,token_disjoint
313,train,22,token_disjoint
316,train,22,token_disjoint
319,train,22,token_disjoint
320,train,22,token_disjoint
324,train,22,token_disjoint
328,train,22,token_disjoint
332,train,22,token_disjoint
338,train,22,token_disjoint
341,train,22,token_disjoint
342,train,22,token_disjoint
343,train,22,token_disjoint
350,train,22,token_disjoint
351,train,22,token_disjoint
352,train,22,token_disjoint
354,train,22,token_disjoint
373,train,22,token_disjoint
377,train,22,token_disjoint
380,train,22,token_disjoint
382,train,22,token_disjoint
383,train,22,token_disjoint
384,train,22,token_disjoint
388,train,22,token_disjoint
390,train,22,token_disjoint
398,train,22,token_disjoint
408,train,22,token_disjoint
410,train,22,token_disjoint
416,train,22,token_disjoint
420,train,22,token_disjoint
432,train,22,token_disjoint
435,train,22,token_disjoint
436,train,22,token_disjoint
439,train,22,token_disjoint
448,train,22,token_disjoint
452,train,22,token_disjoint
453,train,22,token_disjoint
455,train,22,token_disjoint
456,train,22,token_disjoint
463,train,22,token_disjoint
466,train,22,token_disjoint
470,train,22,token_disjoint
472,train,22,token_disjoint
476,train,22,token_disjoint
478,train,22,token_disjoint
481,train,22,token_disjoint
492,train,22,token_disjoint
494,train,22,token_disjoint
495,train,22,token_disjoint
497,train,22,token_disjoint
503,train,22,token_disjoint
505,train,22,token_disjoint
508,train,22,token_disjoint
513,train,22,token_disjoint
514,train,22,token_disjoint
515,train,22,token_disjoint
516,train,22,token_disjoint
519,train,22,token_disjoint
521,train,22,token_disjoint
523,train,22,token_disjoint
524,train,22,token_disjoint
525,train,22,token_disjoint
528,train,22,token_disjoint
530,train,22,token_disjoint
537,train,22,token_disjoint
538,train,22,token_disjoint
539,train,22,token_disjoint
545,train,22,token_disjoint
547,train,22,token_disjoint
550,train,22,token_disjoint
551,train,22,token_disjoint
553,train,22,token_disjoint
555,train,22,token_disjoint
0,test,22,token_disjoint
5,test,22,token_disjoint
8,test,22,token_disjoint
10,test,22,token_disjoint
21,test,22,token_disjoint
23,test,22,token_disjoint
25,test,22,token_disjoint
37,test,22,token_disjoint
43,test,22,token_disjoint
45,test,22,token_disjoint
46,test,22,token_disjoint
48,test,22,token_disjoint
52,test,22,token_disjoint
60,test,22,token_disjoint
69,test,22,token_disjoint
74,test,22,token_disjoint
75,test,22,token_disjoint
83,test,22,token_disjoint
93,test,22,token_disjoint
99,test,22,token_disjoint
100,test,22,token_disjoint
105,test,22,token_disjoint
110,test,22,token_disjoint
111,test,22,token_disjoint
117,test,22,token_disjoint
122,test,22,token_disjoint
123,test,22,token_disjoint
128,test,22,token_disjoint
129,test,22,token_disjoint
133,test,22,token_disjoint
148,test,22,token_disjoint
149,test,22,token_disjoint
160,test,22,token_disjoint
171,test,22,token_disjoint
174,test,22,token_disjoint
175,test,22,token_disjoint
178,test,22,token_disjoint
179,test,22,token_disjoint
181,test,22,token_disjoint
191,test,22,token_disjoint
192,test,22,token_disjoint
198,test,22,token_disjoint
204,test,22,token_disjoint
208,test,22,token_disjoint
220,test,22,token_disjoint
221,test,22,token_disjoint
233,test,22,token_disjoint
236,test,22,token_disjoint
243,test,22,token_disjoint
247,test,22,token_disjoint
249,test,22,token_disjoint
250,test,22,token_disjoint
251,test,22,token_disjoint
253,test,22,token_disjoint
256,test,22,token_disjoint
259,test,22,token_disjoint
260,test,22,token_disjoint
261,test,22,token_disjoint
265,test,22,token_disjoint
271,test,22,token_disjoint
276,test,22,token_disjoint
284,test,22,token_disjoint
286,test,22,token_disjoint
287,test,22,token_disjoint
288,test,22,token_disjoint
293,test,22,token_disjoint
295,test,22,token_disjoint
299,test,22,token_disjoint
300,test,22,token_disjoint
301,test,22,token_disjoint
303,test,22,token_disjoint
310,test,22,token_disjoint
312,test,22,token_disjoint
317,test,22,token_disjoint
318,test,22,token_disjoint
326,test,22,token_disjoint
329,test,22,token_disjoint
339,test,22,token_disjoint
344,test,22,token_disjoint
346,test,22,token_disjoint
348,test,22,token_disjoint
362,test,22,token_disjoint
363,test,22,token_disjoint
364,test,22,token_disjoint
367,test,22,token_disjoint
368,test,22,token_disjoint
370,test,22,token_disjoint
371,test,22,token_disjoint
372,test,22,token_disjoint
374,test,22,token_disjoint
375,test,22,token_disjoint
379,test,22,token_disjoint
385,test,22,token_disjoint
391,test,22,token_disjoint
393,test,22,token_disjoint
395,test,22,token_disjoint
397,test,22,token_disjoint
399,test,22,token_disjoint
409,test,22,token_disjoint
413,test,22,token_disjoint
421,test,22,token_disjoint
422,test,22,token_disjoint
427,test,22,token_disjoint
428,test,22,token_disjoint
434,test,22,token_disjoint
450,test,22,token_disjoint
451,test,22,token_disjoint
454,test,22,token_disjoint
460,test,22,token_disjoint
465,test,22,token_disjoint
467,test,22,token_disjoint
469,test,22,token_disjoint
473,test,22,token_disjoint
475,test,22,token_disjoint
477,test,22,token_disjoint
484,test,22,token_disjoint
487,test,22,token_disjoint
488,test,22,token_disjoint
490,test,22,token_disjoint
493,test,22,token_disjoint
496,test,22,token_disjoint
500,test,22,token_disjoint
509,test,22,token_disjoint
531,test,22,token_disjoint
535,test,22,token_disjoint
542,test,22,token_disjoint
552,test,22,token_disjoint
1,discarded,22,token_disjoint
2,discarded,22,token_disjoint
3,discarded,22,token_disjoint
4,discarded,22,token_disjoint
6,discarded,22,token_disjoint
7,discarded,22,token_disjoint
9,discarded,22,token_disjoint
11,discarded,22,token_disjoint
12,discarded,22,token_disjoint
14,discarded,22,token_disjoint
15,discarded,22,token_disjoint
18,discarded,22,token_disjoint
19,discarded,22,token_disjoint
20,discarded,22,token_disjoint
24,discarded,22,token_disjoint
29,discarded,22,token_disjoint
30,discarded,22,token_disjoint
32,discarded,22,token_disjoint
33,discarded,22,token_disjoint
35,discarded,22,token_disjoint
40,discarded,22,token_disjoint
44,discarded,22,token_disjoint
47,discarded,22,token_disjoint
49,discarded,22,token_disjoint
57,discarded,22,token_disjoint
58,discarded,22,token_disjoint
59,discarded,22,token_disjoint
64,discarded,22,token_disjoint
65,discarded,22,token_disjoint
66,discarded,22,token_disjoint
68,discarded,22,token_disjoint
70,discarded,22,token_disjoint
71,discarded,22,token_disjoint
76,discarded,22,token_disjoint
79,discarded,22,token_disjoint
82,discarded,22,token_disjoint
84,discarded,22,token_disjoint
86,discarded,22,token_disjoint
87,discarded,22,token_disjoint
88,discarded,22,token_disjoint
90,discarded,22,token_disjoint
91,discarded,22,token_disjoint
92,discarded,22,token_disjoint
94,discarded,22,token_disjoint
95,discarded,22,token_disjoint
96,discarded,22,token_disjoint
97,discarded,22,token_disjoint
98,discarded,22,token_disjoint
101,discarded,22,token_disjoint
102,discarded,22,token_disjoint
103,discarded,22,token_disjoint
106,discarded,22,token_disjoint
109,discarded,22,token_disjoint
112,discarded,22,token_disjoint
113,discarded,22,token_disjoint
115,discarded,22,token_disjoint
118,discarded,22,token_disjoint
119,discarded,22,token_disjoint
121,discarded,22,token_disjoint
124,discarded,22,token_disjoint
130,discarded,22,token_disjoint
132,discarded,22,token_disjoint
135,discarded,22,token_disjoint
137,discarded,22,token_disjoint
138,discarded,22,token_disjoint
141,discarded,22,token_disjoint
144,discarded,22,token_disjoint
150,discarded,22,token_disjoint
151,discarded,22,token_disjoint
154,discarded,22,token_disjoint
156,discarded,22,token_disjoint
162,discarded,22,token_disjoint
166,discarded,22,token_disjoint
168,discarded,22,token_disjoint
173,discarded,22,token_disjoint
176,discarded,22,token_disjoint
177,discarded,22,token_disjoint
180,discarded,22,token_disjoint
183,discarded,22,token_disjoint
185,discarded,22,token_disjoint
186,discarded,22,token_disjoint
188,discarded,22,token_disjoint
190,discarded,22,token_disjoint
193,discarded,22,token_disjoint
197,discarded,22,token_disjoint
199,discarded,22,token_disjoint
200,discarded,22,token_disjoint
205,discarded,22,token_disjoint
209,discarded,22,token_disjoint
213,discarded,22,token_disjoint
216,discarded,22,token_disjoint
218,discarded,22,token_disjoint
219,discarded,22,token_disjoint
222,discarded,22,token_disjoint
223,discarded,22,token_disjoint
224,discarded,22,token_disjoint
225,discarded,22,token_disjoint
227,discarded,22,token_disjoint
231,discarded,22,token_disjoint
235,discarded,22,token_disjoint
237,discarded,22,token_disjoint
241,discarded,22,token_disjoint
242,discarded,22,token_disjoint
244,discarded,22,token_disjoint
246,discarded,22,token_disjoint
248,discarded,22,token_disjoint
262,discarded,22,token_disjoint
267,discarded,22,token_disjoint
270,discarded,22,token_disjoint
272,discarded,22,token_disjoint
279,discarded,22,token_disjoint
280,discarded,22,token_disjoint
281,discarded,22,token_disjoint
283,discarded,22,token_disjoint
285,discarded,22,token_disjoint
289,discarded,22,token_disjoint
290,discarded,22,token_disjoint
291,discarded,22,token_disjoint
294,discarded,22,token_disjoint
296,discarded,22,token_disjoint
304,discarded,22,token_disjoint
306,discarded,22,token_disjoint
307,discarded,22,token_disjoint
308,discarded,22,token_disjoint
314,discarded,22,token_disjoint
315,discarded,22,token_disjoint
321,discarded,22,token_disjoint
322,discarded,22,token_disjoint
323,discarded,22,token_disjoint
325,discarded,22,token_disjoint
327,discarded,22,token_disjoint
330,discarded,22,token_disjoint
331,discarded,22,token_disjoint
333,discarded,22,token_disjoint
334,discarded,22,token_disjoint
335,discarded,22,token_disjoint
336,discarded,22,token_disjoint
337,discarded,22,token_disjoint
340,discarded,22,token_disjoint
345,discarded,22,token_disjoint
347,discarded,22,token_disjoint
349,discarded,22,token_disjoint
353,discarded,22,token_disjoint
355,discarded,22,token_disjoint
356,discarded,22,token_disjoint
357,discarded,22,token_disjoint
358,discarded,22,token_disjoint
359,discarded,22,token_disjoint
360,discarded,22,token_disjoint
361,discarded,22,token_disjoint
365,discarded,22,token_disjoint
366,discarded,22,token_disjoint
369,discarded,22,token_disjoint
376,discarded,22,token_disjoint
378,discarded,22,token_disjoint
381,discarded,22,token_disjoint
386,discarded,22,token_disjoint
387,discarded,22,token_disjoint
389,discarded,22,token_disjoint
392,discarded,22,token_disjoint
394,discarded,22,token_disjoint
396,discarded,22,token_disjoint
400,discarded,22,token_disjoint
401,discarded,22,token_disjoint
402,discarded,22,token_disjoint
403,discarded,22,token_disjoint
404,discarded,22,token_disjoint
405,discarded,22,token_disjoint
406,discarded,22,token_disjoint
407,discarded,22,token_disjoint
411,discarded,22,token_disjoint
412,discarded,22,token_disjoint
414,discarded,22,token_disjoint
415,discarded,22,token_disjoint
417,discarded,22,token_disjoint
418,discarded,22,token_disjoint
419,discarded,22,token_disjoint
423,discarded,22,token_disjoint
424,discarded,22,token_disjoint
425,discarded,22,token_disjoint
426,discarded,22,token_disjoint
429,discarded,22,token_disjoint
430,discarded,22,token_disjoint
431,discarded,22,token_disjoint
433,discarded,22,token_disjoint
437,discarded,22,token_disjoint
438,discarded,22,token_disjoint
440,discarded,22,token_disjoint
441,discarded,22,token_disjoint
442,discarded,22,token_disjoint
443,discarded,22,token_disjoint
444,discarded,22,token_disjoint
445,discarded,22,token_disjoint
446,discarded,22,token_disjoint
447,discarded,22,token_disjoint
449,discarded,22,token_disjoint
457,discarded,22,token_disjoint
458,discarded,22,token_disjoint
459,discarded,22,token_disjoint
461,discarded,22,token_disjoint
462,discarded,22,token_disjoint
464,discarded,22,token_disjoint
468,discarded,22,token_disjoint
471,discarded,22,token_disjoint
474,discarded,22,token_disjoint
479,discarded,22,token_disjoint
480,discarded,22,token_disjoint
482,discarded,22,token_disjoint
483,discarded,22,token_disjoint
485,discarded,22,token_disjoint
486,discarded,22,token_disjoint
489,discarded,22,token_disjoint
491,discarded,22,token_disjoint
498,discarded,22,token_disjoint
499,discarded,22,token_disjoint
501,discarded,22,token_disjoint
502,discarded,22,token_disjoint
504,discarded,22,token_disjoint
506,discarded,22,token_disjoint
507,discarded,22,token_disjoint
510,discarded,22,token_disjoint
511,discarded,22,token_disjoint
512,discarded,22,token_disjoint
517,discarded,22,token_disjoint
518,discarded,22,token_disjoint
520,discarded,22,token_disjoint
522,discarded,22,token_disjoint
526,discarded,22,token_disjoint
527,discarded,22,token_disjoint
529,discarded,22,token_disjoint
532,discarded,22,token_disjoint
533,discarded,22,token_disjoint
534,discarded,22,token_disjoint
536,discarded,22,token_disjoint
540,discarded,22,token_disjoint
541,discarded,22,token_disjoint
543,discarded,22,token_disjoint
544,discarded,22,token_disjoint
546,discarded,22,token_disjoint
548,discarded,22,token_disjoint
549,discarded,22,token_disjoint
554,discarded,22,token_disjoint
556,discarded,22,token_disjoint
557,discarded,22,token_disjoint
558,discarded,22,token_disjoint
559,discarded,22,token_disjoint
0,train,22,edge_disjoint
1,train,22,edge_disjoint
2,train,22,edge_disjoint
3,train,22,edge_disjoint
5,train,22,edge_disjoint
6,train,22,edge_disjoint
7,train,22,edge_disjoint
8,train,22,edge_disjoint
9,train,22,edge_disjoint
10,train,22,edge_disjoint
11,train,22,edge_disjoint
12,train,22,edge_disjoint
14,train,22,edge_disjoint
16,train,22,edge_disjoint
17,train,22,edge_disjoint
18,train,22,edge_disjoint
20,train,22,edge_disjoint
21,train,22,edge_disjoint
24,train,22,edge_disjoint
25,train,22,edge_disjoint
26,train,22,edge_disjoint
27,train,22,edge_disjoint
28,train,22,edge_disjoint
30,train,22,edge_disjoint
31,train,22,edge_disjoint
32,train,22,edge_disjoint
34,train,22,edge_disjoint
35,train,22,edge_disjoint
36,train,22,edge_disjoint
37,train,22,edge_disjoint
38,train,22,edge_disjoint
40,train,22,edge_disjoint
42,train,22,edge_disjoint
45,train,22,edge_disjoint
46,train,22,edge_disjoint
47,train,22,edge_disjoint
48,train,22,edge_disjoint
49,train,22,edge_disjoint
50,train,22,edge_disjoint
51,train,22,edge_disjoint
52,train,22,edge_disjoint
53,train,22,edge_disjoint
54,train,22,edge_disjoint
55,train,22,edge_disjoint
56,train,22,edge_disjoint
58,train,22,edge_disjoint
59,train,22,edge_disjoint
60,train,22,edge_disjoint
61,train,22,edge_disjoint
62,train,22,edge_disjoint
63,train,22,edge_disjoint
64,train,22,edge_disjoint
65,train,22,edge_disjoint
66,train,22,edge_disjoint
67,train,22,edge_disjoint
68,train,22,edge_disjoint
69,train,22,edge_disjoint
70,train,22,edge_disjoint
71,train,22,edge_disjoint
72,train,22,edge_disjoint
73,train,22,edge_disjoint
74,train,22,edge_disjoint
75,train,22,edge_disjoint
76,train,22,edge_disjoint
77,train,22,edge_disjoint
79,train,22,edge_disjoint
81,train,22,edge_disjoint
85,train,22,edge_disjoint
86,train,22,edge_disjoint
87,train,22,edge_disjoint
88,train,22,edge_disjoint
89,train,22,edge_disjoint
90,train,22,edge_disjoint
91,train,22,edge_disjoint
92,train,22,edge_disjoint
93,train,22,edge_disjoint
94,train,22,edge_disjoint
97,train,22,edge_disjoint
98,train,22,edge_disjoint
101,train,22,edge_disjoint
102,train,22,edge_disjoint
103,train,22,edge_disjoint
104,train,22,edge_disjoint
106,train,22,edge_disjoint
107,train,22,edge_disjoint
108,train,22,edge_disjoint
109,train,22,edge_disjoint
110,train,22,edge_disjoint
112,train,22,edge_disjoint
114,train,22,edge_disjoint
115,train,22,edge_disjoint
117,train,22,edge_disjoint
118,train,22,edge_disjoint
120,train,22,edge_disjoint
121,train,22,edge_disjoint
122,train,22,edge_disjoint
123,train,22,edge_disjoint
125,train,22,edge_disjoint
126,train,22,edge_disjoint
127,train,22,edge_disjoint
128,train,22,edge_disjoint
129,train,22,edge_disjoint
130,train,22,edge_disjoint
131,train,22,edge_disjoint
132,train,22,edge_disjoint
133,train,22,edge_disjoint
134,train,22,edge_disjoint
135,train,22,edge_disjoint
136,train,22,edge_disjoint
138,train,22,edge_disjoint
140,train,22,edge_disjoint
141,train,22,edge_disjoint
143,train,22,edge_disjoint
144,train,22,edge_disjoint
145,train,22,edge_disjoint
146,train,22,edge_disjoint
147,train,22,edge_disjoint
148,train,22,edge_disjoint
149,train,22,edge_disjoint
150,train,22,edge_disjoint
151,train,22,edge_disjoint
152,train,22,edge_disjoint
153,train,22,edge_disjoint
154,train,22,edge_disjoint
155,train,22,edge_disjoint
159,train,22,edge_disjoint
160,train,22,edge_disjoint
161,train,22,edge_disjoint
162,train,22,edge_disjoint
164,train,22,edge_disjoint
165,train,22,edge_disjoint
166,train,22,edge_disjoint
167,train,22,edge_disjoint
168,train,22,edge_disjoint
169,train,22,edge_disjoint
172,train,22,edge_disjoint
173,train,22,edge_disjoint
174,train,22,edge_disjoint
175,train,22,edge_disjoint
176,train,22,edge_disjoint
177,train,22,edge_disjoint
178,train,22,edge_disjoint
179,train,22,edge_disjoint
180,train,22,edge_disjoint
181,train,22,edge_disjoint
183,train,22,edge_disjoint
184,train,22,edge_disjoint
186,train,22,edge_disjoint
188,train,22,edge_disjoint
189,train,22,edge_disjoint
190,train,22,edge_disjoint
192,train,22,edge_disjoint
193,train,22,edge_disjoint
195,train,22,edge_disjoint
196,train,22,edge_disjoint
197,train,22,edge_disjoint
199,train,22,edge_disjoint
201,train,22,edge_disjoint
202,train,22,edge_disjoint
204,train,22,edge_disjoint
205,train,22,edge_disjoint
206,train,22,edge_disjoint
208,train,22,edge_disjoint
209,train,22,edge_disjoint
210,train,22,edge_disjoint
211,train,22,edge_disjoint
213,train,22,edge_disjoint
214,train,22,edge_disjoint
215,train,22,edge_disjoint
216,train,22,edge_disjoint
217,train,22,edge_disjoint
218,train,22,edge_disjoint
219,train,22,edge_disjoint
220,train,22,edge_disjoint
221,train,22,edge_disjoint
222,train,22,edge_disjoint
223,train,22,edge_disjoint
225,train,22,edge_disjoint
227,train,22,edge_disjoint
229,train,22,edge_disjoint
230,train,22,edge_disjoint
231,train,22,edge_disjoint
233,train,22,edge_disjoint
234,train,22,edge_disjoint
235,train,22,edge_disjoint
236,train,22,edge_disjoint
237,train,22,edge_disjoint
238,train,22,edge_disjoint
239,train,22,edge_disjoint
240,train,22,edge_disjoint
242,train,22,edge_disjoint
243,train,22,edge_disjoint
244,train,22,edge_disjoint
245,train,22,edge_disjoint
246,train,22,edge_disjoint
247,train,22,edge_disjoint
249,train,22,edge_disjoint
250,train,22,edge_disjoint
251,train,22,edge_disjoint
252,train,22,edge_disjoint
253,train,22,edge_disjoint
254,train,22,edge_disjoint
256,train,22,edge_disjoint
257,train,22,edge_disjoint
258,train,22,edge_disjoint
259,train,22,edge_disjoint
260,train,22,edge_disjoint
262,train,22,edge_disjoint
263,train,22,edge_disjoint
265,train,22,edge_disjoint
267,train,22,edge_disjoint
268,train,22,edge_disjoint
269,train,22,edge_disjoint
270,train,22,edge_disjoint
271,train,22,edge_disjoint
273,train,22,edge_disjoint
274,train,22,edge_disjoint
275,train,22,edge_disjoint
277,train,22,edge_disjoint
278,train,22,edge_disjoint
279,train,22,edge_disjoint
280,train,22,edge_disjoint
282,train,22,edge_disjoint
283,train,22,edge_disjoint
284,train,22,edge_disjoint
285,train,22,edge_disjoint
286,train,22,edge_disjoint
287,train,22,edge_disjoint
288,train,22,edge_disjoint
289,train,22,edge_disjoint
290,train,22,edge_disjoint
294,train,22,edge_disjoint
295,train,22,edge_disjoint
296,train,22,edge_disjoint
297,train,22,edge_disjoint
298,train,22,edge_disjoint
299,train,22,edge_disjoint
300,train,22,edge_disjoint
301,train,22,edge_disjoint
302,train,22,edge_disjoint
303,train,22,edge_disjoint
304,train,22,edge_disjoint
305,train,22,edge_disjoint
306,train,22,edge_disjoint
307,train,22,edge_disjoint
308,train,22,edge_disjoint
309,train,22,edge_disjoint
310,train,22,edge_disjoint
311,train,22,edge_disjoint
312,train,22,edge_disjoint
313,train,22,edge_disjoint
314,train,22,edge_disjoint
315,train,22,edge_disjoint
316,train,22,edge_disjoint
317,train,22,edge_disjoint
318,train,22,edge_disjoint
319,train,22,edge_disjoint
320,train,22,edge_disjoint
322,train,22,edge_disjoint
323,train,22,edge_disjoint
324,train,22,edge_disjoint
325,train,22,edge_disjoint
327,train,22,edge_disjoint
328,train,22,edge_disjoint
329,train,22,edge_disjoint
330,train,22,edge_disjoint
332,train,22,edge_disjoint
333,train,22,edge_disjoint
334,train,22,edge_disjoint
335,train,22,edge_disjoint
336,train,22,edge_disjoint
337,train,22,edge_disjoint
338,train,22,edge_disjoint
339,train,22,edge_disjoint
340,train,22,edge_disjoint
341,train,22,edge_disjoint
342,train,22,edge_disjoint
343,train,22,edge_disjoint
344,train,22,edge_disjoint
346,train,22,edge_disjoint
347,train,22,edge_disjoint
348,train,22,edge_disjoint
349,train,22,edge_disjoint
350,train,22,edge_disjoint
351,train,22,edge_disjoint
352,train,22,edge_disjoint
354,train,22,edge_disjoint
355,train,22,edge_disjoint
356,train,22,edge_disjoint
357,train,22,edge_disjoint
358,train,22,edge_disjoint
359,train,22,edge_disjoint
360,train,22,edge_disjoint
362,train,22,edge_disjoint
363,train,22,edge_disjoint
364,train,22,edge_disjoint
365,train,22,edge_disjoint
366,train,22,edge_disjoint
367,train,22,edge_disjoint
368,train,22,edge_disjoint
369,train,22,edge_disjoint
370,train,22,edge_disjoint
372,train,22,edge_disjoint
376,train,22,edge_disjoint
377,train,22,edge_disjoint
378,train,22,edge_disjoint
379,train,22,edge_disjoint
381,train,22,edge_disjoint
382,train,22,edge_disjoint
385,train,22,edge_disjoint
387,train,22,edge_disjoint
390,train,22,edge_disjoint
391,train,22,edge_disjoint
393,train,22,edge_disjoint
394,train,22,edge_disjoint
395,train,22,edge_disjoint
396,train,22,edge_disjoint
397,train,22,edge_disjoint
398,train,22,edge_disjoint
399,train,22,edge_disjoint
400,train,22,edge_disjoint
401,train,22,edge_disjoint
402,train,22,edge_disjoint
404,train,22,edge_disjoint
405,train,22,edge_disjoint
406,train,22,edge_disjoint
407,train,22,edge_disjoint
408,train,22,edge_disjoint
409,train,22,edge_disjoint
411,train,22,edge_disjoint
412,train,22,edge_disjoint
413,train,22,edge_disjoint
415,train,22,edge_disjoint
416,train,22,edge_disjoint
417,train,22,edge_disjoint
418,train,22,edge_disjoint
420,train,22,edge_disjoint
422,train,22,edge_disjoint
423,train,22,edge_disjoint
424,train,22,edge_disjoint
425,train,22,edge_disjoint
427,train,22,edge_disjoint
428,train,22,edge_disjoint
429,train,22,edge_disjoint
430,train,22,edge_disjoint
431,train,22,edge_disjoint
432,train,22,edge_disjoint
433,train,22,edge_disjoint
435,train,22,edge_disjoint
437,train,22,edge_disjoint
438,train,22,edge_disjoint
440,train,22,edge_disjoint
441,train,22,edge_disjoint
442,train,22,edge_disjoint
444,train,22,edge_disjoint
445,train,22,edge_disjoint
446,train,22,edge_disjoint
447,train,22,edge_disjoint
449,train,22,edge_disjoint
451,train,22,edge_disjoint
452,train,22,edge_disjoint
453,train,22,edge_disjoint
454,train,22,edge_disjoint
455,train,22,edge_disjoint
456,train,22,edge_disjoint
457,train,22,edge_disjoint
459,train,22,edge_disjoint
460,train,22,edge_disjoint
461,train,22,edge_disjoint
462,train,22,edge_disjoint
463,train,22,edge_disjoint
465,train,22,edge_disjoint
466,train,22,edge_disjoint
468,train,22,edge_disjoint
470,train,22,edge_disjoint
471,train,22,edge_disjoint
472,train,22,edge_disjoint
475,train,22,edge_disjoint
476,train,22,edge_disjoint
477,train,22,edge_disjoint
478,train,22,edge_disjoint
480,train,22,edge_disjoint
481,train,22,edge_disjoint
482,train,22,edge_disjoint
483,train,22,edge_disjoint
484,train,22,edge_disjoint
486,train,22,edge_disjoint
487,train,22,edge_disjoint
488,train,22,edge_disjoint
490,train,22,edge_disjoint
491,train,22,edge_disjoint
492,train,22,edge_disjoint
493,train,22,edge_disjoint
494,train,22,edge_disjoint
495,train,22,edge_disjoint
498,train,22,edge_disjoint
499,train,22,edge_disjoint
500,train,22,edge_disjoint
502,train,22,edge_disjoint
503,train,22,edge_disjoint
504,train,22,edge_disjoint
505,train,22,edge_disjoint
506,train,22,edge_disjoint
507,train,22,edge_disjoint
508,train,22,edge_disjoint
509,train,22,edge_disjoint
510,train,22,edge_disjoint
511,train,22,edge_disjoint
512,train,22,edge_disjoint
513,train,22,edge_disjoint
514,train,22,edge_disjoint
515,train,22,edge_disjoint
518,train,22,edge_disjoint
520,train,22,edge_disjoint
521,train,22,edge_disjoint
522,train,22,edge_disjoint
523,train,22,edge_disjoint
524,train,22,edge_disjoint
525,train,22,edge_disjoint
526,train,22,edge_disjoint
527,train,22,edge_disjoint
529,train,22,edge_disjoint
530,train,22,edge_disjoint
531,train,22,edge_disjoint
532,train,22,edge_disjoint
533,train,22,edge_disjoint
534,train,22,edge_disjoint
535,train,22,edge_disjoint
536,train,22,edge_disjoint
537,train,22,edge_disjoint
539,train,22,edge_disjoint
540,train,22,edge_disjoint
541,train,22,edge_disjoint
542,train,22,edge_disjoint
543,train,22,edge_disjoint
545,train,22,edge_disjoint
546,train,22,edge_disjoint
547,train,22,edge_disjoint
548,train,22,edge_disjoint
550,train,22,edge_disjoint
551,train,22,edge_disjoint
552,train,22,edge_disjoint
554,train,22,edge_disjoint
555,train,22,edge_disjoint
556,train,22,edge_disjoint
557,train,22,edge_disjoint
558,train,22,edge_disjoint
559,train,22,edge_disjoint
4,test,22,edge_disjoint
13,test,22,edge_disjoint
15,test,22,edge_disjoint
19,test,22,edge_disjoint
22,test,22,edge_disjoint
23,test,22,edge_disjoint
29,test,22,edge_disjoint
33,test,22,edge_disjoint
39,test,22,edge_disjoint
41,test,22,edge_disjoint
43,test,22,edge_disjoint
44,test,22,edge_disjoint
57,test,22,edge_disjoint
78,test,22,edge_disjoint
80,test,22,edge_disjoint
82,test,22,edge_disjoint
83,test,22,edge_disjoint
84,test,22,edge_disjoint
95,test,22,edge_disjoint
96,test,22,edge_disjoint
99,test,22,edge_disjoint
100,test,22,edge_disjoint
105,test,22,edge_disjoint
111,test,22,edge_disjoint
113,test,22,edge_disjoint
116,test,22,edge_disjoint
119,test,22,edge_disjoint
124,test,22,edge_disjoint
137,test,22,edge_disjoint
139,test,22,edge_disjoint
142,test,22,edge_disjoint
156,test,22,edge_disjoint
157,test,22,edge_disjoint
158,test,22,edge_disjoint
163,test,22,edge_disjoint
170,test,22,edge_disjoint
171,test,22,edge_disjoint
182,test,22,edge_disjoint
185,test,22,edge_disjoint
187,test,22,edge_disjoint
191,test,22,edge_disjoint
194,test,22,edge_disjoint
198,test,22,edge_disjoint
200,test,22,edge_disjoint
203,test,22,edge_disjoint
207,test,22,edge_disjoint
212,test,22,edge_disjoint
224,test,22,edge_disjoint
226,test,22,edge_disjoint
228,test,22,edge_disjoint
232,test,22,edge_disjoint
241,test,22,edge_disjoint
248,test,22,edge_disjoint
255,test,22,edge_disjoint
261,test,22,edge_disjoint
264,test,22,edge_disjoint
266,test,22,edge_disjoint
272,test,22,edge_disjoint
276,test,22,edge_disjoint
281,test,22,edge_disjoint
291,test,22,edge_disjoint
292,test,22,edge_disjoint
293,test,22,edge_disjoint
321,test,22,edge_disjoint
326,test,22,edge_disjoint
331,test,22,edge_disjoint
345,test,22,edge_disjoint
353,test,22,edge_disjoint
361,test,22,edge_disjoint
371,test,22,edge_disjoint
373,test,22,edge_disjoint
374,test,22,edge_disjoint
375,test,22,edge_disjoint
380,test,22,edge_disjoint
383,test,22,edge_disjoint
384,test,22,edge_disjoint
386,test,22,edge_disjoint
388,test,22,edge_disjoint
389,test,22,edge_disjoint
392,test,22,edge_disjoint
403,test,22,edge_disjoint
410,test,22,edge_disjoint
414,test,22,edge_disjoint
419,test,22,edge_disjoint
421,test,22,edge_disjoint
426,test,22,edge_disjoint
434,test,22,edge_disjoint
436,test,22,edge_disjoint
439,test,22,edge_disjoint
443,test,22,edge_disjoint
448,test,22,edge_disjoint
450,test,22,edge_disjoint
458,test,22,edge_disjoint
464,test,22,edge_disjoint
467,test,22,edge_disjoint
469,test,22,edge_disjoint
473,test,22,edge_disjoint
474,test,22,edge_disjoint
479,test,22,edge_disjoint
485,test,22,edge_disjoint
489,test,22,edge_disjoint
496,test,22,edge_disjoint
497,test,22,edge_disjoint
501,test,22,edge_disjoint
516,test,22,edge_disjoint
517,test,22,edge_disjoint
519,test,22,edge_disjoint
528,test,22,edge_disjoint
538,test,22,edge_disjoint
544,test,22,edge_disjoint
549,test,22,edge_disjoint
553,test,22,edge_disjoint
2,train,22,edge_disjoint_size_matched
3,train,22,edge_disjoint_size_matched
6,train,22,edge_disjoint_size_matched
16,train,22,edge_disjoint_size_matched
18,train,22,edge_disjoint_size_matched
21,train,22,edge_disjoint_size_matched
25,train,22,edge_disjoint_size_matched
27,train,22,edge_disjoint_size_matched
31,train,22,edge_disjoint_size_matched
36,train,22,edge_disjoint_size_matched
37,train,22,edge_disjoint_size_matched
46,train,22,edge_disjoint_size_matched
50,train,22,edge_disjoint_size_matched
51,train,22,edge_disjoint_size_matched
53,train,22,edge_disjoint_size_matched
55,train,22,edge_disjoint_size_matched
56,train,22,edge_disjoint_size_matched
58,train,22,edge_disjoint_size_matched
60,train,22,edge_disjoint_size_matched
61,train,22,edge_disjoint_size_matched
63,train,22,edge_disjoint_size_matched
64,train,22,edge_disjoint_size_matched
67,train,22,edge_disjoint_size_matched
70,train,22,edge_disjoint_size_matched
74,train,22,edge_disjoint_size_matched
75,train,22,edge_disjoint_size_matched
76,train,22,edge_disjoint_size_matched
77,train,22,edge_disjoint_size_matched
87,train,22,edge_disjoint_size_matched
88,train,22,edge_disjoint_size_matched
90,train,22,edge_disjoint_size_matched
91,train,22,edge_disjoint_size_matched
93,train,22,edge_disjoint_size_matched
97,train,22,edge_disjoint_size_matched
102,train,22,edge_disjoint_size_matched
103,train,22,edge_disjoint_size_matched
106,train,22,edge_disjoint_size_matched
112,train,22,edge_disjoint_size_matched
121,train,22,edge_disjoint_size_matched
125,train,22,edge_disjoint_size_matched
126,train,22,edge_disjoint_size_matched
132,train,22,edge_disjoint_size_matched
135,train,22,edge_disjoint_size_matched
140,train,22,edge_disjoint_size_matched
141,train,22,edge_disjoint_size_matched
145,train,22,edge_disjoint_size_matched
147,train,22,edge_disjoint_size_matched
148,train,22,edge_disjoint_size_matched
149,train,22,edge_disjoint_size_matched
150,train,22,edge_disjoint_size_matched
153,train,22,edge_disjoint_size_matched
160,train,22,edge_disjoint_size_matched
162,train,22,edge_disjoint_size_matched
172,train,22,edge_disjoint_size_matched
174,train,22,edge_disjoint_size_matched
176,train,22,edge_disjoint_size_matched
177,train,22,edge_disjoint_size_matched
178,train,22,edge_disjoint_size_matched
180,train,22,edge_disjoint_size_matched
181,train,22,edge_disjoint_size_matched
192,train,22,edge_disjoint_size_matched
211,train,22,edge_disjoint_size_matched
213,train,22,edge_disjoint_size_matched
214,train,22,edge_disjoint_size_matched
215,train,22,edge_disjoint_size_matched
218,train,22,edge_disjoint_size_matched
221,train,22,edge_disjoint_size_matched
230,train,22,edge_disjoint_size_matched
235,train,22,edge_disjoint_size_matched
244,train,22,edge_disjoint_size_matched
245,train,22,edge_disjoint_size_matched
246,train,22,edge_disjoint_size_matched
249,train,22,edge_disjoint_size_matched
250,train,22,edge_disjoint_size_matched
251,train,22,edge_disjoint_size_matched
252,train,22,edge_disjoint_size_matched
253,train,22,edge_disjoint_size_matched
258,train,22,edge_disjoint_size_matched
260,train,22,edge_disjoint_size_matched
265,train,22,edge_disjoint_size_matched
270,train,22,edge_disjoint_size_matched
273,train,22,edge_disjoint_size_matched
275,train,22,edge_disjoint_size_matched
277,train,22,edge_disjoint_size_matched
278,train,22,edge_disjoint_size_matched
280,train,22,edge_disjoint_size_matched
282,train,22,edge_disjoint_size_matched
283,train,22,edge_disjoint_size_matched
285,train,22,edge_disjoint_size_matched
286,train,22,edge_disjoint_size_matched
289,train,22,edge_disjoint_size_matched
294,train,22,edge_disjoint_size_matched
295,train,22,edge_disjoint_size_matched
296,train,22,edge_disjoint_size_matched
299,train,22,edge_disjoint_size_matched
300,train,22,edge_disjoint_size_matched
301,train,22,edge_disjoint_size_matched
304,train,22,edge_disjoint_size_matched
315,train,22,edge_disjoint_size_matched
317,train,22,edge_disjoint_size_matched
318,train,22,edge_disjoint_size_matched
320,train,22,edge_disjoint_size_matched
323,train,22,edge_disjoint_size_matched
329,train,22,edge_disjoint_size_matched
336,train,22,edge_disjoint_size_matched
337,train,22,edge_disjoint_size_matched
346,train,22,edge_disjoint_size_matched
347,train,22,edge_disjoint_size_matched
350,train,22,edge_disjoint_size_matched
352,train,22,edge_disjoint_size_matched
356,train,22,edge_disjoint_size_matched
358,train,22,edge_disjoint_size_matched
359,train,22,edge_disjoint_size_matched
363,train,22,edge_disjoint_size_matched
365,train,22,edge_disjoint_size_matched
378,train,22,edge_disjoint_size_matched
379,train,22,edge_disjoint_size_matched
381,train,22,edge_disjoint_size_matched
385,train,22,edge_disjoint_size_matched
393,train,22,edge_disjoint_size_matched
406,train,22,edge_disjoint_size_matched
407,train,22,edge_disjoint_size_matched
412,train,22,edge_disjoint_size_matched
418,train,22,edge_disjoint_size_matched
423,train,22,edge_disjoint_size_matched
427,train,22,edge_disjoint_size_matched
432,train,22,edge_disjoint_size_matched
435,train,22,edge_disjoint_size_matched
437,train,22,edge_disjoint_size_matched
438,train,22,edge_disjoint_size_matched
441,train,22,edge_disjoint_size_matched
449,train,22,edge_disjoint_size_matched
456,train,22,edge_disjoint_size_matched
457,train,22,edge_disjoint_size_matched
459,train,22,edge_disjoint_size_matched
461,train,22,edge_disjoint_size_matched
462,train,22,edge_disjoint_size_matched
463,train,22,edge_disjoint_size_matched
465,train,22,edge_disjoint_size_matched
472,train,22,edge_disjoint_size_matched
476,train,22,edge_disjoint_size_matched
478,train,22,edge_disjoint_size_matched
483,train,22,edge_disjoint_size_matched
488,train,22,edge_disjoint_size_matched
494,train,22,edge_disjoint_size_matched
495,train,22,edge_disjoint_size_matched
498,train,22,edge_disjoint_size_matched
500,train,22,edge_disjoint_size_matched
502,train,22,edge_disjoint_size_matched
503,train,22,edge_disjoint_size_matched
506,train,22,edge_disjoint_size_matched
508,train,22,edge_disjoint_size_matched
514,train,22,edge_disjoint_size_matched
518,train,22,edge_disjoint_size_matched
522,train,22,edge_disjoint_size_matched
523,train,22,edge_disjoint_size_matched
525,train,22,edge_disjoint_size_matched
526,train,22,edge_disjoint_size_matched
527,train,22,edge_disjoint_size_matched
530,train,22,edge_disjoint_size_matched
531,train,22,edge_disjoint_size_matched
535,train,22,edge_disjoint_size_matched
539,train,22,edge_disjoint_size_matched
541,train,22,edge_disjoint_size_matched
545,train,22,edge_disjoint_size_matched
546,train,22,edge_disjoint_size_matched
547,train,22,edge_disjoint_size_matched
548,train,22,edge_disjoint_size_matched
550,train,22,edge_disjoint_size_matched
551,train,22,edge_disjoint_size_matched
552,train,22,edge_disjoint_size_matched
554,train,22,edge_disjoint_size_matched
4,test,22,edge_disjoint_size_matched
13,test,22,edge_disjoint_size_matched
15,test,22,edge_disjoint_size_matched
19,test,22,edge_disjoint_size_matched
22,test,22,edge_disjoint_size_matched
23,test,22,edge_disjoint_size_matched
29,test,22,edge_disjoint_size_matched
33,test,22,edge_disjoint_size_matched
39,test,22,edge_disjoint_size_matched
41,test,22,edge_disjoint_size_matched
43,test,22,edge_disjoint_size_matched
44,test,22,edge_disjoint_size_matched
57,test,22,edge_disjoint_size_matched
78,test,22,edge_disjoint_size_matched
80,test,22,edge_disjoint_size_matched
82,test,22,edge_disjoint_size_matched
83,test,22,edge_disjoint_size_matched
84,test,22,edge_disjoint_size_matched
95,test,22,edge_disjoint_size_matched
96,test,22,edge_disjoint_size_matched
99,test,22,edge_disjoint_size_matched
100,test,22,edge_disjoint_size_matched
105,test,22,edge_disjoint_size_matched
111,test,22,edge_disjoint_size_matched
113,test,22,edge_disjoint_size_matched
116,test,22,edge_disjoint_size_matched
119,test,22,edge_disjoint_size_matched
124,test,22,edge_disjoint_size_matched
137,test,22,edge_disjoint_size_matched
139,test,22,edge_disjoint_size_matched
142,test,22,edge_disjoint_size_matched
156,test,22,edge_disjoint_size_matched
157,test,22,edge_disjoint_size_matched
158,test,22,edge_disjoint_size_matched
163,test,22,edge_disjoint_size_matched
170,test,22,edge_disjoint_size_matched
171,test,22,edge_disjoint_size_matched
182,test,22,edge_disjoint_size_matched
185,test,22,edge_disjoint_size_matched
187,test,22,edge_disjoint_size_matched
191,test,22,edge_disjoint_size_matched
194,test,22,edge_disjoint_size_matched
198,test,22,edge_disjoint_size_matched
200,test,22,edge_disjoint_size_matched
203,test,22,edge_disjoint_size_matched
207,test,22,edge_disjoint_size_matched
212,test,22,edge_disjoint_size_matched
224,test,22,edge_disjoint_size_matched
226,test,22,edge_disjoint_size_matched
228,test,22,edge_disjoint_size_matched
232,test,22,edge_disjoint_size_matched
241,test,22,edge_disjoint_size_matched
248,test,22,edge_disjoint_size_matched
255,test,22,edge_disjoint_size_matched
261,test,22,edge_disjoint_size_matched
264,test,22,edge_disjoint_size_matched
266,test,22,edge_disjoint_size_matched
272,test,22,edge_disjoint_size_matched
276,test,22,edge_disjoint_size_matched
281,test,22,edge_disjoint_size_matched
291,test,22,edge_disjoint_size_matched
292,test,22,edge_disjoint_size_matched
293,test,22,edge_disjoint_size_matched
321,test,22,edge_disjoint_size_matched
326,test,22,edge_disjoint_size_matched
331,test,22,edge_disjoint_size_matched
345,test,22,edge_disjoint_size_matched
353,test,22,edge_disjoint_size_matched
361,test,22,edge_disjoint_size_matched
371,test,22,edge_disjoint_size_matched
373,test,22,edge_disjoint_size_matched
374,test,22,edge_disjoint_size_matched
375,test,22,edge_disjoint_size_matched
380,test,22,edge_disjoint_size_matched
383,test,22,edge_disjoint_size_matched
384,test,22,edge_disjoint_size_matched
386,test,22,edge_disjoint_size_matched
388,test,22,edge_disjoint_size_matched
389,test,22,edge_disjoint_size_matched
392,test,22,edge_disjoint_size_matched
403,test,22,edge_disjoint_size_matched
410,test,22,edge_disjoint_size_matched
414,test,22,edge_disjoint_size_matched
419,test,22,edge_disjoint_size_matched
421,test,22,edge_disjoint_size_matched
426,test,22,edge_disjoint_size_matched
434,test,22,edge_disjoint_size_matched
436,test,22,edge_disjoint_size_matched
439,test,22,edge_disjoint_size_matched
443,test,22,edge_disjoint_size_matched
448,test,22,edge_disjoint_size_matched
450,test,22,edge_disjoint_size_matched
458,test,22,edge_disjoint_size_matched
464,test,22,edge_disjoint_size_matched
467,test,22,edge_disjoint_size_matched
469,test,22,edge_disjoint_size_matched
473,test,22,edge_disjoint_size_matched
474,test,22,edge_disjoint_size_matched
479,test,22,edge_disjoint_size_matched
485,test,22,edge_disjoint_size_matched
489,test,22,edge_disjoint_size_matched
496,test,22,edge_disjoint_size_matched
497,test,22,edge_disjoint_size_matched
501,test,22,edge_disjoint_size_matched
516,test,22,edge_disjoint_size_matched
517,test,22,edge_disjoint_size_matched
519,test,22,edge_disjoint_size_matched
528,test,22,edge_disjoint_size_matched
538,test,22,edge_disjoint_size_matched
544,test,22,edge_disjoint_size_matched
549,test,22,edge_disjoint_size_matched
553,test,22,edge_disjoint_size_matched
0,discarded,22,edge_disjoint_size_matched
1,discarded,22,edge_disjoint_size_matched
5,discarded,22,edge_disjoint_size_matched
7,discarded,22,edge_disjoint_size_matched
8,discarded,22,edge_disjoint_size_matched
9,discarded,22,edge_disjoint_size_matched
10,discarded,22,edge_disjoint_size_matched
11,discarded,22,edge_disjoint_size_matched
12,discarded,22,edge_disjoint_size_matched
14,discarded,22,edge_disjoint_size_matched
17,discarded,22,edge_disjoint_size_matched
20,discarded,22,edge_disjoint_size_matched
24,discarded,22,edge_disjoint_size_matched
26,discarded,22,edge_disjoint_size_matched
28,discarded,22,edge_disjoint_size_matched
30,discarded,22,edge_disjoint_size_matched
32,discarded,22,edge_disjoint_size_matched
34,discarded,22,edge_disjoint_size_matched
35,discarded,22,edge_disjoint_size_matched
38,discarded,22,edge_disjoint_size_matched
40,discarded,22,edge_disjoint_size_matched
42,discarded,22,edge_disjoint_size_matched
45,discarded,22,edge_disjoint_size_matched
47,discarded,22,edge_disjoint_size_matched
48,discarded,22,edge_disjoint_size_matched
49,discarded,22,edge_disjoint_size_matched
52,discarded,22,edge_disjoint_size_matched
54,discarded,22,edge_disjoint_size_matched
59,discarded,22,edge_disjoint_size_matched
62,discarded,22,edge_disjoint_size_matched
65,discarded,22,edge_disjoint_size_matched
66,discarded,22,edge_disjoint_size_matched
68,discarded,22,edge_disjoint_size_matched
69,discarded,22,edge_disjoint_size_matched
71,discarded,22,edge_disjoint_size_matched
72,discarded,22,edge_disjoint_size_matched
73,discarded,22,edge_disjoint_size_matched
79,discarded,22,edge_disjoint_size_matched
81,discarded,22,edge_disjoint_size_matched
85,discarded,22,edge_disjoint_size_matched
86,discarded,22,edge_disjoint_size_matched
89,discarded,22,edge_disjoint_size_matched
92,discarded,22,edge_disjoint_size_matched
94,discarded,22,edge_disjoint_size_matched
98,discarded,22,edge_disjoint_size_matched
101,discarded,22,edge_disjoint_size_matched
104,discarded,22,edge_disjoint_size_matched
107,discarded,22,edge_disjoint_size_matched
108,discarded,22,edge_disjoint_size_matched
109,discarded,22,edge_disjoint_size_matched
110,discarded,22,edge_disjoint_size_matched
114,discarded,22,edge_disjoint_size_matched
115,discarded,22,edge_disjoint_size_matched
117,discarded,22,edge_disjoint_size_matched
118,discarded,22,edge_disjoint_size_matched
120,discarded,22,edge_disjoint_size_matched
122,discarded,22,edge_disjoint_size_matched
123,discarded,22,edge_disjoint_size_matched
127,discarded,22,edge_disjoint_size_matched
128,discarded,22,edge_disjoint_size_matched
129,discarded,22,edge_disjoint_size_matched
130,discarded,22,edge_disjoint_size_matched
131,discarded,22,edge_disjoint_size_matched
133,discarded,22,edge_disjoint_size_matched
134,discarded,22,edge_disjoint_size_matched
136,discarded,22,edge_disjoint_size_matched
138,discarded,22,edge_disjoint_size_matched
143,discarded,22,edge_disjoint_size_matched
144,discarded,22,edge_disjoint_size_matched
146,discarded,22,edge_disjoint_size_matched
151,discarded,22,edge_disjoint_size_matched
152,discarded,22,edge_disjoint_size_matched
154,discarded,22,edge_disjoint_size_matched
155,discarded,22,edge_disjoint_size_matched
159,discarded,22,edge_disjoint_size_matched
161,discarded,22,edge_disjoint_size_matched
164,discarded,22,edge_disjoint_size_matched
165,discarded,22,edge_disjoint_size_matched
166,discarded,22,edge_disjoint_size_matched
167,discarded,22,edge_disjoint_size_matched
168,discarded,22,edge_disjoint_size_matched
169,discarded,22,edge_disjoint_size_matched
173,discarded,22,edge_disjoint_size_matched
175,discarded,22,edge_disjoint_size_matched
179,discarded,22,edge_disjoint_size_matched
183,discarded,22,edge_disjoint_size_matched
184,discarded,22,edge_disjoint_size_matched
186,discarded,22,edge_disjoint_size_matched
188,discarded,22,edge_disjoint_size_matched
189,discarded,22,edge_disjoint_size_matched
190,discarded,22,edge_disjoint_size_matched
193,discarded,22,edge_disjoint_size_matched
195,discarded,22,edge_disjoint_size_matched
196,discarded,22,edge_disjoint_size_matched
197,discarded,22,edge_disjoint_size_matched
199,discarded,22,edge_disjoint_size_matched
201,discarded,22,edge_disjoint_size_matched
202,discarded,22,edge_disjoint_size_matched
204,discarded,22,edge_disjoint_size_matched
205,discarded,22,edge_disjoint_size_matched
206,discarded,22,edge_disjoint_size_matched
208,discarded,22,edge_disjoint_size_matched
209,discarded,22,edge_disjoint_size_matched
210,discarded,22,edge_disjoint_size_matched
216,discarded,22,edge_disjoint_size_matched
217,discarded,22,edge_disjoint_size_matched
219,discarded,22,edge_disjoint_size_matched
220,discarded,22,edge_disjoint_size_matched
222,discarded,22,edge_disjoint_size_matched
223,discarded,22,edge_disjoint_size_matched
225,discarded,22,edge_disjoint_size_matched
227,discarded,22,edge_disjoint_size_matched
229,discarded,22,edge_disjoint_size_matched
231,discarded,22,edge_disjoint_size_matched
233,discarded,22,edge_disjoint_size_matched
234,discarded,22,edge_disjoint_size_matched
236,discarded,22,edge_disjoint_size_matched
237,discarded,22,edge_disjoint_size_matched
238,discarded,22,edge_disjoint_size_matched
239,discarded,22,edge_disjoint_size_matched
240,discarded,22,edge_disjoint_size_matched
242,discarded,22,edge_disjoint_size_matched
243,discarded,22,edge_disjoint_size_matched
247,discarded,22,edge_disjoint_size_matched
254,discarded,22,edge_disjoint_size_matched
256,discarded,22,edge_disjoint_size_matched
257,discarded,22,edge_disjoint_size_matched
259,discarded,22,edge_disjoint_size_matched
262,discarded,22,edge_disjoint_size_matched
263,discarded,22,edge_disjoint_size_matched
267,discarded,22,edge_disjoint_size_matched
268,discarded,22,edge_disjoint_size_matched
269,discarded,22,edge_disjoint_size_matched
271,discarded,22,edge_disjoint_size_matched
274,discarded,22,edge_disjoint_size_matched
279,discarded,22,edge_disjoint_size_matched
284,discarded,22,edge_disjoint_size_matched
287,discarded,22,edge_disjoint_size_matched
288,discarded,22,edge_disjoint_size_matched
290,discarded,22,edge_disjoint_size_matched
297,discarded,22,edge_disjoint_size_matched
298,discarded,22,edge_disjoint_size_matched
302,discarded,22,edge_disjoint_size_matched
303,discarded,22,edge_disjoint_size_matched
305,discarded,22,edge_disjoint_size_matched
306,discarded,22,edge_disjoint_size_matched
307,discarded,22,edge_disjoint_size_matched
308,discarded,22,edge_disjoint_size_matched
309,discarded,22,edge_disjoint_size_matched
310,discarded,22,edge_disjoint_size_matched
311,discarded,22,edge_disjoint_size_matched
312,discarded,22,edge_disjoint_size_matched
313,discarded,22,edge_disjoint_size_matched
314,discarded,22,edge_disjoint_size_matched
316,discarded,22,edge_disjoint_size_matched
319,discarded,22,edge_disjoint_size_matched
322,discarded,22,edge_disjoint_size_matched
324,discarded,22,edge_disjoint_size_matched
325,discarded,22,edge_disjoint_size_matched
327,discarded,22,edge_disjoint_size_matched
328,discarded,22,edge_disjoint_size_matched
330,discarded,22,edge_disjoint_size_matched
332,discarded,22,edge_disjoint_size_matched
333,discarded,22,edge_disjoint_size_matched
334,discarded,22,edge_disjoint_size_matched
335,discarded,22,edge_disjoint_size_matched
338,discarded,22,edge_disjoint_size_matched
339,discarded,22,edge_disjoint_size_matched
340,discarded,22,edge_disjoint_size_matched
341,discarded,22,edge_disjoint_size_matched
342,discarded,22,edge_disjoint_size_matched
343,discarded,22,edge_disjoint_size_matched
344,discarded,22,edge_disjoint_size_matched
348,discarded,22,edge_disjoint_size_matched
349,discarded,22,edge_disjoint_size_matched
351,discarded,22,edge_disjoint_size_matched
354,discarded,22,edge_disjoint_size_matched
355,discarded,22,edge_disjoint_size_matched
357,discarded,22,edge_disjoint_size_matched
360,discarded,22,edge_disjoint_size_matched
362,discarded,22,edge_disjoint_size_matched
364,discarded,22,edge_disjoint_size_matched
366,discarded,22,edge_disjoint_size_matched
367,discarded,22,edge_disjoint_size_matched
368,discarded,22,edge_disjoint_size_matched
369,discarded,22,edge_disjoint_size_matched
370,discarded,22,edge_disjoint_size_matched
372,discarded,22,edge_disjoint_size_matched
376,discarded,22,edge_disjoint_size_matched
377,discarded,22,edge_disjoint_size_matched
382,discarded,22,edge_disjoint_size_matched
387,discarded,22,edge_disjoint_size_matched
390,discarded,22,edge_disjoint_size_matched
391,discarded,22,edge_disjoint_size_matched
394,discarded,22,edge_disjoint_size_matched
395,discarded,22,edge_disjoint_size_matched
396,discarded,22,edge_disjoint_size_matched
397,discarded,22,edge_disjoint_size_matched
398,discarded,22,edge_disjoint_size_matched
399,discarded,22,edge_disjoint_size_matched
400,discarded,22,edge_disjoint_size_matched
401,discarded,22,edge_disjoint_size_matched
402,discarded,22,edge_disjoint_size_matched
404,discarded,22,edge_disjoint_size_matched
405,discarded,22,edge_disjoint_size_matched
408,discarded,22,edge_disjoint_size_matched
409,discarded,22,edge_disjoint_size_matched
411,discarded,22,edge_disjoint_size_matched
413,discarded,22,edge_disjoint_size_matched
415,discarded,22,edge_disjoint_size_matched
416,discarded,22,edge_disjoint_size_matched
417,discarded,22,edge_disjoint_size_matched
420,discarded,22,edge_disjoint_size_matched
422,discarded,22,edge_disjoint_size_matched
424,discarded,22,edge_disjoint_size_matched
425,discarded,22,edge_disjoint_size_matched
428,discarded,22,edge_disjoint_size_matched
429,discarded,22,edge_disjoint_size_matched
430,discarded,22,edge_disjoint_size_matched
431,discarded,22,edge_disjoint_size_matched
433,discarded,22,edge_disjoint_size_matched
440,discarded,22,edge_disjoint_size_matched
442,discarded,22,edge_disjoint_size_matched
444,discarded,22,edge_disjoint_size_matched
445,discarded,22,edge_disjoint_size_matched
446,discarded,22,edge_disjoint_size_matched
447,discarded,22,edge_disjoint_size_matched
451,discarded,22,edge_disjoint_size_matched
452,discarded,22,edge_disjoint_size_matched
453,discarded,22,edge_disjoint_size_matched
454,discarded,22,edge_disjoint_size_matched
455,discarded,22,edge_disjoint_size_matched
460,discarded,22,edge_disjoint_size_matched
466,discarded,22,edge_disjoint_size_matched
468,discarded,22,edge_disjoint_size_matched
470,discarded,22,edge_disjoint_size_matched
471,discarded,22,edge_disjoint_size_matched
475,discarded,22,edge_disjoint_size_matched
477,discarded,22,edge_disjoint_size_matched
480,discarded,22,edge_disjoint_size_matched
481,discarded,22,edge_disjoint_size_matched
482,discarded,22,edge_disjoint_size_matched
484,discarded,22,edge_disjoint_size_matched
486,discarded,22,edge_disjoint_size_matched
487,discarded,22,edge_disjoint_size_matched
490,discarded,22,edge_disjoint_size_matched
491,discarded,22,edge_disjoint_size_matched
492,discarded,22,edge_disjoint_size_matched
493,discarded,22,edge_disjoint_size_matched
499,discarded,22,edge_disjoint_size_matched
504,discarded,22,edge_disjoint_size_matched
505,discarded,22,edge_disjoint_size_matched
507,discarded,22,edge_disjoint_size_matched
509,discarded,22,edge_disjoint_size_matched
510,discarded,22,edge_disjoint_size_matched
511,discarded,22,edge_disjoint_size_matched
512,discarded,22,edge_disjoint_size_matched
513,discarded,22,edge_disjoint_size_matched
515,discarded,22,edge_disjoint_size_matched
520,discarded,22,edge_disjoint_size_matched
521,discarded,22,edge_disjoint_size_matched
524,discarded,22,edge_disjoint_size_matched
529,discarded,22,edge_disjoint_size_matched
532,discarded,22,edge_disjoint_size_matched
533,discarded,22,edge_disjoint_size_matched
534,discarded,22,edge_disjoint_size_matched
536,discarded,22,edge_disjoint_size_matched
537,discarded,22,edge_disjoint_size_matched
540,discarded,22,edge_disjoint_size_matched
542,discarded,22,edge_disjoint_size_matched
543,discarded,22,edge_disjoint_size_matched
555,discarded,22,edge_disjoint_size_matched
556,discarded,22,edge_disjoint_size_matched
557,discarded,22,edge_disjoint_size_matched
558,discarded,22,edge_disjoint_size_matched
559,discarded,22,edge_disjoint_size_matched
2,train,33,node_disjoint
6,train,33,node_disjoint
8,train,33,node_disjoint
11,train,33,node_disjoint
14,train,33,node_disjoint
18,train,33,node_disjoint
20,train,33,node_disjoint
21,train,33,node_disjoint
23,train,33,node_disjoint
24,train,33,node_disjoint
34,train,33,node_disjoint
38,train,33,node_disjoint
45,train,33,node_disjoint
48,train,33,node_disjoint
50,train,33,node_disjoint
53,train,33,node_disjoint
54,train,33,node_disjoint
56,train,33,node_disjoint
60,train,33,node_disjoint
63,train,33,node_disjoint
64,train,33,node_disjoint
68,train,33,node_disjoint
70,train,33,node_disjoint
72,train,33,node_disjoint
83,train,33,node_disjoint
84,train,33,node_disjoint
88,train,33,node_disjoint
92,train,33,node_disjoint
102,train,33,node_disjoint
105,train,33,node_disjoint
108,train,33,node_disjoint
109,train,33,node_disjoint
111,train,33,node_disjoint
117,train,33,node_disjoint
119,train,33,node_disjoint
123,train,33,node_disjoint
124,train,33,node_disjoint
128,train,33,node_disjoint
129,train,33,node_disjoint
133,train,33,node_disjoint
134,train,33,node_disjoint
136,train,33,node_disjoint
138,train,33,node_disjoint
145,train,33,node_disjoint
146,train,33,node_disjoint
148,train,33,node_disjoint
150,train,33,node_disjoint
155,train,33,node_disjoint
172,train,33,node_disjoint
173,train,33,node_disjoint
177,train,33,node_disjoint
178,train,33,node_disjoint
182,train,33,node_disjoint
184,train,33,node_disjoint
185,train,33,node_disjoint
186,train,33,node_disjoint
189,train,33,node_disjoint
193,train,33,node_disjoint
203,train,33,node_disjoint
207,train,33,node_disjoint
212,train,33,node_disjoint
225,train,33,node_disjoint
227,train,33,node_disjoint
235,train,33,node_disjoint
237,train,33,node_disjoint
238,train,33,node_disjoint
239,train,33,node_disjoint
241,train,33,node_disjoint
242,train,33,node_disjoint
251,train,33,node_disjoint
253,train,33,node_disjoint
259,train,33,node_disjoint
266,train,33,node_disjoint
268,train,33,node_disjoint
271,train,33,node_disjoint
272,train,33,node_disjoint
276,train,33,node_disjoint
278,train,33,node_disjoint
279,train,33,node_disjoint
280,train,33,node_disjoint
282,train,33,node_disjoint
287,train,33,node_disjoint
290,train,33,node_disjoint
292,train,33,node_disjoint
300,train,33,node_disjoint
303,train,33,node_disjoint
306,train,33,node_disjoint
310,train,33,node_disjoint
316,train,33,node_disjoint
318,train,33,node_disjoint
325,train,33,node_disjoint
327,train,33,node_disjoint
330,train,33,node_disjoint
333,train,33,node_disjoint
338,train,33,node_disjoint
345,train,33,node_disjoint
346,train,33,node_disjoint
349,train,33,node_disjoint
353,train,33,node_disjoint
354,train,33,node_disjoint
356,train,33,node_disjoint
357,train,33,node_disjoint
365,train,33,node_disjoint
367,train,33,node_disjoint
368,train,33,node_disjoint
370,train,33,node_disjoint
373,train,33,node_disjoint
375,train,33,node_disjoint
379,train,33,node_disjoint
381,train,33,node_disjoint
384,train,33,node_disjoint
390,train,33,node_disjoint
396,train,33,node_disjoint
398,train,33,node_disjoint
408,train,33,node_disjoint
409,train,33,node_disjoint
410,train,33,node_disjoint
411,train,33,node_disjoint
415,train,33,node_disjoint
418,train,33,node_disjoint
420,train,33,node_disjoint
421,train,33,node_disjoint
422,train,33,node_disjoint
423,train,33,node_disjoint
426,train,33,node_disjoint
439,train,33,node_disjoint
440,train,33,node_disjoint
443,train,33,node_disjoint
444,train,33,node_disjoint
445,train,33,node_disjoint
461,train,33,node_disjoint
462,train,33,node_disjoint
466,train,33,node_disjoint
469,train,33,node_disjoint
470,train,33,node_disjoint
471,train,33,node_disjoint
472,train,33,node_disjoint
475,train,33,node_disjoint
476,train,33,node_disjoint
477,train,33,node_disjoint
479,train,33,node_disjoint
483,train,33,node_disjoint
485,train,33,node_disjoint
488,train,33,node_disjoint
494,train,33,node_disjoint
504,train,33,node_disjoint
505,train,33,node_disjoint
509,train,33,node_disjoint
513,train,33,node_disjoint
514,train,33,node_disjoint
516,train,33,node_disjoint
518,train,33,node_disjoint
519,train,33,node_disjoint
520,train,33,node_disjoint
522,train,33,node_disjoint
531,train,33,node_disjoint
534,train,33,node_disjoint
544,train,33,node_disjoint
546,train,33,node_disjoint
548,train,33,node_disjoint
555,train,33,node_disjoint
556,train,33,node_disjoint
559,train,33,node_disjoint
19,test,33,node_disjoint
27,test,33,node_disjoint
28,test,33,node_disjoint
37,test,33,node_disjoint
52,test,33,node_disjoint
66,test,33,node_disjoint
71,test,33,node_disjoint
73,test,33,node_disjoint
79,test,33,node_disjoint
86,test,33,node_disjoint
90,test,33,node_disjoint
91,test,33,node_disjoint
93,test,33,node_disjoint
98,test,33,node_disjoint
99,test,33,node_disjoint
101,test,33,node_disjoint
125,test,33,node_disjoint
127,test,33,node_disjoint
130,test,33,node_disjoint
137,test,33,node_disjoint
141,test,33,node_disjoint
143,test,33,node_disjoint
149,test,33,node_disjoint
154,test,33,node_disjoint
158,test,33,node_disjoint
160,test,33,node_disjoint
165,test,33,node_disjoint
168,test,33,node_disjoint
169,test,33,node_disjoint
174,test,33,node_disjoint
175,test,33,node_disjoint
176,test,33,node_disjoint
190,test,33,node_disjoint
195,test,33,node_disjoint
197,test,33,node_disjoint
199,test,33,node_disjoint
208,test,33,node_disjoint
209,test,33,node_disjoint
213,test,33,node_disjoint
214,test,33,node_disjoint
215,test,33,node_disjoint
216,test,33,node_disjoint
222,test,33,node_disjoint
223,test,33,node_disjoint
233,test,33,node_disjoint
244,test,33,node_disjoint
247,test,33,node_disjoint
249,test,33,node_disjoint
252,test,33,node_disjoint
257,test,33,node_disjoint
260,test,33,node_disjoint
261,test,33,node_disjoint
264,test,33,node_disjoint
267,test,33,node_disjoint
270,test,33,node_disjoint
286,test,33,node_disjoint
291,test,33,node_disjoint
298,test,33,node_disjoint
305,test,33,node_disjoint
317,test,33,node_disjoint
326,test,33,node_disjoint
328,test,33,node_disjoint
335,test,33,node_disjoint
347,test,33,node_disjoint
359,test,33,node_disjoint
364,test,33,node_disjoint
372,test,33,node_disjoint
376,test,33,node_disjoint
377,test,33,node_disjoint
380,test,33,node_disjoint
383,test,33,node_disjoint
388,test,33,node_disjoint
394,test,33,node_disjoint
399,test,33,node_disjoint
401,test,33,node_disjoint
402,test,33,node_disjoint
403,test,33,node_disjoint
407,test,33,node_disjoint
413,test,33,node_disjoint
419,test,33,node_disjoint
427,test,33,node_disjoint
447,test,33,node_disjoint
450,test,33,node_disjoint
452,test,33,node_disjoint
453,test,33,node_disjoint
454,test,33,node_disjoint
456,test,33,node_disjoint
457,test,33,node_disjoint
458,test,33,node_disjoint
460,test,33,node_disjoint
468,test,33,node_disjoint
478,test,33,node_disjoint
486,test,33,node_disjoint
487,test,33,node_disjoint
493,test,33,node_disjoint
495,test,33,node_disjoint
497,test,33,node_disjoint
501,test,33,node_disjoint
502,test,33,node_disjoint
506,test,33,node_disjoint
517,test,33,node_disjoint
523,test,33,node_disjoint
526,test,33,node_disjoint
532,test,33,node_disjoint
535,test,33,node_disjoint
537,test,33,node_disjoint
538,test,33,node_disjoint
542,test,33,node_disjoint
543,test,33,node_disjoint
551,test,33,node_disjoint
553,test,33,node_disjoint
557,test,33,node_disjoint
558,test,33,node_disjoint
0,discarded,33,node_disjoint
1,discarded,33,node_disjoint
3,discarded,33,node_disjoint
4,discarded,33,node_disjoint
5,discarded,33,node_disjoint
7,discarded,33,node_disjoint
9,discarded,33,node_disjoint
10,discarded,33,node_disjoint
12,discarded,33,node_disjoint
13,discarded,33,node_disjoint
15,discarded,33,node_disjoint
16,discarded,33,node_disjoint
17,discarded,33,node_disjoint
22,discarded,33,node_disjoint
25,discarded,33,node_disjoint
26,discarded,33,node_disjoint
29,discarded,33,node_disjoint
30,discarded,33,node_disjoint
31,discarded,33,node_disjoint
32,discarded,33,node_disjoint
33,discarded,33,node_disjoint
35,discarded,33,node_disjoint
36,discarded,33,node_disjoint
39,discarded,33,node_disjoint
40,discarded,33,node_disjoint
41,discarded,33,node_disjoint
42,discarded,33,node_disjoint
43,discarded,33,node_disjoint
44,discarded,33,node_disjoint
46,discarded,33,node_disjoint
47,discarded,33,node_disjoint
49,discarded,33,node_disjoint
51,discarded,33,node_disjoint
55,discarded,33,node_disjoint
57,discarded,33,node_disjoint
58,discarded,33,node_disjoint
59,discarded,33,node_disjoint
61,discarded,33,node_disjoint
62,discarded,33,node_disjoint
65,discarded,33,node_disjoint
67,discarded,33,node_disjoint
69,discarded,33,node_disjoint
74,discarded,33,node_disjoint
75,discarded,33,node_disjoint
76,discarded,33,node_disjoint
77,discarded,33,node_disjoint
78,discarded,33,node_disjoint
80,discarded,33,node_disjoint
81,discarded,33,node_disjoint
82,discarded,33,node_disjoint
85,discarded,33,node_disjoint
87,discarded,33,node_disjoint
89,discarded,33,node_disjoint
94,discarded,33,node_disjoint
95,discarded,33,node_disjoint
96,discarded,33,node_disjoint
97,discarded,33,node_disjoint
100,discarded,33,node_disjoint
103,discarded,33,node_disjoint
104,discarded,33,node_disjoint
106,discarded,33,node_disjoint
107,discarded,33,node_disjoint
110,discarded,33,node_disjoint
112,discarded,33,node_disjoint
113,discarded,33,node_disjoint
114,discarded,33,node_disjoint
115,discarded,33,node_disjoint
116,discarded,33,node_disjoint
118,discarded,33,node_disjoint
120,discarded,33,node_disjoint
121,discarded,33,node_disjoint
122,discarded,33,node_disjoint
126,discarded,33,node_disjoint
131,discarded,33,node_disjoint
132,discarded,33,node_disjoint
135,discarded,33,node_disjoint
139,discarded,33,node_disjoint
140,discarded,33,node_disjoint
142,discarded,33,node_disjoint
144,discarded,33,node_disjoint
147,discarded,33,node_disjoint
151,discarded,33,node_disjoint
152,discarded,33,node_disjoint
153,discarded,33,node_disjoint
156,discarded,33,node_disjoint
157,discarded,33,node_disjoint
159,discarded,33,node_disjoint
161,discarded,33,node_disjoint
162,discarded,33,node_disjoint
163,discarded,33,node_disjoint
164,discarded,33,node_disjoint
166,discarded,33,node_disjoint
167,discarded,33,node_disjoint
170,discarded,33,node_disjoint
171,discarded,33,node_disjoint
179,discarded,33,node_disjoint
180,discarded,33,node_disjoint
181,discarded,33,node_disjoint
183,discarded,33,node_disjoint
187,discarded,33,node_disjoint
188,discarded,33,node_disjoint
191,discarded,33,node_disjoint
192,discarded,33,node_disjoint
194,discarded,33,node_disjoint
196,discarded,33,node_disjoint
198,discarded,33,node_disjoint
200,discarded,33,node_disjoint
201,discarded,33,node_disjoint
202,discarded,33,node_disjoint
204,discarded,33,node_disjoint
205,discarded,33,node_disjoint
206,discarded,33,node_disjoint
210,discarded,33,node_disjoint
211,discarded,33,node_disjoint
217,discarded,33,node_disjoint
218,discarded,33,node_disjoint
219,discarded,33,node_disjoint
220,discarded,33,node_disjoint
221,discarded,33,node_disjoint
224,discarded,33,node_disjoint
226,discarded,33,node_disjoint
228,discarded,33,node_disjoint
229,discarded,33,node_disjoint
230,discarded,33,node_disjoint
231,discarded,33,node_disjoint
232,discarded,33,node_disjoint
234,discarded,33,node_disjoint
236,discarded,33,node_disjoint
240,discarded,33,node_disjoint
243,discarded,33,node_disjoint
245,discarded,33,node_disjoint
246,discarded,33,node_disjoint
248,discarded,33,node_disjoint
250,discarded,33,node_disjoint
254,discarded,33,node_disjoint
255,discarded,33,node_disjoint
256,discarded,33,node_disjoint
258,discarded,33,node_disjoint
262,discarded,33,node_disjoint
263,discarded,33,node_disjoint
265,discarded,33,node_disjoint
269,discarded,33,node_disjoint
273,discarded,33,node_disjoint
274,discarded,33,node_disjoint
275,discarded,33,node_disjoint
277,discarded,33,node_disjoint
281,discarded,33,node_disjoint
283,discarded,33,node_disjoint
284,discarded,33,node_disjoint
285,discarded,33,node_disjoint
288,discarded,33,node_disjoint
289,discarded,33,node_disjoint
293,discarded,33,node_disjoint
294,discarded,33,node_disjoint
295,discarded,33,node_disjoint
296,discarded,33,node_disjoint
297,discarded,33,node_disjoint
299,discarded,33,node_disjoint
301,discarded,33,node_disjoint
302,discarded,33,node_disjoint
304,discarded,33,node_disjoint
307,discarded,33,node_disjoint
308,discarded,33,node_disjoint
309,discarded,33,node_disjoint
311,discarded,33,node_disjoint
312,discarded,33,node_disjoint
313,discarded,33,node_disjoint
314,discarded,33,node_disjoint
315,discarded,33,node_disjoint
319,discarded,33,node_disjoint
320,discarded,33,node_disjoint
321,discarded,33,node_disjoint
322,discarded,33,node_disjoint
323,discarded,33,node_disjoint
324,discarded,33,node_disjoint
329,discarded,33,node_disjoint
331,discarded,33,node_disjoint
332,discarded,33,node_disjoint
334,discarded,33,node_disjoint
336,discarded,33,node_disjoint
337,discarded,33,node_disjoint
339,discarded,33,node_disjoint
340,discarded,33,node_disjoint
341,discarded,33,node_disjoint
342,discarded,33,node_disjoint
343,discarded,33,node_disjoint
344,discarded,33,node_disjoint
348,discarded,33,node_disjoint
350,discarded,33,node_disjoint
351,discarded,33,node_disjoint
352,discarded,33,node_disjoint
355,discarded,33,node_disjoint
358,discarded,33,node_disjoint
360,discarded,33,node_disjoint
361,discarded,33,node_disjoint
362,discarded,33,node_disjoint
363,discarded,33,node_disjoint
366,discarded,33,node_disjoint
369,discarded,33,node_disjoint
371,discarded,33,node_disjoint
374,discarded,33,node_disjoint
378,discarded,33,node_disjoint
382,discarded,33,node_disjoint
385,discarded,33,node_disjoint
386,discarded,33,node_disjoint
387,discarded,33,node_disjoint
389,discarded,33,node_disjoint
391,discarded,33,node_disjoint
392,discarded,33,node_disjoint
393,discarded,33,node_disjoint
395,discarded,33,node_disjoint
397,discarded,33,node_disjoint
400,discarded,33,node_disjoint
404,discarded,33,node_disjoint
405,discarded,33,node_disjoint
406,discarded,33,node_disjoint
412,discarded,33,node_disjoint
414,discarded,33,node_disjoint
416,discarded,33,node_disjoint
417,discarded,33,node_disjoint
424,discarded,33,node_disjoint
425,discarded,33,node_disjoint
428,discarded,33,node_disjoint
429,discarded,33,node_disjoint
430,discarded,33,node_disjoint
431,discarded,33,node_disjoint
432,discarded,33,node_disjoint
433,discarded,33,node_disjoint
434,discarded,33,node_disjoint
435,discarded,33,node_disjoint
436,discarded,33,node_disjoint
437,discarded,33,node_disjoint
438,discarded,33,node_disjoint
441,discarded,33,node_disjoint
442,discarded,33,node_disjoint
446,discarded,33,node_disjoint
448,discarded,33,node_disjoint
449,discarded,33,node_disjoint
451,discarded,33,node_disjoint
455,discarded,33,node_disjoint
459,discarded,33,node_disjoint
463,discarded,33,node_disjoint
464,discarded,33,node_disjoint
465,discarded,33,node_disjoint
467,discarded,33,node_disjoint
473,discarded,33,node_disjoint
474,discarded,33,node_disjoint
480,discarded,33,node_disjoint
481,discarded,33,node_disjoint
482,discarded,33,node_disjoint
484,discarded,33,node_disjoint
489,discarded,33,node_disjoint
490,discarded,33,node_disjoint
491,discarded,33,node_disjoint
492,discarded,33,node_disjoint
496,discarded,33,node_disjoint
498,discarded,33,node_disjoint
499,discarded,33,node_disjoint
500,discarded,33,node_disjoint
503,discarded,33,node_disjoint
507,discarded,33,node_disjoint
508,discarded,33,node_disjoint
510,discarded,33,node_disjoint
511,discarded,33,node_disjoint
512,discarded,33,node_disjoint
515,discarded,33,node_disjoint
521,discarded,33,node_disjoint
524,discarded,33,node_disjoint
525,discarded,33,node_disjoint
527,discarded,33,node_disjoint
528,discarded,33,node_disjoint
529,discarded,33,node_disjoint
530,discarded,33,node_disjoint
533,discarded,33,node_disjoint
536,discarded,33,node_disjoint
539,discarded,33,node_disjoint
540,discarded,33,node_disjoint
541,discarded,33,node_disjoint
545,discarded,33,node_disjoint
547,discarded,33,node_disjoint
549,discarded,33,node_disjoint
550,discarded,33,node_disjoint
552,discarded,33,node_disjoint
554,discarded,33,node_disjoint
0,train,33,token_disjoint
11,train,33,token_disjoint
12,train,33,token_disjoint
15,train,33,token_disjoint
20,train,33,token_disjoint
27,train,33,token_disjoint
33,train,33,token_disjoint
35,train,33,token_disjoint
38,train,33,token_disjoint
39,train,33,token_disjoint
40,train,33,token_disjoint
48,train,33,token_disjoint
53,train,33,token_disjoint
55,train,33,token_disjoint
57,train,33,token_disjoint
58,train,33,token_disjoint
59,train,33,token_disjoint
61,train,33,token_disjoint
67,train,33,token_disjoint
69,train,33,token_disjoint
71,train,33,token_disjoint
79,train,33,token_disjoint
84,train,33,token_disjoint
91,train,33,token_disjoint
94,train,33,token_disjoint
103,train,33,token_disjoint
104,train,33,token_disjoint
107,train,33,token_disjoint
108,train,33,token_disjoint
111,train,33,token_disjoint
113,train,33,token_disjoint
114,train,33,token_disjoint
118,train,33,token_disjoint
125,train,33,token_disjoint
126,train,33,token_disjoint
128,train,33,token_disjoint
135,train,33,token_disjoint
143,train,33,token_disjoint
145,train,33,token_disjoint
149,train,33,token_disjoint
150,train,33,token_disjoint
157,train,33,token_disjoint
160,train,33,token_disjoint
166,train,33,token_disjoint
171,train,33,token_disjoint
173,train,33,token_disjoint
174,train,33,token_disjoint
178,train,33,token_disjoint
182,train,33,token_disjoint
189,train,33,token_disjoint
198,train,33,token_disjoint
201,train,33,token_disjoint
202,train,33,token_disjoint
203,train,33,token_disjoint
204,train,33,token_disjoint
206,train,33,token_disjoint
208,train,33,token_disjoint
209,train,33,token_disjoint
210,train,33,token_disjoint
217,train,33,token_disjoint
219,train,33,token_disjoint
223,train,33,token_disjoint
227,train,33,token_disjoint
231,train,33,token_disjoint
233,train,33,token_disjoint
240,train,33,token_disjoint
243,train,33,token_disjoint
246,train,33,token_disjoint
247,train,33,token_disjoint
248,train,33,token_disjoint
249,train,33,token_disjoint
250,train,33,token_disjoint
253,train,33,token_disjoint
254,train,33,token_disjoint
258,train,33,token_disjoint
259,train,33,token_disjoint
260,train,33,token_disjoint
262,train,33,token_disjoint
264,train,33,token_disjoint
266,train,33,token_disjoint
270,train,33,token_disjoint
271,train,33,token_disjoint
272,train,33,token_disjoint
276,train,33,token_disjoint
278,train,33,token_disjoint
279,train,33,token_disjoint
282,train,33,token_disjoint
283,train,33,token_disjoint
284,train,33,token_disjoint
285,train,33,token_disjoint
286,train,33,token_disjoint
288,train,33,token_disjoint
290,train,33,token_disjoint
293,train,33,token_disjoint
294,train,33,token_disjoint
295,train,33,token_disjoint
296,train,33,token_disjoint
301,train,33,token_disjoint
302,train,33,token_disjoint
308,train,33,token_disjoint
309,train,33,token_disjoint
311,train,33,token_disjoint
322,train,33,token_disjoint
323,train,33,token_disjoint
324,train,33,token_disjoint
327,train,33,token_disjoint
329,train,33,token_disjoint
339,train,33,token_disjoint
340,train,33,token_disjoint
343,train,33,token_disjoint
347,train,33,token_disjoint
359,train,33,token_disjoint
361,train,33,token_disjoint
362,train,33,token_disjoint
364,train,33,token_disjoint
365,train,33,token_disjoint
368,train,33,token_disjoint
371,train,33,token_disjoint
372,train,33,token_disjoint
380,train,33,token_disjoint
382,train,33,token_disjoint
389,train,33,token_disjoint
390,train,33,token_disjoint
406,train,33,token_disjoint
411,train,33,token_disjoint
412,train,33,token_disjoint
417,train,33,token_disjoint
419,train,33,token_disjoint
423,train,33,token_disjoint
424,train,33,token_disjoint
427,train,33,token_disjoint
428,train,33,token_disjoint
430,train,33,token_disjoint
431,train,33,token_disjoint
432,train,33,token_disjoint
434,train,33,token_disjoint
435,train,33,token_disjoint
436,train,33,token_disjoint
439,train,33,token_disjoint
454,train,33,token_disjoint
455,train,33,token_disjoint
456,train,33,token_disjoint
458,train,33,token_disjoint
462,train,33,token_disjoint
463,train,33,token_disjoint
464,train,33,token_disjoint
465,train,33,token_disjoint
470,train,33,token_disjoint
479,train,33,token_disjoint
486,train,33,token_disjoint
487,train,33,token_disjoint
488,train,33,token_disjoint
489,train,33,token_disjoint
490,train,33,token_disjoint
491,train,33,token_disjoint
492,train,33,token_disjoint
495,train,33,token_disjoint
498,train,33,token_disjoint
503,train,33,token_disjoint
505,train,33,token_disjoint
508,train,33,token_disjoint
509,train,33,token_disjoint
518,train,33,token_disjoint
519,train,33,token_disjoint
521,train,33,token_disjoint
527,train,33,token_disjoint
528,train,33,token_disjoint
530,train,33,token_disjoint
533,train,33,token_disjoint
536,train,33,token_disjoint
537,train,33,token_disjoint
538,train,33,token_disjoint
539,train,33,token_disjoint
543,train,33,token_disjoint
545,train,33,token_disjoint
549,train,33,token_disjoint
552,train,33,token_disjoint
558,train,33,token_disjoint
6,test,33,token_disjoint
9,test,33,token_disjoint
14,test,33,token_disjoint
21,test,33,token_disjoint
28,test,33,token_disjoint
31,test,33,token_disjoint
32,test,33,token_disjoint
37,test,33,token_disjoint
44,test,33,token_disjoint
46,test,33,token_disjoint
50,test,33,token_disjoint
68,test,33,token_disjoint
73,test,33,token_disjoint
80,test,33,token_disjoint
96,test,33,token_disjoint
97,test,33,token_disjoint
98,test,33,token_disjoint
100,test,33,token_disjoint
105,test,33,token_disjoint
116,test,33,token_disjoint
124,test,33,token_disjoint
134,test,33,token_disjoint
138,test,33,token_disjoint
139,test,33,token_disjoint
144,test,33,token_disjoint
147,test,33,token_disjoint
148,test,33,token_disjoint
151,test,33,token_disjoint
158,test,33,token_disjoint
159,test,33,token_disjoint
162,test,33,token_disjoint
163,test,33,token_disjoint
165,test,33,token_disjoint
167,test,33,token_disjoint
170,test,33,token_disjoint
180,test,33,token_disjoint
186,test,33,token_disjoint
194,test,33,token_disjoint
195,test,33,token_disjoint
196,test,33,token_disjoint
215,test,33,token_disjoint
218,test,33,token_disjoint
220,test,33,token_disjoint
221,test,33,token_disjoint
224,test,33,token_disjoint
229,test,33,token_disjoint
242,test,33,token_disjoint
251,test,33,token_disjoint
263,test,33,token_disjoint
268,test,33,token_disjoint
273,test,33,token_disjoint
274,test,33,token_disjoint
275,test,33,token_disjoint
287,test,33,token_disjoint
289,test,33,token_disjoint
297,test,33,token_disjoint
299,test,33,token_disjoint
304,test,33,token_disjoint
306,test,33,token_disjoint
310,test,33,token_disjoint
314,test,33,token_disjoint
315,test,33,token_disjoint
316,test,33,token_disjoint
317,test,33,token_disjoint
328,test,33,token_disjoint
331,test,33,token_disjoint
335,test,33,token_disjoint
346,test,33,token_disjoint
349,test,33,token_disjoint
351,test,33,token_disjoint
352,test,33,token_disjoint
353,test,33,token_disjoint
357,test,33,token_disjoint
360,test,33,token_disjoint
367,test,33,token_disjoint
383,test,33,token_disjoint
384,test,33,token_disjoint
385,test,33,token_disjoint
388,test,33,token_disjoint
391,test,33,token_disjoint
392,test,33,token_disjoint
393,test,33,token_disjoint
394,test,33,token_disjoint
395,test,33,token_disjoint
400,test,33,token_disjoint
402,test,33,token_disjoint
403,test,33,token_disjoint
413,test,33,token_disjoint
415,test,33,token_disjoint
418,test,33,token_disjoint
433,test,33,token_disjoint
438,test,33,token_disjoint
441,test,33,token_disjoint
448,test,33,token_disjoint
453,test,33,token_disjoint
468,test,33,token_disjoint
469,test,33,token_disjoint
493,test,33,token_disjoint
502,test,33,token_disjoint
511,test,33,token_disjoint
512,test,33,token_disjoint
513,test,33,token_disjoint
514,test,33,token_disjoint
516,test,33,token_disjoint
524,test,33,token_disjoint
529,test,33,token_disjoint
534,test,33,token_disjoint
547,test,33,token_disjoint
1,discarded,33,token_disjoint
2,discarded,33,token_disjoint
3,discarded,33,token_disjoint
4,discarded,33,token_disjoint
5,discarded,33,token_disjoint
7,discarded,33,token_disjoint
8,discarded,33,token_disjoint
10,discarded,33,token_disjoint
13,discarded,33,token_disjoint
16,discarded,33,token_disjoint
17,discarded,33,token_disjoint
18,discarded,33,token_disjoint
19,discarded,33,token_disjoint
22,discarded,33,token_disjoint
23,discarded,33,token_disjoint
24,discarded,33,token_disjoint
25,discarded,33,token_disjoint
26,discarded,33,token_disjoint
29,discarded,33,token_disjoint
30,discarded,33,token_disjoint
34,discarded,33,token_disjoint
36,discarded,33,token_disjoint
41,discarded,33,token_disjoint
42,discarded,33,token_disjoint
43,discarded,33,token_disjoint
45,discarded,33,token_disjoint
47,discarded,33,token_disjoint
49,discarded,33,token_disjoint
51,discarded,33,token_disjoint
52,discarded,33,token_disjoint
54,discarded,33,token_disjoint
56,discarded,33,token_disjoint
60,discarded,33,token_disjoint
62,discarded,33,token_disjoint
63,discarded,33,token_disjoint
64,discarded,33,token_disjoint
65,discarded,33,token_disjoint
66,discarded,33,token_disjoint
70,discarded,33,token_disjoint
72,discarded,33,token_disjoint
74,discarded,33,token_disjoint
75,discarded,33,token_disjoint
76,discarded,33,token_disjoint
77,discarded,33,token_disjoint
78,discarded,33,token_disjoint
81,discarded,33,token_disjoint
82,discarded,33,token_disjoint
83,discarded,33,token_disjoint
85,discarded,33,token_disjoint
86,discarded,33,token_disjoint
87,discarded,33,token_disjoint
88,discarded,33,token_disjoint
89,discarded,33,token_disjoint
90,discarded,33,token_disjoint
92,discarded,33,token_disjoint
93,discarded,33,token_disjoint
95,discarded,33,token_disjoint
99,discarded,33,token_disjoint
101,discarded,33,token_disjoint
102,discarded,33,token_disjoint
106,discarded,33,token_disjoint
109,discarded,33,token_disjoint
110,discarded,33,token_disjoint
112,discarded,33,token_disjoint
115,discarded,33,token_disjoint
117,discarded,33,token_disjoint
119,discarded,33,token_disjoint
120,discarded,33,token_disjoint
121,discarded,33,token_disjoint
122,discarded,33,token_disjoint
123,discarded,33,token_disjoint
127,discarded,33,token_disjoint
129,discarded,33,token_disjoint
130,discarded,33,token_disjoint
131,discarded,33,token_disjoint
132,discarded,33,token_disjoint
133,discarded,33,token_disjoint
136,discarded,33,token_disjoint
137,discarded,33,token_disjoint
140,discarded,33,token_disjoint
141,discarded,33,token_disjoint
142,discarded,33,token_disjoint
146,discarded,33,token_disjoint
152,discarded,33,token_disjoint
153,discarded,33,token_disjoint
154,discarded,33,token_disjoint
155,discarded,33,token_disjoint
156,discarded,33,token_disjoint
161,discarded,33,token_disjoint
164,discarded,33,token_disjoint
168,discarded,33,token_disjoint
169,discarded,33,token_disjoint
172,discarded,33,token_disjoint
175,discarded,33,token_disjoint
176,discarded,33,token_disjoint
177,discarded,33,token_disjoint
179,discarded,33,token_disjoint
181,discarded,33,token_disjoint
183,discarded,33,token_disjoint
184,discarded,33,token_disjoint
185,discarded,33,token_disjoint
187,discarded,33,token_disjoint
188,discarded,33,token_disjoint
190,discarded,33,token_disjoint
191,discarded,33,token_disjoint
192,discarded,33,token_disjoint
193,discarded,33,token_disjoint
197,discarded,33,token_disjoint
199,discarded,33,token_disjoint
200,discarded,33,token_disjoint
205,discarded,33,token_disjoint
207,discarded,33,token_disjoint
211,discarded,33,token_disjoint
212,discarded,33,token_disjoint
213,discarded,33,token_disjoint
214,discarded,33,token_disjoint
216,discarded,33,token_disjoint
222,discarded,33,token_disjoint
225,discarded,33,token_disjoint
226,discarded,33,token_disjoint
228,discarded,33,token_disjoint
230,discarded,33,token_disjoint
232,discarded,33,token_disjoint
234,discarded,33,token_disjoint
235,discarded,33,token_disjoint
236,discarded,33,token_disjoint
237,discarded,33,token_disjoint
238,discarded,33,token_disjoint
239,discarded,33,token_disjoint
241,discarded,33,token_disjoint
244,discarded,33,token_disjoint
245,discarded,33,token_disjoint
252,discarded,33,token_disjoint
255,discarded,33,token_disjoint
256,discarded,33,token_disjoint
257,discarded,33,token_disjoint
261,discarded,33,token_disjoint
265,discarded,33,token_disjoint
267,discarded,33,token_disjoint
269,discarded,33,token_disjoint
277,discarded,33,token_disjoint
280,discarded,33,token_disjoint
281,discarded,33,token_disjoint
291,discarded,33,token_disjoint
292,discarded,33,token_disjoint
298,discarded,33,token_disjoint
300,discarded,33,token_disjoint
303,discarded,33,token_disjoint
305,discarded,33,token_disjoint
307,discarded,33,token_disjoint
312,discarded,33,token_disjoint
313,discarded,33,token_disjoint
318,discarded,33,token_disjoint
319,discarded,33,token_disjoint
320,discarded,33,token_disjoint
321,discarded,33,token_disjoint
325,discarded,33,token_disjoint
326,discarded,33,token_disjoint
330,discarded,33,token_disjoint
332,discarded,33,token_disjoint
333,discarded,33,token_disjoint
334,discarded,33,token_disjoint
336,discarded,33,token_disjoint
337,discarded,33,token_disjoint
338,discarded,33,token_disjoint
341,discarded,33,token_disjoint
342,discarded,33,token_disjoint
344,discarded,33,token_disjoint
345,discarded,33,token_disjoint
348,discarded,33,token_disjoint
350,discarded,33,token_disjoint
354,discarded,33,token_disjoint
355,discarded,33,token_disjoint
356,discarded,33,token_disjoint
358,discarded,33,token_disjoint
363,discarded,33,token_disjoint
366,discarded,33,token_disjoint
369,discarded,33,token_disjoint
370,discarded,33,token_disjoint
373,discarded,33,token_disjoint
374,discarded,33,token_disjoint
375,discarded,33,token_disjoint
376,discarded,33,token_disjoint
377,discarded,33,token_disjoint
378,discarded,33,token_disjoint
379,discarded,33,token_disjoint
381,discarded,33,token_disjoint
386,discarded,33,token_disjoint
387,discarded,33,token_disjoint
396,discarded,33,token_disjoint
397,discarded,33,token_disjoint
398,discarded,33,token_disjoint
399,discarded,33,token_disjoint
401,discarded,33,token_disjoint
404,discarded,33,token_disjoint
405,discarded,33,token_disjoint
407,discarded,33,token_disjoint
408,discarded,33,token_disjoint
409,discarded,33,token_disjoint
410,discarded,33,token_disjoint
414,discarded,33,token_disjoint
416,discarded,33,token_disjoint
420,discarded,33,token_disjoint
421,discarded,33,token_disjoint
422,discarded,33,token_disjoint
425,discarded,33,token_disjoint
426,discarded,33,token_disjoint
429,discarded,33,token_disjoint
437,discarded,33,token_disjoint
440,discarded,33,token_disjoint
442,discarded,33,token_disjoint
443,discarded,33,token_disjoint
444,discarded,33,token_disjoint
445,discarded,33,token_disjoint
446,discarded,33,token_disjoint
447,discarded,33,token_disjoint
449,discarded,33,token_disjoint
450,discarded,33,token_disjoint
451,discarded,33,token_disjoint
452,discarded,33,token_disjoint
457,discarded,33,token_disjoint
459,discarded,33,token_disjoint
460,discarded,33,token_disjoint
461,discarded,33,token_disjoint
466,discarded,33,token_disjoint
467,discarded,33,token_disjoint
471,discarded,33,token_disjoint
472,discarded,33,token_disjoint
473,discarded,33,token_disjoint
474,discarded,33,token_disjoint
475,discarded,33,token_disjoint
476,discarded,33,token_disjoint
477,discarded,33,token_disjoint
478,discarded,33,token_disjoint
480,discarded,33,token_disjoint
481,discarded,33,token_disjoint
482,discarded,33,token_disjoint
483,discarded,33,token_disjoint
484,discarded,33,token_disjoint
485,discarded,33,token_disjoint
494,discarded,33,token_disjoint
496,discarded,33,token_disjoint
497,discarded,33,token_disjoint
499,discarded,33,token_disjoint
500,discarded,33,token_disjoint
501,discarded,33,token_disjoint
504,discarded,33,token_disjoint
506,discarded,33,token_disjoint
507,discarded,33,token_disjoint
510,discarded,33,token_disjoint
515,discarded,33,token_disjoint
517,discarded,33,token_disjoint
520,discarded,33,token_disjoint
522,discarded,33,token_disjoint
523,discarded,33,token_disjoint
525,discarded,33,token_disjoint
526,discarded,33,token_disjoint
531,discarded,33,token_disjoint
532,discarded,33,token_disjoint
535,discarded,33,token_disjoint
540,discarded,33,token_disjoint
541,discarded,33,token_disjoint
542,discarded,33,token_disjoint
544,discarded,33,token_disjoint
546,discarded,33,token_disjoint
548,discarded,33,token_disjoint
550,discarded,33,token_disjoint
551,discarded,33,token_disjoint
553,discarded,33,token_disjoint
554,discarded,33,token_disjoint
555,discarded,33,token_disjoint
556,discarded,33,token_disjoint
557,discarded,33,token_disjoint
559,discarded,33,token_disjoint
0,train,33,edge_disjoint
1,train,33,edge_disjoint
2,train,33,edge_disjoint
3,train,33,edge_disjoint
4,train,33,edge_disjoint
5,train,33,edge_disjoint
6,train,33,edge_disjoint
7,train,33,edge_disjoint
8,train,33,edge_disjoint
9,train,33,edge_disjoint
10,train,33,edge_disjoint
11,train,33,edge_disjoint
13,train,33,edge_disjoint
14,train,33,edge_disjoint
16,train,33,edge_disjoint
17,train,33,edge_disjoint
19,train,33,edge_disjoint
20,train,33,edge_disjoint
21,train,33,edge_disjoint
22,train,33,edge_disjoint
24,train,33,edge_disjoint
25,train,33,edge_disjoint
26,train,33,edge_disjoint
27,train,33,edge_disjoint
28,train,33,edge_disjoint
29,train,33,edge_disjoint
30,train,33,edge_disjoint
31,train,33,edge_disjoint
32,train,33,edge_disjoint
33,train,33,edge_disjoint
34,train,33,edge_disjoint
35,train,33,edge_disjoint
37,train,33,edge_disjoint
40,train,33,edge_disjoint
41,train,33,edge_disjoint
43,train,33,edge_disjoint
44,train,33,edge_disjoint
45,train,33,edge_disjoint
47,train,33,edge_disjoint
48,train,33,edge_disjoint
49,train,33,edge_disjoint
51,train,33,edge_disjoint
52,train,33,edge_disjoint
54,train,33,edge_disjoint
55,train,33,edge_disjoint
56,train,33,edge_disjoint
58,train,33,edge_disjoint
59,train,33,edge_disjoint
60,train,33,edge_disjoint
61,train,33,edge_disjoint
62,train,33,edge_disjoint
63,train,33,edge_disjoint
64,train,33,edge_disjoint
65,train,33,edge_disjoint
66,train,33,edge_disjoint
67,train,33,edge_disjoint
68,train,33,edge_disjoint
69,train,33,edge_disjoint
71,train,33,edge_disjoint
72,train,33,edge_disjoint
74,train,33,edge_disjoint
75,train,33,edge_disjoint
76,train,33,edge_disjoint
77,train,33,edge_disjoint
79,train,33,edge_disjoint
80,train,33,edge_disjoint
81,train,33,edge_disjoint
82,train,33,edge_disjoint
83,train,33,edge_disjoint
84,train,33,edge_disjoint
85,train,33,edge_disjoint
86,train,33,edge_disjoint
87,train,33,edge_disjoint
88,train,33,edge_disjoint
89,train,33,edge_disjoint
90,train,33,edge_disjoint
91,train,33,edge_disjoint
92,train,33,edge_disjoint
93,train,33,edge_disjoint
94,train,33,edge_disjoint
95,train,33,edge_disjoint
96,train,33,edge_disjoint
98,train,33,edge_disjoint
99,train,33,edge_disjoint
101,train,33,edge_disjoint
102,train,33,edge_disjoint
103,train,33,edge_disjoint
104,train,33,edge_disjoint
105,train,33,edge_disjoint
106,train,33,edge_disjoint
108,train,33,edge_disjoint
109,train,33,edge_disjoint
110,train,33,edge_disjoint
111,train,33,edge_disjoint
112,train,33,edge_disjoint
113,train,33,edge_disjoint
115,train,33,edge_disjoint
117,train,33,edge_disjoint
118,train,33,edge_disjoint
120,train,33,edge_disjoint
121,train,33,edge_disjoint
122,train,33,edge_disjoint
123,train,33,edge_disjoint
124,train,33,edge_disjoint
125,train,33,edge_disjoint
126,train,33,edge_disjoint
127,train,33,edge_disjoint
128,train,33,edge_disjoint
129,train,33,edge_disjoint
130,train,33,edge_disjoint
131,train,33,edge_disjoint
132,train,33,edge_disjoint
133,train,33,edge_disjoint
135,train,33,edge_disjoint
136,train,33,edge_disjoint
137,train,33,edge_disjoint
138,train,33,edge_disjoint
140,train,33,edge_disjoint
141,train,33,edge_disjoint
142,train,33,edge_disjoint
143,train,33,edge_disjoint
144,train,33,edge_disjoint
146,train,33,edge_disjoint
148,train,33,edge_disjoint
149,train,33,edge_disjoint
150,train,33,edge_disjoint
151,train,33,edge_disjoint
152,train,33,edge_disjoint
156,train,33,edge_disjoint
158,train,33,edge_disjoint
159,train,33,edge_disjoint
160,train,33,edge_disjoint
161,train,33,edge_disjoint
162,train,33,edge_disjoint
163,train,33,edge_disjoint
164,train,33,edge_disjoint
165,train,33,edge_disjoint
166,train,33,edge_disjoint
167,train,33,edge_disjoint
168,train,33,edge_disjoint
170,train,33,edge_disjoint
171,train,33,edge_disjoint
172,train,33,edge_disjoint
174,train,33,edge_disjoint
175,train,33,edge_disjoint
176,train,33,edge_disjoint
178,train,33,edge_disjoint
179,train,33,edge_disjoint
181,train,33,edge_disjoint
182,train,33,edge_disjoint
183,train,33,edge_disjoint
184,train,33,edge_disjoint
186,train,33,edge_disjoint
187,train,33,edge_disjoint
188,train,33,edge_disjoint
189,train,33,edge_disjoint
190,train,33,edge_disjoint
191,train,33,edge_disjoint
192,train,33,edge_disjoint
193,train,33,edge_disjoint
194,train,33,edge_disjoint
196,train,33,edge_disjoint
197,train,33,edge_disjoint
200,train,33,edge_disjoint
201,train,33,edge_disjoint
203,train,33,edge_disjoint
204,train,33,edge_disjoint
205,train,33,edge_disjoint
207,train,33,edge_disjoint
208,train,33,edge_disjoint
209,train,33,edge_disjoint
210,train,33,edge_disjoint
211,train,33,edge_disjoint
212,train,33,edge_disjoint
213,train,33,edge_disjoint
216,train,33,edge_disjoint
217,train,33,edge_disjoint
218,train,33,edge_disjoint
219,train,33,edge_disjoint
220,train,33,edge_disjoint
221,train,33,edge_disjoint
222,train,33,edge_disjoint
227,train,33,edge_disjoint
229,train,33,edge_disjoint
230,train,33,edge_disjoint
231,train,33,edge_disjoint
232,train,33,edge_disjoint
233,train,33,edge_disjoint
234,train,33,edge_disjoint
235,train,33,edge_disjoint
236,train,33,edge_disjoint
238,train,33,edge_disjoint
239,train,33,edge_disjoint
240,train,33,edge_disjoint
241,train,33,edge_disjoint
242,train,33,edge_disjoint
244,train,33,edge_disjoint
245,train,33,edge_disjoint
247,train,33,edge_disjoint
250,train,33,edge_disjoint
251,train,33,edge_disjoint
253,train,33,edge_disjoint
254,train,33,edge_disjoint
255,train,33,edge_disjoint
256,train,33,edge_disjoint
257,train,33,edge_disjoint
258,train,33,edge_disjoint
259,train,33,edge_disjoint
260,train,33,edge_disjoint
261,train,33,edge_disjoint
262,train,33,edge_disjoint
263,train,33,edge_disjoint
264,train,33,edge_disjoint
265,train,33,edge_disjoint
267,train,33,edge_disjoint
269,train,33,edge_disjoint
270,train,33,edge_disjoint
271,train,33,edge_disjoint
272,train,33,edge_disjoint
273,train,33,edge_disjoint
275,train,33,edge_disjoint
276,train,33,edge_disjoint
277,train,33,edge_disjoint
278,train,33,edge_disjoint
279,train,33,edge_disjoint
280,train,33,edge_disjoint
281,train,33,edge_disjoint
282,train,33,edge_disjoint
283,train,33,edge_disjoint
284,train,33,edge_disjoint
285,train,33,edge_disjoint
286,train,33,edge_disjoint
288,train,33,edge_disjoint
289,train,33,edge_disjoint
290,train,33,edge_disjoint
291,train,33,edge_disjoint
292,train,33,edge_disjoint
293,train,33,edge_disjoint
294,train,33,edge_disjoint
295,train,33,edge_disjoint
296,train,33,edge_disjoint
297,train,33,edge_disjoint
298,train,33,edge_disjoint
299,train,33,edge_disjoint
301,train,33,edge_disjoint
302,train,33,edge_disjoint
303,train,33,edge_disjoint
304,train,33,edge_disjoint
306,train,33,edge_disjoint
307,train,33,edge_disjoint
308,train,33,edge_disjoint
309,train,33,edge_disjoint
310,train,33,edge_disjoint
311,train,33,edge_disjoint
314,train,33,edge_disjoint
316,train,33,edge_disjoint
317,train,33,edge_disjoint
318,train,33,edge_disjoint
319,train,33,edge_disjoint
320,train,33,edge_disjoint
321,train,33,edge_disjoint
322,train,33,edge_disjoint
323,train,33,edge_disjoint
324,train,33,edge_disjoint
326,train,33,edge_disjoint
327,train,33,edge_disjoint
328,train,33,edge_disjoint
329,train,33,edge_disjoint
330,train,33,edge_disjoint
331,train,33,edge_disjoint
332,train,33,edge_disjoint
334,train,33,edge_disjoint
335,train,33,edge_disjoint
336,train,33,edge_disjoint
337,train,33,edge_disjoint
339,train,33,edge_disjoint
340,train,33,edge_disjoint
341,train,33,edge_disjoint
342,train,33,edge_disjoint
343,train,33,edge_disjoint
344,train,33,edge_disjoint
346,train,33,edge_disjoint
347,train,33,edge_disjoint
349,train,33,edge_disjoint
350,train,33,edge_disjoint
351,train,33,edge_disjoint
352,train,33,edge_disjoint
354,train,33,edge_disjoint
355,train,33,edge_disjoint
356,train,33,edge_disjoint
357,train,33,edge_disjoint
359,train,33,edge_disjoint
360,train,33,edge_disjoint
361,train,33,edge_disjoint
362,train,33,edge_disjoint
363,train,33,edge_disjoint
364,train,33,edge_disjoint
365,train,33,edge_disjoint
367,train,33,edge_disjoint
368,train,33,edge_disjoint
369,train,33,edge_disjoint
370,train,33,edge_disjoint
371,train,33,edge_disjoint
372,train,33,edge_disjoint
373,train,33,edge_disjoint
374,train,33,edge_disjoint
377,train,33,edge_disjoint
378,train,33,edge_disjoint
379,train,33,edge_disjoint
380,train,33,edge_disjoint
381,train,33,edge_disjoint
384,train,33,edge_disjoint
386,train,33,edge_disjoint
387,train,33,edge_disjoint
388,train,33,edge_disjoint
390,train,33,edge_disjoint
391,train,33,edge_disjoint
392,train,33,edge_disjoint
393,train,33,edge_disjoint
394,train,33,edge_disjoint
395,train,33,edge_disjoint
397,train,33,edge_disjoint
398,train,33,edge_disjoint
399,train,33,edge_disjoint
400,train,33,edge_disjoint
401,train,33,edge_disjoint
402,train,33,edge_disjoint
403,train,33,edge_disjoint
404,train,33,edge_disjoint
405,train,33,edge_disjoint
406,train,33,edge_disjoint
407,train,33,edge_disjoint
409,train,33,edge_disjoint
412,train,33,edge_disjoint
413,train,33,edge_disjoint
415,train,33,edge_disjoint
417,train,33,edge_disjoint
418,train,33,edge_disjoint
419,train,33,edge_disjoint
420,train,33,edge_disjoint
421,train,33,edge_disjoint
424,train,33,edge_disjoint
425,train,33,edge_disjoint
427,train,33,edge_disjoint
428,train,33,edge_disjoint
429,train,33,edge_disjoint
430,train,33,edge_disjoint
431,train,33,edge_disjoint
432,train,33,edge_disjoint
433,train,33,edge_disjoint
434,train,33,edge_disjoint
435,train,33,edge_disjoint
436,train,33,edge_disjoint
437,train,33,edge_disjoint
438,train,33,edge_disjoint
439,train,33,edge_disjoint
442,train,33,edge_disjoint
443,train,33,edge_disjoint
444,train,33,edge_disjoint
445,train,33,edge_disjoint
446,train,33,edge_disjoint
448,train,33,edge_disjoint
449,train,33,edge_disjoint
451,train,33,edge_disjoint
452,train,33,edge_disjoint
454,train,33,edge_disjoint
458,train,33,edge_disjoint
459,train,33,edge_disjoint
461,train,33,edge_disjoint
462,train,33,edge_disjoint
463,train,33,edge_disjoint
464,train,33,edge_disjoint
465,train,33,edge_disjoint
466,train,33,edge_disjoint
467,train,33,edge_disjoint
469,train,33,edge_disjoint
470,train,33,edge_disjoint
471,train,33,edge_disjoint
472,train,33,edge_disjoint
473,train,33,edge_disjoint
474,train,33,edge_disjoint
475,train,33,edge_disjoint
477,train,33,edge_disjoint
478,train,33,edge_disjoint
479,train,33,edge_disjoint
480,train,33,edge_disjoint
481,train,33,edge_disjoint
482,train,33,edge_disjoint
483,train,33,edge_disjoint
484,train,33,edge_disjoint
485,train,33,edge_disjoint
486,train,33,edge_disjoint
487,train,33,edge_disjoint
488,train,33,edge_disjoint
489,train,33,edge_disjoint
490,train,33,edge_disjoint
491,train,33,edge_disjoint
492,train,33,edge_disjoint
493,train,33,edge_disjoint
494,train,33,edge_disjoint
495,train,33,edge_disjoint
496,train,33,edge_disjoint
497,train,33,edge_disjoint
498,train,33,edge_disjoint
499,train,33,edge_disjoint
501,train,33,edge_disjoint
503,train,33,edge_disjoint
505,train,33,edge_disjoint
506,train,33,edge_disjoint
507,train,33,edge_disjoint
509,train,33,edge_disjoint
510,train,33,edge_disjoint
512,train,33,edge_disjoint
514,train,33,edge_disjoint
515,train,33,edge_disjoint
516,train,33,edge_disjoint
517,train,33,edge_disjoint
518,train,33,edge_disjoint
519,train,33,edge_disjoint
520,train,33,edge_disjoint
521,train,33,edge_disjoint
522,train,33,edge_disjoint
524,train,33,edge_disjoint
526,train,33,edge_disjoint
528,train,33,edge_disjoint
529,train,33,edge_disjoint
531,train,33,edge_disjoint
532,train,33,edge_disjoint
533,train,33,edge_disjoint
534,train,33,edge_disjoint
536,train,33,edge_disjoint
537,train,33,edge_disjoint
540,train,33,edge_disjoint
541,train,33,edge_disjoint
542,train,33,edge_disjoint
543,train,33,edge_disjoint
544,train,33,edge_disjoint
545,train,33,edge_disjoint
546,train,33,edge_disjoint
547,train,33,edge_disjoint
549,train,33,edge_disjoint
551,train,33,edge_disjoint
552,train,33,edge_disjoint
554,train,33,edge_disjoint
555,train,33,edge_disjoint
557,train,33,edge_disjoint
558,train,33,edge_disjoint
559,train,33,edge_disjoint
12,test,33,edge_disjoint
15,test,33,edge_disjoint
18,test,33,edge_disjoint
23,test,33,edge_disjoint
36,test,33,edge_disjoint
38,test,33,edge_disjoint
39,test,33,edge_disjoint
42,test,33,edge_disjoint
46,test,33,edge_disjoint
50,test,33,edge_disjoint
53,test,33,edge_disjoint
57,test,33,edge_disjoint
70,test,33,edge_disjoint
73,test,33,edge_disjoint
78,test,33,edge_disjoint
97,test,33,edge_disjoint
100,test,33,edge_disjoint
107,test,33,edge_disjoint
114,test,33,edge_disjoint
116,test,33,edge_disjoint
119,test,33,edge_disjoint
134,test,33,edge_disjoint
139,test,33,edge_disjoint
145,test,33,edge_disjoint
147,test,33,edge_disjoint
153,test,33,edge_disjoint
154,test,33,edge_disjoint
155,test,33,edge_disjoint
157,test,33,edge_disjoint
169,test,33,edge_disjoint
173,test,33,edge_disjoint
177,test,33,edge_disjoint
180,test,33,edge_disjoint
185,test,33,edge_disjoint
195,test,33,edge_disjoint
198,test,33,edge_disjoint
199,test,33,edge_disjoint
202,test,33,edge_disjoint
206,test,33,edge_disjoint
214,test,33,edge_disjoint
215,test,33,edge_disjoint
223,test,33,edge_disjoint
224,test,33,edge_disjoint
225,test,33,edge_disjoint
226,test,33,edge_disjoint
228,test,33,edge_disjoint
237,test,33,edge_disjoint
243,test,33,edge_disjoint
246,test,33,edge_disjoint
248,test,33,edge_disjoint
249,test,33,edge_disjoint
252,test,33,edge_disjoint
266,test,33,edge_disjoint
268,test,33,edge_disjoint
274,test,33,edge_disjoint
287,test,33,edge_disjoint
300,test,33,edge_disjoint
305,test,33,edge_disjoint
312,test,33,edge_disjoint
313,test,33,edge_disjoint
315,test,33,edge_disjoint
325,test,33,edge_disjoint
333,test,33,edge_disjoint
338,test,33,edge_disjoint
345,test,33,edge_disjoint
348,test,33,edge_disjoint
353,test,33,edge_disjoint
358,test,33,edge_disjoint
366,test,33,edge_disjoint
375,test,33,edge_disjoint
376,test,33,edge_disjoint
382,test,33,edge_disjoint
383,test,33,edge_disjoint
385,test,33,edge_disjoint
389,test,33,edge_disjoint
396,test,33,edge_disjoint
408,test,33,edge_disjoint
410,test,33,edge_disjoint
411,test,33,edge_disjoint
414,test,33,edge_disjoint
416,test,33,edge_disjoint
422,test,33,edge_disjoint
423,test,33,edge_disjoint
426,test,33,edge_disjoint
440,test,33,edge_disjoint
441,test,33,edge_disjoint
447,test,33,edge_disjoint
450,test,33,edge_disjoint
453,test,33,edge_disjoint
455,test,33,edge_disjoint
456,test,33,edge_disjoint
457,test,33,edge_disjoint
460,test,33,edge_disjoint
468,test,33,edge_disjoint
476,test,33,edge_disjoint
500,test,33,edge_disjoint
502,test,33,edge_disjoint
504,test,33,edge_disjoint
508,test,33,edge_disjoint
511,test,33,edge_disjoint
513,test,33,edge_disjoint
523,test,33,edge_disjoint
525,test,33,edge_disjoint
527,test,33,edge_disjoint
530,test,33,edge_disjoint
535,test,33,edge_disjoint
538,test,33,edge_disjoint
539,test,33,edge_disjoint
548,test,33,edge_disjoint
550,test,33,edge_disjoint
553,test,33,edge_disjoint
556,test,33,edge_disjoint
2,train,33,edge_disjoint_size_matched
3,train,33,edge_disjoint_size_matched
10,train,33,edge_disjoint_size_matched
16,train,33,edge_disjoint_size_matched
17,train,33,edge_disjoint_size_matched
20,train,33,edge_disjoint_size_matched
22,train,33,edge_disjoint_size_matched
27,train,33,edge_disjoint_size_matched
29,train,33,edge_disjoint_size_matched
32,train,33,edge_disjoint_size_matched
47,train,33,edge_disjoint_size_matched
48,train,33,edge_disjoint_size_matched
51,train,33,edge_disjoint_size_matched
55,train,33,edge_disjoint_size_matched
56,train,33,edge_disjoint_size_matched
60,train,33,edge_disjoint_size_matched
63,train,33,edge_disjoint_size_matched
64,train,33,edge_disjoint_size_matched
65,train,33,edge_disjoint_size_matched
67,train,33,edge_disjoint_size_matched
69,train,33,edge_disjoint_size_matched
75,train,33,edge_disjoint_size_matched
76,train,33,edge_disjoint_size_matched
81,train,33,edge_disjoint_size_matched
82,train,33,edge_disjoint_size_matched
83,train,33,edge_disjoint_size_matched
84,train,33,edge_disjoint_size_matched
86,train,33,edge_disjoint_size_matched
88,train,33,edge_disjoint_size_matched
89,train,33,edge_disjoint_size_matched
91,train,33,edge_disjoint_size_matched
92,train,33,edge_disjoint_size_matched
94,train,33,edge_disjoint_size_matched
95,train,33,edge_disjoint_size_matched
101,train,33,edge_disjoint_size_matched
102,train,33,edge_disjoint_size_matched
106,train,33,edge_disjoint_size_matched
108,train,33,edge_disjoint_size_matched
110,train,33,edge_disjoint_size_matched
113,train,33,edge_disjoint_size_matched
115,train,33,edge_disjoint_size_matched
117,train,33,edge_disjoint_size_matched
120,train,33,edge_disjoint_size_matched
124,train,33,edge_disjoint_size_matched
125,train,33,edge_disjoint_size_matched
130,train,33,edge_disjoint_size_matched
137,train,33,edge_disjoint_size_matched
143,train,33,edge_disjoint_size_matched
144,train,33,edge_disjoint_size_matched
146,train,33,edge_disjoint_size_matched
152,train,33,edge_disjoint_size_matched
159,train,33,edge_disjoint_size_matched
160,train,33,edge_disjoint_size_matched
165,train,33,edge_disjoint_size_matched
167,train,33,edge_disjoint_size_matched
170,train,33,edge_disjoint_size_matched
176,train,33,edge_disjoint_size_matched
181,train,33,edge_disjoint_size_matched
183,train,33,edge_disjoint_size_matched
191,train,33,edge_disjoint_size_matched
194,train,33,edge_disjoint_size_matched
197,train,33,edge_disjoint_size_matched
203,train,33,edge_disjoint_size_matched
204,train,33,edge_disjoint_size_matched
205,train,33,edge_disjoint_size_matched
211,train,33,edge_disjoint_size_matched
232,train,33,edge_disjoint_size_matched
234,train,33,edge_disjoint_size_matched
236,train,33,edge_disjoint_size_matched
254,train,33,edge_disjoint_size_matched
255,train,33,edge_disjoint_size_matched
259,train,33,edge_disjoint_size_matched
265,train,33,edge_disjoint_size_matched
270,train,33,edge_disjoint_size_matched
271,train,33,edge_disjoint_size_matched
276,train,33,edge_disjoint_size_matched
277,train,33,edge_disjoint_size_matched
283,train,33,edge_disjoint_size_matched
284,train,33,edge_disjoint_size_matched
285,train,33,edge_disjoint_size_matched
288,train,33,edge_disjoint_size_matched
293,train,33,edge_disjoint_size_matched
294,train,33,edge_disjoint_size_matched
295,train,33,edge_disjoint_size_matched
296,train,33,edge_disjoint_size_matched
298,train,33,edge_disjoint_size_matched
301,train,33,edge_disjoint_size_matched
302,train,33,edge_disjoint_size_matched
304,train,33,edge_disjoint_size_matched
307,train,33,edge_disjoint_size_matched
308,train,33,edge_disjoint_size_matched
311,train,33,edge_disjoint_size_matched
317,train,33,edge_disjoint_size_matched
318,train,33,edge_disjoint_size_matched
321,train,33,edge_disjoint_size_matched
327,train,33,edge_disjoint_size_matched
329,train,33,edge_disjoint_size_matched
330,train,33,edge_disjoint_size_matched
332,train,33,edge_disjoint_size_matched
334,train,33,edge_disjoint_size_matched
336,train,33,edge_disjoint_size_matched
340,train,33,edge_disjoint_size_matched
341,train,33,edge_disjoint_size_matched
344,train,33,edge_disjoint_size_matched
346,train,33,edge_disjoint_size_matched
351,train,33,edge_disjoint_size_matched
354,train,33,edge_disjoint_size_matched
355,train,33,edge_disjoint_size_matched
361,train,33,edge_disjoint_size_matched
363,train,33,edge_disjoint_size_matched
365,train,33,edge_disjoint_size_matched
369,train,33,edge_disjoint_size_matched
371,train,33,edge_disjoint_size_matched
373,train,33,edge_disjoint_size_matched
378,train,33,edge_disjoint_size_matched
380,train,33,edge_disjoint_size_matched
384,train,33,edge_disjoint_size_matched
388,train,33,edge_disjoint_size_matched
397,train,33,edge_disjoint_size_matched
401,train,33,edge_disjoint_size_matched
402,train,33,edge_disjoint_size_matched
404,train,33,edge_disjoint_size_matched
406,train,33,edge_disjoint_size_matched
407,train,33,edge_disjoint_size_matched
409,train,33,edge_disjoint_size_matched
412,train,33,edge_disjoint_size_matched
417,train,33,edge_disjoint_size_matched
420,train,33,edge_disjoint_size_matched
424,train,33,edge_disjoint_size_matched
429,train,33,edge_disjoint_size_matched
433,train,33,edge_disjoint_size_matched
436,train,33,edge_disjoint_size_matched
439,train,33,edge_disjoint_size_matched
443,train,33,edge_disjoint_size_matched
448,train,33,edge_disjoint_size_matched
464,train,33,edge_disjoint_size_matched
466,train,33,edge_disjoint_size_matched
473,train,33,edge_disjoint_size_matched
474,train,33,edge_disjoint_size_matched
478,train,33,edge_disjoint_size_matched
482,train,33,edge_disjoint_size_matched
483,train,33,edge_disjoint_size_matched
488,train,33,edge_disjoint_size_matched
489,train,33,edge_disjoint_size_matched
492,train,33,edge_disjoint_size_matched
493,train,33,edge_disjoint_size_matched
496,train,33,edge_disjoint_size_matched
497,train,33,edge_disjoint_size_matched
498,train,33,edge_disjoint_size_matched
499,train,33,edge_disjoint_size_matched
501,train,33,edge_disjoint_size_matched
509,train,33,edge_disjoint_size_matched
514,train,33,edge_disjoint_size_matched
515,train,33,edge_disjoint_size_matched
518,train,33,edge_disjoint_size_matched
534,train,33,edge_disjoint_size_matched
540,train,33,edge_disjoint_size_matched
542,train,33,edge_disjoint_size_matched
543,train,33,edge_disjoint_size_matched
546,train,33,edge_disjoint_size_matched
551,train,33,edge_disjoint_size_matched
554,train,33,edge_disjoint_size_matched
557,train,33,edge_disjoint_size_matched
12,test,33,edge_disjoint_size_matched
15,test,33,edge_disjoint_size_matched
18,test,33,edge_disjoint_size_matched
23,test,33,edge_disjoint_size_matched
36,test,33,edge_disjoint_size_matched
38,test,33,edge_disjoint_size_matched
39,test,33,edge_disjoint_size_matched
42,test,33,edge_disjoint_size_matched
46,test,33,edge_disjoint_size_matched
50,test,33,edge_disjoint_size_matched
53,test,33,edge_disjoint_size_matched
57,test,33,edge_disjoint_size_matched
70,test,33,edge_disjoint_size_matched
73,test,33,edge_disjoint_size_matched
78,test,33,edge_disjoint_size_matched
97,test,33,edge_disjoint_size_matched
100,test,33,edge_disjoint_size_matched
107,test,33,edge_disjoint_size_matched
114,test,33,edge_disjoint_size_matched
116,test,33,edge_disjoint_size_matched
119,test,33,edge_disjoint_size_matched
134,test,33,edge_disjoint_size_matched
139,test,33,edge_disjoint_size_matched
145,test,33,edge_disjoint_size_matched
147,test,33,edge_disjoint_size_matched
153,test,33,edge_disjoint_size_matched
154,test,33,edge_disjoint_size_matched
155,test,33,edge_disjoint_size_matched
157,test,33,edge_disjoint_size_matched
169,test,33,edge_disjoint_size_matched
173,test,33,edge_disjoint_size_matched
177,test,33,edge_disjoint_size_matched
180,test,33,edge_disjoint_size_matched
185,test,33,edge_disjoint_size_matched
195,test,33,edge_disjoint_size_matched
198,test,33,edge_disjoint_size_matched
199,test,33,edge_disjoint_size_matched
202,test,33,edge_disjoint_size_matched
206,test,33,edge_disjoint_size_matched
214,test,33,edge_disjoint_size_matched
215,test,33,edge_disjoint_size_matched
223,test,33,edge_disjoint_size_matched
224,test,33,edge_disjoint_size_matched
225,test,33,edge_disjoint_size_matched
226,test,33,edge_disjoint_size_matched
228,test,33,edge_disjoint_size_matched
237,test,33,edge_disjoint_size_matched
243,test,33,edge_disjoint_size_matched
246,test,33,edge_disjoint_size_matched
248,test,33,edge_disjoint_size_matched
249,test,33,edge_disjoint_size_matched
252,test,33,edge_disjoint_size_matched
266,test,33,edge_disjoint_size_matched
268,test,33,edge_disjoint_size_matched
274,test,33,edge_disjoint_size_matched
287,test,33,edge_disjoint_size_matched
300,test,33,edge_disjoint_size_matched
305,test,33,edge_disjoint_size_matched
312,test,33,edge_disjoint_size_matched
313,test,33,edge_disjoint_size_matched
315,test,33,edge_disjoint_size_matched
325,test,33,edge_disjoint_size_matched
333,test,33,edge_disjoint_size_matched
338,test,33,edge_disjoint_size_matched
345,test,33,edge_disjoint_size_matched
348,test,33,edge_disjoint_size_matched
353,test,33,edge_disjoint_size_matched
358,test,33,edge_disjoint_size_matched
366,test,33,edge_disjoint_size_matched
375,test,33,edge_disjoint_size_matched
376,test,33,edge_disjoint_size_matched
382,test,33,edge_disjoint_size_matched
383,test,33,edge_disjoint_size_matched
385,test,33,edge_disjoint_size_matched
389,test,33,edge_disjoint_size_matched
396,test,33,edge_disjoint_size_matched
408,test,33,edge_disjoint_size_matched
410,test,33,edge_disjoint_size_matched
411,test,33,edge_disjoint_size_matched
414,test,33,edge_disjoint_size_matched
416,test,33,edge_disjoint_size_matched
422,test,33,edge_disjoint_size_matched
423,test,33,edge_disjoint_size_matched
426,test,33,edge_disjoint_size_matched
440,test,33,edge_disjoint_size_matched
441,test,33,edge_disjoint_size_matched
447,test,33,edge_disjoint_size_matched
450,test,33,edge_disjoint_size_matched
453,test,33,edge_disjoint_size_matched
455,test,33,edge_disjoint_size_matched
456,test,33,edge_disjoint_size_matched
457,test,33,edge_disjoint_size_matched
460,test,33,edge_disjoint_size_matched
468,test,33,edge_disjoint_size_matched
476,test,33,edge_disjoint_size_matched
500,test,33,edge_disjoint_size_matched
502,test,33,edge_disjoint_size_matched
504,test,33,edge_disjoint_size_matched
508,test,33,edge_disjoint_size_matched
511,test,33,edge_disjoint_size_matched
513,test,33,edge_disjoint_size_matched
523,test,33,edge_disjoint_size_matched
525,test,33,edge_disjoint_size_matched
527,test,33,edge_disjoint_size_matched
530,test,33,edge_disjoint_size_matched
535,test,33,edge_disjoint_size_matched
538,test,33,edge_disjoint_size_matched
539,test,33,edge_disjoint_size_matched
548,test,33,edge_disjoint_size_matched
550,test,33,edge_disjoint_size_matched
553,test,33,edge_disjoint_size_matched
556,test,33,edge_disjoint_size_matched
0,discarded,33,edge_disjoint_size_matched
1,discarded,33,edge_disjoint_size_matched
4,discarded,33,edge_disjoint_size_matched
5,discarded,33,edge_disjoint_size_matched
6,discarded,33,edge_disjoint_size_matched
7,discarded,33,edge_disjoint_size_matched
8,discarded,33,edge_disjoint_size_matched
9,discarded,33,edge_disjoint_size_matched
11,discarded,33,edge_disjoint_size_matched
13,discarded,33,edge_disjoint_size_matched
14,discarded,33,edge_disjoint_size_matched
19,discarded,33,edge_disjoint_size_matched
21,discarded,33,edge_disjoint_size_matched
24,discarded,33,edge_disjoint_size_matched
25,discarded,33,edge_disjoint_size_matched
26,discarded,33,edge_disjoint_size_matched
28,discarded,33,edge_disjoint_size_matched
30,discarded,33,edge_disjoint_size_matched
31,discarded,33,edge_disjoint_size_matched
33,discarded,33,edge_disjoint_size_matched
34,discarded,33,edge_disjoint_size_matched
35,discarded,33,edge_disjoint_size_matched
37,discarded,33,edge_disjoint_size_matched
40,discarded,33,edge_disjoint_size_matched
41,discarded,33,edge_disjoint_size_matched
43,discarded,33,edge_disjoint_size_matched
44,discarded,33,edge_disjoint_size_matched
45,discarded,33,edge_disjoint_size_matched
49,discarded,33,edge_disjoint_size_matched
52,discarded,33,edge_disjoint_size_matched
54,discarded,33,edge_disjoint_size_matched
58,discarded,33,edge_disjoint_size_matched
59,discarded,33,edge_disjoint_size_matched
61,discarded,33,edge_disjoint_size_matched
62,discarded,33,edge_disjoint_size_matched
66,discarded,33,edge_disjoint_size_matched
68,discarded,33,edge_disjoint_size_matched
71,discarded,33,edge_disjoint_size_matched
72,discarded,33,edge_disjoint_size_matched
74,discarded,33,edge_disjoint_size_matched
77,discarded,33,edge_disjoint_size_matched
79,discarded,33,edge_disjoint_size_matched
80,discarded,33,edge_disjoint_size_matched
85,discarded,33,edge_disjoint_size_matched
87,discarded,33,edge_disjoint_size_matched
90,discarded,33,edge_disjoint_size_matched
93,discarded,33,edge_disjoint_size_matched
96,discarded,33,edge_disjoint_size_matched
98,discarded,33,edge_disjoint_size_matched
99,discarded,33,edge_disjoint_size_matched
103,discarded,33,edge_disjoint_size_matched
104,discarded,33,edge_disjoint_size_matched
105,discarded,33,edge_disjoint_size_matched
109,discarded,33,edge_disjoint_size_matched
111,discarded,33,edge_disjoint_size_matched
112,discarded,33,edge_disjoint_size_matched
118,discarded,33,edge_disjoint_size_matched
121,discarded,33,edge_disjoint_size_matched
122,discarded,33,edge_disjoint_size_matched
123,discarded,33,edge_disjoint_size_matched
126,discarded,33,edge_disjoint_size_matched
127,discarded,33,edge_disjoint_size_matched
128,discarded,33,edge_disjoint_size_matched
129,discarded,33,edge_disjoint_size_matched
131,discarded,33,edge_disjoint_size_matched
132,discarded,33,edge_disjoint_size_matched
133,discarded,33,edge_disjoint_size_matched
135,discarded,33,edge_disjoint_size_matched
136,discarded,33,edge_disjoint_size_matched
138,discarded,33,edge_disjoint_size_matched
140,discarded,33,edge_disjoint_size_matched
141,discarded,33,edge_disjoint_size_matched
142,discarded,33,edge_disjoint_size_matched
148,discarded,33,edge_disjoint_size_matched
149,discarded,33,edge_disjoint_size_matched
150,discarded,33,edge_disjoint_size_matched
151,discarded,33,edge_disjoint_size_matched
156,discarded,33,edge_disjoint_size_matched
158,discarded,33,edge_disjoint_size_matched
161,discarded,33,edge_disjoint_size_matched
162,discarded,33,edge_disjoint_size_matched
163,discarded,33,edge_disjoint_size_matched
164,discarded,33,edge_disjoint_size_matched
166,discarded,33,edge_disjoint_size_matched
168,discarded,33,edge_disjoint_size_matched
171,discarded,33,edge_disjoint_size_matched
172,discarded,33,edge_disjoint_size_matched
174,discarded,33,edge_disjoint_size_matched
175,discarded,33,edge_disjoint_size_matched
178,discarded,33,edge_disjoint_size_matched
179,discarded,33,edge_disjoint_size_matched
182,discarded,33,edge_disjoint_size_matched
184,discarded,33,edge_disjoint_size_matched
186,discarded,33,edge_disjoint_size_matched
187,discarded,33,edge_disjoint_size_matched
188,discarded,33,edge_disjoint_size_matched
189,discarded,33,edge_disjoint_size_matched
190,discarded,33,edge_disjoint_size_matched
192,discarded,33,edge_disjoint_size_matched
193,discarded,33,edge_disjoint_size_matched
196,discarded,33,edge_disjoint_size_matched
200,discarded,33,edge_disjoint_size_matched
201,discarded,33,edge_disjoint_size_matched
207,discarded,33,edge_disjoint_size_matched
208,discarded,33,edge_disjoint_size_matched
209,discarded,33,edge_disjoint_size_matched
210,discarded,33,edge_disjoint_size_matched
212,discarded,33,edge_disjoint_size_matched
213,discarded,33,edge_disjoint_size_matched
216,discarded,33,edge_disjoint_size_matched
217,discarded,33,edge_disjoint_size_matched
218,discarded,33,edge_disjoint_size_matched
219,discarded,33,edge_disjoint_size_matched
220,discarded,33,edge_disjoint_size_matched
221,discarded,33,edge_disjoint_size_matched
222,discarded,33,edge_disjoint_size_matched
227,discarded,33,edge_disjoint_size_matched
229,discarded,33,edge_disjoint_size_matched
230,discarded,33,edge_disjoint_size_matched
231,discarded,33,edge_disjoint_size_matched
233,discarded,33,edge_disjoint_size_matched
235,discarded,33,edge_disjoint_size_matched
238,discarded,33,edge_disjoint_size_matched
239,discarded,33,edge_disjoint_size_matched
240,discarded,33,edge_disjoint_size_matched
241,discarded,33,edge_disjoint_size_matched
242,discarded,33,edge_disjoint_size_matched
244,discarded,33,edge_disjoint_size_matched
245,discarded,33,edge_disjoint_size_matched
247,discarded,33,edge_disjoint_size_matched
250,discarded,33,edge_disjoint_size_matched
251,discarded,33,edge_disjoint_size_matched
253,discarded,33,edge_disjoint_size_matched
256,discarded,33,edge_disjoint_size_matched
257,discarded,33,edge_disjoint_size_matched
258,discarded,33,edge_disjoint_size_matched
260,discarded,33,edge_disjoint_size_matched
261,discarded,33,edge_disjoint_size_matched
262,discarded,33,edge_disjoint_size_matched
263,discarded,33,edge_disjoint_size_matched
264,discarded,33,edge_disjoint_size_matched
267,discarded,33,edge_disjoint_size_matched
269,discarded,33,edge_disjoint_size_matched
272,discarded,33,edge_disjoint_size_matched
273,discarded,33,edge_disjoint_size_matched
275,discarded,33,edge_disjoint_size_matched
278,discarded,33,edge_disjoint_size_matched
279,discarded,33,edge_disjoint_size_matched
280,discarded,33,edge_disjoint_size_matched
281,discarded,33,edge_disjoint_size_matched
282,discarded,33,edge_disjoint_size_matched
286,discarded,33,edge_disjoint_size_matched
289,discarded,33,edge_disjoint_size_matched
290,discarded,33,edge_disjoint_size_matched
291,discarded,33,edge_disjoint_size_matched
292,discarded,33,edge_disjoint_size_matched
297,discarded,33,edge_disjoint_size_matched
299,discarded,33,edge_disjoint_size_matched
303,discarded,33,edge_disjoint_size_matched
306,discarded,33,edge_disjoint_size_matched
309,discarded,33,edge_disjoint_size_matched
310,discarded,33,edge_disjoint_size_matched
314,discarded,33,edge_disjoint_size_matched
316,discarded,33,edge_disjoint_size_matched
319,discarded,33,edge_disjoint_size_matched
320,discarded,33,edge_disjoint_size_matched
322,discarded,33,edge_disjoint_size_matched
323,discarded,33,edge_disjoint_size_matched
324,discarded,33,edge_disjoint_size_matched
326,discarded,33,edge_disjoint_size_matched
328,discarded,33,edge_disjoint_size_matched
331,discarded,33,edge_disjoint_size_matched
335,discarded,33,edge_disjoint_size_matched
337,discarded,33,edge_disjoint_size_matched
339,discarded,33,edge_disjoint_size_matched
342,discarded,33,edge_disjoint_size_matched
343,discarded,33,edge_disjoint_size_matched
347,discarded,33,edge_disjoint_size_matched
349,discarded,33,edge_disjoint_size_matched
350,discarded,33,edge_disjoint_size_matched
352,discarded,33,edge_disjoint_size_matched
356,discarded,33,edge_disjoint_size_matched
357,discarded,33,edge_disjoint_size_matched
359,discarded,33,edge_disjoint_size_matched
360,discarded,33,edge_disjoint_size_matched
362,discarded,33,edge_disjoint_size_matched
364,discarded,33,edge_disjoint_size_matched
367,discarded,33,edge_disjoint_size_matched
368,discarded,33,edge_disjoint_size_matched
370,discarded,33,edge_disjoint_size_matched
372,discarded,33,edge_disjoint_size_matched
374,discarded,33,edge_disjoint_size_matched
377,discarded,33,edge_disjoint_size_matched
379,discarded,33,edge_disjoint_size_matched
381,discarded,33,edge_disjoint_size_matched
386,discarded,33,edge_disjoint_size_matched
387,discarded,33,edge_disjoint_size_matched
390,discarded,33,edge_disjoint_size_matched
391,discarded,33,edge_disjoint_size_matched
392,discarded,33,edge_disjoint_size_matched
393,discarded,33,edge_disjoint_size_matched
394,discarded,33,edge_disjoint_size_matched
395,discarded,33,edge_disjoint_size_matched
398,discarded,33,edge_disjoint_size_matched
399,discarded,33,edge_disjoint_size_matched
400,discarded,33,edge_disjoint_size_matched
403,discarded,33,edge_disjoint_size_matched
405,discarded,33,edge_disjoint_size_matched
413,discarded,33,edge_disjoint_size_matched
415,discarded,33,edge_disjoint_size_matched
418,discarded,33,edge_disjoint_size_matched
419,discarded,33,edge_disjoint_size_matched
421,discarded,33,edge_disjoint_size_matched
425,discarded,33,edge_disjoint_size_matched
427,discarded,33,edge_disjoint_size_matched
428,discarded,33,edge_disjoint_size_matched
430,discarded,33,edge_disjoint_size_matched
431,discarded,33,edge_disjoint_size_matched
432,discarded,33,edge_disjoint_size_matched
434,discarded,33,edge_disjoint_size_matched
435,discarded,33,edge_disjoint_size_matched
437,discarded,33,edge_disjoint_size_matched
438,discarded,33,edge_disjoint_size_matched
442,discarded,33,edge_disjoint_size_matched
444,discarded,33,edge_disjoint_size_matched
445,discarded,33,edge_disjoint_size_matched
446,discarded,33,edge_disjoint_size_matched
449,discarded,33,edge_disjoint_size_matched
451,discarded,33,edge_disjoint_size_matched
452,discarded,33,edge_disjoint_size_matched
454,discarded,33,edge_disjoint_size_matched
458,discarded,33,edge_disjoint_size_matched
459,discarded,33,edge_disjoint_size_matched
461,discarded,33,edge_disjoint_size_matched
462,discarded,33,edge_disjoint_size_matched
463,discarded,33,edge_disjoint_size_matched
465,discarded,33,edge_disjoint_size_matched
467,discarded,33,edge_disjoint_size_matched
469,discarded,33,edge_disjoint_size_matched
470,discarded,33,edge_disjoint_size_matched
471,discarded,33,edge_disjoint_size_matched
472,discarded,33,edge_disjoint_size_matched
475,discarded,33,edge_disjoint_size_matched
477,discarded,33,edge_disjoint_size_matched
479,discarded,33,edge_disjoint_size_matched
480,discarded,33,edge_disjoint_size_matched
481,discarded,33,edge_disjoint_size_matched
484,discarded,33,edge_disjoint_size_matched
485,discarded,33,edge_disjoint_size_matched
486,discarded,33,edge_disjoint_size_matched
487,discarded,33,edge_disjoint_size_matched
490,discarded,33,edge_disjoint_size_matched
491,discarded,33,edge_disjoint_size_matched
494,discarded,33,edge_disjoint_size_matched
495,discarded,33,edge_disjoint_size_matched
503,discarded,33,edge_disjoint_size_matched
505,discarded,33,edge_disjoint_size_matched
506,discarded,33,edge_disjoint_size_matched
507,discarded,33,edge_disjoint_size_matched
510,discarded,33,edge_disjoint_size_matched
512,discarded,33,edge_disjoint_size_matched
516,discarded,33,edge_disjoint_size_matched
517,discarded,33,edge_disjoint_size_matched
519,discarded,33,edge_disjoint_size_matched
520,discarded,33,edge_disjoint_size_matched
521,discarded,33,edge_disjoint_size_matched
522,discarded,33,edge_disjoint_size_matched
524,discarded,33,edge_disjoint_size_matched
526,discarded,33,edge_disjoint_size_matched
528,discarded,33,edge_disjoint_size_matched
529,discarded,33,edge_disjoint_size_matched
531,discarded,33,edge_disjoint_size_matched
532,discarded,33,edge_disjoint_size_matched
533,discarded,33,edge_disjoint_size_matched
536,discarded,33,edge_disjoint_size_matched
537,discarded,33,edge_disjoint_size_matched
541,discarded,33,edge_disjoint_size_matched
544,discarded,33,edge_disjoint_size_matched
545,discarded,33,edge_disjoint_size_matched
547,discarded,33,edge_disjoint_size_matched
549,discarded,33,edge_disjoint_size_matched
552,discarded,33,edge_disjoint_size_matched
555,discarded,33,edge_disjoint_size_matched
558,discarded,33,edge_disjoint_size_matched
559,discarded,33,edge_disjoint_size_matched
